#
# There is insufficient memory for the Java Runtime Environment to continue.
# Native memory allocation (malloc) failed to allocate 1115536 bytes. Error detail: Chunk::new
# Possible reasons:
#   The system is out of physical RAM or swap space
#   This process is running with CompressedOops enabled, and the Java Heap may be blocking the growth of the native heap
# Possible solutions:
#   Reduce memory load on the system
#   Increase physical memory or swap space
#   Check if swap backing store is full
#   Decrease Java heap size (-Xmx/-Xms)
#   Decrease number of Java threads
#   Decrease Java thread stack sizes (-Xss)
#   Set larger code cache with -XX:ReservedCodeCacheSize=
#   JVM is running with Unscaled Compressed Oops mode in which the Java heap is
#     placed in the first 4GB address space. The Java Heap base address is the
#     maximum limit for the native heap growth. Please use -XX:HeapBaseMinAddress
#     to set the Java Heap base and to place the Java Heap above 4GB virtual address.
# This output file may be truncated or incomplete.
#
#  Out of Memory Error (arena.cpp:168), pid=59420, tid=55748
#
# JRE version: OpenJDK Runtime Environment Temurin-21.0.7+6 (21.0.7+6) (build 21.0.7+6-LTS)
# Java VM: OpenJDK 64-Bit Server VM Temurin-21.0.7+6 (21.0.7+6-LTS, mixed mode, sharing, tiered, compressed oops, compressed class ptrs, g1 gc, windows-amd64)
# No core dump will be written. Minidumps are not enabled by default on client versions of Windows
#

---------------  S U M M A R Y ------------

Command Line: --add-opens=java.base/java.lang=ALL-UNNAMED --add-opens=java.base/java.lang.invoke=ALL-UNNAMED --add-opens=java.base/java.util=ALL-UNNAMED --add-opens=java.prefs/java.util.prefs=ALL-UNNAMED --add-exports=jdk.compiler/com.sun.tools.javac.api=ALL-UNNAMED --add-exports=jdk.compiler/com.sun.tools.javac.util=ALL-UNNAMED --add-opens=java.base/java.util=ALL-UNNAMED --add-opens=java.prefs/java.util.prefs=ALL-UNNAMED --add-opens=java.base/java.nio.charset=ALL-UNNAMED --add-opens=java.base/java.net=ALL-UNNAMED --add-opens=java.base/java.util.concurrent=ALL-UNNAMED --add-opens=java.base/java.util.concurrent.atomic=ALL-UNNAMED --add-opens=java.xml/javax.xml.namespace=ALL-UNNAMED --add-opens=java.base/java.time=ALL-UNNAMED -Xmx2048m -Dfile.encoding=UTF-8 -Duser.country=US -Duser.language=en -Duser.variant -javaagent:C:\Users\DELL\.gradle\wrapper\dists\gradle-9.3.1-bin\23ovyewtku6u96viwx3xl3oks\gradle-9.3.1\lib\agents\gradle-instrumentation-agent-9.3.1.jar org.gradle.launcher.daemon.bootstrap.GradleDaemon 9.3.1

Host: 12th Gen Intel(R) Core(TM) i5-1235U, 12 cores, 15G,  Windows 11 , 64 bit Build 26100 (10.0.26100.7920)
Time: Fri Mar 27 23:31:09 2026 SE Asia Standard Time elapsed time: 1077.767445 seconds (0d 0h 17m 57s)

---------------  T H R E A D  ---------------

Current thread (0x00000267917f0da0):  JavaThread "C2 CompilerThread0" daemon [_thread_in_native, id=55748, stack(0x000000e9ce400000,0x000000e9ce500000) (1024K)]


Current CompileTask:
C2:1077767 45259 % !   4       com.android.tools.r8.dex.z::k @ 99 (2710 bytes)

Stack: [0x000000e9ce400000,0x000000e9ce500000]
Native frames: (J=compiled Java code, j=interpreted, Vv=VM code, C=native code)
V  [jvm.dll+0x6ce119]
V  [jvm.dll+0x8a84a1]
V  [jvm.dll+0x8aa9ce]
V  [jvm.dll+0x8ab0b3]
V  [jvm.dll+0x27f8a6]
V  [jvm.dll+0xc507d]
V  [jvm.dll+0xc55b3]
V  [jvm.dll+0x2f2c6d]
V  [jvm.dll+0x5f6bca]
V  [jvm.dll+0x250cb2]
V  [jvm.dll+0x24947c]
V  [jvm.dll+0x246fc4]
V  [jvm.dll+0x1c760e]
V  [jvm.dll+0x25695a]
V  [jvm.dll+0x254efa]
V  [jvm.dll+0x3f03f6]
V  [jvm.dll+0x851f6b]
V  [jvm.dll+0x6cc7dd]
C  [ucrtbase.dll+0x37b0]
C  [KERNEL32.DLL+0x2e8d7]
C  [ntdll.dll+0x8c48c]


---------------  P R O C E S S  ---------------

Threads class SMR info:
_java_thread_list=0x00000267df09a9e0, length=178, elements={
0x00000267f3cd2c90, 0x00000267917c9880, 0x00000267917ca2d0, 0x00000267917ced40,
0x00000267917d57b0, 0x00000267917e0620, 0x00000267917e19c0, 0x00000267917f0da0,
0x00000267917f1440, 0x00000267917a3430, 0x0000026791a0c2a0, 0x00000267d8823210,
0x00000267d8b456d0, 0x00000267d8a22980, 0x00000267d887d2e0, 0x00000267d887a4f0,
0x00000267d887ab80, 0x00000267d93ecd30, 0x00000267d93eb980, 0x00000267d93ec6a0,
0x00000267d93ed3c0, 0x00000267d93f2280, 0x00000267d93f1bf0, 0x00000267d9b216e0,
0x00000267d9b21050, 0x00000267d9b21d70, 0x00000267d9274740, 0x00000267d9279c90,
0x00000267de459130, 0x00000267e4721680, 0x00000267da1bd450, 0x00000267da1b9fd0,
0x00000267da1c08d0, 0x00000267de45e680, 0x00000267da566290, 0x00000267ddceccb0,
0x00000267e471ef20, 0x00000267de455cb0, 0x00000267e4725820, 0x00000267df23eb60,
0x00000267de58da00, 0x00000267de5907f0, 0x00000267da55cba0, 0x00000267d9601ff0,
0x00000267de45a4e0, 0x00000267da55f990, 0x00000267df239610, 0x00000267df23b6e0,
0x00000267de45dff0, 0x00000267df242670, 0x00000267da55a440, 0x00000267df5a4c10,
0x00000267df239ca0, 0x00000267df238f80, 0x00000267df23f1f0, 0x00000267df23ff10,
0x00000267df23ca90, 0x00000267df23d120, 0x00000267df240c30, 0x00000267de591510,
0x00000267df5a5fc0, 0x00000267df5a52a0, 0x00000267df5a2b40, 0x00000267df5a3860,
0x00000267df5a6650, 0x00000267df5a31d0, 0x00000267df5a9440, 0x00000267df5aa160,
0x00000267df5a7a00, 0x00000267df5a6ce0, 0x00000267df5a8720, 0x00000267df5ab510,
0x00000267df5a8db0, 0x00000267df5a9ad0, 0x00000267df5aa7f0, 0x00000267df5a8090,
0x00000267df5ae300, 0x00000267df5ad5e0, 0x00000267df5ae990, 0x00000267df5af020,
0x00000267df5adc70, 0x00000267df5ac230, 0x00000267df5acf50, 0x00000267df5abba0,
0x00000267df5af6b0, 0x00000267df5afd40, 0x00000267df5b10f0, 0x00000267df5b03d0,
0x00000267df5b0a60, 0x00000267df5b1780, 0x00000267de587790, 0x00000267de5863e0,
0x00000267de5884b0, 0x00000267de588b40, 0x00000267de5891d0, 0x00000267de585d50,
0x00000267de589860, 0x00000267de586a70, 0x00000267de589ef0, 0x00000267de58a580,
0x00000267de587100, 0x00000267de58ac10, 0x00000267de587e20, 0x00000267de58e720,
0x00000267de58bfc0, 0x00000267de58b2a0, 0x00000267de58e090, 0x00000267de58cce0,
0x00000267de58edb0, 0x00000267de58b930, 0x00000267de58f440, 0x00000267de58fad0,
0x00000267de58c650, 0x00000267de58d370, 0x00000267de592f50, 0x00000267de5935e0,
0x00000267de590160, 0x00000267de593c70, 0x00000267de594300, 0x00000267de5928c0,
0x00000267de592230, 0x00000267de590e80, 0x00000267de591ba0, 0x00000267de594990,
0x00000267de595020, 0x00000267d95fa340, 0x00000267d95f8900, 0x00000267d95fb060,
0x00000267d95fa9d0, 0x00000267d95f9620, 0x00000267d95f8270, 0x00000267d95fbd80,
0x00000267d95f9cb0, 0x00000267d95fb6f0, 0x00000267d95fc410, 0x00000267d95f8f90,
0x00000267d95ff200, 0x00000267d95ff890, 0x00000267d95fff20, 0x00000267d95fde50,
0x00000267d96005b0, 0x00000267d95fd130, 0x00000267d95fd7c0, 0x00000267d96012d0,
0x00000267d9601960, 0x00000267d95fe4e0, 0x00000267d95feb70, 0x00000267d9604de0,
0x00000267d9603a30, 0x00000267d9605b00, 0x00000267d9606190, 0x00000267d9602d10,
0x00000267d9606820, 0x00000267d96033a0, 0x00000267e471c7c0, 0x00000267e471baa0,
0x00000267e471ce50, 0x00000267d9b20330, 0x00000267ddcf0130, 0x00000267ddcee6f0,
0x00000267ddcf07c0, 0x00000267ddced9d0, 0x00000267ddcf14e0, 0x00000267ddcee060,
0x00000267ddcf42d0, 0x00000267dd70c9b0, 0x00000267d93eee00, 0x00000267d93ee0e0,
0x00000267d93ef490, 0x00000267d93ec010, 0x00000267d93f2910, 0x00000267d93f0840,
0x00000267d93f1560, 0x00000267d93f01b0, 0x00000267da559720, 0x00000267da55b7f0,
0x00000267da55c510, 0x00000267da559db0
}

Java Threads: ( => current thread )
  0x00000267f3cd2c90 JavaThread "main"                              [_thread_blocked, id=59404, stack(0x000000e9cd100000,0x000000e9cd200000) (1024K)]
  0x00000267917c9880 JavaThread "Reference Handler"          daemon [_thread_blocked, id=59788, stack(0x000000e9cde00000,0x000000e9cdf00000) (1024K)]
  0x00000267917ca2d0 JavaThread "Finalizer"                  daemon [_thread_blocked, id=59708, stack(0x000000e9cdf00000,0x000000e9ce000000) (1024K)]
  0x00000267917ced40 JavaThread "Signal Dispatcher"          daemon [_thread_blocked, id=59664, stack(0x000000e9ce000000,0x000000e9ce100000) (1024K)]
  0x00000267917d57b0 JavaThread "Attach Listener"            daemon [_thread_blocked, id=59800, stack(0x000000e9ce100000,0x000000e9ce200000) (1024K)]
  0x00000267917e0620 JavaThread "Service Thread"             daemon [_thread_blocked, id=58360, stack(0x000000e9ce200000,0x000000e9ce300000) (1024K)]
  0x00000267917e19c0 JavaThread "Monitor Deflation Thread"   daemon [_thread_blocked, id=45076, stack(0x000000e9ce300000,0x000000e9ce400000) (1024K)]
=>0x00000267917f0da0 JavaThread "C2 CompilerThread0"         daemon [_thread_in_native, id=55748, stack(0x000000e9ce400000,0x000000e9ce500000) (1024K)]
  0x00000267917f1440 JavaThread "C1 CompilerThread0"         daemon [_thread_in_vm, id=52940, stack(0x000000e9ce500000,0x000000e9ce600000) (1024K)]
  0x00000267917a3430 JavaThread "Common-Cleaner"             daemon [_thread_blocked, id=60188, stack(0x000000e9ce600000,0x000000e9ce700000) (1024K)]
  0x0000026791a0c2a0 JavaThread "Notification Thread"        daemon [_thread_blocked, id=51056, stack(0x000000e9ce700000,0x000000e9ce800000) (1024K)]
  0x00000267d8823210 JavaThread "Daemon health stats"               [_thread_blocked, id=58588, stack(0x000000e9cee00000,0x000000e9cef00000) (1024K)]
  0x00000267d8b456d0 JavaThread "Incoming local TCP Connector on port 56624"        [_thread_in_native, id=59224, stack(0x000000e9cef00000,0x000000e9cf000000) (1024K)]
  0x00000267d8a22980 JavaThread "Daemon periodic checks"            [_thread_blocked, id=57584, stack(0x000000e9cf000000,0x000000e9cf100000) (1024K)]
  0x00000267d887d2e0 JavaThread "Cache worker for journal cache (C:\Users\DELL\.gradle\caches\journal-1)"        [_thread_blocked, id=60268, stack(0x000000e9cf800000,0x000000e9cf900000) (1024K)]
  0x00000267d887a4f0 JavaThread "File lock request listener"        [_thread_in_native, id=53548, stack(0x000000e9cf900000,0x000000e9cfa00000) (1024K)]
  0x00000267d887ab80 JavaThread "Cache worker for file hash cache (C:\Users\DELL\.gradle\caches\9.3.1\fileHashes)"        [_thread_blocked, id=57484, stack(0x000000e9cfa00000,0x000000e9cfb00000) (1024K)]
  0x00000267d93ecd30 JavaThread "File watcher server"        daemon [_thread_in_native, id=59076, stack(0x000000e9d0400000,0x000000e9d0500000) (1024K)]
  0x00000267d93eb980 JavaThread "File watcher consumer"      daemon [_thread_blocked, id=55424, stack(0x000000e9d0500000,0x000000e9d0600000) (1024K)]
  0x00000267d93ec6a0 JavaThread "Cache worker for file content cache (C:\Users\DELL\.gradle\caches\9.3.1\fileContent)"        [_thread_blocked, id=60284, stack(0x000000e9ce800000,0x000000e9ce900000) (1024K)]
  0x00000267d93ed3c0 JavaThread "jar transforms"                    [_thread_blocked, id=56872, stack(0x000000e9d0a00000,0x000000e9d0b00000) (1024K)]
  0x00000267d93f2280 JavaThread "jar transforms Thread 2"           [_thread_blocked, id=59892, stack(0x000000e9d0d00000,0x000000e9d0e00000) (1024K)]
  0x00000267d93f1bf0 JavaThread "jar transforms Thread 3"           [_thread_blocked, id=51516, stack(0x000000e9d0f00000,0x000000e9d1000000) (1024K)]
  0x00000267d9b216e0 JavaThread "jar transforms Thread 4"           [_thread_blocked, id=60536, stack(0x000000e9d0e00000,0x000000e9d0f00000) (1024K)]
  0x00000267d9b21050 JavaThread "jar transforms Thread 5"           [_thread_blocked, id=60540, stack(0x000000e9d3100000,0x000000e9d3200000) (1024K)]
  0x00000267d9b21d70 JavaThread "Memory manager"                    [_thread_blocked, id=60708, stack(0x000000e9d3200000,0x000000e9d3300000) (1024K)]
  0x00000267d9274740 JavaThread "jar transforms Thread 6"           [_thread_blocked, id=61004, stack(0x000000e9d3500000,0x000000e9d3600000) (1024K)]
  0x00000267d9279c90 JavaThread "pool-3-thread-1"                   [_thread_blocked, id=61260, stack(0x000000e9d3400000,0x000000e9d3500000) (1024K)]
  0x00000267de459130 JavaThread "Cache worker for Java compile cache (C:\Users\DELL\.gradle\caches\9.3.1\javaCompile)"        [_thread_blocked, id=59612, stack(0x000000e9d5000000,0x000000e9d5100000) (1024K)]
  0x00000267e4721680 JavaThread "pool-8-thread-1"                   [_thread_blocked, id=59968, stack(0x000000e9d2600000,0x000000e9d2700000) (1024K)]
  0x00000267da1bd450 JavaThread "jar transforms Thread 7"           [_thread_blocked, id=54240, stack(0x000000e9d0200000,0x000000e9d0300000) (1024K)]
  0x00000267da1b9fd0 JavaThread "jar transforms Thread 8"           [_thread_blocked, id=60316, stack(0x000000e9d0300000,0x000000e9d0400000) (1024K)]
  0x00000267da1c08d0 JavaThread "jar transforms Thread 9"           [_thread_blocked, id=58404, stack(0x000000e9d0700000,0x000000e9d0800000) (1024K)]
  0x00000267de45e680 JavaThread "jar transforms Thread 10"          [_thread_blocked, id=60320, stack(0x000000e9d2000000,0x000000e9d2100000) (1024K)]
  0x00000267da566290 JavaThread "jar transforms Thread 11"          [_thread_blocked, id=61268, stack(0x000000e9d0600000,0x000000e9d0700000) (1024K)]
  0x00000267ddceccb0 JavaThread "jar transforms Thread 12"          [_thread_blocked, id=56916, stack(0x000000e9d2d00000,0x000000e9d2e00000) (1024K)]
  0x00000267e471ef20 JavaThread "pool-11-thread-1"                  [_thread_blocked, id=60788, stack(0x000000e9d4d00000,0x000000e9d4e00000) (1024K)]
  0x00000267de455cb0 JavaThread "pool-15-thread-1"                  [_thread_blocked, id=58476, stack(0x000000e9d4500000,0x000000e9d4600000) (1024K)]
  0x00000267e4725820 JavaThread "pool-19-thread-1"                  [_thread_blocked, id=60900, stack(0x000000e9d3e00000,0x000000e9d3f00000) (1024K)]
  0x00000267df23eb60 JavaThread "pool-22-thread-1"                  [_thread_blocked, id=49648, stack(0x000000e9d3c00000,0x000000e9d3d00000) (1024K)]
  0x00000267de58da00 JavaThread "pool-25-thread-1"                  [_thread_blocked, id=39664, stack(0x000000e9d3b00000,0x000000e9d3c00000) (1024K)]
  0x00000267de5907f0 JavaThread "pool-28-thread-1"                  [_thread_blocked, id=51368, stack(0x000000e9d4100000,0x000000e9d4200000) (1024K)]
  0x00000267da55cba0 JavaThread "pool-31-thread-1"                  [_thread_blocked, id=57048, stack(0x000000e9d4e00000,0x000000e9d4f00000) (1024K)]
  0x00000267d9601ff0 JavaThread "pool-35-thread-1"                  [_thread_blocked, id=57736, stack(0x000000e9d4b00000,0x000000e9d4c00000) (1024K)]
  0x00000267de45a4e0 JavaThread "pool-39-thread-1"                  [_thread_blocked, id=60088, stack(0x000000e9d4800000,0x000000e9d4900000) (1024K)]
  0x00000267da55f990 JavaThread "pool-43-thread-1"                  [_thread_blocked, id=60996, stack(0x000000e9d4900000,0x000000e9d4a00000) (1024K)]
  0x00000267df239610 JavaThread "Daemon Thread 4"                   [_thread_blocked, id=39308, stack(0x000000e9cd200000,0x000000e9cd300000) (1024K)]
  0x00000267df23b6e0 JavaThread "Daemon worker Thread 4"            [_thread_blocked, id=39016, stack(0x000000e9cd600000,0x000000e9cd700000) (1024K)]
  0x00000267de45dff0 JavaThread "pool-47-thread-1"                  [_thread_blocked, id=59276, stack(0x000000e9d3d00000,0x000000e9d3e00000) (1024K)]
  0x00000267df242670 JavaThread "pool-53-thread-1"                  [_thread_blocked, id=52316, stack(0x000000e9d3f00000,0x000000e9d4000000) (1024K)]
  0x00000267da55a440 JavaThread "pool-56-thread-1"                  [_thread_blocked, id=31528, stack(0x000000e9d5300000,0x000000e9d5400000) (1024K)]
  0x00000267df5a4c10 JavaThread "pool-60-thread-1"                  [_thread_blocked, id=61520, stack(0x000000e9d2a00000,0x000000e9d2b00000) (1024K)]
  0x00000267df239ca0 JavaThread "ForkJoinPool.commonPool-worker-12" daemon [_thread_blocked, id=61944, stack(0x000000e9d7f00000,0x000000e9d8000000) (1024K)]
  0x00000267df238f80 JavaThread "ForkJoinPool.commonPool-worker-15" daemon [_thread_blocked, id=61928, stack(0x000000e9d8200000,0x000000e9d8300000) (1024K)]
  0x00000267df23f1f0 JavaThread "ForkJoinPool.commonPool-worker-16" daemon [_thread_blocked, id=61900, stack(0x000000e9d8300000,0x000000e9d8400000) (1024K)]
  0x00000267df23ff10 JavaThread "ForkJoinPool.commonPool-worker-18" daemon [_thread_blocked, id=61924, stack(0x000000e9d8500000,0x000000e9d8600000) (1024K)]
  0x00000267df23ca90 JavaThread "ForkJoinPool.commonPool-worker-19" daemon [_thread_blocked, id=61920, stack(0x000000e9d8600000,0x000000e9d8700000) (1024K)]
  0x00000267df23d120 JavaThread "ForkJoinPool.commonPool-worker-21" daemon [_thread_blocked, id=61896, stack(0x000000e9d8800000,0x000000e9d8900000) (1024K)]
  0x00000267df240c30 JavaThread "ForkJoinPool.commonPool-worker-22" daemon [_thread_blocked, id=61108, stack(0x000000e9d8900000,0x000000e9d8a00000) (1024K)]
  0x00000267de591510 JavaThread "pool-65-thread-1"                  [_thread_blocked, id=61544, stack(0x000000e9d2b00000,0x000000e9d2c00000) (1024K)]
  0x00000267df5a5fc0 JavaThread "Handler for socket connection from /127.0.0.1:56624 to /127.0.0.1:62844"        [_thread_in_native, id=61476, stack(0x000000e9ccc00000,0x000000e9ccd00000) (1024K)]
  0x00000267df5a52a0 JavaThread "Cancel handler"                    [_thread_blocked, id=61708, stack(0x000000e9cd300000,0x000000e9cd400000) (1024K)]
  0x00000267df5a2b40 JavaThread "Asynchronous log dispatcher for DefaultDaemonConnection: socket connection from /127.0.0.1:56624 to /127.0.0.1:62844"        [_thread_blocked, id=38344, stack(0x000000e9cd500000,0x000000e9cd600000) (1024K)]
  0x00000267df5a3860 JavaThread "Stdin handler"                     [_thread_blocked, id=61768, stack(0x000000e9cf200000,0x000000e9cf300000) (1024K)]
  0x00000267df5a6650 JavaThread "Daemon client event forwarder"        [_thread_blocked, id=61776, stack(0x000000e9cf300000,0x000000e9cf400000) (1024K)]
  0x00000267df5a31d0 JavaThread "Cache worker for file hash cache (D:\MEox\UITer\DOAN\Mosco\client\.gradle\9.3.1\fileHashes)"        [_thread_blocked, id=61832, stack(0x000000e9cf400000,0x000000e9cf500000) (1024K)]
  0x00000267df5a9440 JavaThread "Cache worker for Build Output Cleanup Cache (D:\MEox\UITer\DOAN\Mosco\client\.gradle\buildOutputCleanup)"        [_thread_blocked, id=54192, stack(0x000000e9cf500000,0x000000e9cf600000) (1024K)]
  0x00000267df5aa160 JavaThread "Cache worker for checksums cache (D:\MEox\UITer\DOAN\Mosco\client\.gradle\9.3.1\checksums)"        [_thread_blocked, id=24312, stack(0x000000e9cf600000,0x000000e9cf700000) (1024K)]
  0x00000267df5a7a00 JavaThread "Cache worker for cache directory md-supplier (C:\Users\DELL\.gradle\caches\9.3.1\md-supplier)"        [_thread_blocked, id=53632, stack(0x000000e9cf700000,0x000000e9cf800000) (1024K)]
  0x00000267df5a6ce0 JavaThread "Cache worker for cache directory md-rule (C:\Users\DELL\.gradle\caches\9.3.1\md-rule)"        [_thread_blocked, id=59088, stack(0x000000e9cfb00000,0x000000e9cfc00000) (1024K)]
  0x00000267df5a8720 JavaThread "Unconstrained build operations"        [_thread_blocked, id=54700, stack(0x000000e9d0800000,0x000000e9d0900000) (1024K)]
  0x00000267df5ab510 JavaThread "Unconstrained build operations Thread 2"        [_thread_blocked, id=60792, stack(0x000000e9d0900000,0x000000e9d0a00000) (1024K)]
  0x00000267df5a8db0 JavaThread "Unconstrained build operations Thread 3"        [_thread_blocked, id=58972, stack(0x000000e9d0b00000,0x000000e9d0c00000) (1024K)]
  0x00000267df5a9ad0 JavaThread "Unconstrained build operations Thread 4"        [_thread_blocked, id=59324, stack(0x000000e9d0c00000,0x000000e9d0d00000) (1024K)]
  0x00000267df5aa7f0 JavaThread "Unconstrained build operations Thread 5"        [_thread_blocked, id=55580, stack(0x000000e9d1000000,0x000000e9d1100000) (1024K)]
  0x00000267df5a8090 JavaThread "Unconstrained build operations Thread 6"        [_thread_blocked, id=57188, stack(0x000000e9d1100000,0x000000e9d1200000) (1024K)]
  0x00000267df5ae300 JavaThread "Unconstrained build operations Thread 7"        [_thread_blocked, id=58564, stack(0x000000e9d1200000,0x000000e9d1300000) (1024K)]
  0x00000267df5ad5e0 JavaThread "Unconstrained build operations Thread 8"        [_thread_blocked, id=41756, stack(0x000000e9d1300000,0x000000e9d1400000) (1024K)]
  0x00000267df5ae990 JavaThread "Unconstrained build operations Thread 9"        [_thread_blocked, id=52124, stack(0x000000e9d1400000,0x000000e9d1500000) (1024K)]
  0x00000267df5af020 JavaThread "Unconstrained build operations Thread 10"        [_thread_blocked, id=57604, stack(0x000000e9d1500000,0x000000e9d1600000) (1024K)]
  0x00000267df5adc70 JavaThread "Unconstrained build operations Thread 11"        [_thread_blocked, id=54524, stack(0x000000e9d1600000,0x000000e9d1700000) (1024K)]
  0x00000267df5ac230 JavaThread "Unconstrained build operations Thread 12"        [_thread_blocked, id=41692, stack(0x000000e9d1700000,0x000000e9d1800000) (1024K)]
  0x00000267df5acf50 JavaThread "Unconstrained build operations Thread 13"        [_thread_blocked, id=39668, stack(0x000000e9d1800000,0x000000e9d1900000) (1024K)]
  0x00000267df5abba0 JavaThread "Unconstrained build operations Thread 14"        [_thread_blocked, id=61184, stack(0x000000e9d1900000,0x000000e9d1a00000) (1024K)]
  0x00000267df5af6b0 JavaThread "Unconstrained build operations Thread 15"        [_thread_blocked, id=50716, stack(0x000000e9d1a00000,0x000000e9d1b00000) (1024K)]
  0x00000267df5afd40 JavaThread "Unconstrained build operations Thread 16"        [_thread_blocked, id=56972, stack(0x000000e9d1b00000,0x000000e9d1c00000) (1024K)]
  0x00000267df5b10f0 JavaThread "Unconstrained build operations Thread 17"        [_thread_blocked, id=52712, stack(0x000000e9d1c00000,0x000000e9d1d00000) (1024K)]
  0x00000267df5b03d0 JavaThread "Unconstrained build operations Thread 18"        [_thread_blocked, id=60356, stack(0x000000e9d1d00000,0x000000e9d1e00000) (1024K)]
  0x00000267df5b0a60 JavaThread "Unconstrained build operations Thread 19"        [_thread_blocked, id=60392, stack(0x000000e9d1e00000,0x000000e9d1f00000) (1024K)]
  0x00000267df5b1780 JavaThread "Unconstrained build operations Thread 20"        [_thread_blocked, id=53648, stack(0x000000e9d1f00000,0x000000e9d2000000) (1024K)]
  0x00000267de587790 JavaThread "Unconstrained build operations Thread 21"        [_thread_blocked, id=60028, stack(0x000000e9d2100000,0x000000e9d2200000) (1024K)]
  0x00000267de5863e0 JavaThread "Unconstrained build operations Thread 22"        [_thread_blocked, id=60436, stack(0x000000e9d2200000,0x000000e9d2300000) (1024K)]
  0x00000267de5884b0 JavaThread "Unconstrained build operations Thread 23"        [_thread_blocked, id=56592, stack(0x000000e9d2300000,0x000000e9d2400000) (1024K)]
  0x00000267de588b40 JavaThread "Unconstrained build operations Thread 24"        [_thread_blocked, id=39316, stack(0x000000e9d2400000,0x000000e9d2500000) (1024K)]
  0x00000267de5891d0 JavaThread "build event listener"              [_thread_blocked, id=60952, stack(0x000000e9d2500000,0x000000e9d2600000) (1024K)]
  0x00000267de585d50 JavaThread "Problems report writer"            [_thread_blocked, id=59564, stack(0x000000e9d2700000,0x000000e9d2800000) (1024K)]
  0x00000267de589860 JavaThread "pool-68-thread-1"                  [_thread_blocked, id=58904, stack(0x000000e9d2900000,0x000000e9d2a00000) (1024K)]
  0x00000267de586a70 JavaThread "build event listener"              [_thread_blocked, id=57936, stack(0x000000e9d2e00000,0x000000e9d2f00000) (1024K)]
  0x00000267de589ef0 JavaThread "included builds"                   [_thread_in_native, id=12676, stack(0x000000e9d3000000,0x000000e9d3100000) (1024K)]
  0x00000267de58a580 JavaThread "Execution worker"                  [_thread_blocked, id=60052, stack(0x000000e9d3300000,0x000000e9d3400000) (1024K)]
  0x00000267de587100 JavaThread "Execution worker Thread 2"         [_thread_blocked, id=22872, stack(0x000000e9d3600000,0x000000e9d3700000) (1024K)]
  0x00000267de58ac10 JavaThread "Execution worker Thread 3"         [_thread_blocked, id=39692, stack(0x000000e9d3700000,0x000000e9d3800000) (1024K)]
  0x00000267de587e20 JavaThread "Execution worker Thread 4"         [_thread_blocked, id=51020, stack(0x000000e9d3800000,0x000000e9d3900000) (1024K)]
  0x00000267de58e720 JavaThread "Execution worker Thread 5"         [_thread_blocked, id=61208, stack(0x000000e9d3900000,0x000000e9d3a00000) (1024K)]
  0x00000267de58bfc0 JavaThread "Execution worker Thread 6"         [_thread_blocked, id=6408, stack(0x000000e9d3a00000,0x000000e9d3b00000) (1024K)]
  0x00000267de58b2a0 JavaThread "Execution worker Thread 7"         [_thread_blocked, id=59984, stack(0x000000e9d4000000,0x000000e9d4100000) (1024K)]
  0x00000267de58e090 JavaThread "Execution worker Thread 8"         [_thread_in_Java, id=60044, stack(0x000000e9d4200000,0x000000e9d4300000) (1024K)]
  0x00000267de58cce0 JavaThread "Execution worker Thread 9"         [_thread_blocked, id=39260, stack(0x000000e9d4300000,0x000000e9d4400000) (1024K)]
  0x00000267de58edb0 JavaThread "Execution worker Thread 10"        [_thread_blocked, id=49616, stack(0x000000e9d4400000,0x000000e9d4500000) (1024K)]
  0x00000267de58b930 JavaThread "Execution worker Thread 11"        [_thread_blocked, id=61908, stack(0x000000e9d4600000,0x000000e9d4700000) (1024K)]
  0x00000267de58f440 JavaThread "Cache worker for execution history cache (D:\MEox\UITer\DOAN\Mosco\client\.gradle\9.3.1\executionHistory)"        [_thread_blocked, id=39924, stack(0x000000e9d4700000,0x000000e9d4800000) (1024K)]
  0x00000267de58fad0 JavaThread "Unconstrained build operations Thread 25"        [_thread_blocked, id=39996, stack(0x000000e9d2800000,0x000000e9d2900000) (1024K)]
  0x00000267de58c650 JavaThread "Unconstrained build operations Thread 26"        [_thread_blocked, id=44972, stack(0x000000e9d2c00000,0x000000e9d2d00000) (1024K)]
  0x00000267de58d370 JavaThread "Unconstrained build operations Thread 27"        [_thread_blocked, id=60732, stack(0x000000e9d2f00000,0x000000e9d3000000) (1024K)]
  0x00000267de592f50 JavaThread "Unconstrained build operations Thread 28"        [_thread_blocked, id=55420, stack(0x000000e9d4c00000,0x000000e9d4d00000) (1024K)]
  0x00000267de5935e0 JavaThread "Unconstrained build operations Thread 29"        [_thread_blocked, id=47488, stack(0x000000e9d4f00000,0x000000e9d5000000) (1024K)]
  0x00000267de590160 JavaThread "Unconstrained build operations Thread 30"        [_thread_blocked, id=62140, stack(0x000000e9d5100000,0x000000e9d5200000) (1024K)]
  0x00000267de593c70 JavaThread "Unconstrained build operations Thread 31"        [_thread_blocked, id=61528, stack(0x000000e9d5200000,0x000000e9d5300000) (1024K)]
  0x00000267de594300 JavaThread "Unconstrained build operations Thread 32"        [_thread_blocked, id=52996, stack(0x000000e9d5400000,0x000000e9d5500000) (1024K)]
  0x00000267de5928c0 JavaThread "Unconstrained build operations Thread 33"        [_thread_blocked, id=61684, stack(0x000000e9d5500000,0x000000e9d5600000) (1024K)]
  0x00000267de592230 JavaThread "Unconstrained build operations Thread 34"        [_thread_blocked, id=36772, stack(0x000000e9d5600000,0x000000e9d5700000) (1024K)]
  0x00000267de590e80 JavaThread "Unconstrained build operations Thread 35"        [_thread_blocked, id=61688, stack(0x000000e9d5700000,0x000000e9d5800000) (1024K)]
  0x00000267de591ba0 JavaThread "WorkerExecutor Queue"              [_thread_blocked, id=57104, stack(0x000000e9d5800000,0x000000e9d5900000) (1024K)]
  0x00000267de594990 JavaThread "Unconstrained build operations Thread 36"        [_thread_blocked, id=61872, stack(0x000000e9d5b00000,0x000000e9d5c00000) (1024K)]
  0x00000267de595020 JavaThread "Unconstrained build operations Thread 37"        [_thread_blocked, id=41344, stack(0x000000e9d5c00000,0x000000e9d5d00000) (1024K)]
  0x00000267d95fa340 JavaThread "Unconstrained build operations Thread 38"        [_thread_blocked, id=57684, stack(0x000000e9d5d00000,0x000000e9d5e00000) (1024K)]
  0x00000267d95f8900 JavaThread "Unconstrained build operations Thread 39"        [_thread_blocked, id=56400, stack(0x000000e9d5e00000,0x000000e9d5f00000) (1024K)]
  0x00000267d95fb060 JavaThread "Unconstrained build operations Thread 40"        [_thread_blocked, id=62056, stack(0x000000e9d5f00000,0x000000e9d6000000) (1024K)]
  0x00000267d95fa9d0 JavaThread "Unconstrained build operations Thread 41"        [_thread_blocked, id=52036, stack(0x000000e9d6000000,0x000000e9d6100000) (1024K)]
  0x00000267d95f9620 JavaThread "Unconstrained build operations Thread 42"        [_thread_blocked, id=20740, stack(0x000000e9d6100000,0x000000e9d6200000) (1024K)]
  0x00000267d95f8270 JavaThread "Unconstrained build operations Thread 43"        [_thread_blocked, id=41100, stack(0x000000e9d6200000,0x000000e9d6300000) (1024K)]
  0x00000267d95fbd80 JavaThread "Unconstrained build operations Thread 44"        [_thread_blocked, id=60868, stack(0x000000e9d6300000,0x000000e9d6400000) (1024K)]
  0x00000267d95f9cb0 JavaThread "Unconstrained build operations Thread 45"        [_thread_blocked, id=58020, stack(0x000000e9d6400000,0x000000e9d6500000) (1024K)]
  0x00000267d95fb6f0 JavaThread "Unconstrained build operations Thread 46"        [_thread_blocked, id=54960, stack(0x000000e9d6500000,0x000000e9d6600000) (1024K)]
  0x00000267d95fc410 JavaThread "WorkerExecutor Queue Thread 2"        [_thread_blocked, id=60068, stack(0x000000e9d6600000,0x000000e9d6700000) (1024K)]
  0x00000267d95f8f90 JavaThread "WorkerExecutor Queue Thread 3"        [_thread_blocked, id=62340, stack(0x000000e9d6700000,0x000000e9d6800000) (1024K)]
  0x00000267d95ff200 JavaThread "WorkerExecutor Queue Thread 4"        [_thread_blocked, id=62424, stack(0x000000e9d6800000,0x000000e9d6900000) (1024K)]
  0x00000267d95ff890 JavaThread "WorkerExecutor Queue Thread 5"        [_thread_blocked, id=61480, stack(0x000000e9d6900000,0x000000e9d6a00000) (1024K)]
  0x00000267d95fff20 JavaThread "WorkerExecutor Queue Thread 6"        [_thread_blocked, id=59988, stack(0x000000e9d6a00000,0x000000e9d6b00000) (1024K)]
  0x00000267d95fde50 JavaThread "Unconstrained build operations Thread 47"        [_thread_blocked, id=56780, stack(0x000000e9d6b00000,0x000000e9d6c00000) (1024K)]
  0x00000267d96005b0 JavaThread "Unconstrained build operations Thread 48"        [_thread_blocked, id=39980, stack(0x000000e9d6c00000,0x000000e9d6d00000) (1024K)]
  0x00000267d95fd130 JavaThread "Unconstrained build operations Thread 49"        [_thread_blocked, id=58844, stack(0x000000e9d6d00000,0x000000e9d6e00000) (1024K)]
  0x00000267d95fd7c0 JavaThread "Unconstrained build operations Thread 50"        [_thread_blocked, id=58004, stack(0x000000e9d6e00000,0x000000e9d6f00000) (1024K)]
  0x00000267d96012d0 JavaThread "Unconstrained build operations Thread 51"        [_thread_blocked, id=56664, stack(0x000000e9d6f00000,0x000000e9d7000000) (1024K)]
  0x00000267d9601960 JavaThread "Unconstrained build operations Thread 52"        [_thread_blocked, id=54980, stack(0x000000e9d7000000,0x000000e9d7100000) (1024K)]
  0x00000267d95fe4e0 JavaThread "Unconstrained build operations Thread 53"        [_thread_blocked, id=60820, stack(0x000000e9d7100000,0x000000e9d7200000) (1024K)]
  0x00000267d95feb70 JavaThread "Unconstrained build operations Thread 54"        [_thread_blocked, id=60400, stack(0x000000e9d7200000,0x000000e9d7300000) (1024K)]
  0x00000267d9604de0 JavaThread "Unconstrained build operations Thread 55"        [_thread_blocked, id=56532, stack(0x000000e9d7300000,0x000000e9d7400000) (1024K)]
  0x00000267d9603a30 JavaThread "Unconstrained build operations Thread 56"        [_thread_blocked, id=60484, stack(0x000000e9d7400000,0x000000e9d7500000) (1024K)]
  0x00000267d9605b00 JavaThread "Unconstrained build operations Thread 57"        [_thread_blocked, id=61676, stack(0x000000e9d7500000,0x000000e9d7600000) (1024K)]
  0x00000267d9606190 JavaThread "WorkerExecutor Queue Thread 7"        [_thread_blocked, id=51712, stack(0x000000e9d7600000,0x000000e9d7700000) (1024K)]
  0x00000267d9602d10 JavaThread "WorkerExecutor Queue Thread 8"        [_thread_blocked, id=62076, stack(0x000000e9d7700000,0x000000e9d7800000) (1024K)]
  0x00000267d9606820 JavaThread "Unconstrained build operations Thread 58"        [_thread_blocked, id=62208, stack(0x000000e9d7800000,0x000000e9d7900000) (1024K)]
  0x00000267d96033a0 JavaThread "WorkerExecutor Queue Thread 9"        [_thread_blocked, id=62172, stack(0x000000e9d7900000,0x000000e9d7a00000) (1024K)]
  0x00000267e471c7c0 JavaThread "WorkerExecutor Queue Thread 10"        [_thread_blocked, id=62012, stack(0x000000e9d5a00000,0x000000e9d5b00000) (1024K)]
  0x00000267e471baa0 JavaThread "WorkerExecutor Queue Thread 11"        [_thread_blocked, id=60020, stack(0x000000e9d7a00000,0x000000e9d7b00000) (1024K)]
  0x00000267e471ce50 JavaThread "WorkerExecutor Queue Thread 12"        [_thread_blocked, id=61000, stack(0x000000e9d7b00000,0x000000e9d7c00000) (1024K)]
  0x00000267d9b20330 JavaThread "Unconstrained build operations Thread 59"        [_thread_blocked, id=62092, stack(0x000000e9d7c00000,0x000000e9d7d00000) (1024K)]
  0x00000267ddcf0130 JavaThread "Unconstrained build operations Thread 60"        [_thread_blocked, id=58724, stack(0x000000e9d7d00000,0x000000e9d7e00000) (1024K)]
  0x00000267ddcee6f0 JavaThread "Unconstrained build operations Thread 61"        [_thread_blocked, id=44912, stack(0x000000e9d7e00000,0x000000e9d7f00000) (1024K)]
  0x00000267ddcf07c0 JavaThread "Unconstrained build operations Thread 62"        [_thread_blocked, id=8772, stack(0x000000e9d8000000,0x000000e9d8100000) (1024K)]
  0x00000267ddced9d0 JavaThread "Unconstrained build operations Thread 63"        [_thread_blocked, id=58796, stack(0x000000e9d8100000,0x000000e9d8200000) (1024K)]
  0x00000267ddcf14e0 JavaThread "Unconstrained build operations Thread 64"        [_thread_blocked, id=55156, stack(0x000000e9d8400000,0x000000e9d8500000) (1024K)]
  0x00000267ddcee060 JavaThread "Unconstrained build operations Thread 65"        [_thread_blocked, id=49292, stack(0x000000e9d8700000,0x000000e9d8800000) (1024K)]
  0x00000267ddcf42d0 JavaThread "Unconstrained build operations Thread 66"        [_thread_blocked, id=26584, stack(0x000000e9d8a00000,0x000000e9d8b00000) (1024K)]
  0x00000267dd70c9b0 JavaThread "C2 CompilerThread1"         daemon [_thread_in_native, id=59360, stack(0x000000e9d5900000,0x000000e9d5a00000) (1024K)]
  0x00000267d93eee00 JavaThread "ForkJoinPool-1-worker-1"    daemon [_thread_in_Java, id=59244, stack(0x000000e9d8b00000,0x000000e9d8c00000) (1024K)]
  0x00000267d93ee0e0 JavaThread "ForkJoinPool-1-worker-2"    daemon [_thread_in_Java, id=59672, stack(0x000000e9d8c00000,0x000000e9d8d00000) (1024K)]
  0x00000267d93ef490 JavaThread "ForkJoinPool-1-worker-3"    daemon [_thread_blocked, id=54248, stack(0x000000e9d8d00000,0x000000e9d8e00000) (1024K)]
  0x00000267d93ec010 JavaThread "ForkJoinPool-1-worker-4"    daemon [_thread_blocked, id=60040, stack(0x000000e9d8e00000,0x000000e9d8f00000) (1024K)]
  0x00000267d93f2910 JavaThread "ForkJoinPool-1-worker-5"    daemon [_thread_in_Java, id=61952, stack(0x000000e9d8f00000,0x000000e9d9000000) (1024K)]
  0x00000267d93f0840 JavaThread "ForkJoinPool-1-worker-6"    daemon [_thread_in_Java, id=59176, stack(0x000000e9d9000000,0x000000e9d9100000) (1024K)]
  0x00000267d93f1560 JavaThread "ForkJoinPool-1-worker-7"    daemon [_thread_in_Java, id=61584, stack(0x000000e9d9100000,0x000000e9d9200000) (1024K)]
  0x00000267d93f01b0 JavaThread "ForkJoinPool-1-worker-8"    daemon [_thread_blocked, id=61632, stack(0x000000e9d9300000,0x000000e9d9400000) (1024K)]
  0x00000267da559720 JavaThread "ForkJoinPool-1-worker-9"    daemon [_thread_blocked, id=60304, stack(0x000000e9d9400000,0x000000e9d9500000) (1024K)]
  0x00000267da55b7f0 JavaThread "ForkJoinPool-1-worker-10"   daemon [_thread_blocked, id=10164, stack(0x000000e9d9500000,0x000000e9d9600000) (1024K)]
  0x00000267da55c510 JavaThread "ForkJoinPool-1-worker-11"   daemon [_thread_blocked, id=55812, stack(0x000000e9d9600000,0x000000e9d9700000) (1024K)]
  0x00000267da559db0 JavaThread "ForkJoinPool-1-worker-12"   daemon [_thread_in_Java, id=59356, stack(0x000000e9d9700000,0x000000e9d9800000) (1024K)]
Total: 178

Other Threads:
  0x00000267917b44b0 VMThread "VM Thread"                           [id=59732, stack(0x000000e9cdd00000,0x000000e9cde00000) (1024K)]
  0x00000267917a2cc0 WatcherThread "VM Periodic Task Thread"        [id=59728, stack(0x000000e9cdc00000,0x000000e9cdd00000) (1024K)]
  0x00000267f3cb2a80 WorkerThread "GC Thread#0"                     [id=59512, stack(0x000000e9cd700000,0x000000e9cd800000) (1024K)]
  0x00000267d709eb90 WorkerThread "GC Thread#1"                     [id=56032, stack(0x000000e9ce900000,0x000000e9cea00000) (1024K)]
  0x00000267d710c7b0 WorkerThread "GC Thread#2"                     [id=59264, stack(0x000000e9cea00000,0x000000e9ceb00000) (1024K)]
  0x00000267d726b340 WorkerThread "GC Thread#3"                     [id=52352, stack(0x000000e9ceb00000,0x000000e9cec00000) (1024K)]
  0x00000267d726d6f0 WorkerThread "GC Thread#4"                     [id=58456, stack(0x000000e9cec00000,0x000000e9ced00000) (1024K)]
  0x00000267d726da90 WorkerThread "GC Thread#5"                     [id=52664, stack(0x000000e9ced00000,0x000000e9cee00000) (1024K)]
  0x00000267d7c9bc30 WorkerThread "GC Thread#6"                     [id=57240, stack(0x000000e9cfc00000,0x000000e9cfd00000) (1024K)]
  0x00000267d7c9cab0 WorkerThread "GC Thread#7"                     [id=30412, stack(0x000000e9cfd00000,0x000000e9cfe00000) (1024K)]
  0x00000267d7c9c710 WorkerThread "GC Thread#8"                     [id=55260, stack(0x000000e9cfe00000,0x000000e9cff00000) (1024K)]
  0x00000267d7c9bfd0 WorkerThread "GC Thread#9"                     [id=59644, stack(0x000000e9cff00000,0x000000e9d0000000) (1024K)]
  0x00000267f3d43e40 ConcurrentGCThread "G1 Main Marker"            [id=55560, stack(0x000000e9cd800000,0x000000e9cd900000) (1024K)]
  0x00000267f3d445f0 WorkerThread "G1 Conc#0"                       [id=48720, stack(0x000000e9cd900000,0x000000e9cda00000) (1024K)]
  0x00000267d7c9b150 WorkerThread "G1 Conc#1"                       [id=54304, stack(0x000000e9d0000000,0x000000e9d0100000) (1024K)]
  0x00000267d9ea2790 WorkerThread "G1 Conc#2"                       [id=54560, stack(0x000000e9d0100000,0x000000e9d0200000) (1024K)]
  0x00000267f3e91590 ConcurrentGCThread "G1 Refine#0"               [id=59792, stack(0x000000e9cda00000,0x000000e9cdb00000) (1024K)]
  0x0000026791680090 ConcurrentGCThread "G1 Service"                [id=59704, stack(0x000000e9cdb00000,0x000000e9cdc00000) (1024K)]
Total: 18

Threads with active compile tasks:
C2 CompilerThread0  1077932 45259 % !   4       com.android.tools.r8.dex.z::k @ 99 (2710 bytes)
C1 CompilerThread0  1077932 45285       3       com.android.tools.r8.internal.hf4::b (11 bytes)
C2 CompilerThread1  1077932 45292       4       com.android.tools.r8.internal.n70::a (41 bytes)
Total: 3

VM state: not at safepoint (normal execution)

VM Mutex/Monitor currently owned by a thread:  ([mutex/lock_event])
[0x00007ffa2ea6d388] CompileThread_lock - owner thread: 0x00000267917f1440

Heap address: 0x0000000080000000, size: 2048 MB, Compressed Oops mode: 32-bit

CDS archive(s) mapped at: [0x0000026792000000-0x0000026792c80000-0x0000026792c80000), size 13107200, SharedBaseAddress: 0x0000026792000000, ArchiveRelocationMode: 1.
Compressed class space mapped at: 0x0000026793000000-0x00000267d3000000, reserved size: 1073741824
Narrow klass base: 0x0000026792000000, Narrow klass shift: 0, Narrow klass range: 0x100000000

GC Precious Log:
 CardTable entry size: 512
 Card Set container configuration: InlinePtr #cards 5 size 8 Array Of Cards #cards 12 size 40 Howl #buckets 4 coarsen threshold 1843 Howl Bitmap #cards 512 size 80 coarsen threshold 460 Card regions per heap region 1 cards per card region 2048
 CPUs: 12 total, 12 available
 Memory: 16068M
 Large Page Support: Disabled
 NUMA Support: Disabled
 Compressed Oops: Enabled (32-bit)
 Heap Region Size: 1M
 Heap Min Capacity: 8M
 Heap Initial Capacity: 252M
 Heap Max Capacity: 2G
 Pre-touch: Disabled
 Parallel Workers: 10
 Concurrent Workers: 3
 Concurrent Refinement Workers: 10
 Periodic GC: Disabled

Heap:
 garbage-first heap   total 653312K, used 462499K [0x0000000080000000, 0x0000000100000000)
  region size 1024K, 130 young (133120K), 33 survivors (33792K)
 Metaspace       used 215634K, committed 219264K, reserved 1245184K
  class space    used 28074K, committed 29952K, reserved 1048576K

Heap Regions: E=young(eden), S=young(survivor), O=old, HS=humongous(starts), HC=humongous(continues), CS=collection set, F=free, TAMS=top-at-mark-start, PB=parsable bottom
|   0|0x0000000080000000, 0x0000000080100000, 0x0000000080100000|100%|HS|  |TAMS 0x0000000080000000| PB 0x0000000080000000| Complete 
|   1|0x0000000080100000, 0x0000000080200000, 0x0000000080200000|100%|HC|  |TAMS 0x0000000080100000| PB 0x0000000080100000| Complete 
|   2|0x0000000080200000, 0x0000000080300000, 0x0000000080300000|100%|HC|  |TAMS 0x0000000080200000| PB 0x0000000080200000| Complete 
|   3|0x0000000080300000, 0x0000000080400000, 0x0000000080400000|100%|HC|  |TAMS 0x0000000080300000| PB 0x0000000080300000| Complete 
|   4|0x0000000080400000, 0x0000000080500000, 0x0000000080500000|100%| O|  |TAMS 0x0000000080400000| PB 0x0000000080400000| Untracked 
|   5|0x0000000080500000, 0x0000000080600000, 0x0000000080600000|100%| O|  |TAMS 0x0000000080500000| PB 0x0000000080500000| Untracked 
|   6|0x0000000080600000, 0x0000000080700000, 0x0000000080700000|100%| O|  |TAMS 0x0000000080600000| PB 0x0000000080600000| Untracked 
|   7|0x0000000080700000, 0x0000000080800000, 0x0000000080800000|100%| O|  |TAMS 0x0000000080700000| PB 0x0000000080700000| Untracked 
|   8|0x0000000080800000, 0x0000000080900000, 0x0000000080900000|100%|HS|  |TAMS 0x0000000080800000| PB 0x0000000080800000| Complete 
|   9|0x0000000080900000, 0x0000000080a00000, 0x0000000080a00000|100%| O|  |TAMS 0x0000000080900000| PB 0x0000000080900000| Untracked 
|  10|0x0000000080a00000, 0x0000000080b00000, 0x0000000080b00000|100%| O|  |TAMS 0x0000000080a00000| PB 0x0000000080a00000| Untracked 
|  11|0x0000000080b00000, 0x0000000080c00000, 0x0000000080c00000|100%| O|  |TAMS 0x0000000080b00000| PB 0x0000000080b00000| Untracked 
|  12|0x0000000080c00000, 0x0000000080d00000, 0x0000000080d00000|100%| O|  |TAMS 0x0000000080c00000| PB 0x0000000080c00000| Untracked 
|  13|0x0000000080d00000, 0x0000000080e00000, 0x0000000080e00000|100%| O|  |TAMS 0x0000000080d00000| PB 0x0000000080d00000| Untracked 
|  14|0x0000000080e00000, 0x0000000080f00000, 0x0000000080f00000|100%| O|  |TAMS 0x0000000080e00000| PB 0x0000000080e00000| Untracked 
|  15|0x0000000080f00000, 0x0000000081000000, 0x0000000081000000|100%| O|  |TAMS 0x0000000080f00000| PB 0x0000000080f00000| Untracked 
|  16|0x0000000081000000, 0x0000000081100000, 0x0000000081100000|100%| O|  |TAMS 0x0000000081000000| PB 0x0000000081000000| Untracked 
|  17|0x0000000081100000, 0x0000000081200000, 0x0000000081200000|100%| O|  |TAMS 0x0000000081100000| PB 0x0000000081100000| Untracked 
|  18|0x0000000081200000, 0x0000000081300000, 0x0000000081300000|100%| O|  |TAMS 0x0000000081200000| PB 0x0000000081200000| Untracked 
|  19|0x0000000081300000, 0x0000000081400000, 0x0000000081400000|100%| O|  |TAMS 0x0000000081300000| PB 0x0000000081300000| Untracked 
|  20|0x0000000081400000, 0x0000000081500000, 0x0000000081500000|100%| O|  |TAMS 0x0000000081400000| PB 0x0000000081400000| Untracked 
|  21|0x0000000081500000, 0x0000000081600000, 0x0000000081600000|100%| O|  |TAMS 0x0000000081500000| PB 0x0000000081500000| Untracked 
|  22|0x0000000081600000, 0x0000000081700000, 0x0000000081700000|100%| O|  |TAMS 0x0000000081600000| PB 0x0000000081600000| Untracked 
|  23|0x0000000081700000, 0x0000000081800000, 0x0000000081800000|100%| O|  |TAMS 0x0000000081700000| PB 0x0000000081700000| Untracked 
|  24|0x0000000081800000, 0x0000000081900000, 0x0000000081900000|100%| O|  |TAMS 0x0000000081800000| PB 0x0000000081800000| Untracked 
|  25|0x0000000081900000, 0x0000000081a00000, 0x0000000081a00000|100%| O|  |TAMS 0x0000000081900000| PB 0x0000000081900000| Untracked 
|  26|0x0000000081a00000, 0x0000000081b00000, 0x0000000081b00000|100%| O|  |TAMS 0x0000000081a00000| PB 0x0000000081a00000| Untracked 
|  27|0x0000000081b00000, 0x0000000081c00000, 0x0000000081c00000|100%| O|  |TAMS 0x0000000081b00000| PB 0x0000000081b00000| Untracked 
|  28|0x0000000081c00000, 0x0000000081d00000, 0x0000000081d00000|100%| O|  |TAMS 0x0000000081c00000| PB 0x0000000081c00000| Untracked 
|  29|0x0000000081d00000, 0x0000000081e00000, 0x0000000081e00000|100%| O|  |TAMS 0x0000000081d00000| PB 0x0000000081d00000| Untracked 
|  30|0x0000000081e00000, 0x0000000081f00000, 0x0000000081f00000|100%| O|  |TAMS 0x0000000081e00000| PB 0x0000000081e00000| Untracked 
|  31|0x0000000081f00000, 0x0000000082000000, 0x0000000082000000|100%| O|  |TAMS 0x0000000081f00000| PB 0x0000000081f00000| Untracked 
|  32|0x0000000082000000, 0x0000000082100000, 0x0000000082100000|100%| O|  |TAMS 0x0000000082000000| PB 0x0000000082000000| Untracked 
|  33|0x0000000082100000, 0x0000000082200000, 0x0000000082200000|100%| O|  |TAMS 0x0000000082100000| PB 0x0000000082100000| Untracked 
|  34|0x0000000082200000, 0x0000000082300000, 0x0000000082300000|100%| O|  |TAMS 0x0000000082200000| PB 0x0000000082200000| Untracked 
|  35|0x0000000082300000, 0x0000000082400000, 0x0000000082400000|100%| O|  |TAMS 0x0000000082300000| PB 0x0000000082300000| Untracked 
|  36|0x0000000082400000, 0x0000000082500000, 0x0000000082500000|100%|HS|  |TAMS 0x0000000082400000| PB 0x0000000082400000| Complete 
|  37|0x0000000082500000, 0x0000000082600000, 0x0000000082600000|100%|HS|  |TAMS 0x0000000082500000| PB 0x0000000082500000| Complete 
|  38|0x0000000082600000, 0x0000000082700000, 0x0000000082700000|100%|HS|  |TAMS 0x0000000082600000| PB 0x0000000082600000| Complete 
|  39|0x0000000082700000, 0x0000000082800000, 0x0000000082800000|100%|HS|  |TAMS 0x0000000082700000| PB 0x0000000082700000| Complete 
|  40|0x0000000082800000, 0x0000000082900000, 0x0000000082900000|100%|HC|  |TAMS 0x0000000082800000| PB 0x0000000082800000| Complete 
|  41|0x0000000082900000, 0x0000000082a00000, 0x0000000082a00000|100%|HS|  |TAMS 0x0000000082900000| PB 0x0000000082900000| Complete 
|  42|0x0000000082a00000, 0x0000000082b00000, 0x0000000082b00000|100%| O|  |TAMS 0x0000000082a00000| PB 0x0000000082a00000| Untracked 
|  43|0x0000000082b00000, 0x0000000082c00000, 0x0000000082c00000|100%|HS|  |TAMS 0x0000000082b00000| PB 0x0000000082b00000| Complete 
|  44|0x0000000082c00000, 0x0000000082d00000, 0x0000000082d00000|100%|HS|  |TAMS 0x0000000082c00000| PB 0x0000000082c00000| Complete 
|  45|0x0000000082d00000, 0x0000000082e00000, 0x0000000082e00000|100%|HS|  |TAMS 0x0000000082d00000| PB 0x0000000082d00000| Complete 
|  46|0x0000000082e00000, 0x0000000082f00000, 0x0000000082f00000|100%|HC|  |TAMS 0x0000000082e00000| PB 0x0000000082e00000| Complete 
|  47|0x0000000082f00000, 0x0000000083000000, 0x0000000083000000|100%| O|  |TAMS 0x0000000082f00000| PB 0x0000000082f00000| Untracked 
|  48|0x0000000083000000, 0x0000000083100000, 0x0000000083100000|100%| O|  |TAMS 0x0000000083000000| PB 0x0000000083000000| Untracked 
|  49|0x0000000083100000, 0x0000000083200000, 0x0000000083200000|100%| O|  |TAMS 0x0000000083100000| PB 0x0000000083100000| Untracked 
|  50|0x0000000083200000, 0x0000000083300000, 0x0000000083300000|100%| O|  |TAMS 0x0000000083200000| PB 0x0000000083200000| Untracked 
|  51|0x0000000083300000, 0x0000000083400000, 0x0000000083400000|100%| O|  |TAMS 0x0000000083300000| PB 0x0000000083300000| Untracked 
|  52|0x0000000083400000, 0x0000000083500000, 0x0000000083500000|100%| O|  |TAMS 0x0000000083400000| PB 0x0000000083400000| Untracked 
|  53|0x0000000083500000, 0x0000000083600000, 0x0000000083600000|100%| O|  |TAMS 0x0000000083500000| PB 0x0000000083500000| Untracked 
|  54|0x0000000083600000, 0x0000000083700000, 0x0000000083700000|100%| O|  |TAMS 0x0000000083600000| PB 0x0000000083600000| Untracked 
|  55|0x0000000083700000, 0x0000000083800000, 0x0000000083800000|100%| O|  |TAMS 0x0000000083700000| PB 0x0000000083700000| Untracked 
|  56|0x0000000083800000, 0x0000000083900000, 0x0000000083900000|100%| O|  |TAMS 0x0000000083800000| PB 0x0000000083800000| Untracked 
|  57|0x0000000083900000, 0x0000000083a00000, 0x0000000083a00000|100%|HS|  |TAMS 0x0000000083900000| PB 0x0000000083900000| Complete 
|  58|0x0000000083a00000, 0x0000000083b00000, 0x0000000083b00000|100%| O|  |TAMS 0x0000000083a00000| PB 0x0000000083a00000| Untracked 
|  59|0x0000000083b00000, 0x0000000083c00000, 0x0000000083c00000|100%| O|  |TAMS 0x0000000083b00000| PB 0x0000000083b00000| Untracked 
|  60|0x0000000083c00000, 0x0000000083d00000, 0x0000000083d00000|100%| O|  |TAMS 0x0000000083c00000| PB 0x0000000083c00000| Untracked 
|  61|0x0000000083d00000, 0x0000000083e00000, 0x0000000083e00000|100%| O|  |TAMS 0x0000000083d00000| PB 0x0000000083d00000| Untracked 
|  62|0x0000000083e00000, 0x0000000083f00000, 0x0000000083f00000|100%| O|  |TAMS 0x0000000083e00000| PB 0x0000000083e00000| Untracked 
|  63|0x0000000083f00000, 0x0000000084000000, 0x0000000084000000|100%| O|  |TAMS 0x0000000083f00000| PB 0x0000000083f00000| Untracked 
|  64|0x0000000084000000, 0x0000000084100000, 0x0000000084100000|100%| O|  |TAMS 0x0000000084000000| PB 0x0000000084000000| Untracked 
|  65|0x0000000084100000, 0x0000000084200000, 0x0000000084200000|100%| O|  |TAMS 0x0000000084100000| PB 0x0000000084100000| Untracked 
|  66|0x0000000084200000, 0x0000000084300000, 0x0000000084300000|100%| O|  |TAMS 0x0000000084200000| PB 0x0000000084200000| Untracked 
|  67|0x0000000084300000, 0x0000000084400000, 0x0000000084400000|100%| O|  |TAMS 0x0000000084300000| PB 0x0000000084300000| Untracked 
|  68|0x0000000084400000, 0x0000000084500000, 0x0000000084500000|100%| O|  |TAMS 0x0000000084400000| PB 0x0000000084400000| Untracked 
|  69|0x0000000084500000, 0x0000000084600000, 0x0000000084600000|100%| O|  |TAMS 0x0000000084500000| PB 0x0000000084500000| Untracked 
|  70|0x0000000084600000, 0x0000000084700000, 0x0000000084700000|100%| O|  |TAMS 0x0000000084600000| PB 0x0000000084600000| Untracked 
|  71|0x0000000084700000, 0x0000000084800000, 0x0000000084800000|100%| O|  |TAMS 0x0000000084700000| PB 0x0000000084700000| Untracked 
|  72|0x0000000084800000, 0x0000000084900000, 0x0000000084900000|100%| O|  |TAMS 0x0000000084800000| PB 0x0000000084800000| Untracked 
|  73|0x0000000084900000, 0x0000000084a00000, 0x0000000084a00000|100%| O|  |TAMS 0x0000000084900000| PB 0x0000000084900000| Untracked 
|  74|0x0000000084a00000, 0x0000000084b00000, 0x0000000084b00000|100%| O|  |TAMS 0x0000000084a00000| PB 0x0000000084a00000| Untracked 
|  75|0x0000000084b00000, 0x0000000084c00000, 0x0000000084c00000|100%| O|  |TAMS 0x0000000084b00000| PB 0x0000000084b00000| Untracked 
|  76|0x0000000084c00000, 0x0000000084d00000, 0x0000000084d00000|100%| O|  |TAMS 0x0000000084c00000| PB 0x0000000084c00000| Untracked 
|  77|0x0000000084d00000, 0x0000000084e00000, 0x0000000084e00000|100%| O|  |TAMS 0x0000000084d00000| PB 0x0000000084d00000| Untracked 
|  78|0x0000000084e00000, 0x0000000084f00000, 0x0000000084f00000|100%| O|  |TAMS 0x0000000084e00000| PB 0x0000000084e00000| Untracked 
|  79|0x0000000084f00000, 0x0000000085000000, 0x0000000085000000|100%| O|  |TAMS 0x0000000084f00000| PB 0x0000000084f00000| Untracked 
|  80|0x0000000085000000, 0x0000000085100000, 0x0000000085100000|100%| O|  |TAMS 0x0000000085000000| PB 0x0000000085000000| Untracked 
|  81|0x0000000085100000, 0x0000000085200000, 0x0000000085200000|100%| O|  |TAMS 0x0000000085100000| PB 0x0000000085100000| Untracked 
|  82|0x0000000085200000, 0x0000000085300000, 0x0000000085300000|100%| O|  |TAMS 0x0000000085200000| PB 0x0000000085200000| Untracked 
|  83|0x0000000085300000, 0x0000000085400000, 0x0000000085400000|100%| O|  |TAMS 0x0000000085300000| PB 0x0000000085300000| Untracked 
|  84|0x0000000085400000, 0x0000000085500000, 0x0000000085500000|100%| O|  |TAMS 0x0000000085400000| PB 0x0000000085400000| Untracked 
|  85|0x0000000085500000, 0x0000000085600000, 0x0000000085600000|100%| O|  |TAMS 0x0000000085500000| PB 0x0000000085500000| Untracked 
|  86|0x0000000085600000, 0x0000000085700000, 0x0000000085700000|100%| O|  |TAMS 0x0000000085600000| PB 0x0000000085600000| Untracked 
|  87|0x0000000085700000, 0x0000000085800000, 0x0000000085800000|100%| O|  |TAMS 0x0000000085700000| PB 0x0000000085700000| Untracked 
|  88|0x0000000085800000, 0x0000000085900000, 0x0000000085900000|100%| O|  |TAMS 0x0000000085800000| PB 0x0000000085800000| Untracked 
|  89|0x0000000085900000, 0x0000000085a00000, 0x0000000085a00000|100%| O|  |TAMS 0x0000000085900000| PB 0x0000000085900000| Untracked 
|  90|0x0000000085a00000, 0x0000000085b00000, 0x0000000085b00000|100%| O|  |TAMS 0x0000000085a00000| PB 0x0000000085a00000| Untracked 
|  91|0x0000000085b00000, 0x0000000085c00000, 0x0000000085c00000|100%| O|  |TAMS 0x0000000085b00000| PB 0x0000000085b00000| Untracked 
|  92|0x0000000085c00000, 0x0000000085d00000, 0x0000000085d00000|100%| O|  |TAMS 0x0000000085c00000| PB 0x0000000085c00000| Untracked 
|  93|0x0000000085d00000, 0x0000000085e00000, 0x0000000085e00000|100%| O|  |TAMS 0x0000000085d00000| PB 0x0000000085d00000| Untracked 
|  94|0x0000000085e00000, 0x0000000085f00000, 0x0000000085f00000|100%| O|  |TAMS 0x0000000085e00000| PB 0x0000000085e00000| Untracked 
|  95|0x0000000085f00000, 0x0000000086000000, 0x0000000086000000|100%| O|  |TAMS 0x0000000085f00000| PB 0x0000000085f00000| Untracked 
|  96|0x0000000086000000, 0x0000000086100000, 0x0000000086100000|100%| O|  |TAMS 0x0000000086000000| PB 0x0000000086000000| Untracked 
|  97|0x0000000086100000, 0x0000000086200000, 0x0000000086200000|100%| O|  |TAMS 0x0000000086100000| PB 0x0000000086100000| Untracked 
|  98|0x0000000086200000, 0x0000000086300000, 0x0000000086300000|100%| O|  |TAMS 0x0000000086200000| PB 0x0000000086200000| Untracked 
|  99|0x0000000086300000, 0x0000000086400000, 0x0000000086400000|100%| O|  |TAMS 0x0000000086300000| PB 0x0000000086300000| Untracked 
| 100|0x0000000086400000, 0x0000000086500000, 0x0000000086500000|100%| O|  |TAMS 0x0000000086400000| PB 0x0000000086400000| Untracked 
| 101|0x0000000086500000, 0x0000000086600000, 0x0000000086600000|100%| O|  |TAMS 0x0000000086500000| PB 0x0000000086500000| Untracked 
| 102|0x0000000086600000, 0x0000000086700000, 0x0000000086700000|100%| O|  |TAMS 0x0000000086600000| PB 0x0000000086600000| Untracked 
| 103|0x0000000086700000, 0x0000000086800000, 0x0000000086800000|100%| O|  |TAMS 0x0000000086700000| PB 0x0000000086700000| Untracked 
| 104|0x0000000086800000, 0x0000000086900000, 0x0000000086900000|100%| O|  |TAMS 0x0000000086800000| PB 0x0000000086800000| Untracked 
| 105|0x0000000086900000, 0x0000000086a00000, 0x0000000086a00000|100%| O|  |TAMS 0x0000000086900000| PB 0x0000000086900000| Untracked 
| 106|0x0000000086a00000, 0x0000000086b00000, 0x0000000086b00000|100%|HS|  |TAMS 0x0000000086a00000| PB 0x0000000086a00000| Complete 
| 107|0x0000000086b00000, 0x0000000086c00000, 0x0000000086c00000|100%|HC|  |TAMS 0x0000000086b00000| PB 0x0000000086b00000| Complete 
| 108|0x0000000086c00000, 0x0000000086d00000, 0x0000000086d00000|100%| O|  |TAMS 0x0000000086c00000| PB 0x0000000086c00000| Untracked 
| 109|0x0000000086d00000, 0x0000000086e00000, 0x0000000086e00000|100%| O|  |TAMS 0x0000000086d00000| PB 0x0000000086d00000| Untracked 
| 110|0x0000000086e00000, 0x0000000086f00000, 0x0000000086f00000|100%| O|  |TAMS 0x0000000086e00000| PB 0x0000000086e00000| Untracked 
| 111|0x0000000086f00000, 0x0000000087000000, 0x0000000087000000|100%| O|  |TAMS 0x0000000086f00000| PB 0x0000000086f00000| Untracked 
| 112|0x0000000087000000, 0x0000000087100000, 0x0000000087100000|100%| O|  |TAMS 0x0000000087000000| PB 0x0000000087000000| Untracked 
| 113|0x0000000087100000, 0x0000000087200000, 0x0000000087200000|100%| O|  |TAMS 0x0000000087100000| PB 0x0000000087100000| Untracked 
| 114|0x0000000087200000, 0x0000000087300000, 0x0000000087300000|100%| O|  |TAMS 0x0000000087200000| PB 0x0000000087200000| Untracked 
| 115|0x0000000087300000, 0x0000000087400000, 0x0000000087400000|100%| O|  |TAMS 0x0000000087300000| PB 0x0000000087300000| Untracked 
| 116|0x0000000087400000, 0x0000000087500000, 0x0000000087500000|100%| O|  |TAMS 0x0000000087400000| PB 0x0000000087400000| Untracked 
| 117|0x0000000087500000, 0x0000000087600000, 0x0000000087600000|100%| O|  |TAMS 0x0000000087500000| PB 0x0000000087500000| Untracked 
| 118|0x0000000087600000, 0x0000000087700000, 0x0000000087700000|100%| O|  |TAMS 0x0000000087600000| PB 0x0000000087600000| Untracked 
| 119|0x0000000087700000, 0x0000000087800000, 0x0000000087800000|100%| O|  |TAMS 0x0000000087700000| PB 0x0000000087700000| Untracked 
| 120|0x0000000087800000, 0x0000000087900000, 0x0000000087900000|100%| O|  |TAMS 0x0000000087800000| PB 0x0000000087800000| Untracked 
| 121|0x0000000087900000, 0x0000000087a00000, 0x0000000087a00000|100%| O|  |TAMS 0x0000000087900000| PB 0x0000000087900000| Untracked 
| 122|0x0000000087a00000, 0x0000000087b00000, 0x0000000087b00000|100%| O|  |TAMS 0x0000000087a00000| PB 0x0000000087a00000| Untracked 
| 123|0x0000000087b00000, 0x0000000087c00000, 0x0000000087c00000|100%| O|  |TAMS 0x0000000087b00000| PB 0x0000000087b00000| Untracked 
| 124|0x0000000087c00000, 0x0000000087d00000, 0x0000000087d00000|100%| O|  |TAMS 0x0000000087c00000| PB 0x0000000087c00000| Untracked 
| 125|0x0000000087d00000, 0x0000000087e00000, 0x0000000087e00000|100%| O|  |TAMS 0x0000000087d00000| PB 0x0000000087d00000| Untracked 
| 126|0x0000000087e00000, 0x0000000087f00000, 0x0000000087f00000|100%| O|  |TAMS 0x0000000087e00000| PB 0x0000000087e00000| Untracked 
| 127|0x0000000087f00000, 0x0000000088000000, 0x0000000088000000|100%| O|  |TAMS 0x0000000087f00000| PB 0x0000000087f00000| Untracked 
| 128|0x0000000088000000, 0x0000000088100000, 0x0000000088100000|100%| O|  |TAMS 0x0000000088000000| PB 0x0000000088000000| Untracked 
| 129|0x0000000088100000, 0x0000000088200000, 0x0000000088200000|100%| O|  |TAMS 0x0000000088100000| PB 0x0000000088100000| Untracked 
| 130|0x0000000088200000, 0x0000000088300000, 0x0000000088300000|100%| O|  |TAMS 0x0000000088200000| PB 0x0000000088200000| Untracked 
| 131|0x0000000088300000, 0x0000000088400000, 0x0000000088400000|100%| O|  |TAMS 0x0000000088300000| PB 0x0000000088300000| Untracked 
| 132|0x0000000088400000, 0x0000000088500000, 0x0000000088500000|100%| O|  |TAMS 0x0000000088400000| PB 0x0000000088400000| Untracked 
| 133|0x0000000088500000, 0x0000000088600000, 0x0000000088600000|100%| O|  |TAMS 0x0000000088500000| PB 0x0000000088500000| Untracked 
| 134|0x0000000088600000, 0x0000000088700000, 0x0000000088700000|100%| O|Cm|TAMS 0x0000000088600000| PB 0x0000000088600000| Complete 
| 135|0x0000000088700000, 0x0000000088800000, 0x0000000088800000|100%| O|  |TAMS 0x0000000088700000| PB 0x0000000088700000| Untracked 
| 136|0x0000000088800000, 0x0000000088900000, 0x0000000088900000|100%| O|  |TAMS 0x0000000088800000| PB 0x0000000088800000| Untracked 
| 137|0x0000000088900000, 0x0000000088a00000, 0x0000000088a00000|100%| O|  |TAMS 0x0000000088900000| PB 0x0000000088900000| Untracked 
| 138|0x0000000088a00000, 0x0000000088b00000, 0x0000000088b00000|100%| O|  |TAMS 0x0000000088a00000| PB 0x0000000088a00000| Untracked 
| 139|0x0000000088b00000, 0x0000000088c00000, 0x0000000088c00000|100%| O|  |TAMS 0x0000000088b00000| PB 0x0000000088b00000| Untracked 
| 140|0x0000000088c00000, 0x0000000088d00000, 0x0000000088d00000|100%| O|  |TAMS 0x0000000088c00000| PB 0x0000000088c00000| Untracked 
| 141|0x0000000088d00000, 0x0000000088e00000, 0x0000000088e00000|100%| O|Cm|TAMS 0x0000000088d00000| PB 0x0000000088d00000| Complete 
| 142|0x0000000088e00000, 0x0000000088f00000, 0x0000000088f00000|100%| O|  |TAMS 0x0000000088e00000| PB 0x0000000088e00000| Untracked 
| 143|0x0000000088f00000, 0x0000000089000000, 0x0000000089000000|100%| O|  |TAMS 0x0000000088f00000| PB 0x0000000088f00000| Untracked 
| 144|0x0000000089000000, 0x0000000089100000, 0x0000000089100000|100%| O|  |TAMS 0x0000000089000000| PB 0x0000000089000000| Untracked 
| 145|0x0000000089100000, 0x0000000089200000, 0x0000000089200000|100%| O|  |TAMS 0x0000000089100000| PB 0x0000000089100000| Untracked 
| 146|0x0000000089200000, 0x0000000089300000, 0x0000000089300000|100%|HS|  |TAMS 0x0000000089200000| PB 0x0000000089200000| Complete 
| 147|0x0000000089300000, 0x0000000089400000, 0x0000000089400000|100%| O|  |TAMS 0x0000000089300000| PB 0x0000000089300000| Untracked 
| 148|0x0000000089400000, 0x0000000089500000, 0x0000000089500000|100%|HS|  |TAMS 0x0000000089400000| PB 0x0000000089400000| Complete 
| 149|0x0000000089500000, 0x0000000089600000, 0x0000000089600000|100%|HC|  |TAMS 0x0000000089500000| PB 0x0000000089500000| Complete 
| 150|0x0000000089600000, 0x0000000089700000, 0x0000000089700000|100%|HS|  |TAMS 0x0000000089600000| PB 0x0000000089600000| Complete 
| 151|0x0000000089700000, 0x0000000089800000, 0x0000000089800000|100%| O|  |TAMS 0x0000000089700000| PB 0x0000000089700000| Untracked 
| 152|0x0000000089800000, 0x0000000089900000, 0x0000000089900000|100%|HS|  |TAMS 0x0000000089800000| PB 0x0000000089800000| Complete 
| 153|0x0000000089900000, 0x0000000089a00000, 0x0000000089a00000|100%|HC|  |TAMS 0x0000000089900000| PB 0x0000000089900000| Complete 
| 154|0x0000000089a00000, 0x0000000089b00000, 0x0000000089b00000|100%| O|  |TAMS 0x0000000089a00000| PB 0x0000000089a00000| Untracked 
| 155|0x0000000089b00000, 0x0000000089c00000, 0x0000000089c00000|100%| O|  |TAMS 0x0000000089b00000| PB 0x0000000089b00000| Untracked 
| 156|0x0000000089c00000, 0x0000000089d00000, 0x0000000089d00000|100%| O|  |TAMS 0x0000000089c00000| PB 0x0000000089c00000| Untracked 
| 157|0x0000000089d00000, 0x0000000089e00000, 0x0000000089e00000|100%|HS|  |TAMS 0x0000000089d00000| PB 0x0000000089d00000| Complete 
| 158|0x0000000089e00000, 0x0000000089f00000, 0x0000000089f00000|100%|HC|  |TAMS 0x0000000089e00000| PB 0x0000000089e00000| Complete 
| 159|0x0000000089f00000, 0x000000008a000000, 0x000000008a000000|100%|HC|  |TAMS 0x0000000089f00000| PB 0x0000000089f00000| Complete 
| 160|0x000000008a000000, 0x000000008a100000, 0x000000008a100000|100%|HC|  |TAMS 0x000000008a000000| PB 0x000000008a000000| Complete 
| 161|0x000000008a100000, 0x000000008a200000, 0x000000008a200000|100%|HC|  |TAMS 0x000000008a100000| PB 0x000000008a100000| Complete 
| 162|0x000000008a200000, 0x000000008a300000, 0x000000008a300000|100%|HC|  |TAMS 0x000000008a200000| PB 0x000000008a200000| Complete 
| 163|0x000000008a300000, 0x000000008a400000, 0x000000008a400000|100%|HS|  |TAMS 0x000000008a300000| PB 0x000000008a300000| Complete 
| 164|0x000000008a400000, 0x000000008a500000, 0x000000008a500000|100%|HC|  |TAMS 0x000000008a400000| PB 0x000000008a400000| Complete 
| 165|0x000000008a500000, 0x000000008a600000, 0x000000008a600000|100%|HS|  |TAMS 0x000000008a500000| PB 0x000000008a500000| Complete 
| 166|0x000000008a600000, 0x000000008a700000, 0x000000008a700000|100%|HC|  |TAMS 0x000000008a600000| PB 0x000000008a600000| Complete 
| 167|0x000000008a700000, 0x000000008a800000, 0x000000008a800000|100%|HC|  |TAMS 0x000000008a700000| PB 0x000000008a700000| Complete 
| 168|0x000000008a800000, 0x000000008a900000, 0x000000008a900000|100%|HC|  |TAMS 0x000000008a800000| PB 0x000000008a800000| Complete 
| 169|0x000000008a900000, 0x000000008aa00000, 0x000000008aa00000|100%|HC|  |TAMS 0x000000008a900000| PB 0x000000008a900000| Complete 
| 170|0x000000008aa00000, 0x000000008ab00000, 0x000000008ab00000|100%|HC|  |TAMS 0x000000008aa00000| PB 0x000000008aa00000| Complete 
| 171|0x000000008ab00000, 0x000000008ac00000, 0x000000008ac00000|100%| O|  |TAMS 0x000000008ab00000| PB 0x000000008ab00000| Untracked 
| 172|0x000000008ac00000, 0x000000008ad00000, 0x000000008ad00000|100%| O|  |TAMS 0x000000008ac00000| PB 0x000000008ac00000| Untracked 
| 173|0x000000008ad00000, 0x000000008ae00000, 0x000000008ae00000|100%| O|  |TAMS 0x000000008ad00000| PB 0x000000008ad00000| Untracked 
| 174|0x000000008ae00000, 0x000000008af00000, 0x000000008af00000|100%| O|  |TAMS 0x000000008ae00000| PB 0x000000008ae00000| Untracked 
| 175|0x000000008af00000, 0x000000008b000000, 0x000000008b000000|100%| O|  |TAMS 0x000000008af00000| PB 0x000000008af00000| Untracked 
| 176|0x000000008b000000, 0x000000008b100000, 0x000000008b100000|100%| O|  |TAMS 0x000000008b000000| PB 0x000000008b000000| Untracked 
| 177|0x000000008b100000, 0x000000008b200000, 0x000000008b200000|100%| O|  |TAMS 0x000000008b100000| PB 0x000000008b100000| Untracked 
| 178|0x000000008b200000, 0x000000008b300000, 0x000000008b300000|100%| O|  |TAMS 0x000000008b200000| PB 0x000000008b200000| Untracked 
| 179|0x000000008b300000, 0x000000008b400000, 0x000000008b400000|100%| O|  |TAMS 0x000000008b300000| PB 0x000000008b300000| Untracked 
| 180|0x000000008b400000, 0x000000008b500000, 0x000000008b500000|100%| O|  |TAMS 0x000000008b400000| PB 0x000000008b400000| Untracked 
| 181|0x000000008b500000, 0x000000008b600000, 0x000000008b600000|100%| O|  |TAMS 0x000000008b500000| PB 0x000000008b500000| Untracked 
| 182|0x000000008b600000, 0x000000008b700000, 0x000000008b700000|100%| O|Cm|TAMS 0x000000008b600000| PB 0x000000008b600000| Complete 
| 183|0x000000008b700000, 0x000000008b800000, 0x000000008b800000|100%| O|  |TAMS 0x000000008b700000| PB 0x000000008b700000| Untracked 
| 184|0x000000008b800000, 0x000000008b900000, 0x000000008b900000|100%| O|Cm|TAMS 0x000000008b800000| PB 0x000000008b800000| Complete 
| 185|0x000000008b900000, 0x000000008ba00000, 0x000000008ba00000|100%| O|  |TAMS 0x000000008b900000| PB 0x000000008b900000| Untracked 
| 186|0x000000008ba00000, 0x000000008bb00000, 0x000000008bb00000|100%| O|  |TAMS 0x000000008ba00000| PB 0x000000008ba00000| Untracked 
| 187|0x000000008bb00000, 0x000000008bc00000, 0x000000008bc00000|100%| O|  |TAMS 0x000000008bb00000| PB 0x000000008bb00000| Untracked 
| 188|0x000000008bc00000, 0x000000008bd00000, 0x000000008bd00000|100%| O|  |TAMS 0x000000008bc00000| PB 0x000000008bc00000| Untracked 
| 189|0x000000008bd00000, 0x000000008be00000, 0x000000008be00000|100%| O|  |TAMS 0x000000008bd00000| PB 0x000000008bd00000| Untracked 
| 190|0x000000008be00000, 0x000000008bf00000, 0x000000008bf00000|100%| O|  |TAMS 0x000000008be00000| PB 0x000000008be00000| Untracked 
| 191|0x000000008bf00000, 0x000000008c000000, 0x000000008c000000|100%| O|Cm|TAMS 0x000000008bf00000| PB 0x000000008bf00000| Complete 
| 192|0x000000008c000000, 0x000000008c100000, 0x000000008c100000|100%| O|  |TAMS 0x000000008c000000| PB 0x000000008c000000| Untracked 
| 193|0x000000008c100000, 0x000000008c200000, 0x000000008c200000|100%| O|  |TAMS 0x000000008c100000| PB 0x000000008c100000| Untracked 
| 194|0x000000008c200000, 0x000000008c300000, 0x000000008c300000|100%| O|  |TAMS 0x000000008c200000| PB 0x000000008c200000| Untracked 
| 195|0x000000008c300000, 0x000000008c400000, 0x000000008c400000|100%| O|  |TAMS 0x000000008c300000| PB 0x000000008c300000| Untracked 
| 196|0x000000008c400000, 0x000000008c500000, 0x000000008c500000|100%| O|  |TAMS 0x000000008c400000| PB 0x000000008c400000| Untracked 
| 197|0x000000008c500000, 0x000000008c600000, 0x000000008c600000|100%| O|  |TAMS 0x000000008c500000| PB 0x000000008c500000| Untracked 
| 198|0x000000008c600000, 0x000000008c700000, 0x000000008c700000|100%| O|  |TAMS 0x000000008c600000| PB 0x000000008c600000| Untracked 
| 199|0x000000008c700000, 0x000000008c800000, 0x000000008c800000|100%| O|Cm|TAMS 0x000000008c700000| PB 0x000000008c700000| Complete 
| 200|0x000000008c800000, 0x000000008c900000, 0x000000008c900000|100%| O|  |TAMS 0x000000008c800000| PB 0x000000008c800000| Untracked 
| 201|0x000000008c900000, 0x000000008ca00000, 0x000000008ca00000|100%| O|  |TAMS 0x000000008c900000| PB 0x000000008c900000| Untracked 
| 202|0x000000008ca00000, 0x000000008cb00000, 0x000000008cb00000|100%| O|  |TAMS 0x000000008ca00000| PB 0x000000008ca00000| Untracked 
| 203|0x000000008cb00000, 0x000000008cc00000, 0x000000008cc00000|100%| O|  |TAMS 0x000000008cb00000| PB 0x000000008cb00000| Untracked 
| 204|0x000000008cc00000, 0x000000008cd00000, 0x000000008cd00000|100%| O|  |TAMS 0x000000008cc00000| PB 0x000000008cc00000| Untracked 
| 205|0x000000008cd00000, 0x000000008ce00000, 0x000000008ce00000|100%|HS|  |TAMS 0x000000008cd00000| PB 0x000000008cd00000| Complete 
| 206|0x000000008ce00000, 0x000000008cf00000, 0x000000008cf00000|100%|HS|  |TAMS 0x000000008ce00000| PB 0x000000008ce00000| Complete 
| 207|0x000000008cf00000, 0x000000008cf00000, 0x000000008d000000|  0%| F|  |TAMS 0x000000008cf00000| PB 0x000000008cf00000| Untracked 
| 208|0x000000008d000000, 0x000000008d100000, 0x000000008d100000|100%| O|  |TAMS 0x000000008d000000| PB 0x000000008d000000| Untracked 
| 209|0x000000008d100000, 0x000000008d100000, 0x000000008d200000|  0%| F|  |TAMS 0x000000008d100000| PB 0x000000008d100000| Untracked 
| 210|0x000000008d200000, 0x000000008d300000, 0x000000008d300000|100%| O|  |TAMS 0x000000008d200000| PB 0x000000008d200000| Untracked 
| 211|0x000000008d300000, 0x000000008d400000, 0x000000008d400000|100%| O|  |TAMS 0x000000008d300000| PB 0x000000008d300000| Untracked 
| 212|0x000000008d400000, 0x000000008d500000, 0x000000008d500000|100%| O|  |TAMS 0x000000008d400000| PB 0x000000008d400000| Untracked 
| 213|0x000000008d500000, 0x000000008d600000, 0x000000008d600000|100%| O|  |TAMS 0x000000008d500000| PB 0x000000008d500000| Untracked 
| 214|0x000000008d600000, 0x000000008d700000, 0x000000008d700000|100%| O|  |TAMS 0x000000008d600000| PB 0x000000008d600000| Untracked 
| 215|0x000000008d700000, 0x000000008d800000, 0x000000008d800000|100%| O|Cm|TAMS 0x000000008d700000| PB 0x000000008d700000| Complete 
| 216|0x000000008d800000, 0x000000008d900000, 0x000000008d900000|100%| O|  |TAMS 0x000000008d800000| PB 0x000000008d800000| Untracked 
| 217|0x000000008d900000, 0x000000008da00000, 0x000000008da00000|100%| O|Cm|TAMS 0x000000008d900000| PB 0x000000008d900000| Complete 
| 218|0x000000008da00000, 0x000000008db00000, 0x000000008db00000|100%| O|  |TAMS 0x000000008da00000| PB 0x000000008da00000| Untracked 
| 219|0x000000008db00000, 0x000000008dc00000, 0x000000008dc00000|100%| O|  |TAMS 0x000000008db00000| PB 0x000000008db00000| Untracked 
| 220|0x000000008dc00000, 0x000000008dd00000, 0x000000008dd00000|100%| O|  |TAMS 0x000000008dc00000| PB 0x000000008dc00000| Untracked 
| 221|0x000000008dd00000, 0x000000008de00000, 0x000000008de00000|100%| O|  |TAMS 0x000000008dd00000| PB 0x000000008dd00000| Untracked 
| 222|0x000000008de00000, 0x000000008df00000, 0x000000008df00000|100%| O|  |TAMS 0x000000008de00000| PB 0x000000008de00000| Untracked 
| 223|0x000000008df00000, 0x000000008e000000, 0x000000008e000000|100%| O|  |TAMS 0x000000008df00000| PB 0x000000008df00000| Untracked 
| 224|0x000000008e000000, 0x000000008e100000, 0x000000008e100000|100%| O|  |TAMS 0x000000008e000000| PB 0x000000008e000000| Untracked 
| 225|0x000000008e100000, 0x000000008e200000, 0x000000008e200000|100%| O|  |TAMS 0x000000008e100000| PB 0x000000008e100000| Untracked 
| 226|0x000000008e200000, 0x000000008e300000, 0x000000008e300000|100%| O|  |TAMS 0x000000008e200000| PB 0x000000008e200000| Untracked 
| 227|0x000000008e300000, 0x000000008e400000, 0x000000008e400000|100%| O|  |TAMS 0x000000008e300000| PB 0x000000008e300000| Untracked 
| 228|0x000000008e400000, 0x000000008e500000, 0x000000008e500000|100%| O|  |TAMS 0x000000008e400000| PB 0x000000008e400000| Untracked 
| 229|0x000000008e500000, 0x000000008e600000, 0x000000008e600000|100%| O|  |TAMS 0x000000008e500000| PB 0x000000008e500000| Untracked 
| 230|0x000000008e600000, 0x000000008e700000, 0x000000008e700000|100%| O|Cm|TAMS 0x000000008e600000| PB 0x000000008e600000| Complete 
| 231|0x000000008e700000, 0x000000008e800000, 0x000000008e800000|100%| O|Cm|TAMS 0x000000008e700000| PB 0x000000008e700000| Complete 
| 232|0x000000008e800000, 0x000000008e900000, 0x000000008e900000|100%|HS|  |TAMS 0x000000008e800000| PB 0x000000008e800000| Complete 
| 233|0x000000008e900000, 0x000000008ea00000, 0x000000008ea00000|100%|HC|  |TAMS 0x000000008e900000| PB 0x000000008e900000| Complete 
| 234|0x000000008ea00000, 0x000000008ea00000, 0x000000008eb00000|  0%| F|  |TAMS 0x000000008ea00000| PB 0x000000008ea00000| Untracked 
| 235|0x000000008eb00000, 0x000000008ec00000, 0x000000008ec00000|100%| O|Cm|TAMS 0x000000008eb00000| PB 0x000000008eb00000| Complete 
| 236|0x000000008ec00000, 0x000000008ed00000, 0x000000008ed00000|100%| O|Cm|TAMS 0x000000008ec00000| PB 0x000000008ec00000| Complete 
| 237|0x000000008ed00000, 0x000000008ee00000, 0x000000008ee00000|100%|HS|  |TAMS 0x000000008ed00000| PB 0x000000008ed00000| Complete 
| 238|0x000000008ee00000, 0x000000008ef00000, 0x000000008ef00000|100%|HC|  |TAMS 0x000000008ee00000| PB 0x000000008ee00000| Complete 
| 239|0x000000008ef00000, 0x000000008ef00000, 0x000000008f000000|  0%| F|  |TAMS 0x000000008ef00000| PB 0x000000008ef00000| Untracked 
| 240|0x000000008f000000, 0x000000008f000000, 0x000000008f100000|  0%| F|  |TAMS 0x000000008f000000| PB 0x000000008f000000| Untracked 
| 241|0x000000008f100000, 0x000000008f100000, 0x000000008f200000|  0%| F|  |TAMS 0x000000008f100000| PB 0x000000008f100000| Untracked 
| 242|0x000000008f200000, 0x000000008f200000, 0x000000008f300000|  0%| F|  |TAMS 0x000000008f200000| PB 0x000000008f200000| Untracked 
| 243|0x000000008f300000, 0x000000008f400000, 0x000000008f400000|100%| O|  |TAMS 0x000000008f300000| PB 0x000000008f300000| Untracked 
| 244|0x000000008f400000, 0x000000008f400000, 0x000000008f500000|  0%| F|  |TAMS 0x000000008f400000| PB 0x000000008f400000| Untracked 
| 245|0x000000008f500000, 0x000000008f500000, 0x000000008f600000|  0%| F|  |TAMS 0x000000008f500000| PB 0x000000008f500000| Untracked 
| 246|0x000000008f600000, 0x000000008f600000, 0x000000008f700000|  0%| F|  |TAMS 0x000000008f600000| PB 0x000000008f600000| Untracked 
| 247|0x000000008f700000, 0x000000008f700000, 0x000000008f800000|  0%| F|  |TAMS 0x000000008f700000| PB 0x000000008f700000| Untracked 
| 248|0x000000008f800000, 0x000000008f800000, 0x000000008f900000|  0%| F|  |TAMS 0x000000008f800000| PB 0x000000008f800000| Untracked 
| 249|0x000000008f900000, 0x000000008f900000, 0x000000008fa00000|  0%| F|  |TAMS 0x000000008f900000| PB 0x000000008f900000| Untracked 
| 250|0x000000008fa00000, 0x000000008fa00000, 0x000000008fb00000|  0%| F|  |TAMS 0x000000008fa00000| PB 0x000000008fa00000| Untracked 
| 251|0x000000008fb00000, 0x000000008fb00000, 0x000000008fc00000|  0%| F|  |TAMS 0x000000008fb00000| PB 0x000000008fb00000| Untracked 
| 252|0x000000008fc00000, 0x000000008fc00000, 0x000000008fd00000|  0%| F|  |TAMS 0x000000008fc00000| PB 0x000000008fc00000| Untracked 
| 253|0x000000008fd00000, 0x000000008fd00000, 0x000000008fe00000|  0%| F|  |TAMS 0x000000008fd00000| PB 0x000000008fd00000| Untracked 
| 254|0x000000008fe00000, 0x000000008fe00000, 0x000000008ff00000|  0%| F|  |TAMS 0x000000008fe00000| PB 0x000000008fe00000| Untracked 
| 255|0x000000008ff00000, 0x000000008ff00000, 0x0000000090000000|  0%| F|  |TAMS 0x000000008ff00000| PB 0x000000008ff00000| Untracked 
| 256|0x0000000090000000, 0x0000000090000000, 0x0000000090100000|  0%| F|  |TAMS 0x0000000090000000| PB 0x0000000090000000| Untracked 
| 257|0x0000000090100000, 0x0000000090100000, 0x0000000090200000|  0%| F|  |TAMS 0x0000000090100000| PB 0x0000000090100000| Untracked 
| 258|0x0000000090200000, 0x0000000090200000, 0x0000000090300000|  0%| F|  |TAMS 0x0000000090200000| PB 0x0000000090200000| Untracked 
| 259|0x0000000090300000, 0x0000000090300000, 0x0000000090400000|  0%| F|  |TAMS 0x0000000090300000| PB 0x0000000090300000| Untracked 
| 260|0x0000000090400000, 0x0000000090400000, 0x0000000090500000|  0%| F|  |TAMS 0x0000000090400000| PB 0x0000000090400000| Untracked 
| 261|0x0000000090500000, 0x0000000090500000, 0x0000000090600000|  0%| F|  |TAMS 0x0000000090500000| PB 0x0000000090500000| Untracked 
| 262|0x0000000090600000, 0x0000000090600000, 0x0000000090700000|  0%| F|  |TAMS 0x0000000090600000| PB 0x0000000090600000| Untracked 
| 263|0x0000000090700000, 0x0000000090700000, 0x0000000090800000|  0%| F|  |TAMS 0x0000000090700000| PB 0x0000000090700000| Untracked 
| 264|0x0000000090800000, 0x0000000090800000, 0x0000000090900000|  0%| F|  |TAMS 0x0000000090800000| PB 0x0000000090800000| Untracked 
| 265|0x0000000090900000, 0x0000000090900000, 0x0000000090a00000|  0%| F|  |TAMS 0x0000000090900000| PB 0x0000000090900000| Untracked 
| 266|0x0000000090a00000, 0x0000000090a00000, 0x0000000090b00000|  0%| F|  |TAMS 0x0000000090a00000| PB 0x0000000090a00000| Untracked 
| 267|0x0000000090b00000, 0x0000000090b00000, 0x0000000090c00000|  0%| F|  |TAMS 0x0000000090b00000| PB 0x0000000090b00000| Untracked 
| 268|0x0000000090c00000, 0x0000000090c00000, 0x0000000090d00000|  0%| F|  |TAMS 0x0000000090c00000| PB 0x0000000090c00000| Untracked 
| 269|0x0000000090d00000, 0x0000000090d00000, 0x0000000090e00000|  0%| F|  |TAMS 0x0000000090d00000| PB 0x0000000090d00000| Untracked 
| 270|0x0000000090e00000, 0x0000000090e00000, 0x0000000090f00000|  0%| F|  |TAMS 0x0000000090e00000| PB 0x0000000090e00000| Untracked 
| 271|0x0000000090f00000, 0x0000000090f00000, 0x0000000091000000|  0%| F|  |TAMS 0x0000000090f00000| PB 0x0000000090f00000| Untracked 
| 272|0x0000000091000000, 0x0000000091000000, 0x0000000091100000|  0%| F|  |TAMS 0x0000000091000000| PB 0x0000000091000000| Untracked 
| 273|0x0000000091100000, 0x0000000091100000, 0x0000000091200000|  0%| F|  |TAMS 0x0000000091100000| PB 0x0000000091100000| Untracked 
| 274|0x0000000091200000, 0x0000000091200000, 0x0000000091300000|  0%| F|  |TAMS 0x0000000091200000| PB 0x0000000091200000| Untracked 
| 275|0x0000000091300000, 0x0000000091400000, 0x0000000091400000|100%|HS|  |TAMS 0x0000000091300000| PB 0x0000000091300000| Complete 
| 276|0x0000000091400000, 0x0000000091500000, 0x0000000091500000|100%|HC|  |TAMS 0x0000000091400000| PB 0x0000000091400000| Complete 
| 277|0x0000000091500000, 0x0000000091600000, 0x0000000091600000|100%|HS|  |TAMS 0x0000000091500000| PB 0x0000000091500000| Complete 
| 278|0x0000000091600000, 0x0000000091700000, 0x0000000091700000|100%|HS|  |TAMS 0x0000000091600000| PB 0x0000000091600000| Complete 
| 279|0x0000000091700000, 0x0000000091800000, 0x0000000091800000|100%|HS|  |TAMS 0x0000000091700000| PB 0x0000000091700000| Complete 
| 280|0x0000000091800000, 0x0000000091900000, 0x0000000091900000|100%|HS|  |TAMS 0x0000000091800000| PB 0x0000000091800000| Complete 
| 281|0x0000000091900000, 0x0000000091a00000, 0x0000000091a00000|100%|HS|  |TAMS 0x0000000091900000| PB 0x0000000091900000| Complete 
| 282|0x0000000091a00000, 0x0000000091b00000, 0x0000000091b00000|100%|HC|  |TAMS 0x0000000091a00000| PB 0x0000000091a00000| Complete 
| 283|0x0000000091b00000, 0x0000000091b00000, 0x0000000091c00000|  0%| F|  |TAMS 0x0000000091b00000| PB 0x0000000091b00000| Untracked 
| 284|0x0000000091c00000, 0x0000000091c00000, 0x0000000091d00000|  0%| F|  |TAMS 0x0000000091c00000| PB 0x0000000091c00000| Untracked 
| 285|0x0000000091d00000, 0x0000000091e00000, 0x0000000091e00000|100%|HS|  |TAMS 0x0000000091d00000| PB 0x0000000091d00000| Complete 
| 286|0x0000000091e00000, 0x0000000091f00000, 0x0000000091f00000|100%|HC|  |TAMS 0x0000000091e00000| PB 0x0000000091e00000| Complete 
| 287|0x0000000091f00000, 0x0000000092000000, 0x0000000092000000|100%|HS|  |TAMS 0x0000000091f00000| PB 0x0000000091f00000| Complete 
| 288|0x0000000092000000, 0x0000000092100000, 0x0000000092100000|100%|HC|  |TAMS 0x0000000092000000| PB 0x0000000092000000| Complete 
| 289|0x0000000092100000, 0x0000000092200000, 0x0000000092200000|100%|HS|  |TAMS 0x0000000092100000| PB 0x0000000092100000| Complete 
| 290|0x0000000092200000, 0x0000000092300000, 0x0000000092300000|100%|HC|  |TAMS 0x0000000092200000| PB 0x0000000092200000| Complete 
| 291|0x0000000092300000, 0x0000000092400000, 0x0000000092400000|100%|HS|  |TAMS 0x0000000092300000| PB 0x0000000092300000| Complete 
| 292|0x0000000092400000, 0x0000000092500000, 0x0000000092500000|100%|HC|  |TAMS 0x0000000092400000| PB 0x0000000092400000| Complete 
| 293|0x0000000092500000, 0x0000000092600000, 0x0000000092600000|100%|HS|  |TAMS 0x0000000092500000| PB 0x0000000092500000| Complete 
| 294|0x0000000092600000, 0x0000000092700000, 0x0000000092700000|100%|HS|  |TAMS 0x0000000092600000| PB 0x0000000092600000| Complete 
| 295|0x0000000092700000, 0x0000000092800000, 0x0000000092800000|100%|HC|  |TAMS 0x0000000092700000| PB 0x0000000092700000| Complete 
| 296|0x0000000092800000, 0x0000000092900000, 0x0000000092900000|100%|HC|  |TAMS 0x0000000092800000| PB 0x0000000092800000| Complete 
| 297|0x0000000092900000, 0x0000000092a00000, 0x0000000092a00000|100%|HS|  |TAMS 0x0000000092900000| PB 0x0000000092900000| Complete 
| 298|0x0000000092a00000, 0x0000000092b00000, 0x0000000092b00000|100%|HS|  |TAMS 0x0000000092a00000| PB 0x0000000092a00000| Complete 
| 299|0x0000000092b00000, 0x0000000092c00000, 0x0000000092c00000|100%|HC|  |TAMS 0x0000000092b00000| PB 0x0000000092b00000| Complete 
| 300|0x0000000092c00000, 0x0000000092d00000, 0x0000000092d00000|100%|HC|  |TAMS 0x0000000092c00000| PB 0x0000000092c00000| Complete 
| 301|0x0000000092d00000, 0x0000000092e00000, 0x0000000092e00000|100%|HS|  |TAMS 0x0000000092d00000| PB 0x0000000092d00000| Complete 
| 302|0x0000000092e00000, 0x0000000092f00000, 0x0000000092f00000|100%|HS|  |TAMS 0x0000000092e00000| PB 0x0000000092e00000| Complete 
| 303|0x0000000092f00000, 0x0000000092f00000, 0x0000000093000000|  0%| F|  |TAMS 0x0000000092f00000| PB 0x0000000092f00000| Untracked 
| 304|0x0000000093000000, 0x0000000093000000, 0x0000000093100000|  0%| F|  |TAMS 0x0000000093000000| PB 0x0000000093000000| Untracked 
| 305|0x0000000093100000, 0x0000000093100000, 0x0000000093200000|  0%| F|  |TAMS 0x0000000093100000| PB 0x0000000093100000| Untracked 
| 306|0x0000000093200000, 0x0000000093300000, 0x0000000093300000|100%|HS|  |TAMS 0x0000000093200000| PB 0x0000000093200000| Complete 
| 307|0x0000000093300000, 0x0000000093400000, 0x0000000093400000|100%|HC|  |TAMS 0x0000000093300000| PB 0x0000000093300000| Complete 
| 308|0x0000000093400000, 0x0000000093400000, 0x0000000093500000|  0%| F|  |TAMS 0x0000000093400000| PB 0x0000000093400000| Untracked 
| 309|0x0000000093500000, 0x0000000093600000, 0x0000000093600000|100%|HS|  |TAMS 0x0000000093500000| PB 0x0000000093500000| Complete 
| 310|0x0000000093600000, 0x0000000093600000, 0x0000000093700000|  0%| F|  |TAMS 0x0000000093600000| PB 0x0000000093600000| Untracked 
| 311|0x0000000093700000, 0x0000000093800000, 0x0000000093800000|100%|HS|  |TAMS 0x0000000093700000| PB 0x0000000093700000| Complete 
| 312|0x0000000093800000, 0x0000000093800000, 0x0000000093900000|  0%| F|  |TAMS 0x0000000093800000| PB 0x0000000093800000| Untracked 
| 313|0x0000000093900000, 0x0000000093a00000, 0x0000000093a00000|100%|HS|  |TAMS 0x0000000093900000| PB 0x0000000093900000| Complete 
| 314|0x0000000093a00000, 0x0000000093a00000, 0x0000000093b00000|  0%| F|  |TAMS 0x0000000093a00000| PB 0x0000000093a00000| Untracked 
| 315|0x0000000093b00000, 0x0000000093c00000, 0x0000000093c00000|100%|HS|  |TAMS 0x0000000093b00000| PB 0x0000000093b00000| Complete 
| 316|0x0000000093c00000, 0x0000000093c00000, 0x0000000093d00000|  0%| F|  |TAMS 0x0000000093c00000| PB 0x0000000093c00000| Untracked 
| 317|0x0000000093d00000, 0x0000000093d00000, 0x0000000093e00000|  0%| F|  |TAMS 0x0000000093d00000| PB 0x0000000093d00000| Untracked 
| 318|0x0000000093e00000, 0x0000000093e00000, 0x0000000093f00000|  0%| F|  |TAMS 0x0000000093e00000| PB 0x0000000093e00000| Untracked 
| 319|0x0000000093f00000, 0x0000000094000000, 0x0000000094000000|100%|HS|  |TAMS 0x0000000093f00000| PB 0x0000000093f00000| Complete 
| 320|0x0000000094000000, 0x0000000094100000, 0x0000000094100000|100%|HC|  |TAMS 0x0000000094000000| PB 0x0000000094000000| Complete 
| 321|0x0000000094100000, 0x0000000094100000, 0x0000000094200000|  0%| F|  |TAMS 0x0000000094100000| PB 0x0000000094100000| Untracked 
| 322|0x0000000094200000, 0x0000000094200000, 0x0000000094300000|  0%| F|  |TAMS 0x0000000094200000| PB 0x0000000094200000| Untracked 
| 323|0x0000000094300000, 0x0000000094300000, 0x0000000094400000|  0%| F|  |TAMS 0x0000000094300000| PB 0x0000000094300000| Untracked 
| 324|0x0000000094400000, 0x0000000094500000, 0x0000000094500000|100%|HS|  |TAMS 0x0000000094400000| PB 0x0000000094400000| Complete 
| 325|0x0000000094500000, 0x0000000094600000, 0x0000000094600000|100%|HC|  |TAMS 0x0000000094500000| PB 0x0000000094500000| Complete 
| 326|0x0000000094600000, 0x0000000094600000, 0x0000000094700000|  0%| F|  |TAMS 0x0000000094600000| PB 0x0000000094600000| Untracked 
| 327|0x0000000094700000, 0x0000000094700000, 0x0000000094800000|  0%| F|  |TAMS 0x0000000094700000| PB 0x0000000094700000| Untracked 
| 328|0x0000000094800000, 0x0000000094800000, 0x0000000094900000|  0%| F|  |TAMS 0x0000000094800000| PB 0x0000000094800000| Untracked 
| 329|0x0000000094900000, 0x0000000094a00000, 0x0000000094a00000|100%|HS|  |TAMS 0x0000000094900000| PB 0x0000000094900000| Complete 
| 330|0x0000000094a00000, 0x0000000094b00000, 0x0000000094b00000|100%|HC|  |TAMS 0x0000000094a00000| PB 0x0000000094a00000| Complete 
| 331|0x0000000094b00000, 0x0000000094b00000, 0x0000000094c00000|  0%| F|  |TAMS 0x0000000094b00000| PB 0x0000000094b00000| Untracked 
| 332|0x0000000094c00000, 0x0000000094c00000, 0x0000000094d00000|  0%| F|  |TAMS 0x0000000094c00000| PB 0x0000000094c00000| Untracked 
| 333|0x0000000094d00000, 0x0000000094d00000, 0x0000000094e00000|  0%| F|  |TAMS 0x0000000094d00000| PB 0x0000000094d00000| Untracked 
| 334|0x0000000094e00000, 0x0000000094f00000, 0x0000000094f00000|100%|HS|  |TAMS 0x0000000094e00000| PB 0x0000000094e00000| Complete 
| 335|0x0000000094f00000, 0x0000000095000000, 0x0000000095000000|100%|HC|  |TAMS 0x0000000094f00000| PB 0x0000000094f00000| Complete 
| 336|0x0000000095000000, 0x0000000095000000, 0x0000000095100000|  0%| F|  |TAMS 0x0000000095000000| PB 0x0000000095000000| Untracked 
| 337|0x0000000095100000, 0x0000000095200000, 0x0000000095200000|100%|HS|  |TAMS 0x0000000095100000| PB 0x0000000095100000| Complete 
| 338|0x0000000095200000, 0x0000000095200000, 0x0000000095300000|  0%| F|  |TAMS 0x0000000095200000| PB 0x0000000095200000| Untracked 
| 339|0x0000000095300000, 0x0000000095300000, 0x0000000095400000|  0%| F|  |TAMS 0x0000000095300000| PB 0x0000000095300000| Untracked 
| 340|0x0000000095400000, 0x0000000095400000, 0x0000000095500000|  0%| F|  |TAMS 0x0000000095400000| PB 0x0000000095400000| Untracked 
| 341|0x0000000095500000, 0x0000000095500000, 0x0000000095600000|  0%| F|  |TAMS 0x0000000095500000| PB 0x0000000095500000| Untracked 
| 342|0x0000000095600000, 0x0000000095600000, 0x0000000095700000|  0%| F|  |TAMS 0x0000000095600000| PB 0x0000000095600000| Untracked 
| 343|0x0000000095700000, 0x0000000095700000, 0x0000000095800000|  0%| F|  |TAMS 0x0000000095700000| PB 0x0000000095700000| Untracked 
| 344|0x0000000095800000, 0x0000000095900000, 0x0000000095900000|100%|HS|  |TAMS 0x0000000095800000| PB 0x0000000095800000| Complete 
| 345|0x0000000095900000, 0x0000000095a00000, 0x0000000095a00000|100%|HC|  |TAMS 0x0000000095900000| PB 0x0000000095900000| Complete 
| 346|0x0000000095a00000, 0x0000000095b00000, 0x0000000095b00000|100%|HC|  |TAMS 0x0000000095a00000| PB 0x0000000095a00000| Complete 
| 347|0x0000000095b00000, 0x0000000095b00000, 0x0000000095c00000|  0%| F|  |TAMS 0x0000000095b00000| PB 0x0000000095b00000| Untracked 
| 348|0x0000000095c00000, 0x0000000095d00000, 0x0000000095d00000|100%|HS|  |TAMS 0x0000000095c00000| PB 0x0000000095c00000| Complete 
| 349|0x0000000095d00000, 0x0000000095d00000, 0x0000000095e00000|  0%| F|  |TAMS 0x0000000095d00000| PB 0x0000000095d00000| Untracked 
| 350|0x0000000095e00000, 0x0000000095e00000, 0x0000000095f00000|  0%| F|  |TAMS 0x0000000095e00000| PB 0x0000000095e00000| Untracked 
| 351|0x0000000095f00000, 0x0000000095f00000, 0x0000000096000000|  0%| F|  |TAMS 0x0000000095f00000| PB 0x0000000095f00000| Untracked 
| 352|0x0000000096000000, 0x0000000096000000, 0x0000000096100000|  0%| F|  |TAMS 0x0000000096000000| PB 0x0000000096000000| Untracked 
| 353|0x0000000096100000, 0x0000000096100000, 0x0000000096200000|  0%| F|  |TAMS 0x0000000096100000| PB 0x0000000096100000| Untracked 
| 354|0x0000000096200000, 0x0000000096200000, 0x0000000096300000|  0%| F|  |TAMS 0x0000000096200000| PB 0x0000000096200000| Untracked 
| 355|0x0000000096300000, 0x0000000096400000, 0x0000000096400000|100%|HS|  |TAMS 0x0000000096300000| PB 0x0000000096300000| Complete 
| 356|0x0000000096400000, 0x0000000096500000, 0x0000000096500000|100%|HC|  |TAMS 0x0000000096400000| PB 0x0000000096400000| Complete 
| 357|0x0000000096500000, 0x0000000096600000, 0x0000000096600000|100%|HC|  |TAMS 0x0000000096500000| PB 0x0000000096500000| Complete 
| 358|0x0000000096600000, 0x0000000096600000, 0x0000000096700000|  0%| F|  |TAMS 0x0000000096600000| PB 0x0000000096600000| Untracked 
| 359|0x0000000096700000, 0x0000000096800000, 0x0000000096800000|100%|HS|  |TAMS 0x0000000096700000| PB 0x0000000096700000| Complete 
| 360|0x0000000096800000, 0x0000000096800000, 0x0000000096900000|  0%| F|  |TAMS 0x0000000096800000| PB 0x0000000096800000| Untracked 
| 361|0x0000000096900000, 0x0000000096a00000, 0x0000000096a00000|100%|HS|  |TAMS 0x0000000096900000| PB 0x0000000096900000| Complete 
| 362|0x0000000096a00000, 0x0000000096a00000, 0x0000000096b00000|  0%| F|  |TAMS 0x0000000096a00000| PB 0x0000000096a00000| Untracked 
| 363|0x0000000096b00000, 0x0000000096b00000, 0x0000000096c00000|  0%| F|  |TAMS 0x0000000096b00000| PB 0x0000000096b00000| Untracked 
| 364|0x0000000096c00000, 0x0000000096c00000, 0x0000000096d00000|  0%| F|  |TAMS 0x0000000096c00000| PB 0x0000000096c00000| Untracked 
| 365|0x0000000096d00000, 0x0000000096d00000, 0x0000000096e00000|  0%| F|  |TAMS 0x0000000096d00000| PB 0x0000000096d00000| Untracked 
| 366|0x0000000096e00000, 0x0000000096e00000, 0x0000000096f00000|  0%| F|  |TAMS 0x0000000096e00000| PB 0x0000000096e00000| Untracked 
| 367|0x0000000096f00000, 0x0000000096f00000, 0x0000000097000000|  0%| F|  |TAMS 0x0000000096f00000| PB 0x0000000096f00000| Untracked 
| 368|0x0000000097000000, 0x0000000097000000, 0x0000000097100000|  0%| F|  |TAMS 0x0000000097000000| PB 0x0000000097000000| Untracked 
| 369|0x0000000097100000, 0x0000000097100000, 0x0000000097200000|  0%| F|  |TAMS 0x0000000097100000| PB 0x0000000097100000| Untracked 
| 370|0x0000000097200000, 0x0000000097200000, 0x0000000097300000|  0%| F|  |TAMS 0x0000000097200000| PB 0x0000000097200000| Untracked 
| 371|0x0000000097300000, 0x0000000097300000, 0x0000000097400000|  0%| F|  |TAMS 0x0000000097300000| PB 0x0000000097300000| Untracked 
| 372|0x0000000097400000, 0x0000000097400000, 0x0000000097500000|  0%| F|  |TAMS 0x0000000097400000| PB 0x0000000097400000| Untracked 
| 373|0x0000000097500000, 0x0000000097500000, 0x0000000097600000|  0%| F|  |TAMS 0x0000000097500000| PB 0x0000000097500000| Untracked 
| 374|0x0000000097600000, 0x0000000097600000, 0x0000000097700000|  0%| F|  |TAMS 0x0000000097600000| PB 0x0000000097600000| Untracked 
| 375|0x0000000097700000, 0x0000000097700000, 0x0000000097800000|  0%| F|  |TAMS 0x0000000097700000| PB 0x0000000097700000| Untracked 
| 376|0x0000000097800000, 0x0000000097800000, 0x0000000097900000|  0%| F|  |TAMS 0x0000000097800000| PB 0x0000000097800000| Untracked 
| 377|0x0000000097900000, 0x0000000097900000, 0x0000000097a00000|  0%| F|  |TAMS 0x0000000097900000| PB 0x0000000097900000| Untracked 
| 378|0x0000000097a00000, 0x0000000097a00000, 0x0000000097b00000|  0%| F|  |TAMS 0x0000000097a00000| PB 0x0000000097a00000| Untracked 
| 379|0x0000000097b00000, 0x0000000097b00000, 0x0000000097c00000|  0%| F|  |TAMS 0x0000000097b00000| PB 0x0000000097b00000| Untracked 
| 380|0x0000000097c00000, 0x0000000097c00000, 0x0000000097d00000|  0%| F|  |TAMS 0x0000000097c00000| PB 0x0000000097c00000| Untracked 
| 381|0x0000000097d00000, 0x0000000097d00000, 0x0000000097e00000|  0%| F|  |TAMS 0x0000000097d00000| PB 0x0000000097d00000| Untracked 
| 382|0x0000000097e00000, 0x0000000097e00000, 0x0000000097f00000|  0%| F|  |TAMS 0x0000000097e00000| PB 0x0000000097e00000| Untracked 
| 383|0x0000000097f00000, 0x0000000097f00000, 0x0000000098000000|  0%| F|  |TAMS 0x0000000097f00000| PB 0x0000000097f00000| Untracked 
| 384|0x0000000098000000, 0x0000000098000000, 0x0000000098100000|  0%| F|  |TAMS 0x0000000098000000| PB 0x0000000098000000| Untracked 
| 385|0x0000000098100000, 0x0000000098100000, 0x0000000098200000|  0%| F|  |TAMS 0x0000000098100000| PB 0x0000000098100000| Untracked 
| 386|0x0000000098200000, 0x0000000098200000, 0x0000000098300000|  0%| F|  |TAMS 0x0000000098200000| PB 0x0000000098200000| Untracked 
| 387|0x0000000098300000, 0x0000000098300000, 0x0000000098400000|  0%| F|  |TAMS 0x0000000098300000| PB 0x0000000098300000| Untracked 
| 388|0x0000000098400000, 0x0000000098400000, 0x0000000098500000|  0%| F|  |TAMS 0x0000000098400000| PB 0x0000000098400000| Untracked 
| 389|0x0000000098500000, 0x0000000098500000, 0x0000000098600000|  0%| F|  |TAMS 0x0000000098500000| PB 0x0000000098500000| Untracked 
| 390|0x0000000098600000, 0x0000000098600000, 0x0000000098700000|  0%| F|  |TAMS 0x0000000098600000| PB 0x0000000098600000| Untracked 
| 391|0x0000000098700000, 0x0000000098700000, 0x0000000098800000|  0%| F|  |TAMS 0x0000000098700000| PB 0x0000000098700000| Untracked 
| 392|0x0000000098800000, 0x0000000098800000, 0x0000000098900000|  0%| F|  |TAMS 0x0000000098800000| PB 0x0000000098800000| Untracked 
| 393|0x0000000098900000, 0x0000000098900000, 0x0000000098a00000|  0%| F|  |TAMS 0x0000000098900000| PB 0x0000000098900000| Untracked 
| 394|0x0000000098a00000, 0x0000000098a00000, 0x0000000098b00000|  0%| F|  |TAMS 0x0000000098a00000| PB 0x0000000098a00000| Untracked 
| 395|0x0000000098b00000, 0x0000000098b00000, 0x0000000098c00000|  0%| F|  |TAMS 0x0000000098b00000| PB 0x0000000098b00000| Untracked 
| 396|0x0000000098c00000, 0x0000000098c00000, 0x0000000098d00000|  0%| F|  |TAMS 0x0000000098c00000| PB 0x0000000098c00000| Untracked 
| 397|0x0000000098d00000, 0x0000000098d00000, 0x0000000098e00000|  0%| F|  |TAMS 0x0000000098d00000| PB 0x0000000098d00000| Untracked 
| 398|0x0000000098e00000, 0x0000000098e00000, 0x0000000098f00000|  0%| F|  |TAMS 0x0000000098e00000| PB 0x0000000098e00000| Untracked 
| 399|0x0000000098f00000, 0x0000000098f00000, 0x0000000099000000|  0%| F|  |TAMS 0x0000000098f00000| PB 0x0000000098f00000| Untracked 
| 400|0x0000000099000000, 0x0000000099000000, 0x0000000099100000|  0%| F|  |TAMS 0x0000000099000000| PB 0x0000000099000000| Untracked 
| 401|0x0000000099100000, 0x0000000099100000, 0x0000000099200000|  0%| F|  |TAMS 0x0000000099100000| PB 0x0000000099100000| Untracked 
| 402|0x0000000099200000, 0x0000000099200000, 0x0000000099300000|  0%| F|  |TAMS 0x0000000099200000| PB 0x0000000099200000| Untracked 
| 403|0x0000000099300000, 0x0000000099300000, 0x0000000099400000|  0%| F|  |TAMS 0x0000000099300000| PB 0x0000000099300000| Untracked 
| 404|0x0000000099400000, 0x0000000099400000, 0x0000000099500000|  0%| F|  |TAMS 0x0000000099400000| PB 0x0000000099400000| Untracked 
| 405|0x0000000099500000, 0x0000000099500000, 0x0000000099600000|  0%| F|  |TAMS 0x0000000099500000| PB 0x0000000099500000| Untracked 
| 406|0x0000000099600000, 0x0000000099600000, 0x0000000099700000|  0%| F|  |TAMS 0x0000000099600000| PB 0x0000000099600000| Untracked 
| 407|0x0000000099700000, 0x0000000099700000, 0x0000000099800000|  0%| F|  |TAMS 0x0000000099700000| PB 0x0000000099700000| Untracked 
| 408|0x0000000099800000, 0x0000000099800000, 0x0000000099900000|  0%| F|  |TAMS 0x0000000099800000| PB 0x0000000099800000| Untracked 
| 409|0x0000000099900000, 0x0000000099900000, 0x0000000099a00000|  0%| F|  |TAMS 0x0000000099900000| PB 0x0000000099900000| Untracked 
| 410|0x0000000099a00000, 0x0000000099a00000, 0x0000000099b00000|  0%| F|  |TAMS 0x0000000099a00000| PB 0x0000000099a00000| Untracked 
| 411|0x0000000099b00000, 0x0000000099b00000, 0x0000000099c00000|  0%| F|  |TAMS 0x0000000099b00000| PB 0x0000000099b00000| Untracked 
| 412|0x0000000099c00000, 0x0000000099c00000, 0x0000000099d00000|  0%| F|  |TAMS 0x0000000099c00000| PB 0x0000000099c00000| Untracked 
| 413|0x0000000099d00000, 0x0000000099d00000, 0x0000000099e00000|  0%| F|  |TAMS 0x0000000099d00000| PB 0x0000000099d00000| Untracked 
| 414|0x0000000099e00000, 0x0000000099e00000, 0x0000000099f00000|  0%| F|  |TAMS 0x0000000099e00000| PB 0x0000000099e00000| Untracked 
| 415|0x0000000099f00000, 0x0000000099f00000, 0x000000009a000000|  0%| F|  |TAMS 0x0000000099f00000| PB 0x0000000099f00000| Untracked 
| 416|0x000000009a000000, 0x000000009a000000, 0x000000009a100000|  0%| F|  |TAMS 0x000000009a000000| PB 0x000000009a000000| Untracked 
| 417|0x000000009a100000, 0x000000009a100000, 0x000000009a200000|  0%| F|  |TAMS 0x000000009a100000| PB 0x000000009a100000| Untracked 
| 418|0x000000009a200000, 0x000000009a200000, 0x000000009a300000|  0%| F|  |TAMS 0x000000009a200000| PB 0x000000009a200000| Untracked 
| 419|0x000000009a300000, 0x000000009a300000, 0x000000009a400000|  0%| F|  |TAMS 0x000000009a300000| PB 0x000000009a300000| Untracked 
| 420|0x000000009a400000, 0x000000009a400000, 0x000000009a500000|  0%| F|  |TAMS 0x000000009a400000| PB 0x000000009a400000| Untracked 
| 421|0x000000009a500000, 0x000000009a500000, 0x000000009a600000|  0%| F|  |TAMS 0x000000009a500000| PB 0x000000009a500000| Untracked 
| 422|0x000000009a600000, 0x000000009a600000, 0x000000009a700000|  0%| F|  |TAMS 0x000000009a600000| PB 0x000000009a600000| Untracked 
| 423|0x000000009a700000, 0x000000009a700000, 0x000000009a800000|  0%| F|  |TAMS 0x000000009a700000| PB 0x000000009a700000| Untracked 
| 424|0x000000009a800000, 0x000000009a800000, 0x000000009a900000|  0%| F|  |TAMS 0x000000009a800000| PB 0x000000009a800000| Untracked 
| 425|0x000000009a900000, 0x000000009a900000, 0x000000009aa00000|  0%| F|  |TAMS 0x000000009a900000| PB 0x000000009a900000| Untracked 
| 426|0x000000009aa00000, 0x000000009aa00000, 0x000000009ab00000|  0%| F|  |TAMS 0x000000009aa00000| PB 0x000000009aa00000| Untracked 
| 427|0x000000009ab00000, 0x000000009ab00000, 0x000000009ac00000|  0%| F|  |TAMS 0x000000009ab00000| PB 0x000000009ab00000| Untracked 
| 428|0x000000009ac00000, 0x000000009ac00000, 0x000000009ad00000|  0%| F|  |TAMS 0x000000009ac00000| PB 0x000000009ac00000| Untracked 
| 429|0x000000009ad00000, 0x000000009ad00000, 0x000000009ae00000|  0%| F|  |TAMS 0x000000009ad00000| PB 0x000000009ad00000| Untracked 
| 430|0x000000009ae00000, 0x000000009ae00000, 0x000000009af00000|  0%| F|  |TAMS 0x000000009ae00000| PB 0x000000009ae00000| Untracked 
| 431|0x000000009af00000, 0x000000009af00000, 0x000000009b000000|  0%| F|  |TAMS 0x000000009af00000| PB 0x000000009af00000| Untracked 
| 432|0x000000009b000000, 0x000000009b000000, 0x000000009b100000|  0%| F|  |TAMS 0x000000009b000000| PB 0x000000009b000000| Untracked 
| 433|0x000000009b100000, 0x000000009b100000, 0x000000009b200000|  0%| F|  |TAMS 0x000000009b100000| PB 0x000000009b100000| Untracked 
| 434|0x000000009b200000, 0x000000009b200000, 0x000000009b300000|  0%| F|  |TAMS 0x000000009b200000| PB 0x000000009b200000| Untracked 
| 435|0x000000009b300000, 0x000000009b300000, 0x000000009b400000|  0%| F|  |TAMS 0x000000009b300000| PB 0x000000009b300000| Untracked 
| 436|0x000000009b400000, 0x000000009b400000, 0x000000009b500000|  0%| F|  |TAMS 0x000000009b400000| PB 0x000000009b400000| Untracked 
| 437|0x000000009b500000, 0x000000009b500000, 0x000000009b600000|  0%| F|  |TAMS 0x000000009b500000| PB 0x000000009b500000| Untracked 
| 438|0x000000009b600000, 0x000000009b600000, 0x000000009b700000|  0%| F|  |TAMS 0x000000009b600000| PB 0x000000009b600000| Untracked 
| 439|0x000000009b700000, 0x000000009b700000, 0x000000009b800000|  0%| F|  |TAMS 0x000000009b700000| PB 0x000000009b700000| Untracked 
| 440|0x000000009b800000, 0x000000009b800000, 0x000000009b900000|  0%| F|  |TAMS 0x000000009b800000| PB 0x000000009b800000| Untracked 
| 441|0x000000009b900000, 0x000000009b900000, 0x000000009ba00000|  0%| F|  |TAMS 0x000000009b900000| PB 0x000000009b900000| Untracked 
| 442|0x000000009ba00000, 0x000000009ba00000, 0x000000009bb00000|  0%| F|  |TAMS 0x000000009ba00000| PB 0x000000009ba00000| Untracked 
| 443|0x000000009bb00000, 0x000000009bb00000, 0x000000009bc00000|  0%| F|  |TAMS 0x000000009bb00000| PB 0x000000009bb00000| Untracked 
| 444|0x000000009bc00000, 0x000000009bc00000, 0x000000009bd00000|  0%| F|  |TAMS 0x000000009bc00000| PB 0x000000009bc00000| Untracked 
| 445|0x000000009bd00000, 0x000000009bd00000, 0x000000009be00000|  0%| F|  |TAMS 0x000000009bd00000| PB 0x000000009bd00000| Untracked 
| 446|0x000000009be00000, 0x000000009be00000, 0x000000009bf00000|  0%| F|  |TAMS 0x000000009be00000| PB 0x000000009be00000| Untracked 
| 447|0x000000009bf00000, 0x000000009bf00000, 0x000000009c000000|  0%| F|  |TAMS 0x000000009bf00000| PB 0x000000009bf00000| Untracked 
| 448|0x000000009c000000, 0x000000009c000000, 0x000000009c100000|  0%| F|  |TAMS 0x000000009c000000| PB 0x000000009c000000| Untracked 
| 449|0x000000009c100000, 0x000000009c100000, 0x000000009c200000|  0%| F|  |TAMS 0x000000009c100000| PB 0x000000009c100000| Untracked 
| 450|0x000000009c200000, 0x000000009c200000, 0x000000009c300000|  0%| F|  |TAMS 0x000000009c200000| PB 0x000000009c200000| Untracked 
| 451|0x000000009c300000, 0x000000009c300000, 0x000000009c400000|  0%| F|  |TAMS 0x000000009c300000| PB 0x000000009c300000| Untracked 
| 452|0x000000009c400000, 0x000000009c400000, 0x000000009c500000|  0%| F|  |TAMS 0x000000009c400000| PB 0x000000009c400000| Untracked 
| 453|0x000000009c500000, 0x000000009c500000, 0x000000009c600000|  0%| F|  |TAMS 0x000000009c500000| PB 0x000000009c500000| Untracked 
| 454|0x000000009c600000, 0x000000009c600000, 0x000000009c700000|  0%| F|  |TAMS 0x000000009c600000| PB 0x000000009c600000| Untracked 
| 455|0x000000009c700000, 0x000000009c700000, 0x000000009c800000|  0%| F|  |TAMS 0x000000009c700000| PB 0x000000009c700000| Untracked 
| 456|0x000000009c800000, 0x000000009c800000, 0x000000009c900000|  0%| F|  |TAMS 0x000000009c800000| PB 0x000000009c800000| Untracked 
| 457|0x000000009c900000, 0x000000009c900000, 0x000000009ca00000|  0%| F|  |TAMS 0x000000009c900000| PB 0x000000009c900000| Untracked 
| 458|0x000000009ca00000, 0x000000009ca00000, 0x000000009cb00000|  0%| F|  |TAMS 0x000000009ca00000| PB 0x000000009ca00000| Untracked 
| 459|0x000000009cb00000, 0x000000009cb00000, 0x000000009cc00000|  0%| F|  |TAMS 0x000000009cb00000| PB 0x000000009cb00000| Untracked 
| 460|0x000000009cc00000, 0x000000009cc00000, 0x000000009cd00000|  0%| F|  |TAMS 0x000000009cc00000| PB 0x000000009cc00000| Untracked 
| 461|0x000000009cd00000, 0x000000009cd00000, 0x000000009ce00000|  0%| F|  |TAMS 0x000000009cd00000| PB 0x000000009cd00000| Untracked 
| 462|0x000000009ce00000, 0x000000009ce00000, 0x000000009cf00000|  0%| F|  |TAMS 0x000000009ce00000| PB 0x000000009ce00000| Untracked 
| 463|0x000000009cf00000, 0x000000009cf00000, 0x000000009d000000|  0%| F|  |TAMS 0x000000009cf00000| PB 0x000000009cf00000| Untracked 
| 464|0x000000009d000000, 0x000000009d000000, 0x000000009d100000|  0%| F|  |TAMS 0x000000009d000000| PB 0x000000009d000000| Untracked 
| 465|0x000000009d100000, 0x000000009d100000, 0x000000009d200000|  0%| F|  |TAMS 0x000000009d100000| PB 0x000000009d100000| Untracked 
| 466|0x000000009d200000, 0x000000009d200000, 0x000000009d300000|  0%| F|  |TAMS 0x000000009d200000| PB 0x000000009d200000| Untracked 
| 467|0x000000009d300000, 0x000000009d300000, 0x000000009d400000|  0%| F|  |TAMS 0x000000009d300000| PB 0x000000009d300000| Untracked 
| 468|0x000000009d400000, 0x000000009d400000, 0x000000009d500000|  0%| F|  |TAMS 0x000000009d400000| PB 0x000000009d400000| Untracked 
| 469|0x000000009d500000, 0x000000009d5da4e8, 0x000000009d600000| 85%| E|  |TAMS 0x000000009d500000| PB 0x000000009d500000| Complete 
| 470|0x000000009d600000, 0x000000009d700000, 0x000000009d700000|100%| E|CS|TAMS 0x000000009d600000| PB 0x000000009d600000| Complete 
| 471|0x000000009d700000, 0x000000009d800000, 0x000000009d800000|100%| E|CS|TAMS 0x000000009d700000| PB 0x000000009d700000| Complete 
| 472|0x000000009d800000, 0x000000009d900000, 0x000000009d900000|100%| E|CS|TAMS 0x000000009d800000| PB 0x000000009d800000| Complete 
| 473|0x000000009d900000, 0x000000009da00000, 0x000000009da00000|100%| E|CS|TAMS 0x000000009d900000| PB 0x000000009d900000| Complete 
| 474|0x000000009da00000, 0x000000009db00000, 0x000000009db00000|100%| E|CS|TAMS 0x000000009da00000| PB 0x000000009da00000| Complete 
| 475|0x000000009db00000, 0x000000009dc00000, 0x000000009dc00000|100%| E|CS|TAMS 0x000000009db00000| PB 0x000000009db00000| Complete 
| 476|0x000000009dc00000, 0x000000009dd00000, 0x000000009dd00000|100%| E|CS|TAMS 0x000000009dc00000| PB 0x000000009dc00000| Complete 
| 477|0x000000009dd00000, 0x000000009de00000, 0x000000009de00000|100%| E|CS|TAMS 0x000000009dd00000| PB 0x000000009dd00000| Complete 
| 478|0x000000009de00000, 0x000000009df00000, 0x000000009df00000|100%| E|CS|TAMS 0x000000009de00000| PB 0x000000009de00000| Complete 
| 479|0x000000009df00000, 0x000000009e000000, 0x000000009e000000|100%| E|CS|TAMS 0x000000009df00000| PB 0x000000009df00000| Complete 
| 480|0x000000009e000000, 0x000000009e100000, 0x000000009e100000|100%| E|CS|TAMS 0x000000009e000000| PB 0x000000009e000000| Complete 
| 481|0x000000009e100000, 0x000000009e200000, 0x000000009e200000|100%| E|CS|TAMS 0x000000009e100000| PB 0x000000009e100000| Complete 
| 482|0x000000009e200000, 0x000000009e300000, 0x000000009e300000|100%| E|CS|TAMS 0x000000009e200000| PB 0x000000009e200000| Complete 
| 483|0x000000009e300000, 0x000000009e400000, 0x000000009e400000|100%| E|CS|TAMS 0x000000009e300000| PB 0x000000009e300000| Complete 
| 484|0x000000009e400000, 0x000000009e500000, 0x000000009e500000|100%| E|CS|TAMS 0x000000009e400000| PB 0x000000009e400000| Complete 
| 485|0x000000009e500000, 0x000000009e600000, 0x000000009e600000|100%| E|CS|TAMS 0x000000009e500000| PB 0x000000009e500000| Complete 
| 486|0x000000009e600000, 0x000000009e700000, 0x000000009e700000|100%| E|CS|TAMS 0x000000009e600000| PB 0x000000009e600000| Complete 
| 487|0x000000009e700000, 0x000000009e800000, 0x000000009e800000|100%| E|CS|TAMS 0x000000009e700000| PB 0x000000009e700000| Complete 
| 488|0x000000009e800000, 0x000000009e900000, 0x000000009e900000|100%| E|CS|TAMS 0x000000009e800000| PB 0x000000009e800000| Complete 
| 489|0x000000009e900000, 0x000000009ea00000, 0x000000009ea00000|100%| E|CS|TAMS 0x000000009e900000| PB 0x000000009e900000| Complete 
| 490|0x000000009ea00000, 0x000000009eb00000, 0x000000009eb00000|100%| E|CS|TAMS 0x000000009ea00000| PB 0x000000009ea00000| Complete 
| 491|0x000000009eb00000, 0x000000009ec00000, 0x000000009ec00000|100%| E|CS|TAMS 0x000000009eb00000| PB 0x000000009eb00000| Complete 
| 492|0x000000009ec00000, 0x000000009ed00000, 0x000000009ed00000|100%| E|CS|TAMS 0x000000009ec00000| PB 0x000000009ec00000| Complete 
| 493|0x000000009ed00000, 0x000000009ee00000, 0x000000009ee00000|100%| E|CS|TAMS 0x000000009ed00000| PB 0x000000009ed00000| Complete 
| 494|0x000000009ee00000, 0x000000009ef00000, 0x000000009ef00000|100%| E|CS|TAMS 0x000000009ee00000| PB 0x000000009ee00000| Complete 
| 495|0x000000009ef00000, 0x000000009f000000, 0x000000009f000000|100%| E|CS|TAMS 0x000000009ef00000| PB 0x000000009ef00000| Complete 
| 496|0x000000009f000000, 0x000000009f100000, 0x000000009f100000|100%| E|CS|TAMS 0x000000009f000000| PB 0x000000009f000000| Complete 
| 497|0x000000009f100000, 0x000000009f200000, 0x000000009f200000|100%| E|CS|TAMS 0x000000009f100000| PB 0x000000009f100000| Complete 
| 498|0x000000009f200000, 0x000000009f300000, 0x000000009f300000|100%| E|CS|TAMS 0x000000009f200000| PB 0x000000009f200000| Complete 
| 499|0x000000009f300000, 0x000000009f400000, 0x000000009f400000|100%| E|CS|TAMS 0x000000009f300000| PB 0x000000009f300000| Complete 
| 500|0x000000009f400000, 0x000000009f500000, 0x000000009f500000|100%| E|CS|TAMS 0x000000009f400000| PB 0x000000009f400000| Complete 
| 501|0x000000009f500000, 0x000000009f600000, 0x000000009f600000|100%| E|CS|TAMS 0x000000009f500000| PB 0x000000009f500000| Complete 
| 502|0x000000009f600000, 0x000000009f700000, 0x000000009f700000|100%| E|CS|TAMS 0x000000009f600000| PB 0x000000009f600000| Complete 
| 503|0x000000009f700000, 0x000000009f800000, 0x000000009f800000|100%| E|CS|TAMS 0x000000009f700000| PB 0x000000009f700000| Complete 
| 504|0x000000009f800000, 0x000000009f900000, 0x000000009f900000|100%| E|CS|TAMS 0x000000009f800000| PB 0x000000009f800000| Complete 
| 505|0x000000009f900000, 0x000000009fa00000, 0x000000009fa00000|100%| E|CS|TAMS 0x000000009f900000| PB 0x000000009f900000| Complete 
| 506|0x000000009fa00000, 0x000000009fb00000, 0x000000009fb00000|100%| E|CS|TAMS 0x000000009fa00000| PB 0x000000009fa00000| Complete 
| 507|0x000000009fb00000, 0x000000009fc00000, 0x000000009fc00000|100%| E|CS|TAMS 0x000000009fb00000| PB 0x000000009fb00000| Complete 
| 508|0x000000009fc00000, 0x000000009fd00000, 0x000000009fd00000|100%| E|CS|TAMS 0x000000009fc00000| PB 0x000000009fc00000| Complete 
| 509|0x000000009fd00000, 0x000000009fe00000, 0x000000009fe00000|100%| E|CS|TAMS 0x000000009fd00000| PB 0x000000009fd00000| Complete 
| 510|0x000000009fe00000, 0x000000009ff00000, 0x000000009ff00000|100%| E|  |TAMS 0x000000009fe00000| PB 0x000000009fe00000| Complete 
| 511|0x000000009ff00000, 0x00000000a0000000, 0x00000000a0000000|100%| E|CS|TAMS 0x000000009ff00000| PB 0x000000009ff00000| Complete 
| 512|0x00000000a0000000, 0x00000000a0100000, 0x00000000a0100000|100%| E|CS|TAMS 0x00000000a0000000| PB 0x00000000a0000000| Complete 
| 513|0x00000000a0100000, 0x00000000a0200000, 0x00000000a0200000|100%| E|CS|TAMS 0x00000000a0100000| PB 0x00000000a0100000| Complete 
| 514|0x00000000a0200000, 0x00000000a0300000, 0x00000000a0300000|100%| E|CS|TAMS 0x00000000a0200000| PB 0x00000000a0200000| Complete 
| 515|0x00000000a0300000, 0x00000000a0400000, 0x00000000a0400000|100%| E|CS|TAMS 0x00000000a0300000| PB 0x00000000a0300000| Complete 
| 516|0x00000000a0400000, 0x00000000a0500000, 0x00000000a0500000|100%| E|CS|TAMS 0x00000000a0400000| PB 0x00000000a0400000| Complete 
| 517|0x00000000a0500000, 0x00000000a0600000, 0x00000000a0600000|100%| E|CS|TAMS 0x00000000a0500000| PB 0x00000000a0500000| Complete 
| 518|0x00000000a0600000, 0x00000000a0700000, 0x00000000a0700000|100%| E|CS|TAMS 0x00000000a0600000| PB 0x00000000a0600000| Complete 
| 519|0x00000000a0700000, 0x00000000a0800000, 0x00000000a0800000|100%| E|CS|TAMS 0x00000000a0700000| PB 0x00000000a0700000| Complete 
| 520|0x00000000a0800000, 0x00000000a0900000, 0x00000000a0900000|100%| E|CS|TAMS 0x00000000a0800000| PB 0x00000000a0800000| Complete 
| 521|0x00000000a0900000, 0x00000000a0a00000, 0x00000000a0a00000|100%| E|CS|TAMS 0x00000000a0900000| PB 0x00000000a0900000| Complete 
| 522|0x00000000a0a00000, 0x00000000a0b00000, 0x00000000a0b00000|100%| E|CS|TAMS 0x00000000a0a00000| PB 0x00000000a0a00000| Complete 
| 523|0x00000000a0b00000, 0x00000000a0c00000, 0x00000000a0c00000|100%| E|CS|TAMS 0x00000000a0b00000| PB 0x00000000a0b00000| Complete 
| 524|0x00000000a0c00000, 0x00000000a0d00000, 0x00000000a0d00000|100%| E|CS|TAMS 0x00000000a0c00000| PB 0x00000000a0c00000| Complete 
| 525|0x00000000a0d00000, 0x00000000a0e00000, 0x00000000a0e00000|100%| E|CS|TAMS 0x00000000a0d00000| PB 0x00000000a0d00000| Complete 
| 526|0x00000000a0e00000, 0x00000000a0f00000, 0x00000000a0f00000|100%| E|CS|TAMS 0x00000000a0e00000| PB 0x00000000a0e00000| Complete 
| 527|0x00000000a0f00000, 0x00000000a1000000, 0x00000000a1000000|100%| E|CS|TAMS 0x00000000a0f00000| PB 0x00000000a0f00000| Complete 
| 528|0x00000000a1000000, 0x00000000a1100000, 0x00000000a1100000|100%| E|CS|TAMS 0x00000000a1000000| PB 0x00000000a1000000| Complete 
| 529|0x00000000a1100000, 0x00000000a1200000, 0x00000000a1200000|100%| E|CS|TAMS 0x00000000a1100000| PB 0x00000000a1100000| Complete 
| 530|0x00000000a1200000, 0x00000000a1300000, 0x00000000a1300000|100%| E|CS|TAMS 0x00000000a1200000| PB 0x00000000a1200000| Complete 
| 531|0x00000000a1300000, 0x00000000a1400000, 0x00000000a1400000|100%| E|CS|TAMS 0x00000000a1300000| PB 0x00000000a1300000| Complete 
| 532|0x00000000a1400000, 0x00000000a1500000, 0x00000000a1500000|100%| E|CS|TAMS 0x00000000a1400000| PB 0x00000000a1400000| Complete 
| 533|0x00000000a1500000, 0x00000000a1600000, 0x00000000a1600000|100%| E|CS|TAMS 0x00000000a1500000| PB 0x00000000a1500000| Complete 
| 534|0x00000000a1600000, 0x00000000a1700000, 0x00000000a1700000|100%| E|CS|TAMS 0x00000000a1600000| PB 0x00000000a1600000| Complete 
| 535|0x00000000a1700000, 0x00000000a1800000, 0x00000000a1800000|100%| E|CS|TAMS 0x00000000a1700000| PB 0x00000000a1700000| Complete 
| 536|0x00000000a1800000, 0x00000000a1900000, 0x00000000a1900000|100%| E|CS|TAMS 0x00000000a1800000| PB 0x00000000a1800000| Complete 
| 537|0x00000000a1900000, 0x00000000a1a00000, 0x00000000a1a00000|100%| E|CS|TAMS 0x00000000a1900000| PB 0x00000000a1900000| Complete 
| 538|0x00000000a1a00000, 0x00000000a1b00000, 0x00000000a1b00000|100%| E|CS|TAMS 0x00000000a1a00000| PB 0x00000000a1a00000| Complete 
| 539|0x00000000a1b00000, 0x00000000a1c00000, 0x00000000a1c00000|100%| E|CS|TAMS 0x00000000a1b00000| PB 0x00000000a1b00000| Complete 
| 540|0x00000000a1c00000, 0x00000000a1d00000, 0x00000000a1d00000|100%| E|CS|TAMS 0x00000000a1c00000| PB 0x00000000a1c00000| Complete 
| 541|0x00000000a1d00000, 0x00000000a1e00000, 0x00000000a1e00000|100%| E|CS|TAMS 0x00000000a1d00000| PB 0x00000000a1d00000| Complete 
| 542|0x00000000a1e00000, 0x00000000a1f00000, 0x00000000a1f00000|100%| S|CS|TAMS 0x00000000a1e00000| PB 0x00000000a1e00000| Complete 
| 543|0x00000000a1f00000, 0x00000000a2000000, 0x00000000a2000000|100%| S|CS|TAMS 0x00000000a1f00000| PB 0x00000000a1f00000| Complete 
| 544|0x00000000a2000000, 0x00000000a2100000, 0x00000000a2100000|100%| S|CS|TAMS 0x00000000a2000000| PB 0x00000000a2000000| Complete 
| 545|0x00000000a2100000, 0x00000000a2200000, 0x00000000a2200000|100%| S|CS|TAMS 0x00000000a2100000| PB 0x00000000a2100000| Complete 
| 546|0x00000000a2200000, 0x00000000a2300000, 0x00000000a2300000|100%| S|CS|TAMS 0x00000000a2200000| PB 0x00000000a2200000| Complete 
| 547|0x00000000a2300000, 0x00000000a2400000, 0x00000000a2400000|100%| S|CS|TAMS 0x00000000a2300000| PB 0x00000000a2300000| Complete 
| 548|0x00000000a2400000, 0x00000000a2500000, 0x00000000a2500000|100%| S|CS|TAMS 0x00000000a2400000| PB 0x00000000a2400000| Complete 
| 549|0x00000000a2500000, 0x00000000a2600000, 0x00000000a2600000|100%| S|CS|TAMS 0x00000000a2500000| PB 0x00000000a2500000| Complete 
| 550|0x00000000a2600000, 0x00000000a2700000, 0x00000000a2700000|100%| S|CS|TAMS 0x00000000a2600000| PB 0x00000000a2600000| Complete 
| 551|0x00000000a2700000, 0x00000000a2800000, 0x00000000a2800000|100%| S|CS|TAMS 0x00000000a2700000| PB 0x00000000a2700000| Complete 
| 552|0x00000000a2800000, 0x00000000a2900000, 0x00000000a2900000|100%| S|CS|TAMS 0x00000000a2800000| PB 0x00000000a2800000| Complete 
| 553|0x00000000a2900000, 0x00000000a2a00000, 0x00000000a2a00000|100%| S|CS|TAMS 0x00000000a2900000| PB 0x00000000a2900000| Complete 
| 554|0x00000000a2a00000, 0x00000000a2b00000, 0x00000000a2b00000|100%| S|CS|TAMS 0x00000000a2a00000| PB 0x00000000a2a00000| Complete 
| 555|0x00000000a2b00000, 0x00000000a2c00000, 0x00000000a2c00000|100%| S|CS|TAMS 0x00000000a2b00000| PB 0x00000000a2b00000| Complete 
| 556|0x00000000a2c00000, 0x00000000a2d00000, 0x00000000a2d00000|100%| S|CS|TAMS 0x00000000a2c00000| PB 0x00000000a2c00000| Complete 
| 557|0x00000000a2d00000, 0x00000000a2e00000, 0x00000000a2e00000|100%| S|CS|TAMS 0x00000000a2d00000| PB 0x00000000a2d00000| Complete 
| 558|0x00000000a2e00000, 0x00000000a2f00000, 0x00000000a2f00000|100%| S|CS|TAMS 0x00000000a2e00000| PB 0x00000000a2e00000| Complete 
| 559|0x00000000a2f00000, 0x00000000a3000000, 0x00000000a3000000|100%| S|CS|TAMS 0x00000000a2f00000| PB 0x00000000a2f00000| Complete 
| 560|0x00000000a3000000, 0x00000000a3100000, 0x00000000a3100000|100%| S|CS|TAMS 0x00000000a3000000| PB 0x00000000a3000000| Complete 
| 561|0x00000000a3100000, 0x00000000a3200000, 0x00000000a3200000|100%| S|CS|TAMS 0x00000000a3100000| PB 0x00000000a3100000| Complete 
| 562|0x00000000a3200000, 0x00000000a3300000, 0x00000000a3300000|100%| S|CS|TAMS 0x00000000a3200000| PB 0x00000000a3200000| Complete 
| 563|0x00000000a3300000, 0x00000000a3400000, 0x00000000a3400000|100%| S|CS|TAMS 0x00000000a3300000| PB 0x00000000a3300000| Complete 
| 564|0x00000000a3400000, 0x00000000a3500000, 0x00000000a3500000|100%| S|CS|TAMS 0x00000000a3400000| PB 0x00000000a3400000| Complete 
| 565|0x00000000a3500000, 0x00000000a3600000, 0x00000000a3600000|100%| S|CS|TAMS 0x00000000a3500000| PB 0x00000000a3500000| Complete 
| 566|0x00000000a3600000, 0x00000000a3700000, 0x00000000a3700000|100%| S|CS|TAMS 0x00000000a3600000| PB 0x00000000a3600000| Complete 
| 567|0x00000000a3700000, 0x00000000a3800000, 0x00000000a3800000|100%| S|CS|TAMS 0x00000000a3700000| PB 0x00000000a3700000| Complete 
| 568|0x00000000a3800000, 0x00000000a3900000, 0x00000000a3900000|100%| S|CS|TAMS 0x00000000a3800000| PB 0x00000000a3800000| Complete 
| 569|0x00000000a3900000, 0x00000000a3a00000, 0x00000000a3a00000|100%| S|CS|TAMS 0x00000000a3900000| PB 0x00000000a3900000| Complete 
| 570|0x00000000a3a00000, 0x00000000a3b00000, 0x00000000a3b00000|100%| S|CS|TAMS 0x00000000a3a00000| PB 0x00000000a3a00000| Complete 
| 571|0x00000000a3b00000, 0x00000000a3c00000, 0x00000000a3c00000|100%| S|CS|TAMS 0x00000000a3b00000| PB 0x00000000a3b00000| Complete 
| 572|0x00000000a3c00000, 0x00000000a3d00000, 0x00000000a3d00000|100%| S|CS|TAMS 0x00000000a3c00000| PB 0x00000000a3c00000| Complete 
| 573|0x00000000a3d00000, 0x00000000a3e00000, 0x00000000a3e00000|100%| S|CS|TAMS 0x00000000a3d00000| PB 0x00000000a3d00000| Complete 
| 574|0x00000000a3e00000, 0x00000000a3f00000, 0x00000000a3f00000|100%| S|CS|TAMS 0x00000000a3e00000| PB 0x00000000a3e00000| Complete 
|1985|0x00000000fc100000, 0x00000000fc1a8fa8, 0x00000000fc200000| 66%| O|  |TAMS 0x00000000fc100000| PB 0x00000000fc100000| Untracked 
|1986|0x00000000fc200000, 0x00000000fc300000, 0x00000000fc300000|100%| O|  |TAMS 0x00000000fc200000| PB 0x00000000fc200000| Untracked 
|1987|0x00000000fc300000, 0x00000000fc400000, 0x00000000fc400000|100%| O|  |TAMS 0x00000000fc300000| PB 0x00000000fc300000| Untracked 
|1988|0x00000000fc400000, 0x00000000fc500000, 0x00000000fc500000|100%| O|  |TAMS 0x00000000fc400000| PB 0x00000000fc400000| Untracked 
|1989|0x00000000fc500000, 0x00000000fc600000, 0x00000000fc600000|100%| O|  |TAMS 0x00000000fc500000| PB 0x00000000fc500000| Untracked 
|1990|0x00000000fc600000, 0x00000000fc700000, 0x00000000fc700000|100%| O|  |TAMS 0x00000000fc600000| PB 0x00000000fc600000| Untracked 
|1991|0x00000000fc700000, 0x00000000fc800000, 0x00000000fc800000|100%| O|  |TAMS 0x00000000fc700000| PB 0x00000000fc700000| Untracked 
|1992|0x00000000fc800000, 0x00000000fc900000, 0x00000000fc900000|100%| O|  |TAMS 0x00000000fc800000| PB 0x00000000fc800000| Untracked 
|1993|0x00000000fc900000, 0x00000000fca00000, 0x00000000fca00000|100%| O|  |TAMS 0x00000000fc900000| PB 0x00000000fc900000| Untracked 
|1994|0x00000000fca00000, 0x00000000fcb00000, 0x00000000fcb00000|100%| O|  |TAMS 0x00000000fca00000| PB 0x00000000fca00000| Untracked 
|1995|0x00000000fcb00000, 0x00000000fcc00000, 0x00000000fcc00000|100%| O|  |TAMS 0x00000000fcb00000| PB 0x00000000fcb00000| Untracked 
|1996|0x00000000fcc00000, 0x00000000fcd00000, 0x00000000fcd00000|100%| O|  |TAMS 0x00000000fcc00000| PB 0x00000000fcc00000| Untracked 
|1997|0x00000000fcd00000, 0x00000000fce00000, 0x00000000fce00000|100%| O|  |TAMS 0x00000000fcd00000| PB 0x00000000fcd00000| Untracked 
|1998|0x00000000fce00000, 0x00000000fcf00000, 0x00000000fcf00000|100%| O|  |TAMS 0x00000000fce00000| PB 0x00000000fce00000| Untracked 
|1999|0x00000000fcf00000, 0x00000000fd000000, 0x00000000fd000000|100%| O|  |TAMS 0x00000000fcf00000| PB 0x00000000fcf00000| Untracked 
|2000|0x00000000fd000000, 0x00000000fd100000, 0x00000000fd100000|100%| E|CS|TAMS 0x00000000fd000000| PB 0x00000000fd000000| Complete 
|2001|0x00000000fd100000, 0x00000000fd200000, 0x00000000fd200000|100%| O|Cm|TAMS 0x00000000fd100000| PB 0x00000000fd100000| Complete 
|2002|0x00000000fd200000, 0x00000000fd300000, 0x00000000fd300000|100%| O|Cm|TAMS 0x00000000fd200000| PB 0x00000000fd200000| Complete 
|2003|0x00000000fd300000, 0x00000000fd400000, 0x00000000fd400000|100%| O|Cm|TAMS 0x00000000fd300000| PB 0x00000000fd300000| Complete 
|2004|0x00000000fd400000, 0x00000000fd500000, 0x00000000fd500000|100%| E|CS|TAMS 0x00000000fd400000| PB 0x00000000fd400000| Complete 
|2005|0x00000000fd500000, 0x00000000fd600000, 0x00000000fd600000|100%| E|CS|TAMS 0x00000000fd500000| PB 0x00000000fd500000| Complete 
|2006|0x00000000fd600000, 0x00000000fd700000, 0x00000000fd700000|100%| E|CS|TAMS 0x00000000fd600000| PB 0x00000000fd600000| Complete 
|2007|0x00000000fd700000, 0x00000000fd800000, 0x00000000fd800000|100%| E|CS|TAMS 0x00000000fd700000| PB 0x00000000fd700000| Complete 
|2008|0x00000000fd800000, 0x00000000fd900000, 0x00000000fd900000|100%| E|CS|TAMS 0x00000000fd800000| PB 0x00000000fd800000| Complete 
|2009|0x00000000fd900000, 0x00000000fda00000, 0x00000000fda00000|100%| E|CS|TAMS 0x00000000fd900000| PB 0x00000000fd900000| Complete 
|2010|0x00000000fda00000, 0x00000000fdb00000, 0x00000000fdb00000|100%| E|CS|TAMS 0x00000000fda00000| PB 0x00000000fda00000| Complete 
|2011|0x00000000fdb00000, 0x00000000fdc00000, 0x00000000fdc00000|100%| E|CS|TAMS 0x00000000fdb00000| PB 0x00000000fdb00000| Complete 
|2012|0x00000000fdc00000, 0x00000000fdd00000, 0x00000000fdd00000|100%| E|CS|TAMS 0x00000000fdc00000| PB 0x00000000fdc00000| Complete 
|2013|0x00000000fdd00000, 0x00000000fde00000, 0x00000000fde00000|100%| E|CS|TAMS 0x00000000fdd00000| PB 0x00000000fdd00000| Complete 
|2014|0x00000000fde00000, 0x00000000fdf00000, 0x00000000fdf00000|100%| E|CS|TAMS 0x00000000fde00000| PB 0x00000000fde00000| Complete 
|2015|0x00000000fdf00000, 0x00000000fe000000, 0x00000000fe000000|100%| E|CS|TAMS 0x00000000fdf00000| PB 0x00000000fdf00000| Complete 
|2016|0x00000000fe000000, 0x00000000fe100000, 0x00000000fe100000|100%| E|CS|TAMS 0x00000000fe000000| PB 0x00000000fe000000| Complete 
|2017|0x00000000fe100000, 0x00000000fe200000, 0x00000000fe200000|100%| E|CS|TAMS 0x00000000fe100000| PB 0x00000000fe100000| Complete 
|2018|0x00000000fe200000, 0x00000000fe300000, 0x00000000fe300000|100%| E|CS|TAMS 0x00000000fe200000| PB 0x00000000fe200000| Complete 
|2019|0x00000000fe300000, 0x00000000fe400000, 0x00000000fe400000|100%| E|CS|TAMS 0x00000000fe300000| PB 0x00000000fe300000| Complete 
|2020|0x00000000fe400000, 0x00000000fe500000, 0x00000000fe500000|100%| E|CS|TAMS 0x00000000fe400000| PB 0x00000000fe400000| Complete 
|2021|0x00000000fe500000, 0x00000000fe600000, 0x00000000fe600000|100%| E|CS|TAMS 0x00000000fe500000| PB 0x00000000fe500000| Complete 
|2022|0x00000000fe600000, 0x00000000fe700000, 0x00000000fe700000|100%| O|  |TAMS 0x00000000fe600000| PB 0x00000000fe600000| Untracked 
|2023|0x00000000fe700000, 0x00000000fe800000, 0x00000000fe800000|100%| E|CS|TAMS 0x00000000fe700000| PB 0x00000000fe700000| Complete 
|2024|0x00000000fe800000, 0x00000000fe900000, 0x00000000fe900000|100%| E|CS|TAMS 0x00000000fe800000| PB 0x00000000fe800000| Complete 
|2025|0x00000000fe900000, 0x00000000fea00000, 0x00000000fea00000|100%| E|CS|TAMS 0x00000000fe900000| PB 0x00000000fe900000| Complete 
|2026|0x00000000fea00000, 0x00000000feb00000, 0x00000000feb00000|100%| E|CS|TAMS 0x00000000fea00000| PB 0x00000000fea00000| Complete 
|2027|0x00000000feb00000, 0x00000000fec00000, 0x00000000fec00000|100%| O|  |TAMS 0x00000000feb00000| PB 0x00000000feb00000| Untracked 
|2028|0x00000000fec00000, 0x00000000fed00000, 0x00000000fed00000|100%| O|  |TAMS 0x00000000fec00000| PB 0x00000000fec00000| Untracked 
|2029|0x00000000fed00000, 0x00000000fee00000, 0x00000000fee00000|100%| O|  |TAMS 0x00000000fed00000| PB 0x00000000fed00000| Untracked 
|2030|0x00000000fee00000, 0x00000000fef00000, 0x00000000fef00000|100%| E|CS|TAMS 0x00000000fee00000| PB 0x00000000fee00000| Complete 
|2031|0x00000000fef00000, 0x00000000ff000000, 0x00000000ff000000|100%| O|  |TAMS 0x00000000fef00000| PB 0x00000000fef00000| Untracked 
|2032|0x00000000ff000000, 0x00000000ff100000, 0x00000000ff100000|100%| E|CS|TAMS 0x00000000ff000000| PB 0x00000000ff000000| Complete 
|2033|0x00000000ff100000, 0x00000000ff200000, 0x00000000ff200000|100%| O|  |TAMS 0x00000000ff100000| PB 0x00000000ff100000| Untracked 
|2034|0x00000000ff200000, 0x00000000ff300000, 0x00000000ff300000|100%| E|CS|TAMS 0x00000000ff200000| PB 0x00000000ff200000| Complete 
|2035|0x00000000ff300000, 0x00000000ff400000, 0x00000000ff400000|100%| O|  |TAMS 0x00000000ff300000| PB 0x00000000ff300000| Untracked 
|2036|0x00000000ff400000, 0x00000000ff500000, 0x00000000ff500000|100%| O|  |TAMS 0x00000000ff400000| PB 0x00000000ff400000| Untracked 
|2037|0x00000000ff500000, 0x00000000ff600000, 0x00000000ff600000|100%| O|  |TAMS 0x00000000ff500000| PB 0x00000000ff500000| Untracked 
|2038|0x00000000ff600000, 0x00000000ff700000, 0x00000000ff700000|100%| O|  |TAMS 0x00000000ff600000| PB 0x00000000ff600000| Untracked 
|2039|0x00000000ff700000, 0x00000000ff800000, 0x00000000ff800000|100%| O|  |TAMS 0x00000000ff700000| PB 0x00000000ff700000| Untracked 
|2040|0x00000000ff800000, 0x00000000ff900000, 0x00000000ff900000|100%| O|  |TAMS 0x00000000ff800000| PB 0x00000000ff800000| Untracked 
|2041|0x00000000ff900000, 0x00000000ffa00000, 0x00000000ffa00000|100%| O|  |TAMS 0x00000000ff900000| PB 0x00000000ff900000| Untracked 
|2042|0x00000000ffa00000, 0x00000000ffb00000, 0x00000000ffb00000|100%| O|  |TAMS 0x00000000ffa00000| PB 0x00000000ffa00000| Untracked 
|2043|0x00000000ffb00000, 0x00000000ffc00000, 0x00000000ffc00000|100%| O|  |TAMS 0x00000000ffb00000| PB 0x00000000ffb00000| Untracked 
|2044|0x00000000ffc00000, 0x00000000ffd00000, 0x00000000ffd00000|100%| O|  |TAMS 0x00000000ffc00000| PB 0x00000000ffc00000| Untracked 
|2045|0x00000000ffd00000, 0x00000000ffe00000, 0x00000000ffe00000|100%| O|  |TAMS 0x00000000ffd00000| PB 0x00000000ffd00000| Untracked 
|2046|0x00000000ffe00000, 0x00000000fff00000, 0x00000000fff00000|100%| O|  |TAMS 0x00000000ffe00000| PB 0x00000000ffe00000| Untracked 
|2047|0x00000000fff00000, 0x0000000100000000, 0x0000000100000000|100%| O|  |TAMS 0x00000000fff00000| PB 0x00000000fff00000| Untracked 

Card table byte_map: [0x00000267fd720000,0x00000267fdb20000] _byte_map_base: 0x00000267fd320000

Marking Bits: (CMBitMap*) 0x00000267f3cb2e30
 Bits: [0x00000267fdb20000, 0x00000267ffb20000)

Polling page: 0x00000267f1eb0000

Metaspace:

Usage:
  Non-class:    183.17 MB used.
      Class:     27.42 MB used.
       Both:    210.59 MB used.

Virtual space:
  Non-class space:      192.00 MB reserved,     184.88 MB ( 96%) committed,  3 nodes.
      Class space:        1.00 GB reserved,      29.25 MB (  3%) committed,  1 nodes.
             Both:        1.19 GB reserved,     214.12 MB ( 18%) committed. 

Chunk freelists:
   Non-Class:  7.09 MB
       Class:  2.79 MB
        Both:  9.88 MB

MaxMetaspaceSize: unlimited
CompressedClassSpaceSize: 1.00 GB
Initial GC threshold: 21.00 MB
Current GC threshold: 355.00 MB
CDS: on
 - commit_granule_bytes: 65536.
 - commit_granule_words: 8192.
 - virtual_space_node_default_size: 8388608.
 - enlarge_chunks_in_place: 1.
 - use_allocation_guard: 0.


Internal statistics:

num_allocs_failed_limit: 9.
num_arena_births: 6718.
num_arena_deaths: 120.
num_vsnodes_births: 4.
num_vsnodes_deaths: 0.
num_space_committed: 3457.
num_space_uncommitted: 11.
num_chunks_returned_to_freelist: 284.
num_chunks_taken_from_freelist: 16956.
num_chunk_merges: 90.
num_chunk_splits: 11080.
num_chunks_enlarged: 7082.
num_inconsistent_stats: 0.

CodeHeap 'non-profiled nmethods': size=120000Kb used=21325Kb max_used=21325Kb free=98675Kb
 bounds [0x0000026787ad0000, 0x0000026788fb0000, 0x000002678f000000]
CodeHeap 'profiled nmethods': size=120000Kb used=38764Kb max_used=44803Kb free=81235Kb
 bounds [0x0000026780000000, 0x0000026782bd0000, 0x0000026787530000]
CodeHeap 'non-nmethods': size=5760Kb used=2523Kb max_used=2614Kb free=3236Kb
 bounds [0x0000026787530000, 0x00000267877d0000, 0x0000026787ad0000]
 total_blobs=20663 nmethods=19535 adapters=1030
 compilation: enabled
              stopped_count=0, restarted_count=0
 full_count=0

Compilation events (20 events):
Event: 1076.691 Thread 0x00000267dd70c9b0 45266  s    4       jdk.nio.zipfs.ZipDirectoryStream::close (6 bytes)
Event: 1076.692 Thread 0x00000267dd70c9b0 nmethod 45266 0x0000026788f8b790 code [0x0000026788f8b920, 0x0000026788f8baf0]
Event: 1076.741 Thread 0x00000267917f1440 45271       3       com.android.tools.r8.internal.yw2::d (190 bytes)
Event: 1076.742 Thread 0x00000267917f1440 nmethod 45271 0x00000267819dec90 code [0x00000267819def00, 0x00000267819dfae0]
Event: 1076.776 Thread 0x00000267917f1440 45272       3       jdk.nio.zipfs.ZipFileSystem$EntryInputStream::<init> (88 bytes)
Event: 1076.777 Thread 0x00000267917f1440 nmethod 45272 0x00000267825cb590 code [0x00000267825cb7a0, 0x00000267825cbd40]
Event: 1076.795 Thread 0x00000267dd70c9b0 45273       4       com.android.tools.r8.internal.ys1::hasNext (208 bytes)
Event: 1076.811 Thread 0x00000267917f1440 45274       3       com.android.tools.r8.internal.va2::entrySet (27 bytes)
Event: 1076.811 Thread 0x00000267917f1440 nmethod 45274 0x0000026780939490 code [0x0000026780939660, 0x0000026780939a60]
Event: 1076.831 Thread 0x00000267917f1440 45276       3       com.android.tools.r8.internal.wt1::d (37 bytes)
Event: 1076.832 Thread 0x00000267917f1440 nmethod 45276 0x00000267819dde90 code [0x00000267819de0e0, 0x00000267819de9a8]
Event: 1076.850 Thread 0x00000267917f1440 45277       3       com.android.tools.r8.dex.m::<init> (100 bytes)
Event: 1076.851 Thread 0x00000267917f1440 nmethod 45277 0x00000267819dd910 code [0x00000267819ddae0, 0x00000267819ddd80]
Event: 1076.852 Thread 0x00000267917f1440 45278   !   3       com.android.tools.r8.dex.m::a (97 bytes)
Event: 1076.852 Thread 0x00000267917f1440 nmethod 45278 0x00000267819dcf90 code [0x00000267819dd1a0, 0x00000267819dd760]
Event: 1076.909 Thread 0x00000267917f1440 45279 %     3       com.android.tools.r8.internal.xk1::d @ 53 (186 bytes)
Event: 1076.910 Thread 0x00000267917f1440 nmethod 45279% 0x00000267819dba10 code [0x00000267819dbc60, 0x00000267819dca40]
Event: 1077.002 Thread 0x00000267917f1440 45281       3       com.android.tools.r8.internal.ua2::<init> (24 bytes)
Event: 1077.002 Thread 0x00000267917f1440 nmethod 45281 0x0000026780938f90 code [0x0000026780939140, 0x0000026780939398]
Event: 1077.763 Thread 0x00000267917f1440 45283       2       com.android.tools.r8.internal.fg4::submit (8 bytes)

GC Heap History (20 events):
Event: 693.861 GC heap before
{Heap before GC invocations=92 (full 0):
 garbage-first heap   total 421888K, used 379670K [0x0000000080000000, 0x0000000100000000)
  region size 1024K, 147 young (150528K), 10 survivors (10240K)
 Metaspace       used 206392K, committed 209920K, reserved 1245184K
  class space    used 27173K, committed 28992K, reserved 1048576K
}
Event: 693.872 GC heap after
{Heap after GC invocations=93 (full 0):
 garbage-first heap   total 421888K, used 249580K [0x0000000080000000, 0x0000000100000000)
  region size 1024K, 19 young (19456K), 19 survivors (19456K)
 Metaspace       used 206392K, committed 209920K, reserved 1245184K
  class space    used 27173K, committed 28992K, reserved 1048576K
}
Event: 737.283 GC heap before
{Heap before GC invocations=93 (full 0):
 garbage-first heap   total 421888K, used 379628K [0x0000000080000000, 0x0000000100000000)
  region size 1024K, 146 young (149504K), 19 survivors (19456K)
 Metaspace       used 209942K, committed 213568K, reserved 1245184K
  class space    used 27613K, committed 29440K, reserved 1048576K
}
Event: 737.302 GC heap after
{Heap after GC invocations=94 (full 0):
 garbage-first heap   total 421888K, used 245885K [0x0000000080000000, 0x0000000100000000)
  region size 1024K, 12 young (12288K), 12 survivors (12288K)
 Metaspace       used 209942K, committed 213568K, reserved 1245184K
  class space    used 27613K, committed 29440K, reserved 1048576K
}
Event: 745.809 GC heap before
{Heap before GC invocations=94 (full 0):
 garbage-first heap   total 421888K, used 343165K [0x0000000080000000, 0x0000000100000000)
  region size 1024K, 109 young (111616K), 12 survivors (12288K)
 Metaspace       used 210677K, committed 214336K, reserved 1245184K
  class space    used 27694K, committed 29568K, reserved 1048576K
}
Event: 745.820 GC heap after
{Heap after GC invocations=95 (full 0):
 garbage-first heap   total 421888K, used 252928K [0x0000000080000000, 0x0000000100000000)
  region size 1024K, 8 young (8192K), 8 survivors (8192K)
 Metaspace       used 210677K, committed 214336K, reserved 1245184K
  class space    used 27694K, committed 29568K, reserved 1048576K
}
Event: 751.468 GC heap before
{Heap before GC invocations=96 (full 0):
 garbage-first heap   total 423936K, used 384000K [0x0000000080000000, 0x0000000100000000)
  region size 1024K, 136 young (139264K), 8 survivors (8192K)
 Metaspace       used 210780K, committed 214400K, reserved 1245184K
  class space    used 27695K, committed 29568K, reserved 1048576K
}
Event: 751.477 GC heap after
{Heap after GC invocations=97 (full 0):
 garbage-first heap   total 423936K, used 260732K [0x0000000080000000, 0x0000000100000000)
  region size 1024K, 16 young (16384K), 16 survivors (16384K)
 Metaspace       used 210780K, committed 214400K, reserved 1245184K
  class space    used 27695K, committed 29568K, reserved 1048576K
}
Event: 802.500 GC heap before
{Heap before GC invocations=97 (full 0):
 garbage-first heap   total 423936K, used 384636K [0x0000000080000000, 0x0000000100000000)
  region size 1024K, 137 young (140288K), 16 survivors (16384K)
 Metaspace       used 210915K, committed 214528K, reserved 1245184K
  class space    used 27697K, committed 29568K, reserved 1048576K
}
Event: 802.522 GC heap after
{Heap after GC invocations=98 (full 0):
 garbage-first heap   total 428032K, used 260072K [0x0000000080000000, 0x0000000100000000)
  region size 1024K, 18 young (18432K), 18 survivors (18432K)
 Metaspace       used 210915K, committed 214528K, reserved 1245184K
  class space    used 27697K, committed 29568K, reserved 1048576K
}
Event: 802.771 GC heap before
{Heap before GC invocations=98 (full 0):
 garbage-first heap   total 428032K, used 275432K [0x0000000080000000, 0x0000000100000000)
  region size 1024K, 35 young (35840K), 18 survivors (18432K)
 Metaspace       used 210939K, committed 214528K, reserved 1245184K
  class space    used 27698K, committed 29568K, reserved 1048576K
}
Event: 802.783 GC heap after
{Heap after GC invocations=99 (full 0):
 garbage-first heap   total 428032K, used 265216K [0x0000000080000000, 0x0000000100000000)
  region size 1024K, 4 young (4096K), 4 survivors (4096K)
 Metaspace       used 210939K, committed 214528K, reserved 1245184K
  class space    used 27698K, committed 29568K, reserved 1048576K
}
Event: 845.929 GC heap before
{Heap before GC invocations=100 (full 0):
 garbage-first heap   total 583680K, used 477184K [0x0000000080000000, 0x0000000100000000)
  region size 1024K, 129 young (132096K), 4 survivors (4096K)
 Metaspace       used 211119K, committed 214784K, reserved 1245184K
  class space    used 27699K, committed 29568K, reserved 1048576K
}
Event: 845.938 GC heap after
{Heap after GC invocations=101 (full 0):
 garbage-first heap   total 583680K, used 273534K [0x0000000080000000, 0x0000000100000000)
  region size 1024K, 14 young (14336K), 14 survivors (14336K)
 Metaspace       used 211119K, committed 214784K, reserved 1245184K
  class space    used 27699K, committed 29568K, reserved 1048576K
}
Event: 1070.729 GC heap before
{Heap before GC invocations=101 (full 0):
 garbage-first heap   total 583680K, used 571518K [0x0000000080000000, 0x0000000100000000)
  region size 1024K, 264 young (270336K), 14 survivors (14336K)
 Metaspace       used 212438K, committed 216128K, reserved 1245184K
  class space    used 27808K, committed 29696K, reserved 1048576K
}
Event: 1070.752 GC heap after
{Heap after GC invocations=102 (full 0):
 garbage-first heap   total 607232K, used 280247K [0x0000000080000000, 0x0000000100000000)
  region size 1024K, 30 young (30720K), 30 survivors (30720K)
 Metaspace       used 212438K, committed 216128K, reserved 1245184K
  class space    used 27808K, committed 29696K, reserved 1048576K
}
Event: 1071.360 GC heap before
{Heap before GC invocations=102 (full 0):
 garbage-first heap   total 607232K, used 356023K [0x0000000080000000, 0x0000000100000000)
  region size 1024K, 106 young (108544K), 30 survivors (30720K)
 Metaspace       used 214447K, committed 218048K, reserved 1245184K
  class space    used 27986K, committed 29824K, reserved 1048576K
}
Event: 1071.378 GC heap after
{Heap after GC invocations=103 (full 0):
 garbage-first heap   total 607232K, used 285619K [0x0000000080000000, 0x0000000100000000)
  region size 1024K, 22 young (22528K), 22 survivors (22528K)
 Metaspace       used 214447K, committed 218048K, reserved 1245184K
  class space    used 27986K, committed 29824K, reserved 1048576K
}
Event: 1075.342 GC heap before
{Heap before GC invocations=104 (full 0):
 garbage-first heap   total 607232K, used 606131K [0x0000000080000000, 0x0000000100000000)
  region size 1024K, 206 young (210944K), 22 survivors (22528K)
 Metaspace       used 215540K, committed 219136K, reserved 1245184K
  class space    used 28074K, committed 29952K, reserved 1048576K
}
Event: 1076.557 GC heap after
{Heap after GC invocations=105 (full 0):
 garbage-first heap   total 653312K, used 359075K [0x0000000080000000, 0x0000000100000000)
  region size 1024K, 33 young (33792K), 33 survivors (33792K)
 Metaspace       used 215540K, committed 219136K, reserved 1245184K
  class space    used 28074K, committed 29952K, reserved 1048576K
}

Dll operation events (16 events):
Event: 0.141 Loaded shared library C:\Users\DELL\.gradle\jdks\eclipse_adoptium-21-amd64-windows.2\bin\java.dll
Event: 0.172 Loaded shared library C:\Users\DELL\.gradle\jdks\eclipse_adoptium-21-amd64-windows.2\bin\jsvml.dll
Event: 0.227 Loaded shared library C:\Users\DELL\.gradle\jdks\eclipse_adoptium-21-amd64-windows.2\bin\zip.dll
Event: 0.236 Loaded shared library C:\Users\DELL\.gradle\jdks\eclipse_adoptium-21-amd64-windows.2\bin\instrument.dll
Event: 0.246 Loaded shared library C:\Users\DELL\.gradle\jdks\eclipse_adoptium-21-amd64-windows.2\bin\net.dll
Event: 0.251 Loaded shared library C:\Users\DELL\.gradle\jdks\eclipse_adoptium-21-amd64-windows.2\bin\nio.dll
Event: 0.254 Loaded shared library C:\Users\DELL\.gradle\jdks\eclipse_adoptium-21-amd64-windows.2\bin\zip.dll
Event: 0.613 Loaded shared library C:\Users\DELL\.gradle\jdks\eclipse_adoptium-21-amd64-windows.2\bin\jimage.dll
Event: 0.889 Loaded shared library C:\Users\DELL\.gradle\jdks\eclipse_adoptium-21-amd64-windows.2\bin\verify.dll
Event: 0.932 Loaded shared library C:\Users\DELL\.gradle\native\660c5614fbf4a5f2a75b1949f50a0caf5cd603558e7d8a26e50b933a0cfb79d1\windows-amd64\native-platform.dll
Event: 0.945 Loaded shared library C:\Users\DELL\.gradle\native\0.2.8\x86_64-windows-gnu\gradle-fileevents.dll
Event: 2.123 Loaded shared library C:\Users\DELL\.gradle\jdks\eclipse_adoptium-21-amd64-windows.2\bin\management.dll
Event: 2.130 Loaded shared library C:\Users\DELL\.gradle\jdks\eclipse_adoptium-21-amd64-windows.2\bin\management_ext.dll
Event: 2.346 Loaded shared library C:\Users\DELL\.gradle\jdks\eclipse_adoptium-21-amd64-windows.2\bin\extnet.dll
Event: 2.638 Loaded shared library C:\Users\DELL\.gradle\jdks\eclipse_adoptium-21-amd64-windows.2\bin\sunmscapi.dll
Event: 681.038 Loaded shared library C:\Users\DELL\AppData\Local\Temp\jna-2094529\jna11912242325913095947.dll

Deoptimization events (20 events):
Event: 1074.865 Thread 0x00000267e471c7c0 DEOPT PACKING pc=0x0000026788f575b8 sp=0x000000e9d5afdb20
Event: 1074.865 Thread 0x00000267e471c7c0 DEOPT UNPACKING pc=0x00000267875846a2 sp=0x000000e9d5afdab8 mode 2
Event: 1074.867 Thread 0x00000267e471c7c0 DEOPT PACKING pc=0x0000026780942eac sp=0x000000e9d5afdb20
Event: 1074.867 Thread 0x00000267e471c7c0 DEOPT UNPACKING pc=0x0000026787584e42 sp=0x000000e9d5afd020 mode 0
Event: 1074.869 Thread 0x00000267e471c7c0 DEOPT PACKING pc=0x0000026780942eac sp=0x000000e9d5afdb20
Event: 1074.869 Thread 0x00000267e471c7c0 DEOPT UNPACKING pc=0x0000026787584e42 sp=0x000000e9d5afd020 mode 0
Event: 1074.871 Thread 0x00000267e471c7c0 DEOPT PACKING pc=0x0000026780942eac sp=0x000000e9d5afdb20
Event: 1074.871 Thread 0x00000267e471c7c0 DEOPT UNPACKING pc=0x0000026787584e42 sp=0x000000e9d5afd020 mode 0
Event: 1074.872 Thread 0x00000267e471c7c0 DEOPT PACKING pc=0x0000026780942eac sp=0x000000e9d5afdb20
Event: 1074.872 Thread 0x00000267e471c7c0 DEOPT UNPACKING pc=0x0000026787584e42 sp=0x000000e9d5afd020 mode 0
Event: 1074.873 Thread 0x00000267e471c7c0 DEOPT PACKING pc=0x0000026780942eac sp=0x000000e9d5afdb20
Event: 1074.873 Thread 0x00000267e471c7c0 DEOPT UNPACKING pc=0x0000026787584e42 sp=0x000000e9d5afd020 mode 0
Event: 1074.874 Thread 0x00000267e471c7c0 DEOPT PACKING pc=0x0000026780942eac sp=0x000000e9d5afdb20
Event: 1074.874 Thread 0x00000267e471c7c0 DEOPT UNPACKING pc=0x0000026787584e42 sp=0x000000e9d5afd020 mode 0
Event: 1074.876 Thread 0x00000267e471c7c0 DEOPT PACKING pc=0x0000026780942eac sp=0x000000e9d5afdb20
Event: 1074.876 Thread 0x00000267e471c7c0 DEOPT UNPACKING pc=0x0000026787584e42 sp=0x000000e9d5afd020 mode 0
Event: 1076.573 Thread 0x00000267e471c7c0 Uncommon trap: trap_request=0xffffff45 fr.pc=0x0000026788f7cb70 relative=0x00000000000081b0
Event: 1076.573 Thread 0x00000267e471c7c0 Uncommon trap: reason=unstable_if action=reinterpret pc=0x0000026788f7cb70 method=com.android.tools.r8.dex.z.k()V @ 267 c2
Event: 1076.573 Thread 0x00000267e471c7c0 DEOPT PACKING pc=0x0000026788f7cb70 sp=0x000000e9d5afdcc0
Event: 1076.573 Thread 0x00000267e471c7c0 DEOPT UNPACKING pc=0x00000267875846a2 sp=0x000000e9d5afdc98 mode 2

Classes loaded (20 events):
Event: 680.370 Loading class sun/security/ssl/PreSharedKeyExtension$SHPreSharedKeySpec
Event: 680.370 Loading class sun/security/ssl/PreSharedKeyExtension$SHPreSharedKeySpec done
Event: 680.950 Loading class sun/security/ssl/Alert
Event: 680.954 Loading class sun/security/ssl/Alert done
Event: 680.955 Loading class sun/security/ssl/Alert$AlertConsumer
Event: 680.955 Loading class sun/security/ssl/Alert$AlertConsumer done
Event: 680.955 Loading class sun/security/ssl/Alert$Level
Event: 680.955 Loading class sun/security/ssl/Alert$Level done
Event: 681.039 Loading class java/nio/FloatBuffer
Event: 681.039 Loading class java/nio/FloatBuffer done
Event: 681.040 Loading class java/nio/DoubleBuffer
Event: 681.040 Loading class java/nio/DoubleBuffer done
Event: 846.020 Loading class java/lang/annotation/IncompleteAnnotationException
Event: 846.020 Loading class java/lang/annotation/IncompleteAnnotationException done
Event: 1064.342 Loading class com/sun/org/apache/xerces/internal/dom/DeferredDOMImplementationImpl
Event: 1064.342 Loading class com/sun/org/apache/xerces/internal/dom/DeferredDOMImplementationImpl done
Event: 1070.700 Loading class java/util/Spliterators$2Adapter
Event: 1070.700 Loading class java/util/Spliterators$2Adapter done
Event: 1070.758 Loading class java/lang/StringUTF16$CodePointsSpliterator
Event: 1070.759 Loading class java/lang/StringUTF16$CodePointsSpliterator done

Classes unloaded (20 events):
Event: 363.975 Thread 0x00000267917b44b0 Unloading class 0x0000026794754000 'java/lang/invoke/LambdaForm$MH+0x0000026794754000'
Event: 402.144 Thread 0x00000267917b44b0 Unloading class 0x0000026794936400 'java/lang/invoke/LambdaForm$MH+0x0000026794936400'
Event: 402.144 Thread 0x00000267917b44b0 Unloading class 0x000002679492e400 'java/lang/invoke/LambdaForm$MH+0x000002679492e400'
Event: 678.083 Thread 0x00000267917b44b0 Unloading class 0x0000026794951800 'java/lang/invoke/LambdaForm$MH+0x0000026794951800'
Event: 678.083 Thread 0x00000267917b44b0 Unloading class 0x000002679494b800 'java/lang/invoke/LambdaForm$MH+0x000002679494b800'
Event: 678.083 Thread 0x00000267917b44b0 Unloading class 0x0000026794754000 'java/lang/invoke/LambdaForm$MH+0x0000026794754000'
Event: 682.667 Thread 0x00000267917b44b0 Unloading class 0x0000026794a697c0 '_BuildScript_$_run_closure2'
Event: 682.667 Thread 0x00000267917b44b0 Unloading class 0x0000026794a693e0 '_BuildScript_$_run_closure1$_closure5'
Event: 682.667 Thread 0x00000267917b44b0 Unloading class 0x0000026794a69000 '_BuildScript_$_run_closure1$_closure4$_closure6'
Event: 682.667 Thread 0x00000267917b44b0 Unloading class 0x0000026794a65c00 '_BuildScript_$_run_closure1$_closure4'
Event: 682.667 Thread 0x00000267917b44b0 Unloading class 0x0000026794a688d0 '_BuildScript_$_run_closure1$_closure3'
Event: 682.667 Thread 0x00000267917b44b0 Unloading class 0x0000026794a684f0 '_BuildScript_$_run_closure1'
Event: 682.667 Thread 0x00000267917b44b0 Unloading class 0x0000026794a68000 '_BuildScript_'
Event: 682.667 Thread 0x00000267917b44b0 Unloading class 0x0000026794a4cc00 '_BuildScript_$_run_closure1'
Event: 682.667 Thread 0x00000267917b44b0 Unloading class 0x0000026794a4c000 '_BuildScript_'
Event: 682.667 Thread 0x00000267917b44b0 Unloading class 0x0000026794958800 'java/lang/invoke/LambdaForm$MH+0x0000026794958800'
Event: 745.922 Thread 0x00000267917b44b0 Unloading class 0x000002679494b800 'java/lang/invoke/LambdaForm$MH+0x000002679494b800'
Event: 802.888 Thread 0x00000267917b44b0 Unloading class 0x0000026794c68000 'java/lang/invoke/LambdaForm$MH+0x0000026794c68000'
Event: 802.888 Thread 0x00000267917b44b0 Unloading class 0x0000026794c45000 'java/lang/invoke/LambdaForm$MH+0x0000026794c45000'
Event: 1071.580 Thread 0x00000267917b44b0 Unloading class 0x0000026794cd3800 'java/lang/invoke/LambdaForm$MH+0x0000026794cd3800'

Classes redefined (0 events):
No events

Internal exceptions (20 events):
Event: 1071.526 Thread 0x00000267de58b2a0 Exception <a 'sun/nio/fs/WindowsException'{0x00000000fe12faa0}> (0x00000000fe12faa0) 
thrown [s\src\hotspot\share\prims\jni.cpp, line 520]
Event: 1071.526 Thread 0x00000267de58b2a0 Exception <a 'sun/nio/fs/WindowsException'{0x00000000fe130988}> (0x00000000fe130988) 
thrown [s\src\hotspot\share\prims\jni.cpp, line 520]
Event: 1071.526 Thread 0x00000267de58b2a0 Exception <a 'sun/nio/fs/WindowsException'{0x00000000fe1e5e70}> (0x00000000fe1e5e70) 
thrown [s\src\hotspot\share\prims\jni.cpp, line 520]
Event: 1071.526 Thread 0x00000267de58b2a0 Exception <a 'sun/nio/fs/WindowsException'{0x00000000fe1e6ef8}> (0x00000000fe1e6ef8) 
thrown [s\src\hotspot\share\prims\jni.cpp, line 520]
Event: 1071.527 Thread 0x00000267de58b2a0 Exception <a 'sun/nio/fs/WindowsException'{0x00000000fe1e7db0}> (0x00000000fe1e7db0) 
thrown [s\src\hotspot\share\prims\jni.cpp, line 520]
Event: 1071.527 Thread 0x00000267de58b2a0 Exception <a 'sun/nio/fs/WindowsException'{0x00000000fe1e7f08}> (0x00000000fe1e7f08) 
thrown [s\src\hotspot\share\prims\jni.cpp, line 520]
Event: 1071.536 Thread 0x00000267de58bfc0 Exception <a 'sun/nio/fs/WindowsException'{0x00000000fe380710}> (0x00000000fe380710) 
thrown [s\src\hotspot\share\prims\jni.cpp, line 520]
Event: 1071.552 Thread 0x00000267d95f8f90 Exception <a 'sun/nio/fs/WindowsException'{0x00000000fdbc9e28}> (0x00000000fdbc9e28) 
thrown [s\src\hotspot\share\prims\jni.cpp, line 520]
Event: 1071.556 Thread 0x00000267d95f8f90 Exception <a 'sun/nio/fs/WindowsException'{0x00000000fdbd58b8}> (0x00000000fdbd58b8) 
thrown [s\src\hotspot\share\prims\jni.cpp, line 520]
Event: 1071.556 Thread 0x00000267d95f8f90 Exception <a 'sun/nio/fs/WindowsException'{0x00000000fdbd59e8}> (0x00000000fdbd59e8) 
thrown [s\src\hotspot\share\prims\jni.cpp, line 520]
Event: 1071.556 Thread 0x00000267d95f8f90 Exception <a 'sun/nio/fs/WindowsException'{0x00000000fdbd5b70}> (0x00000000fdbd5b70) 
thrown [s\src\hotspot\share\prims\jni.cpp, line 520]
Event: 1071.904 Thread 0x00000267de58b2a0 Exception <a 'sun/nio/fs/WindowsException'{0x00000000a0413790}> (0x00000000a0413790) 
thrown [s\src\hotspot\share\prims\jni.cpp, line 520]
Event: 1071.905 Thread 0x00000267de58b2a0 Exception <a 'sun/nio/fs/WindowsException'{0x00000000a04155e0}> (0x00000000a04155e0) 
thrown [s\src\hotspot\share\prims\jni.cpp, line 520]
Event: 1071.905 Thread 0x00000267de58b2a0 Exception <a 'sun/nio/fs/WindowsException'{0x00000000a0416fe0}> (0x00000000a0416fe0) 
thrown [s\src\hotspot\share\prims\jni.cpp, line 520]
Event: 1072.045 Thread 0x00000267de58e090 Exception <a 'sun/nio/fs/WindowsException'{0x000000009f2bd6d0}> (0x000000009f2bd6d0) 
thrown [s\src\hotspot\share\prims\jni.cpp, line 520]
Event: 1072.045 Thread 0x00000267de58e090 Exception <a 'sun/nio/fs/WindowsException'{0x000000009f2bfa60}> (0x000000009f2bfa60) 
thrown [s\src\hotspot\share\prims\jni.cpp, line 520]
Event: 1072.045 Thread 0x00000267de58e090 Exception <a 'sun/nio/fs/WindowsException'{0x000000009f2c1ce8}> (0x000000009f2c1ce8) 
thrown [s\src\hotspot\share\prims\jni.cpp, line 520]
Event: 1072.098 Thread 0x00000267de58e090 Exception <a 'sun/nio/fs/WindowsException'{0x000000009e90df28}> (0x000000009e90df28) 
thrown [s\src\hotspot\share\prims\jni.cpp, line 520]
Event: 1073.067 Thread 0x00000267de58e090 Exception <a 'sun/nio/fs/WindowsException'{0x000000009d83f2a0}> (0x000000009d83f2a0) 
thrown [s\src\hotspot\share\prims\jni.cpp, line 520]
Event: 1073.412 Thread 0x00000267de58e090 Exception <a 'sun/nio/fs/WindowsException'{0x000000009b758cf8}> (0x000000009b758cf8) 
thrown [s\src\hotspot\share\prims\jni.cpp, line 520]

ZGC Phase Switch (0 events):
No events

VM Operations (20 events):
Event: 1069.761 Executing VM operation: Cleanup
Event: 1069.761 Executing VM operation: Cleanup done
Event: 1070.721 Executing VM operation: G1CollectForAllocation (G1 Evacuation Pause)
Event: 1070.752 Executing VM operation: G1CollectForAllocation (G1 Evacuation Pause) done
Event: 1071.360 Executing VM operation: G1TryInitiateConcMark (G1 Humongous Allocation)
Event: 1071.378 Executing VM operation: G1TryInitiateConcMark (G1 Humongous Allocation) done
Event: 1071.577 Executing VM operation: G1PauseRemark
Event: 1071.621 Executing VM operation: G1PauseRemark done
Event: 1071.807 Executing VM operation: G1PauseCleanup
Event: 1071.808 Executing VM operation: G1PauseCleanup done
Event: 1072.809 Executing VM operation: Cleanup
Event: 1072.810 Executing VM operation: Cleanup done
Event: 1073.810 Executing VM operation: Cleanup
Event: 1073.810 Executing VM operation: Cleanup done
Event: 1074.811 Executing VM operation: Cleanup
Event: 1074.811 Executing VM operation: Cleanup done
Event: 1075.342 Executing VM operation: G1CollectForAllocation (G1 Evacuation Pause)
Event: 1076.557 Executing VM operation: G1CollectForAllocation (G1 Evacuation Pause) done
Event: 1077.558 Executing VM operation: Cleanup
Event: 1077.763 Executing VM operation: Cleanup done

Memory protections (0 events):
No events

Nmethod flushes (20 events):
Event: 1071.618 Thread 0x00000267917b44b0 flushing  nmethod 0x000002678008f290
Event: 1071.618 Thread 0x00000267917b44b0 flushing  nmethod 0x000002678013be90
Event: 1071.618 Thread 0x00000267917b44b0 flushing  nmethod 0x0000026780293810
Event: 1071.618 Thread 0x00000267917b44b0 flushing  nmethod 0x0000026780530590
Event: 1071.618 Thread 0x00000267917b44b0 flushing  nmethod 0x0000026780620410
Event: 1071.618 Thread 0x00000267917b44b0 flushing  nmethod 0x000002678070e610
Event: 1071.618 Thread 0x00000267917b44b0 flushing  nmethod 0x00000267808af690
Event: 1071.618 Thread 0x00000267917b44b0 flushing  nmethod 0x0000026780d6c110
Event: 1071.618 Thread 0x00000267917b44b0 flushing  nmethod 0x0000026780deec90
Event: 1071.618 Thread 0x00000267917b44b0 flushing  nmethod 0x0000026780ec1290
Event: 1071.618 Thread 0x00000267917b44b0 flushing  nmethod 0x00000267810c5410
Event: 1071.618 Thread 0x00000267917b44b0 flushing  nmethod 0x000002678121a690
Event: 1071.618 Thread 0x00000267917b44b0 flushing  nmethod 0x00000267812fb490
Event: 1071.618 Thread 0x00000267917b44b0 flushing  nmethod 0x00000267813cb010
Event: 1071.618 Thread 0x00000267917b44b0 flushing  nmethod 0x0000026781478790
Event: 1071.618 Thread 0x00000267917b44b0 flushing  nmethod 0x0000026782004c90
Event: 1071.618 Thread 0x00000267917b44b0 flushing  nmethod 0x0000026782153a90
Event: 1071.618 Thread 0x00000267917b44b0 flushing  nmethod 0x00000267826cc790
Event: 1071.618 Thread 0x00000267917b44b0 flushing  nmethod 0x00000267827cdb90
Event: 1071.618 Thread 0x00000267917b44b0 flushing  nmethod 0x00000267827ebd10

Events (20 events):
Event: 1068.600 Thread 0x00000267ed439050 Thread exited: 0x00000267ed439050
Event: 1068.878 Thread 0x00000267917f1440 Thread added: 0x00000267ed43b260
Event: 1069.152 Thread 0x00000267ed43b260 Thread exited: 0x00000267ed43b260
Event: 1069.354 Thread 0x00000267917f0da0 Thread added: 0x00000267ed43b260
Event: 1070.608 Thread 0x00000267de589ef0 Thread added: 0x00000267e471c7c0
Event: 1070.612 Thread 0x00000267de589ef0 Thread added: 0x00000267e471baa0
Event: 1070.618 Thread 0x00000267de589ef0 Thread added: 0x00000267e471ce50
Event: 1072.091 Thread 0x00000267de58e090 Thread added: 0x00000267d9b20330
Event: 1072.091 Thread 0x00000267de58e090 Thread added: 0x00000267ddcf0130
Event: 1072.092 Thread 0x00000267de58e090 Thread added: 0x00000267ddcee6f0
Event: 1072.092 Thread 0x00000267de58e090 Thread added: 0x00000267ddcf07c0
Event: 1072.092 Thread 0x00000267de58e090 Thread added: 0x00000267ddced9d0
Event: 1072.092 Thread 0x00000267de58e090 Thread added: 0x00000267ddcf14e0
Event: 1072.093 Thread 0x00000267de58e090 Thread added: 0x00000267ddcee060
Event: 1072.093 Thread 0x00000267de58e090 Thread added: 0x00000267ddcf42d0
Event: 1072.884 Thread 0x00000267ed43b260 Thread exited: 0x00000267ed43b260
Event: 1073.114 Thread 0x00000267917f1440 Thread added: 0x00000267dd70c9b0
Event: 1074.517 Thread 0x00000267dd70c9b0 Thread exited: 0x00000267dd70c9b0
Event: 1074.540 Thread 0x00000267917f1440 Thread added: 0x00000267dd70c9b0
Event: 1077.763 Thread 0x00000267e471c7c0 Thread added: 0x00000267d93eee00


Dynamic libraries:
0x00007ff6e3990000 - 0x00007ff6e399e000 	C:\Users\DELL\.gradle\jdks\eclipse_adoptium-21-amd64-windows.2\bin\java.exe
0x00007ffad9780000 - 0x00007ffad99e7000 	C:\WINDOWS\SYSTEM32\ntdll.dll
0x00007ffad8110000 - 0x00007ffad81d9000 	C:\WINDOWS\System32\KERNEL32.DLL
0x00007ffad70f0000 - 0x00007ffad74e1000 	C:\WINDOWS\System32\KERNELBASE.dll
0x00007ffaa13a0000 - 0x00007ffaa143f000 	c:\Users\DELL\AppData\Local\Programs\Trae\resources\app\modules\sandbox\x64\trae_sbox.dll
0x00007ffad8b80000 - 0x00007ffad8c3b000 	C:\WINDOWS\System32\ADVAPI32.dll
0x00007ffad8c40000 - 0x00007ffad8ce9000 	C:\WINDOWS\System32\msvcrt.dll
0x00007ffad8210000 - 0x00007ffad82b7000 	C:\WINDOWS\System32\sechost.dll
0x00007ffad8380000 - 0x00007ffad8498000 	C:\WINDOWS\System32\RPCRT4.dll
0x00007ffad61c0000 - 0x00007ffad630b000 	C:\WINDOWS\System32\ucrtbase.dll
0x00007ffaa2400000 - 0x00007ffaa241e000 	C:\Users\DELL\.gradle\jdks\eclipse_adoptium-21-amd64-windows.2\bin\VCRUNTIME140.dll
0x00007ffaa2420000 - 0x00007ffaa2438000 	C:\Users\DELL\.gradle\jdks\eclipse_adoptium-21-amd64-windows.2\bin\jli.dll
0x00007ffad75a0000 - 0x00007ffad7765000 	C:\WINDOWS\System32\USER32.dll
0x00007ffad74f0000 - 0x00007ffad7517000 	C:\WINDOWS\System32\win32u.dll
0x00007ffabc3e0000 - 0x00007ffabc673000 	C:\WINDOWS\WinSxS\amd64_microsoft.windows.common-controls_6595b64144ccf1df_6.0.26100.8037_none_3e092faae333b53b\COMCTL32.dll
0x00007ffad81e0000 - 0x00007ffad820b000 	C:\WINDOWS\System32\GDI32.dll
0x00007ffad6db0000 - 0x00007ffad6edb000 	C:\WINDOWS\System32\gdi32full.dll
0x00007ffad6060000 - 0x00007ffad6103000 	C:\WINDOWS\System32\msvcp_win.dll
0x00007ffaa3220000 - 0x00007ffaa32af000 	c:\Users\DELL\AppData\Local\Programs\Trae\resources\app\modules\sandbox\x64\sbox_ipc.dll
0x00007ffad9040000 - 0x00007ffad9071000 	C:\WINDOWS\System32\IMM32.DLL
0x00007ffad3c80000 - 0x00007ffad3ec2000 	C:\WINDOWS\SYSTEM32\dbghelp.dll
0x00007ffad8700000 - 0x00007ffad8a82000 	C:\WINDOWS\System32\combase.dll
0x00007ffad8aa0000 - 0x00007ffad8b77000 	C:\WINDOWS\System32\OLEAUT32.dll
0x00007ffab4820000 - 0x00007ffab482c000 	C:\Users\DELL\.gradle\jdks\eclipse_adoptium-21-amd64-windows.2\bin\vcruntime140_1.dll
0x00007ffab7890000 - 0x00007ffab78cb000 	C:\WINDOWS\SYSTEM32\dbgcore.DLL
0x00007ffa9b5c0000 - 0x00007ffa9b64d000 	C:\Users\DELL\.gradle\jdks\eclipse_adoptium-21-amd64-windows.2\bin\msvcp140.dll
0x00007ffa2ddc0000 - 0x00007ffa2eb50000 	C:\Users\DELL\.gradle\jdks\eclipse_adoptium-21-amd64-windows.2\bin\server\jvm.dll
0x00007ffad7520000 - 0x00007ffad7594000 	C:\WINDOWS\System32\WS2_32.dll
0x00007ffad5ec0000 - 0x00007ffad5f1e000 	C:\WINDOWS\SYSTEM32\POWRPROF.dll
0x00007ffad10d0000 - 0x00007ffad1105000 	C:\WINDOWS\SYSTEM32\WINMM.dll
0x00007ffac2cb0000 - 0x00007ffac2cbb000 	C:\WINDOWS\SYSTEM32\VERSION.dll
0x00007ffad5ea0000 - 0x00007ffad5eb4000 	C:\WINDOWS\SYSTEM32\UMPDC.dll
0x00007ffad4df0000 - 0x00007ffad4e0b000 	C:\WINDOWS\SYSTEM32\kernel.appcore.dll
0x00007ffaa3400000 - 0x00007ffaa340a000 	C:\Users\DELL\.gradle\jdks\eclipse_adoptium-21-amd64-windows.2\bin\jimage.dll
0x00007ffad6110000 - 0x00007ffad61b5000 	C:\WINDOWS\System32\bcryptPrimitives.dll
0x00007ffaa2d50000 - 0x00007ffaa2d5f000 	C:\Users\DELL\.gradle\jdks\eclipse_adoptium-21-amd64-windows.2\bin\instrument.dll
0x00007ffaa23e0000 - 0x00007ffaa23ff000 	C:\Users\DELL\.gradle\jdks\eclipse_adoptium-21-amd64-windows.2\bin\java.dll
0x00007ffad7990000 - 0x00007ffad80ef000 	C:\WINDOWS\System32\Shell32.dll
0x00007ffad6b80000 - 0x00007ffad6cea000 	C:\WINDOWS\System32\wintypes.dll
0x00007ffad6310000 - 0x00007ffad6b74000 	C:\WINDOWS\System32\windows.storage.dll
0x00007ffad8f40000 - 0x00007ffad9037000 	C:\WINDOWS\System32\shcore.dll
0x00007ffad2c40000 - 0x00007ffad2cea000 	C:\WINDOWS\system32\uxtheme.dll
0x00007ffad7770000 - 0x00007ffad77d7000 	C:\WINDOWS\System32\shlwapi.dll
0x00007ffad82c0000 - 0x00007ffad836e000 	C:\WINDOWS\System32\clbcatq.dll
0x00007ffad90b0000 - 0x00007ffad9245000 	C:\WINDOWS\System32\ole32.dll
0x00007ffad5bd0000 - 0x00007ffad5c27000 	C:\WINDOWS\SYSTEM32\CFGMGR32.dll
0x00007ffad14b0000 - 0x00007ffad15b3000 	C:\WINDOWS\system32\propsys.dll
0x00007ffad4f10000 - 0x00007ffad4f46000 	C:\WINDOWS\SYSTEM32\ntmarta.dll
0x00007ffad2960000 - 0x00007ffad29ff000 	C:\WINDOWS\SYSTEM32\apphelp.dll
0x00007ffabe840000 - 0x00007ffabe869000 	C:\Windows\System32\srvcli.dll
0x00007ffad5090000 - 0x00007ffad50d9000 	C:\Windows\System32\SspiCli.dll
0x00007ffad5f50000 - 0x00007ffad5f7a000 	C:\WINDOWS\SYSTEM32\bcrypt.dll
0x00007ffad5f80000 - 0x00007ffad5fa9000 	C:\WINDOWS\SYSTEM32\profapi.dll
0x00007ffa907d0000 - 0x00007ffa908a7000 	C:\Users\DELL\.gradle\jdks\eclipse_adoptium-21-amd64-windows.2\bin\jsvml.dll
0x00007ffaa23c0000 - 0x00007ffaa23d8000 	C:\Users\DELL\.gradle\jdks\eclipse_adoptium-21-amd64-windows.2\bin\zip.dll
0x00007ffaa2070000 - 0x00007ffaa2080000 	C:\Users\DELL\.gradle\jdks\eclipse_adoptium-21-amd64-windows.2\bin\net.dll
0x00007ffac5690000 - 0x00007ffac57b7000 	C:\WINDOWS\SYSTEM32\WINHTTP.dll
0x00007ffad5360000 - 0x00007ffad53cb000 	C:\WINDOWS\system32\mswsock.dll
0x00007ffaa2050000 - 0x00007ffaa2066000 	C:\Users\DELL\.gradle\jdks\eclipse_adoptium-21-amd64-windows.2\bin\nio.dll
0x00007ffaa2040000 - 0x00007ffaa2050000 	C:\Users\DELL\.gradle\jdks\eclipse_adoptium-21-amd64-windows.2\bin\verify.dll
0x00007ffab5180000 - 0x00007ffab51a7000 	C:\Users\DELL\.gradle\native\660c5614fbf4a5f2a75b1949f50a0caf5cd603558e7d8a26e50b933a0cfb79d1\windows-amd64\native-platform.dll
0x00007ffa9b300000 - 0x00007ffa9b377000 	C:\Users\DELL\.gradle\native\0.2.8\x86_64-windows-gnu\gradle-fileevents.dll
0x00007ffaa2030000 - 0x00007ffaa203a000 	C:\Users\DELL\.gradle\jdks\eclipse_adoptium-21-amd64-windows.2\bin\management.dll
0x00007ffaa2020000 - 0x00007ffaa202b000 	C:\Users\DELL\.gradle\jdks\eclipse_adoptium-21-amd64-windows.2\bin\management_ext.dll
0x00007ffad8ea0000 - 0x00007ffad8ea8000 	C:\WINDOWS\System32\PSAPI.DLL
0x00007ffad4850000 - 0x00007ffad4883000 	C:\WINDOWS\SYSTEM32\IPHLPAPI.DLL
0x00007ffad8e90000 - 0x00007ffad8e9a000 	C:\WINDOWS\System32\NSI.dll
0x00007ffaa1f50000 - 0x00007ffaa1f59000 	C:\Users\DELL\.gradle\jdks\eclipse_adoptium-21-amd64-windows.2\bin\extnet.dll
0x00007ffad5640000 - 0x00007ffad565b000 	C:\WINDOWS\SYSTEM32\CRYPTSP.dll
0x00007ffad4d50000 - 0x00007ffad4d89000 	C:\WINDOWS\system32\rsaenh.dll
0x00007ffad5410000 - 0x00007ffad5442000 	C:\WINDOWS\SYSTEM32\USERENV.dll
0x00007ffad5660000 - 0x00007ffad566c000 	C:\WINDOWS\SYSTEM32\CRYPTBASE.dll
0x00007ffaa1f40000 - 0x00007ffaa1f4e000 	C:\Users\DELL\.gradle\jdks\eclipse_adoptium-21-amd64-windows.2\bin\sunmscapi.dll
0x00007ffad6f70000 - 0x00007ffad70e7000 	C:\WINDOWS\System32\CRYPT32.dll
0x00007ffad5860000 - 0x00007ffad5890000 	C:\WINDOWS\SYSTEM32\ncrypt.dll
0x00007ffad5810000 - 0x00007ffad584f000 	C:\WINDOWS\SYSTEM32\NTASN1.dll
0x00007ffabfb20000 - 0x00007ffabfb28000 	C:\WINDOWS\system32\wshunix.dll
0x00007ffad8df0000 - 0x00007ffad8e6c000 	C:\WINDOWS\System32\coml2.dll
0x00007ffab5910000 - 0x00007ffab5957000 	C:\WINDOWS\SYSTEM32\windows.staterepositoryclient.dll
0x00007ffa94ed0000 - 0x00007ffa94f76000 	C:\WINDOWS\system32\ntshrui.dll
0x00007ffab1620000 - 0x00007ffab1633000 	C:\WINDOWS\SYSTEM32\cscapi.dll
0x00007ffa975d0000 - 0x00007ffa975df000 	C:\WINDOWS\SYSTEM32\LINKINFO.dll
0x00007ffad47c0000 - 0x00007ffad47cd000 	C:\Windows\System32\netutils.dll
0x00007ffad48f0000 - 0x00007ffad4a1a000 	C:\WINDOWS\SYSTEM32\DNSAPI.dll
0x0000000077b00000 - 0x0000000077b26000 	C:\Program Files\Bonjour\mdnsNSP.dll
0x00007ffacb4c0000 - 0x00007ffacb4cb000 	C:\Windows\System32\rasadhlp.dll
0x00007ffacdf90000 - 0x00007fface016000 	C:\WINDOWS\System32\fwpuclnt.dll
0x00007ffaa32c0000 - 0x00007ffaa3301000 	C:\Users\DELL\AppData\Local\Temp\jna-2094529\jna11912242325913095947.dll
0x00007ffac3c60000 - 0x00007ffac42b2000 	C:\Windows\System32\OneCoreUAPCommonProxyStub.dll
0x00007ffabead0000 - 0x00007ffabec47000 	C:\Windows\System32\Windows.System.Launcher.dll
0x00007ffac3040000 - 0x00007ffac305a000 	C:\WINDOWS\SYSTEM32\windows.staterepositorycore.dll
0x00007ffabfa50000 - 0x00007ffabfb14000 	C:\Windows\System32\Windows.StateRepositoryPS.dll
0x00007ffaba2d0000 - 0x00007ffaba4ad000 	C:\Windows\System32\urlmon.dll
0x00007ffaba000000 - 0x00007ffaba2c4000 	C:\Windows\System32\iertutil.dll
0x00007ffa7f4b0000 - 0x00007ffa7f56f000 	C:\Windows\System32\Windows.FileExplorer.Common.dll
0x00007ffa9c390000 - 0x00007ffa9c3c0000 	C:\WINDOWS\system32\mssprxy.dll

dbghelp: loaded successfully - version: 4.0.5 - missing functions: none
symbol engine: initialized successfully - sym options: 0x614 - pdb path: .;C:\Users\DELL\.gradle\jdks\eclipse_adoptium-21-amd64-windows.2\bin;C:\WINDOWS\SYSTEM32;c:\Users\DELL\AppData\Local\Programs\Trae\resources\app\modules\sandbox\x64;C:\WINDOWS\WinSxS\amd64_microsoft.windows.common-controls_6595b64144ccf1df_6.0.26100.8037_none_3e092faae333b53b;C:\Users\DELL\.gradle\jdks\eclipse_adoptium-21-amd64-windows.2\bin\server;C:\Users\DELL\.gradle\native\660c5614fbf4a5f2a75b1949f50a0caf5cd603558e7d8a26e50b933a0cfb79d1\windows-amd64;C:\Users\DELL\.gradle\native\0.2.8\x86_64-windows-gnu;C:\Program Files\Bonjour;C:\Users\DELL\AppData\Local\Temp\jna-2094529

VM Arguments:
jvm_args: --add-opens=java.base/java.lang=ALL-UNNAMED --add-opens=java.base/java.lang.invoke=ALL-UNNAMED --add-opens=java.base/java.util=ALL-UNNAMED --add-opens=java.prefs/java.util.prefs=ALL-UNNAMED --add-exports=jdk.compiler/com.sun.tools.javac.api=ALL-UNNAMED --add-exports=jdk.compiler/com.sun.tools.javac.util=ALL-UNNAMED --add-opens=java.base/java.util=ALL-UNNAMED --add-opens=java.prefs/java.util.prefs=ALL-UNNAMED --add-opens=java.base/java.nio.charset=ALL-UNNAMED --add-opens=java.base/java.net=ALL-UNNAMED --add-opens=java.base/java.util.concurrent=ALL-UNNAMED --add-opens=java.base/java.util.concurrent.atomic=ALL-UNNAMED --add-opens=java.xml/javax.xml.namespace=ALL-UNNAMED --add-opens=java.base/java.time=ALL-UNNAMED -Xmx2048m -Dfile.encoding=UTF-8 -Duser.country=US -Duser.language=en -Duser.variant -javaagent:C:\Users\DELL\.gradle\wrapper\dists\gradle-9.3.1-bin\23ovyewtku6u96viwx3xl3oks\gradle-9.3.1\lib\agents\gradle-instrumentation-agent-9.3.1.jar 
java_command: org.gradle.launcher.daemon.bootstrap.GradleDaemon 9.3.1
java_class_path (initial): C:\Users\DELL\.gradle\wrapper\dists\gradle-9.3.1-bin\23ovyewtku6u96viwx3xl3oks\gradle-9.3.1\lib\gradle-daemon-main-9.3.1.jar
Launcher Type: SUN_STANDARD

[Global flags]
     intx CICompilerCount                          = 4                                         {product} {ergonomic}
     uint ConcGCThreads                            = 3                                         {product} {ergonomic}
     uint G1ConcRefinementThreads                  = 10                                        {product} {ergonomic}
   size_t G1HeapRegionSize                         = 1048576                                   {product} {ergonomic}
    uintx GCDrainStackTargetSize                   = 64                                        {product} {ergonomic}
   size_t InitialHeapSize                          = 264241152                                 {product} {ergonomic}
   size_t MarkStackSize                            = 4194304                                   {product} {ergonomic}
   size_t MaxHeapSize                              = 2147483648                                {product} {command line}
   size_t MaxNewSize                               = 1287651328                                {product} {ergonomic}
   size_t MinHeapDeltaBytes                        = 1048576                                   {product} {ergonomic}
   size_t MinHeapSize                              = 8388608                                   {product} {ergonomic}
    uintx NonNMethodCodeHeapSize                   = 5839372                                {pd product} {ergonomic}
    uintx NonProfiledCodeHeapSize                  = 122909434                              {pd product} {ergonomic}
    uintx ProfiledCodeHeapSize                     = 122909434                              {pd product} {ergonomic}
    uintx ReservedCodeCacheSize                    = 251658240                              {pd product} {ergonomic}
     bool SegmentedCodeCache                       = true                                      {product} {ergonomic}
   size_t SoftMaxHeapSize                          = 2147483648                             {manageable} {ergonomic}
     bool UseCompressedOops                        = true                           {product lp64_product} {ergonomic}
     bool UseG1GC                                  = true                                      {product} {ergonomic}
     bool UseLargePagesIndividualAllocation        = false                                  {pd product} {ergonomic}

Logging:
Log output configuration:
 #0: stdout all=warning uptime,level,tags foldmultilines=false
 #1: stderr all=off uptime,level,tags foldmultilines=false

Environment Variables:
PATH=c:\\Users\\DELL\\.trae\\tools\\trae-gopls\\current;c:\\Users\\DELL\\.trae\\sdks\\workspaces\\bca5830d\\versions\\node\\current;c:\\Users\\DELL\\.trae\\sdks\\versions\\node\\current;c:\Users\DELL\.trae\tools\trae-gopls\current;c:\Users\DELL\.trae\sdks\workspaces\bca5830d\versions\node\current;c:\Users\DELL\.trae\sdks\versions\node\current;C:\Program Files (x86)\Common Files\Oracle\Java\java8path;C:\Program Files (x86)\Common Files\Oracle\Java\javapath;C:\Program Files\Microsoft MPI\Bin\;C:\WINDOWS\system32;C:\WINDOWS;C:\WINDOWS\System32\Wbem;C:\WINDOWS\System32\WindowsPowerShell\v1.0\;C:\WINDOWS\System32\OpenSSH\;C:\Program Files\dotnet\;C:\msys64\ucrt64\bin;C:\Program Files (x86)\Windows Kits\10\Windows Performance Toolkit\;C:\Program Files (x86)\Microsoft SQL Server\160\Tools\Binn\;C:\Program Files\Microsoft SQL Server\160\Tools\Binn\;C:\Program Files\Microsoft SQL Server\Client SDK\ODBC\170\Tools\Binn\;C:\Program Files\Microsoft SQL Server\160\DTS\Binn\;C:\Program Files (x86)\Microsoft SQL Server\160\DTS\Binn\;C:\Program Files\Microsoft SQL Server\170\DTS\Binn\;C:\Program Files\Git\cmd;C:\WINDOWS\system32\config\systemprofile\AppData\Local\Muse Hub\lib;C:\Program Files\PuTTY\;c:\Users\DELL\AppData\Local\Programs\Trae\bin;C:\Users\DELL\AppData\Local\Programs\Python\Python310\Scripts\;C:\Users\DELL\AppData\Local\Programs\Python\Python310\;C:\Users\DELL\AppData\Local\Microsoft\WindowsApps;C:\Users\DELL\.dotnet\tools;C:\Users\DELL\AppData\Local\Programs\Microsoft VS Code\bin;C:\Users\DELL\AppData\Local\Programs\Antigravity\bin;C:\Users\DELL\AppData\Local\Pandoc\;c:\Users\DELL\.trae\extensions\vscjava.vscode-java-debug-0.58.5-universal\bundled\scripts\noConfigScripts
USERNAME=DELL
LANG=en_US.UTF-8
OS=Windows_NT
PROCESSOR_IDENTIFIER=Intel64 Family 6 Model 154 Stepping 4, GenuineIntel
TMP=C:\Users\DELL\AppData\Local\Temp
TEMP=C:\Users\DELL\AppData\Local\Temp




Periodic native trim disabled

---------------  S Y S T E M  ---------------

OS:
 Windows 11 , 64 bit Build 26100 (10.0.26100.7920)
OS uptime: 0 days 11:28 hours

CPU: total 12 (initial active 12) (6 cores per cpu, 2 threads per core) family 6 model 154 stepping 4 microcode 0x43b, cx8, cmov, fxsr, ht, mmx, 3dnowpref, sse, sse2, sse3, ssse3, sse4.1, sse4.2, popcnt, lzcnt, tsc, tscinvbit, avx, avx2, aes, erms, clmul, bmi1, bmi2, adx, sha, fma, vzeroupper, clflush, clflushopt, clwb, serialize, rdtscp, rdpid, fsrm, f16c, pku, cet_ibt, cet_ss
Processor Information for the first 12 processors :
  Max Mhz: 1300, Current Mhz: 1300, Mhz Limit: 1300

Memory: 4k page, system-wide physical 16068M (708M free)
TotalPageFile size 26308M (AvailPageFile size 0M)
current process WorkingSet (physical memory assigned to process): 1082M, peak: 1082M
current process commit charge ("private bytes"): 1225M, peak: 1225M

vm_info: OpenJDK 64-Bit Server VM (21.0.7+6-LTS) for windows-amd64 JRE (21.0.7+6-LTS), built on 2025-04-15T00:00:00Z by "admin" with MS VC++ 17.7 (VS2022)

END.
