#
# There is insufficient memory for the Java Runtime Environment to continue.
# Native memory allocation (mmap) failed to map 2097152 bytes. Error detail: G1 virtual space
# Possible reasons:
#   The system is out of physical RAM or swap space
#   This process is running with CompressedOops enabled, and the Java Heap may be blocking the growth of the native heap
# Possible solutions:
#   Reduce memory load on the system
#   Increase physical memory or swap space
#   Check if swap backing store is full
#   Decrease Java heap size (-Xmx/-Xms)
#   Decrease number of Java threads
#   Decrease Java thread stack sizes (-Xss)
#   Set larger code cache with -XX:ReservedCodeCacheSize=
#   JVM is running with Zero Based Compressed Oops mode in which the Java heap is
#     placed in the first 32GB address space. The Java Heap base address is the
#     maximum limit for the native heap growth. Please use -XX:HeapBaseMinAddress
#     to set the Java Heap base and to place the Java Heap above 32GB virtual address.
# This output file may be truncated or incomplete.
#
#  Out of Memory Error (os_windows.cpp:3926), pid=12772, tid=55780
#
# JRE version: OpenJDK Runtime Environment JBR-21.0.10+1-1163.110-jcef (21.0.10+1) (build 21.0.10+1-b1163.110)
# Java VM: OpenJDK 64-Bit Server VM JBR-21.0.10+1-1163.110-jcef (21.0.10+1-b1163.110, mixed mode, sharing, tiered, compressed oops, compressed class ptrs, g1 gc, windows-amd64)
# No core dump will be written. Minidumps are not enabled by default on client versions of Windows
#

---------------  S U M M A R Y ------------

Command Line: --add-opens=java.base/java.lang=ALL-UNNAMED --add-opens=java.base/java.lang.invoke=ALL-UNNAMED --add-opens=java.base/java.util=ALL-UNNAMED --add-opens=java.prefs/java.util.prefs=ALL-UNNAMED --add-exports=jdk.compiler/com.sun.tools.javac.api=ALL-UNNAMED --add-exports=jdk.compiler/com.sun.tools.javac.util=ALL-UNNAMED --add-opens=java.base/java.util=ALL-UNNAMED --add-opens=java.prefs/java.util.prefs=ALL-UNNAMED --add-opens=java.base/java.nio.charset=ALL-UNNAMED --add-opens=java.base/java.net=ALL-UNNAMED --add-opens=java.base/java.util.concurrent=ALL-UNNAMED --add-opens=java.base/java.util.concurrent.atomic=ALL-UNNAMED --add-opens=java.xml/javax.xml.namespace=ALL-UNNAMED --add-opens=java.base/java.time=ALL-UNNAMED -XX:MaxMetaspaceSize=512m -XX:+UseG1GC -XX:+HeapDumpOnOutOfMemoryError -Xmx3072m -Dfile.encoding=UTF-8 -Duser.country=US -Duser.language=en -Duser.variant -javaagent:C:\Users\DELL\.gradle\wrapper\dists\gradle-9.3.1-bin\23ovyewtku6u96viwx3xl3oks\gradle-9.3.1\lib\agents\gradle-instrumentation-agent-9.3.1.jar org.gradle.launcher.daemon.bootstrap.GradleDaemon 9.3.1

Host: 12th Gen Intel(R) Core(TM) i5-1235U, 12 cores, 15G,  Windows 11 , 64 bit Build 26100 (10.0.26100.8246)
Time: Thu May 14 20:28:18 2026 SE Asia Standard Time elapsed time: 30.707420 seconds (0d 0h 0m 30s)

---------------  T H R E A D  ---------------

Current thread (0x000001f766664060):  WorkerThread "GC Thread#9"    [id=55780, stack(0x000000c297600000,0x000000c297700000) (1024K)]

Stack: [0x000000c297600000,0x000000c297700000]
Native frames: (J=compiled Java code, j=interpreted, Vv=VM code, C=native code)
V  [jvm.dll+0x6ed099]  protected: static bool __cdecl os::win32::platform_print_native_stack(class outputStream * __ptr64,void const * __ptr64,char * __ptr64,int,unsigned char * __ptr64 & __ptr64)+0xd9
V  [jvm.dll+0x8cb76b]  VMError::report+0xd8b  (vmError.cpp:1018)
V  [jvm.dll+0x8cdf0a]  VMError::report_and_die+0x79a  (vmError.cpp:1886)
V  [jvm.dll+0x8ce5e3]  VMError::report_and_die+0x43  (vmError.cpp:1656)
V  [jvm.dll+0x28e1c6]  report_vm_out_of_memory+0x56  (debug.cpp:225)
V  [jvm.dll+0x6e9955]  os::pd_commit_memory_or_exit+0x75  (os_windows.cpp:3934)
V  [jvm.dll+0x6dd4ea]  os::commit_memory_or_exit+0x2a  (os.cpp:1957)
V  [jvm.dll+0x369b4e]  G1PageBasedVirtualSpace::commit+0xde  (g1PageBasedVirtualSpace.cpp:196)
V  [jvm.dll+0x371a1b]  G1RegionsLargerThanCommitSizeMapper::commit_regions+0x7b  (g1RegionToSpaceMapper.cpp:100)
V  [jvm.dll+0x3c3320]  HeapRegionManager::expand+0x60  (heapRegionManager.cpp:164)
V  [jvm.dll+0x3c39a1]  HeapRegionManager::expand_exact+0xc1  (heapRegionManager.cpp:372)
V  [jvm.dll+0x3c3a5f]  HeapRegionManager::expand_on_preferred_node+0x8f  (heapRegionManager.cpp:420)
V  [jvm.dll+0x33e3ec]  G1CollectedHeap::new_region+0x7c  (g1CollectedHeap.cpp:186)
V  [jvm.dll+0x33e145]  G1CollectedHeap::new_gc_alloc_region+0x85  (g1CollectedHeap.cpp:3017)
V  [jvm.dll+0x32cf16]  G1AllocRegion::new_alloc_region_and_allocate+0x16  (g1AllocRegion.cpp:139)
V  [jvm.dll+0x32dd2a]  G1AllocRegion::attempt_allocation_locked+0x3a  (g1AllocRegion.inline.hpp:99)
V  [jvm.dll+0x32e142]  G1Allocator::par_allocate_during_gc+0x92  (g1Allocator.cpp:234)
V  [jvm.dll+0x32db8d]  G1PLABAllocator::allocate_direct_or_new_plab+0x11d  (g1Allocator.cpp:398)
V  [jvm.dll+0x36b976]  G1ParScanThreadState::allocate_copy_slow+0x66  (g1ParScanThreadState.cpp:404)
V  [jvm.dll+0x36bcd0]  G1ParScanThreadState::do_copy_to_survivor_space+0x180  (g1ParScanThreadState.cpp:469)
V  [jvm.dll+0x36ceaf]  G1ParScanThreadState::trim_queue_to_threshold+0x4af  (g1ParScanThreadState.cpp:311)
V  [jvm.dll+0x36c9bf]  G1ParScanThreadState::steal_and_trim_queue+0x35f  (g1ParScanThreadState.cpp:319)
V  [jvm.dll+0x381319]  G1ParEvacuateFollowersClosure::do_void+0xf9  (g1YoungCollector.cpp:564)
V  [jvm.dll+0x38196a]  G1EvacuateRegionsBaseTask::evacuate_live_objects+0x9a  (g1YoungCollector.cpp:594)
V  [jvm.dll+0x381a57]  G1EvacuateRegionsTask::evacuate_live_objects+0x17  (g1YoungCollector.cpp:674)
V  [jvm.dll+0x382941]  G1EvacuateRegionsBaseTask::work+0xb1  (g1YoungCollector.cpp:641)
V  [jvm.dll+0x8f9b81]  WorkerThread::run+0x91  (workerThread.cpp:201)
V  [jvm.dll+0x87544d]  Thread::call_run+0xcd  (thread.cpp:231)
V  [jvm.dll+0x6eb7fd]  os::win32::thread_native_entry+0x7d  (os_windows.cpp:557)
C  [ucrtbase.dll+0x37b0]
C  [KERNEL32.DLL+0x2e8d7]
C  [ntdll.dll+0x8c3fc]


---------------  P R O C E S S  ---------------

Threads class SMR info:
_java_thread_list=0x000001f768055a00, length=190, elements={
0x000001f7290b8c50, 0x000001f742cc1e30, 0x000001f742ccb340, 0x000001f742ccbda0,
0x000001f742ccc930, 0x000001f742ccd4c0, 0x000001f742cce180, 0x000001f742ceafc0,
0x000001f742ced970, 0x000001f742cee540, 0x000001f743709020, 0x000001f765a95920,
0x000001f76640d080, 0x000001f766277400, 0x000001f764e70850, 0x000001f7655bfc90,
0x000001f766156ac0, 0x000001f766156430, 0x000001f766155080, 0x000001f766158500,
0x000001f766157150, 0x000001f766155710, 0x000001f766155da0, 0x000001f7661577e0,
0x000001f7680c42f0, 0x000001f7680c2f40, 0x000001f7680c5d30, 0x000001f7680c5010,
0x000001f7680c6a50, 0x000001f7680c7770, 0x000001f7680c70e0, 0x000001f7680c7e00,
0x000001f7680c56a0, 0x000001f7680c8490, 0x000001f7680c8b20, 0x000001f7680c91b0,
0x000001f7680c9ed0, 0x000001f7680ca560, 0x000001f76b503560, 0x000001f76b504fa0,
0x000001f76b505630, 0x000001f76b505cc0, 0x000001f76b503bf0, 0x000001f76b504280,
0x000001f76b506350, 0x000001f76b502ed0, 0x000001f76b508ab0, 0x000001f76b507700,
0x000001f76b507d90, 0x000001f76b509140, 0x000001f76b5097d0, 0x000001f76b509e60,
0x000001f76b5069e0, 0x000001f76b508420, 0x000001f76b50a4f0, 0x000001f76b507070,
0x000001f769851890, 0x000001f7698532d0, 0x000001f769853960, 0x000001f769853ff0,
0x000001f769851200, 0x000001f769854680, 0x000001f769854d10, 0x000001f7698553a0,
0x000001f769851f20, 0x000001f769855a30, 0x000001f769852c40, 0x000001f7698525b0,
0x000001f769856de0, 0x000001f7698560c0, 0x000001f769856750, 0x000001f769857470,
0x000001f7655c9ac0, 0x000001f7655ca150, 0x000001f7655c8da0, 0x000001f7655cdc60,
0x000001f7655cc220, 0x000001f76b823d90, 0x000001f76b8264f0, 0x000001f76b823700,
0x000001f76b824ab0, 0x000001f76b8257d0, 0x000001f76b823070, 0x000001f76b825140,
0x000001f76b825e60, 0x000001f76b826b80, 0x000001f76b827210, 0x000001f76b8278a0,
0x000001f76b824420, 0x000001f76b8292e0, 0x000001f76b829970, 0x000001f76b827f30,
0x000001f76b82a690, 0x000001f76b8285c0, 0x000001f76b82a000, 0x000001f76b828c50,
0x000001f76c60a760, 0x000001f76c60adf0, 0x000001f76c60bb10, 0x000001f76c60c830,
0x000001f769857b00, 0x000001f769858190, 0x000001f769858820, 0x000001f76c4915b0,
0x000001f76c48f4e0, 0x000001f76c48fb70, 0x000001f76c48ee50, 0x000001f76c48e130,
0x000001f76c490200, 0x000001f76c48e7c0, 0x000001f76c490890, 0x000001f765954520,
0x000001f765955240, 0x000001f7659558d0, 0x000001f765955f60, 0x000001f765956c80,
0x000001f76c490f20, 0x000001f7655cb500, 0x000001f76c4520a0, 0x000001f76c452dc0,
0x000001f76c451a10, 0x000001f76c452730, 0x000001f76c454170, 0x000001f76c451380,
0x000001f76c454800, 0x000001f76c454e90, 0x000001f76c453ae0, 0x000001f76c455520,
0x000001f76c455bb0, 0x000001f76c456240, 0x000001f76c4568d0, 0x000001f76c453450,
0x000001f76c458310, 0x000001f76c4589a0, 0x000001f76c456f60, 0x000001f76c4575f0,
0x000001f76a74ca40, 0x000001f76a74d0d0, 0x000001f76a749c50, 0x000001f76a74e480,
0x000001f76a74ddf0, 0x000001f76a74d760, 0x000001f76a74c3b0, 0x000001f76a74f1a0,
0x000001f76a750550, 0x000001f76a750be0, 0x000001f76a751270, 0x000001f76a751900,
0x000001f76a7474f0, 0x000001f76a74a2e0, 0x000001f76a74b000, 0x000001f76a747b80,
0x000001f76a7488a0, 0x000001f76a74b690, 0x000001f76a748f30, 0x000001f76a7495c0,
0x000001f76a751f90, 0x000001f76a74eb10, 0x000001f76a74f830, 0x000001f76a7546f0,
0x000001f76a755aa0, 0x000001f76a756130, 0x000001f76c609a40, 0x000001f76b599a40,
0x000001f76b59adf0, 0x000001f76b598690, 0x000001f76b59a760, 0x000001f76b598d20,
0x000001f76b597970, 0x000001f76b5993b0, 0x000001f76b59a0d0, 0x000001f76b598000,
0x000001f76b59c1a0, 0x000001f76b59d550, 0x000001f76b59b480, 0x000001f76b59bb10,
0x000001f76b59ef90, 0x000001f76b59fcb0, 0x000001f76b59dbe0, 0x000001f76b59c830,
0x000001f76b5a0340, 0x000001f76b59e270, 0x000001f76b59cec0, 0x000001f76b5a09d0,
0x000001f76b5a16f0, 0x000001f76b5a1060, 0x000001f76b5a1d80, 0x000001f76b5a2410,
0x000001f76a520b20, 0x000001f76a51d4a0
}

Java Threads: ( => current thread )
  0x000001f7290b8c50 JavaThread "main"                              [_thread_blocked, id=57060, stack(0x000000c295100000,0x000000c295200000) (1024K)]
  0x000001f742cc1e30 JavaThread "Common-Cleaner"             daemon [_thread_blocked, id=60832, stack(0x000000c295900000,0x000000c295a00000) (1024K)]
  0x000001f742ccb340 JavaThread "Reference Handler"          daemon [_thread_blocked, id=50432, stack(0x000000c295a00000,0x000000c295b00000) (1024K)]
  0x000001f742ccbda0 JavaThread "Finalizer"                  daemon [_thread_blocked, id=59488, stack(0x000000c295b00000,0x000000c295c00000) (1024K)]
  0x000001f742ccc930 JavaThread "Signal Dispatcher"          daemon [_thread_blocked, id=59604, stack(0x000000c295c00000,0x000000c295d00000) (1024K)]
  0x000001f742ccd4c0 JavaThread "Attach Listener"            daemon [_thread_blocked, id=61132, stack(0x000000c295d00000,0x000000c295e00000) (1024K)]
  0x000001f742cce180 JavaThread "Service Thread"             daemon [_thread_blocked, id=28536, stack(0x000000c295e00000,0x000000c295f00000) (1024K)]
  0x000001f742ceafc0 JavaThread "Monitor Deflation Thread"   daemon [_thread_blocked, id=59508, stack(0x000000c295f00000,0x000000c296000000) (1024K)]
  0x000001f742ced970 JavaThread "C2 CompilerThread0"         daemon [_thread_blocked, id=57628, stack(0x000000c296000000,0x000000c296100000) (1024K)]
  0x000001f742cee540 JavaThread "C1 CompilerThread0"         daemon [_thread_blocked, id=60536, stack(0x000000c296100000,0x000000c296200000) (1024K)]
  0x000001f743709020 JavaThread "Notification Thread"        daemon [_thread_blocked, id=50492, stack(0x000000c296300000,0x000000c296400000) (1024K)]
  0x000001f765a95920 JavaThread "Daemon health stats"               [_thread_blocked, id=58564, stack(0x000000c296900000,0x000000c296a00000) (1024K)]
  0x000001f76640d080 JavaThread "Incoming local TCP Connector on port 53350"        [_thread_in_native, id=55544, stack(0x000000c296a00000,0x000000c296b00000) (1024K)]
  0x000001f766277400 JavaThread "Daemon periodic checks"            [_thread_blocked, id=53928, stack(0x000000c296b00000,0x000000c296c00000) (1024K)]
  0x000001f764e70850 JavaThread "Daemon"                            [_thread_blocked, id=60716, stack(0x000000c296c00000,0x000000c296d00000) (1024K)]
  0x000001f7655bfc90 JavaThread "Handler for socket connection from /127.0.0.1:53350 to /127.0.0.1:53351"        [_thread_in_native, id=23064, stack(0x000000c296d00000,0x000000c296e00000) (1024K)]
  0x000001f766156ac0 JavaThread "Cancel handler"                    [_thread_blocked, id=20588, stack(0x000000c296e00000,0x000000c296f00000) (1024K)]
  0x000001f766156430 JavaThread "Daemon worker"                     [_thread_blocked, id=53980, stack(0x000000c296f00000,0x000000c297000000) (1024K)]
  0x000001f766155080 JavaThread "Asynchronous log dispatcher for DefaultDaemonConnection: socket connection from /127.0.0.1:53350 to /127.0.0.1:53351"        [_thread_blocked, id=57072, stack(0x000000c297000000,0x000000c297100000) (1024K)]
  0x000001f766158500 JavaThread "Stdin handler"                     [_thread_blocked, id=51852, stack(0x000000c297100000,0x000000c297200000) (1024K)]
  0x000001f766157150 JavaThread "Daemon client event forwarder"        [_thread_blocked, id=37464, stack(0x000000c297200000,0x000000c297300000) (1024K)]
  0x000001f766155710 JavaThread "Cache worker for journal cache (C:\Users\DELL\.gradle\caches\journal-1)"        [_thread_blocked, id=24344, stack(0x000000c297700000,0x000000c297800000) (1024K)]
  0x000001f766155da0 JavaThread "File lock request listener"        [_thread_in_native, id=53036, stack(0x000000c297800000,0x000000c297900000) (1024K)]
  0x000001f7661577e0 JavaThread "Cache worker for file hash cache (C:\Users\DELL\.gradle\caches\9.3.1\fileHashes)"        [_thread_blocked, id=49476, stack(0x000000c297900000,0x000000c297a00000) (1024K)]
  0x000001f7680c42f0 JavaThread "Cache worker for file hash cache (D:\MEox\UITer\DOAN\Mosco_Megre\Mosco\client\.gradle\9.3.1\fileHashes)"        [_thread_blocked, id=56264, stack(0x000000c297c00000,0x000000c297d00000) (1024K)]
  0x000001f7680c2f40 JavaThread "Cache worker for Build Output Cleanup Cache (D:\MEox\UITer\DOAN\Mosco_Megre\Mosco\client\.gradle\buildOutputCleanup)"        [_thread_blocked, id=53984, stack(0x000000c297d00000,0x000000c297e00000) (1024K)]
  0x000001f7680c5d30 JavaThread "File watcher server"        daemon [_thread_blocked, id=5252, stack(0x000000c297e00000,0x000000c297f00000) (1024K)]
  0x000001f7680c5010 JavaThread "File watcher consumer"      daemon [_thread_blocked, id=59192, stack(0x000000c297f00000,0x000000c298000000) (1024K)]
  0x000001f7680c6a50 JavaThread "Cache worker for checksums cache (D:\MEox\UITer\DOAN\Mosco_Megre\Mosco\client\.gradle\9.3.1\checksums)"        [_thread_blocked, id=10564, stack(0x000000c298000000,0x000000c298100000) (1024K)]
  0x000001f7680c7770 JavaThread "Cache worker for file content cache (C:\Users\DELL\.gradle\caches\9.3.1\fileContent)"        [_thread_blocked, id=61244, stack(0x000000c298100000,0x000000c298200000) (1024K)]
  0x000001f7680c70e0 JavaThread "Cache worker for cache directory md-supplier (C:\Users\DELL\.gradle\caches\9.3.1\md-supplier)"        [_thread_blocked, id=18364, stack(0x000000c298200000,0x000000c298300000) (1024K)]
  0x000001f7680c7e00 JavaThread "Cache worker for cache directory md-rule (C:\Users\DELL\.gradle\caches\9.3.1\md-rule)"        [_thread_blocked, id=51680, stack(0x000000c298300000,0x000000c298400000) (1024K)]
  0x000001f7680c56a0 JavaThread "jar transforms"                    [_thread_blocked, id=56824, stack(0x000000c298500000,0x000000c298600000) (1024K)]
  0x000001f7680c8490 JavaThread "Unconstrained build operations"        [_thread_blocked, id=61292, stack(0x000000c298600000,0x000000c298700000) (1024K)]
  0x000001f7680c8b20 JavaThread "Unconstrained build operations Thread 2"        [_thread_blocked, id=57732, stack(0x000000c298700000,0x000000c298800000) (1024K)]
  0x000001f7680c91b0 JavaThread "Unconstrained build operations Thread 3"        [_thread_blocked, id=48320, stack(0x000000c298800000,0x000000c298900000) (1024K)]
  0x000001f7680c9ed0 JavaThread "jar transforms Thread 2"           [_thread_blocked, id=60580, stack(0x000000c298900000,0x000000c298a00000) (1024K)]
  0x000001f7680ca560 JavaThread "Problems report writer"            [_thread_blocked, id=51952, stack(0x000000c298a00000,0x000000c298b00000) (1024K)]
  0x000001f76b503560 JavaThread "jar transforms Thread 3"           [_thread_blocked, id=61344, stack(0x000000c298b00000,0x000000c298c00000) (1024K)]
  0x000001f76b504fa0 JavaThread "Unconstrained build operations Thread 4"        [_thread_blocked, id=34608, stack(0x000000c298c00000,0x000000c298d00000) (1024K)]
  0x000001f76b505630 JavaThread "Unconstrained build operations Thread 5"        [_thread_blocked, id=24680, stack(0x000000c298d00000,0x000000c298e00000) (1024K)]
  0x000001f76b505cc0 JavaThread "Unconstrained build operations Thread 6"        [_thread_blocked, id=56976, stack(0x000000c298e00000,0x000000c298f00000) (1024K)]
  0x000001f76b503bf0 JavaThread "Unconstrained build operations Thread 7"        [_thread_blocked, id=57368, stack(0x000000c298f00000,0x000000c299000000) (1024K)]
  0x000001f76b504280 JavaThread "Unconstrained build operations Thread 8"        [_thread_blocked, id=58824, stack(0x000000c299000000,0x000000c299100000) (1024K)]
  0x000001f76b506350 JavaThread "Unconstrained build operations Thread 9"        [_thread_blocked, id=50764, stack(0x000000c299100000,0x000000c299200000) (1024K)]
  0x000001f76b502ed0 JavaThread "Unconstrained build operations Thread 10"        [_thread_blocked, id=20696, stack(0x000000c299200000,0x000000c299300000) (1024K)]
  0x000001f76b508ab0 JavaThread "Unconstrained build operations Thread 11"        [_thread_blocked, id=58688, stack(0x000000c299300000,0x000000c299400000) (1024K)]
  0x000001f76b507700 JavaThread "Unconstrained build operations Thread 12"        [_thread_blocked, id=41288, stack(0x000000c299400000,0x000000c299500000) (1024K)]
  0x000001f76b507d90 JavaThread "Unconstrained build operations Thread 13"        [_thread_blocked, id=30920, stack(0x000000c299500000,0x000000c299600000) (1024K)]
  0x000001f76b509140 JavaThread "Unconstrained build operations Thread 14"        [_thread_blocked, id=48560, stack(0x000000c299600000,0x000000c299700000) (1024K)]
  0x000001f76b5097d0 JavaThread "Unconstrained build operations Thread 15"        [_thread_blocked, id=7556, stack(0x000000c299700000,0x000000c299800000) (1024K)]
  0x000001f76b509e60 JavaThread "Unconstrained build operations Thread 16"        [_thread_blocked, id=13912, stack(0x000000c299800000,0x000000c299900000) (1024K)]
  0x000001f76b5069e0 JavaThread "Unconstrained build operations Thread 17"        [_thread_blocked, id=34724, stack(0x000000c299900000,0x000000c299a00000) (1024K)]
  0x000001f76b508420 JavaThread "Unconstrained build operations Thread 18"        [_thread_blocked, id=60828, stack(0x000000c299a00000,0x000000c299b00000) (1024K)]
  0x000001f76b50a4f0 JavaThread "Unconstrained build operations Thread 19"        [_thread_blocked, id=48828, stack(0x000000c299b00000,0x000000c299c00000) (1024K)]
  0x000001f76b507070 JavaThread "Unconstrained build operations Thread 20"        [_thread_blocked, id=48844, stack(0x000000c299c00000,0x000000c299d00000) (1024K)]
  0x000001f769851890 JavaThread "Unconstrained build operations Thread 21"        [_thread_blocked, id=55408, stack(0x000000c299d00000,0x000000c299e00000) (1024K)]
  0x000001f7698532d0 JavaThread "Unconstrained build operations Thread 22"        [_thread_blocked, id=60568, stack(0x000000c299e00000,0x000000c299f00000) (1024K)]
  0x000001f769853960 JavaThread "Unconstrained build operations Thread 23"        [_thread_blocked, id=56116, stack(0x000000c299f00000,0x000000c29a000000) (1024K)]
  0x000001f769853ff0 JavaThread "Unconstrained build operations Thread 24"        [_thread_blocked, id=28416, stack(0x000000c29a000000,0x000000c29a100000) (1024K)]
  0x000001f769851200 JavaThread "Unconstrained build operations Thread 25"        [_thread_blocked, id=59384, stack(0x000000c29a100000,0x000000c29a200000) (1024K)]
  0x000001f769854680 JavaThread "Unconstrained build operations Thread 26"        [_thread_blocked, id=2832, stack(0x000000c29a200000,0x000000c29a300000) (1024K)]
  0x000001f769854d10 JavaThread "Unconstrained build operations Thread 27"        [_thread_blocked, id=50580, stack(0x000000c29a300000,0x000000c29a400000) (1024K)]
  0x000001f7698553a0 JavaThread "Unconstrained build operations Thread 28"        [_thread_blocked, id=13980, stack(0x000000c29a400000,0x000000c29a500000) (1024K)]
  0x000001f769851f20 JavaThread "Unconstrained build operations Thread 29"        [_thread_blocked, id=60984, stack(0x000000c29a500000,0x000000c29a600000) (1024K)]
  0x000001f769855a30 JavaThread "Unconstrained build operations Thread 30"        [_thread_blocked, id=61392, stack(0x000000c29a600000,0x000000c29a700000) (1024K)]
  0x000001f769852c40 JavaThread "Unconstrained build operations Thread 31"        [_thread_blocked, id=13692, stack(0x000000c29a700000,0x000000c29a800000) (1024K)]
  0x000001f7698525b0 JavaThread "Unconstrained build operations Thread 32"        [_thread_blocked, id=4172, stack(0x000000c29a800000,0x000000c29a900000) (1024K)]
  0x000001f769856de0 JavaThread "Unconstrained build operations Thread 33"        [_thread_blocked, id=13644, stack(0x000000c29a900000,0x000000c29aa00000) (1024K)]
  0x000001f7698560c0 JavaThread "Unconstrained build operations Thread 34"        [_thread_blocked, id=24480, stack(0x000000c29aa00000,0x000000c29ab00000) (1024K)]
  0x000001f769856750 JavaThread "Unconstrained build operations Thread 35"        [_thread_blocked, id=47872, stack(0x000000c29ab00000,0x000000c29ac00000) (1024K)]
  0x000001f769857470 JavaThread "Unconstrained build operations Thread 36"        [_thread_blocked, id=57436, stack(0x000000c29ac00000,0x000000c29ad00000) (1024K)]
  0x000001f7655c9ac0 JavaThread "jar transforms Thread 4"           [_thread_blocked, id=52868, stack(0x000000c29ad00000,0x000000c29ae00000) (1024K)]
  0x000001f7655ca150 JavaThread "jar transforms Thread 5"           [_thread_blocked, id=59792, stack(0x000000c29ae00000,0x000000c29af00000) (1024K)]
  0x000001f7655c8da0 JavaThread "Memory manager"                    [_thread_blocked, id=59564, stack(0x000000c29af00000,0x000000c29b000000) (1024K)]
  0x000001f7655cdc60 JavaThread "build event listener"              [_thread_blocked, id=61464, stack(0x000000c29b000000,0x000000c29b100000) (1024K)]
  0x000001f7655cc220 JavaThread "jar transforms Thread 6"           [_thread_blocked, id=61904, stack(0x000000c29b100000,0x000000c29b200000) (1024K)]
  0x000001f76b823d90 JavaThread "pool-3-thread-1"                   [_thread_blocked, id=62172, stack(0x000000c29b200000,0x000000c29b300000) (1024K)]
  0x000001f76b8264f0 JavaThread "build event listener"              [_thread_blocked, id=62176, stack(0x000000c29b300000,0x000000c29b400000) (1024K)]
  0x000001f76b823700 JavaThread "included builds"                   [_thread_blocked, id=62180, stack(0x000000c29b400000,0x000000c29b500000) (1024K)]
  0x000001f76b824ab0 JavaThread "Execution worker"                  [_thread_blocked, id=62184, stack(0x000000c29b500000,0x000000c29b600000) (1024K)]
  0x000001f76b8257d0 JavaThread "Execution worker Thread 2"         [_thread_blocked, id=62188, stack(0x000000c29b600000,0x000000c29b700000) (1024K)]
  0x000001f76b823070 JavaThread "Execution worker Thread 3"         [_thread_blocked, id=62192, stack(0x000000c29b700000,0x000000c29b800000) (1024K)]
  0x000001f76b825140 JavaThread "Execution worker Thread 4"         [_thread_blocked, id=62196, stack(0x000000c29b800000,0x000000c29b900000) (1024K)]
  0x000001f76b825e60 JavaThread "Execution worker Thread 5"         [_thread_blocked, id=62200, stack(0x000000c29b900000,0x000000c29ba00000) (1024K)]
  0x000001f76b826b80 JavaThread "Execution worker Thread 6"         [_thread_blocked, id=62204, stack(0x000000c29ba00000,0x000000c29bb00000) (1024K)]
  0x000001f76b827210 JavaThread "Execution worker Thread 7"         [_thread_blocked, id=62208, stack(0x000000c29bb00000,0x000000c29bc00000) (1024K)]
  0x000001f76b8278a0 JavaThread "Execution worker Thread 8"         [_thread_blocked, id=62212, stack(0x000000c29bc00000,0x000000c29bd00000) (1024K)]
  0x000001f76b824420 JavaThread "Execution worker Thread 9"         [_thread_blocked, id=62216, stack(0x000000c29bd00000,0x000000c29be00000) (1024K)]
  0x000001f76b8292e0 JavaThread "Execution worker Thread 10"        [_thread_blocked, id=62220, stack(0x000000c29be00000,0x000000c29bf00000) (1024K)]
  0x000001f76b829970 JavaThread "Execution worker Thread 11"        [_thread_blocked, id=62224, stack(0x000000c29bf00000,0x000000c29c000000) (1024K)]
  0x000001f76b827f30 JavaThread "Cache worker for execution history cache (D:\MEox\UITer\DOAN\Mosco_Megre\Mosco\client\.gradle\9.3.1\executionHistory)"        [_thread_blocked, id=62228, stack(0x000000c29c000000,0x000000c29c100000) (1024K)]
  0x000001f76b82a690 JavaThread "Unconstrained build operations Thread 37"        [_thread_blocked, id=62240, stack(0x000000c29c100000,0x000000c29c200000) (1024K)]
  0x000001f76b8285c0 JavaThread "Unconstrained build operations Thread 38"        [_thread_blocked, id=62244, stack(0x000000c29c200000,0x000000c29c300000) (1024K)]
  0x000001f76b82a000 JavaThread "Unconstrained build operations Thread 39"        [_thread_blocked, id=62248, stack(0x000000c29c300000,0x000000c29c400000) (1024K)]
  0x000001f76b828c50 JavaThread "Unconstrained build operations Thread 40"        [_thread_blocked, id=62252, stack(0x000000c29c400000,0x000000c29c500000) (1024K)]
  0x000001f76c60a760 JavaThread "Unconstrained build operations Thread 41"        [_thread_blocked, id=62256, stack(0x000000c29c500000,0x000000c29c600000) (1024K)]
  0x000001f76c60adf0 JavaThread "Unconstrained build operations Thread 42"        [_thread_blocked, id=62260, stack(0x000000c29c600000,0x000000c29c700000) (1024K)]
  0x000001f76c60bb10 JavaThread "Unconstrained build operations Thread 43"        [_thread_blocked, id=62264, stack(0x000000c29c700000,0x000000c29c800000) (1024K)]
  0x000001f76c60c830 JavaThread "Unconstrained build operations Thread 44"        [_thread_blocked, id=62268, stack(0x000000c29c800000,0x000000c29c900000) (1024K)]
  0x000001f769857b00 JavaThread "Unconstrained build operations Thread 45"        [_thread_blocked, id=62272, stack(0x000000c29c900000,0x000000c29ca00000) (1024K)]
  0x000001f769858190 JavaThread "Unconstrained build operations Thread 46"        [_thread_blocked, id=62276, stack(0x000000c29ca00000,0x000000c29cb00000) (1024K)]
  0x000001f769858820 JavaThread "Unconstrained build operations Thread 47"        [_thread_blocked, id=62280, stack(0x000000c29cb00000,0x000000c29cc00000) (1024K)]
  0x000001f76c4915b0 JavaThread "Unconstrained build operations Thread 48"        [_thread_blocked, id=60464, stack(0x000000c29cc00000,0x000000c29cd00000) (1024K)]
  0x000001f76c48f4e0 JavaThread "Unconstrained build operations Thread 49"        [_thread_blocked, id=58176, stack(0x000000c29cd00000,0x000000c29ce00000) (1024K)]
  0x000001f76c48fb70 JavaThread "Unconstrained build operations Thread 50"        [_thread_blocked, id=51452, stack(0x000000c29ce00000,0x000000c29cf00000) (1024K)]
  0x000001f76c48ee50 JavaThread "Unconstrained build operations Thread 51"        [_thread_blocked, id=10192, stack(0x000000c29cf00000,0x000000c29d000000) (1024K)]
  0x000001f76c48e130 JavaThread "Unconstrained build operations Thread 52"        [_thread_blocked, id=48880, stack(0x000000c29d000000,0x000000c29d100000) (1024K)]
  0x000001f76c490200 JavaThread "Unconstrained build operations Thread 53"        [_thread_blocked, id=14388, stack(0x000000c29d100000,0x000000c29d200000) (1024K)]
  0x000001f76c48e7c0 JavaThread "Unconstrained build operations Thread 54"        [_thread_blocked, id=13672, stack(0x000000c29d200000,0x000000c29d300000) (1024K)]
  0x000001f76c490890 JavaThread "Unconstrained build operations Thread 55"        [_thread_blocked, id=46472, stack(0x000000c29d300000,0x000000c29d400000) (1024K)]
  0x000001f765954520 JavaThread "Unconstrained build operations Thread 56"        [_thread_blocked, id=57112, stack(0x000000c29d400000,0x000000c29d500000) (1024K)]
  0x000001f765955240 JavaThread "Unconstrained build operations Thread 57"        [_thread_blocked, id=61484, stack(0x000000c29d500000,0x000000c29d600000) (1024K)]
  0x000001f7659558d0 JavaThread "Unconstrained build operations Thread 58"        [_thread_blocked, id=61488, stack(0x000000c29d600000,0x000000c29d700000) (1024K)]
  0x000001f765955f60 JavaThread "Unconstrained build operations Thread 59"        [_thread_blocked, id=46904, stack(0x000000c29d700000,0x000000c29d800000) (1024K)]
  0x000001f765956c80 JavaThread "Unconstrained build operations Thread 60"        [_thread_blocked, id=61516, stack(0x000000c29d800000,0x000000c29d900000) (1024K)]
  0x000001f76c490f20 JavaThread "Unconstrained build operations Thread 61"        [_thread_blocked, id=61512, stack(0x000000c29d900000,0x000000c29da00000) (1024K)]
  0x000001f7655cb500 JavaThread "Unconstrained build operations Thread 62"        [_thread_blocked, id=61508, stack(0x000000c29da00000,0x000000c29db00000) (1024K)]
  0x000001f76c4520a0 JavaThread "Unconstrained build operations Thread 63"        [_thread_blocked, id=61500, stack(0x000000c29db00000,0x000000c29dc00000) (1024K)]
  0x000001f76c452dc0 JavaThread "Unconstrained build operations Thread 64"        [_thread_blocked, id=61504, stack(0x000000c29dc00000,0x000000c29dd00000) (1024K)]
  0x000001f76c451a10 JavaThread "Unconstrained build operations Thread 65"        [_thread_blocked, id=61496, stack(0x000000c29dd00000,0x000000c29de00000) (1024K)]
  0x000001f76c452730 JavaThread "Unconstrained build operations Thread 66"        [_thread_blocked, id=61492, stack(0x000000c29de00000,0x000000c29df00000) (1024K)]
  0x000001f76c454170 JavaThread "Unconstrained build operations Thread 67"        [_thread_blocked, id=61476, stack(0x000000c29df00000,0x000000c29e000000) (1024K)]
  0x000001f76c451380 JavaThread "Unconstrained build operations Thread 68"        [_thread_blocked, id=61536, stack(0x000000c29e000000,0x000000c29e100000) (1024K)]
  0x000001f76c454800 JavaThread "Unconstrained build operations Thread 69"        [_thread_blocked, id=61540, stack(0x000000c29e100000,0x000000c29e200000) (1024K)]
  0x000001f76c454e90 JavaThread "Unconstrained build operations Thread 70"        [_thread_blocked, id=61532, stack(0x000000c298400000,0x000000c298500000) (1024K)]
  0x000001f76c453ae0 JavaThread "Unconstrained build operations Thread 71"        [_thread_blocked, id=61572, stack(0x000000c29e200000,0x000000c29e300000) (1024K)]
  0x000001f76c455520 JavaThread "Unconstrained build operations Thread 72"        [_thread_blocked, id=61568, stack(0x000000c29e300000,0x000000c29e400000) (1024K)]
  0x000001f76c455bb0 JavaThread "Unconstrained build operations Thread 73"        [_thread_blocked, id=61564, stack(0x000000c29e400000,0x000000c29e500000) (1024K)]
  0x000001f76c456240 JavaThread "Unconstrained build operations Thread 74"        [_thread_blocked, id=61560, stack(0x000000c29e500000,0x000000c29e600000) (1024K)]
  0x000001f76c4568d0 JavaThread "Unconstrained build operations Thread 75"        [_thread_blocked, id=61524, stack(0x000000c29e600000,0x000000c29e700000) (1024K)]
  0x000001f76c453450 JavaThread "Unconstrained build operations Thread 76"        [_thread_blocked, id=61552, stack(0x000000c29e700000,0x000000c29e800000) (1024K)]
  0x000001f76c458310 JavaThread "Unconstrained build operations Thread 77"        [_thread_blocked, id=61520, stack(0x000000c29e800000,0x000000c29e900000) (1024K)]
  0x000001f76c4589a0 JavaThread "Unconstrained build operations Thread 78"        [_thread_blocked, id=61556, stack(0x000000c29e900000,0x000000c29ea00000) (1024K)]
  0x000001f76c456f60 JavaThread "Unconstrained build operations Thread 79"        [_thread_blocked, id=61548, stack(0x000000c29ea00000,0x000000c29eb00000) (1024K)]
  0x000001f76c4575f0 JavaThread "Unconstrained build operations Thread 80"        [_thread_blocked, id=61544, stack(0x000000c29eb00000,0x000000c29ec00000) (1024K)]
  0x000001f76a74ca40 JavaThread "Unconstrained build operations Thread 81"        [_thread_blocked, id=61528, stack(0x000000c29ec00000,0x000000c29ed00000) (1024K)]
  0x000001f76a74d0d0 JavaThread "Unconstrained build operations Thread 82"        [_thread_blocked, id=61596, stack(0x000000c29ed00000,0x000000c29ee00000) (1024K)]
  0x000001f76a749c50 JavaThread "Unconstrained build operations Thread 83"        [_thread_blocked, id=61600, stack(0x000000c29ee00000,0x000000c29ef00000) (1024K)]
  0x000001f76a74e480 JavaThread "Unconstrained build operations Thread 84"        [_thread_blocked, id=61592, stack(0x000000c29ef00000,0x000000c29f000000) (1024K)]
  0x000001f76a74ddf0 JavaThread "Unconstrained build operations Thread 85"        [_thread_blocked, id=61624, stack(0x000000c29f000000,0x000000c29f100000) (1024K)]
  0x000001f76a74d760 JavaThread "Unconstrained build operations Thread 86"        [_thread_blocked, id=61628, stack(0x000000c29f100000,0x000000c29f200000) (1024K)]
  0x000001f76a74c3b0 JavaThread "Unconstrained build operations Thread 87"        [_thread_blocked, id=61632, stack(0x000000c29f200000,0x000000c29f300000) (1024K)]
  0x000001f76a74f1a0 JavaThread "Unconstrained build operations Thread 88"        [_thread_blocked, id=61636, stack(0x000000c29f300000,0x000000c29f400000) (1024K)]
  0x000001f76a750550 JavaThread "Unconstrained build operations Thread 89"        [_thread_blocked, id=61640, stack(0x000000c29f400000,0x000000c29f500000) (1024K)]
  0x000001f76a750be0 JavaThread "Unconstrained build operations Thread 90"        [_thread_blocked, id=61644, stack(0x000000c29f500000,0x000000c29f600000) (1024K)]
  0x000001f76a751270 JavaThread "Unconstrained build operations Thread 91"        [_thread_blocked, id=61648, stack(0x000000c29f600000,0x000000c29f700000) (1024K)]
  0x000001f76a751900 JavaThread "Unconstrained build operations Thread 92"        [_thread_blocked, id=61652, stack(0x000000c29f700000,0x000000c29f800000) (1024K)]
  0x000001f76a7474f0 JavaThread "Unconstrained build operations Thread 93"        [_thread_blocked, id=61588, stack(0x000000c29f800000,0x000000c29f900000) (1024K)]
  0x000001f76a74a2e0 JavaThread "Unconstrained build operations Thread 94"        [_thread_blocked, id=56144, stack(0x000000c29f900000,0x000000c29fa00000) (1024K)]
  0x000001f76a74b000 JavaThread "Unconstrained build operations Thread 95"        [_thread_blocked, id=61696, stack(0x000000c29fa00000,0x000000c29fb00000) (1024K)]
  0x000001f76a747b80 JavaThread "Unconstrained build operations Thread 96"        [_thread_blocked, id=61692, stack(0x000000c29fb00000,0x000000c29fc00000) (1024K)]
  0x000001f76a7488a0 JavaThread "Unconstrained build operations Thread 97"        [_thread_blocked, id=61688, stack(0x000000c29fc00000,0x000000c29fd00000) (1024K)]
  0x000001f76a74b690 JavaThread "Unconstrained build operations Thread 98"        [_thread_blocked, id=61724, stack(0x000000c29fd00000,0x000000c29fe00000) (1024K)]
  0x000001f76a748f30 JavaThread "Unconstrained build operations Thread 99"        [_thread_blocked, id=61720, stack(0x000000c29fe00000,0x000000c29ff00000) (1024K)]
  0x000001f76a7495c0 JavaThread "Unconstrained build operations Thread 100"        [_thread_blocked, id=61728, stack(0x000000c29ff00000,0x000000c2a0000000) (1024K)]
  0x000001f76a751f90 JavaThread "Unconstrained build operations Thread 101"        [_thread_blocked, id=61732, stack(0x000000c2a0000000,0x000000c2a0100000) (1024K)]
  0x000001f76a74eb10 JavaThread "Unconstrained build operations Thread 102"        [_thread_blocked, id=61736, stack(0x000000c2a0100000,0x000000c2a0200000) (1024K)]
  0x000001f76a74f830 JavaThread "Unconstrained build operations Thread 103"        [_thread_blocked, id=61740, stack(0x000000c2a0200000,0x000000c2a0300000) (1024K)]
  0x000001f76a7546f0 JavaThread "Unconstrained build operations Thread 104"        [_thread_blocked, id=61844, stack(0x000000c2a0300000,0x000000c2a0400000) (1024K)]
  0x000001f76a755aa0 JavaThread "Unconstrained build operations Thread 105"        [_thread_blocked, id=61848, stack(0x000000c2a0400000,0x000000c2a0500000) (1024K)]
  0x000001f76a756130 JavaThread "Unconstrained build operations Thread 106"        [_thread_blocked, id=61852, stack(0x000000c2a0500000,0x000000c2a0600000) (1024K)]
  0x000001f76c609a40 JavaThread "Unconstrained build operations Thread 107"        [_thread_blocked, id=61856, stack(0x000000c2a0600000,0x000000c2a0700000) (1024K)]
  0x000001f76b599a40 JavaThread "Unconstrained build operations Thread 108"        [_thread_blocked, id=61860, stack(0x000000c2a0700000,0x000000c2a0800000) (1024K)]
  0x000001f76b59adf0 JavaThread "Unconstrained build operations Thread 109"        [_thread_blocked, id=61864, stack(0x000000c2a0800000,0x000000c2a0900000) (1024K)]
  0x000001f76b598690 JavaThread "Unconstrained build operations Thread 110"        [_thread_blocked, id=61868, stack(0x000000c2a0900000,0x000000c2a0a00000) (1024K)]
  0x000001f76b59a760 JavaThread "Unconstrained build operations Thread 111"        [_thread_blocked, id=61872, stack(0x000000c2a0a00000,0x000000c2a0b00000) (1024K)]
  0x000001f76b598d20 JavaThread "Unconstrained build operations Thread 112"        [_thread_blocked, id=61876, stack(0x000000c2a0b00000,0x000000c2a0c00000) (1024K)]
  0x000001f76b597970 JavaThread "Unconstrained build operations Thread 113"        [_thread_blocked, id=61880, stack(0x000000c2a0c00000,0x000000c2a0d00000) (1024K)]
  0x000001f76b5993b0 JavaThread "Unconstrained build operations Thread 114"        [_thread_blocked, id=61884, stack(0x000000c2a0d00000,0x000000c2a0e00000) (1024K)]
  0x000001f76b59a0d0 JavaThread "Unconstrained build operations Thread 115"        [_thread_blocked, id=61888, stack(0x000000c2a0e00000,0x000000c2a0f00000) (1024K)]
  0x000001f76b598000 JavaThread "Unconstrained build operations Thread 116"        [_thread_blocked, id=61840, stack(0x000000c2a0f00000,0x000000c2a1000000) (1024K)]
  0x000001f76b59c1a0 JavaThread "Unconstrained build operations Thread 117"        [_thread_blocked, id=61836, stack(0x000000c2a1000000,0x000000c2a1100000) (1024K)]
  0x000001f76b59d550 JavaThread "Unconstrained build operations Thread 118"        [_thread_blocked, id=61832, stack(0x000000c2a1100000,0x000000c2a1200000) (1024K)]
  0x000001f76b59b480 JavaThread "Unconstrained build operations Thread 119"        [_thread_blocked, id=61804, stack(0x000000c2a1200000,0x000000c2a1300000) (1024K)]
  0x000001f76b59bb10 JavaThread "Unconstrained build operations Thread 120"        [_thread_blocked, id=61828, stack(0x000000c2a1300000,0x000000c2a1400000) (1024K)]
  0x000001f76b59ef90 JavaThread "Cache worker for Java compile cache (C:\Users\DELL\.gradle\caches\9.3.1\javaCompile)"        [_thread_blocked, id=61924, stack(0x000000c2a1400000,0x000000c2a1500000) (1024K)]
  0x000001f76b59fcb0 JavaThread "Build operations"                  [_thread_blocked, id=61928, stack(0x000000c2a1500000,0x000000c2a1600000) (1024K)]
  0x000001f76b59dbe0 JavaThread "Build operations Thread 2"         [_thread_blocked, id=61920, stack(0x000000c2a1600000,0x000000c2a1700000) (1024K)]
  0x000001f76b59c830 JavaThread "Build operations Thread 3"         [_thread_blocked, id=61952, stack(0x000000c2a1700000,0x000000c2a1800000) (1024K)]
  0x000001f76b5a0340 JavaThread "Build operations Thread 4"         [_thread_blocked, id=61956, stack(0x000000c2a1800000,0x000000c2a1900000) (1024K)]
  0x000001f76b59e270 JavaThread "Build operations Thread 5"         [_thread_blocked, id=61964, stack(0x000000c2a1900000,0x000000c2a1a00000) (1024K)]
  0x000001f76b59cec0 JavaThread "Build operations Thread 6"         [_thread_blocked, id=61968, stack(0x000000c2a1a00000,0x000000c2a1b00000) (1024K)]
  0x000001f76b5a09d0 JavaThread "Build operations Thread 7"         [_thread_blocked, id=61960, stack(0x000000c2a1b00000,0x000000c2a1c00000) (1024K)]
  0x000001f76b5a16f0 JavaThread "Build operations Thread 8"         [_thread_blocked, id=61976, stack(0x000000c2a1c00000,0x000000c2a1d00000) (1024K)]
  0x000001f76b5a1060 JavaThread "Build operations Thread 9"         [_thread_blocked, id=61972, stack(0x000000c2a1d00000,0x000000c2a1e00000) (1024K)]
  0x000001f76b5a1d80 JavaThread "Build operations Thread 10"        [_thread_blocked, id=61980, stack(0x000000c2a1e00000,0x000000c2a1f00000) (1024K)]
  0x000001f76b5a2410 JavaThread "Build operations Thread 11"        [_thread_blocked, id=61984, stack(0x000000c2a1f00000,0x000000c2a2000000) (1024K)]
  0x000001f76a520b20 JavaThread "C2 CompilerThread1"         daemon [_thread_blocked, id=61992, stack(0x000000c296200000,0x000000c296300000) (1024K)]
  0x000001f76a51d4a0 JavaThread "C2 CompilerThread2"         daemon [_thread_blocked, id=62072, stack(0x000000c2a2000000,0x000000c2a2100000) (1024K)]
Total: 190

Other Threads:
  0x000001f742ca7690 VMThread "VM Thread"                           [id=51372, stack(0x000000c295800000,0x000000c295900000) (1024K)]
  0x000001f742c93de0 WatcherThread "VM Periodic Task Thread"        [id=61092, stack(0x000000c295700000,0x000000c295800000) (1024K)]
  0x000001f72910d240 WorkerThread "GC Thread#0"                     [id=57240, stack(0x000000c295200000,0x000000c295300000) (1024K)]
  0x000001f764106f00 WorkerThread "GC Thread#1"                     [id=58312, stack(0x000000c296400000,0x000000c296500000) (1024K)]
  0x000001f7640e0740 WorkerThread "GC Thread#2"                     [id=58796, stack(0x000000c296500000,0x000000c296600000) (1024K)]
  0x000001f7640e0af0 WorkerThread "GC Thread#3"                     [id=59668, stack(0x000000c296600000,0x000000c296700000) (1024K)]
  0x000001f7640e0ea0 WorkerThread "GC Thread#4"                     [id=58304, stack(0x000000c296700000,0x000000c296800000) (1024K)]
  0x000001f7640e1250 WorkerThread "GC Thread#5"                     [id=28704, stack(0x000000c296800000,0x000000c296900000) (1024K)]
  0x000001f764cba6f0 WorkerThread "GC Thread#6"                     [id=51348, stack(0x000000c297300000,0x000000c297400000) (1024K)]
  0x000001f764cbaaa0 WorkerThread "GC Thread#7"                     [id=36240, stack(0x000000c297400000,0x000000c297500000) (1024K)]
  0x000001f764cbbd10 WorkerThread "GC Thread#8"                     [id=49648, stack(0x000000c297500000,0x000000c297600000) (1024K)]
=>0x000001f766664060 WorkerThread "GC Thread#9"                     [id=55780, stack(0x000000c297600000,0x000000c297700000) (1024K)]
  0x000001f729117130 ConcurrentGCThread "G1 Main Marker"            [id=50416, stack(0x000000c295300000,0x000000c295400000) (1024K)]
  0x000001f729117b50 WorkerThread "G1 Conc#0"                       [id=50904, stack(0x000000c295400000,0x000000c295500000) (1024K)]
  0x000001f7666617d0 WorkerThread "G1 Conc#1"                       [id=16044, stack(0x000000c297a00000,0x000000c297b00000) (1024K)]
  0x000001f766661b80 WorkerThread "G1 Conc#2"                       [id=57804, stack(0x000000c297b00000,0x000000c297c00000) (1024K)]
  0x000001f742b69960 ConcurrentGCThread "G1 Refine#0"               [id=60252, stack(0x000000c295500000,0x000000c295600000) (1024K)]
  0x000001f742b6c1a0 ConcurrentGCThread "G1 Service"                [id=60248, stack(0x000000c295600000,0x000000c295700000) (1024K)]
Total: 18

Threads with active compile tasks:
C2 CompilerThread0  44064 16388   !   4       com.sun.org.apache.xerces.internal.impl.XMLDocumentFragmentScannerImpl$FragmentContentDriver::next (2331 bytes)
C2 CompilerThread1  44064 16444       4       com.sun.org.apache.xerces.internal.impl.XMLEntityScanner::scanContent (295 bytes)
C2 CompilerThread2  44064 16431       4       com.sun.org.apache.xerces.internal.parsers.AbstractDOMParser::startElement (883 bytes)
Total: 3

VM state: at safepoint (normal execution)

VM Mutex/Monitor currently owned by a thread:  ([mutex/lock_event])
[0x00007ffe3a7d66b0] FreeList_lock - owner thread: 0x000001f766664060
[0x00007ffe3a7d8db0] Threads_lock - owner thread: 0x000001f742ca7690
[0x00007ffe3a7d8eb0] Heap_lock - owner thread: 0x000001f76b824ab0

Heap address: 0x0000000740000000, size: 3072 MB, Compressed Oops mode: Zero based, Oop shift amount: 3

CDS archive(s) mapped at: [0x000001f744000000-0x000001f745c20000-0x000001f745c20000), size 29491200, SharedBaseAddress: 0x000001f744000000, ArchiveRelocationMode: 1.
Compressed class space mapped at: 0x000001f746000000-0x000001f760000000, reserved size: 436207616
Narrow klass base: 0x000001f744000000, Narrow klass shift: 0, Narrow klass range: 0x100000000

GC Precious Log:
 CardTable entry size: 512
 Card Set container configuration: InlinePtr #cards 4 size 8 Array Of Cards #cards 16 size 48 Howl #buckets 8 coarsen threshold 3686 Howl Bitmap #cards 512 size 80 coarsen threshold 460 Card regions per heap region 1 cards per card region 4096
 CPUs: 12 total, 12 available
 Memory: 16068M
 Large Page Support: Disabled
 NUMA Support: Disabled
 Compressed Oops: Enabled (Zero based)
 Heap Region Size: 2M
 Heap Min Capacity: 8M
 Heap Initial Capacity: 252M
 Heap Max Capacity: 3G
 Pre-touch: Disabled
 Parallel Workers: 10
 Concurrent Workers: 3
 Concurrent Refinement Workers: 10
 Periodic GC: Disabled

Heap:
 garbage-first heap   total 350208K, used 299018K [0x0000000740000000, 0x0000000800000000)
  region size 2048K, 89 young (182272K), 11 survivors (22528K)
 Metaspace       used 117089K, committed 119488K, reserved 557056K
  class space    used 16414K, committed 17600K, reserved 425984K

Heap Regions: E=young(eden), S=young(survivor), O=old, HS=humongous(starts), HC=humongous(continues), CS=collection set, F=free, TAMS=top-at-mark-start, PB=parsable bottom
|   0|0x0000000740000000, 0x0000000740200000, 0x0000000740200000|100%|HS|  |TAMS 0x0000000740000000| PB 0x0000000740000000| Complete 
|   1|0x0000000740200000, 0x0000000740400000, 0x0000000740400000|100%|HC|  |TAMS 0x0000000740200000| PB 0x0000000740200000| Complete 
|   2|0x0000000740400000, 0x0000000740600000, 0x0000000740600000|100%| O|  |TAMS 0x0000000740400000| PB 0x0000000740400000| Untracked 
|   3|0x0000000740600000, 0x0000000740800000, 0x0000000740800000|100%| O|  |TAMS 0x0000000740600000| PB 0x0000000740600000| Untracked 
|   4|0x0000000740800000, 0x0000000740a00000, 0x0000000740a00000|100%| O|  |TAMS 0x0000000740800000| PB 0x0000000740800000| Untracked 
|   5|0x0000000740a00000, 0x0000000740c00000, 0x0000000740c00000|100%| O|  |TAMS 0x0000000740a00000| PB 0x0000000740a00000| Untracked 
|   6|0x0000000740c00000, 0x0000000740e00000, 0x0000000740e00000|100%| O|  |TAMS 0x0000000740c00000| PB 0x0000000740c00000| Untracked 
|   7|0x0000000740e00000, 0x0000000741000000, 0x0000000741000000|100%| O|  |TAMS 0x0000000740e00000| PB 0x0000000740e00000| Untracked 
|   8|0x0000000741000000, 0x0000000741200000, 0x0000000741200000|100%| O|  |TAMS 0x0000000741000000| PB 0x0000000741000000| Untracked 
|   9|0x0000000741200000, 0x0000000741400000, 0x0000000741400000|100%| O|  |TAMS 0x0000000741200000| PB 0x0000000741200000| Untracked 
|  10|0x0000000741400000, 0x0000000741600000, 0x0000000741600000|100%| O|  |TAMS 0x0000000741400000| PB 0x0000000741400000| Untracked 
|  11|0x0000000741600000, 0x0000000741800000, 0x0000000741800000|100%| O|  |TAMS 0x0000000741600000| PB 0x0000000741600000| Untracked 
|  12|0x0000000741800000, 0x0000000741a00000, 0x0000000741a00000|100%| O|  |TAMS 0x0000000741800000| PB 0x0000000741800000| Untracked 
|  13|0x0000000741a00000, 0x0000000741c00000, 0x0000000741c00000|100%| O|  |TAMS 0x0000000741a00000| PB 0x0000000741a00000| Untracked 
|  14|0x0000000741c00000, 0x0000000741e00000, 0x0000000741e00000|100%| O|  |TAMS 0x0000000741c00000| PB 0x0000000741c00000| Untracked 
|  15|0x0000000741e00000, 0x0000000742000000, 0x0000000742000000|100%| O|  |TAMS 0x0000000741e00000| PB 0x0000000741e00000| Untracked 
|  16|0x0000000742000000, 0x0000000742200000, 0x0000000742200000|100%| O|  |TAMS 0x0000000742000000| PB 0x0000000742000000| Untracked 
|  17|0x0000000742200000, 0x0000000742400000, 0x0000000742400000|100%|HS|  |TAMS 0x0000000742200000| PB 0x0000000742200000| Complete 
|  18|0x0000000742400000, 0x0000000742600000, 0x0000000742600000|100%|HS|  |TAMS 0x0000000742400000| PB 0x0000000742400000| Complete 
|  19|0x0000000742600000, 0x0000000742800000, 0x0000000742800000|100%| O|  |TAMS 0x0000000742600000| PB 0x0000000742600000| Untracked 
|  20|0x0000000742800000, 0x0000000742a00000, 0x0000000742a00000|100%| O|  |TAMS 0x0000000742800000| PB 0x0000000742800000| Untracked 
|  21|0x0000000742a00000, 0x0000000742c00000, 0x0000000742c00000|100%| O|  |TAMS 0x0000000742a00000| PB 0x0000000742a00000| Untracked 
|  22|0x0000000742c00000, 0x0000000742e00000, 0x0000000742e00000|100%| O|  |TAMS 0x0000000742c00000| PB 0x0000000742c00000| Untracked 
|  23|0x0000000742e00000, 0x0000000743000000, 0x0000000743000000|100%| O|  |TAMS 0x0000000742e00000| PB 0x0000000742e00000| Untracked 
|  24|0x0000000743000000, 0x0000000743200000, 0x0000000743200000|100%| O|  |TAMS 0x0000000743000000| PB 0x0000000743000000| Untracked 
|  25|0x0000000743200000, 0x0000000743400000, 0x0000000743400000|100%| O|  |TAMS 0x0000000743200000| PB 0x0000000743200000| Untracked 
|  26|0x0000000743400000, 0x0000000743600000, 0x0000000743600000|100%| O|  |TAMS 0x0000000743400000| PB 0x0000000743400000| Untracked 
|  27|0x0000000743600000, 0x0000000743800000, 0x0000000743800000|100%| O|  |TAMS 0x0000000743600000| PB 0x0000000743600000| Untracked 
|  28|0x0000000743800000, 0x0000000743a00000, 0x0000000743a00000|100%| O|  |TAMS 0x0000000743800000| PB 0x0000000743800000| Untracked 
|  29|0x0000000743a00000, 0x0000000743c00000, 0x0000000743c00000|100%| E|CS|TAMS 0x0000000743a00000| PB 0x0000000743a00000| Complete 
|  30|0x0000000743c00000, 0x0000000743e00000, 0x0000000743e00000|100%| O|  |TAMS 0x0000000743c00000| PB 0x0000000743c00000| Untracked 
|  31|0x0000000743e00000, 0x0000000744000000, 0x0000000744000000|100%| O|  |TAMS 0x0000000743e00000| PB 0x0000000743e00000| Untracked 
|  32|0x0000000744000000, 0x0000000744200000, 0x0000000744200000|100%| O|  |TAMS 0x0000000744000000| PB 0x0000000744000000| Untracked 
|  33|0x0000000744200000, 0x0000000744400000, 0x0000000744400000|100%| O|  |TAMS 0x0000000744200000| PB 0x0000000744200000| Untracked 
|  34|0x0000000744400000, 0x0000000744600000, 0x0000000744600000|100%| O|  |TAMS 0x0000000744400000| PB 0x0000000744400000| Untracked 
|  35|0x0000000744600000, 0x0000000744800000, 0x0000000744800000|100%| O|  |TAMS 0x0000000744600000| PB 0x0000000744600000| Untracked 
|  36|0x0000000744800000, 0x0000000744a00000, 0x0000000744a00000|100%| O|  |TAMS 0x0000000744800000| PB 0x0000000744800000| Untracked 
|  37|0x0000000744a00000, 0x0000000744c00000, 0x0000000744c00000|100%| O|  |TAMS 0x0000000744a00000| PB 0x0000000744a00000| Untracked 
|  38|0x0000000744c00000, 0x0000000744e00000, 0x0000000744e00000|100%| O|  |TAMS 0x0000000744c00000| PB 0x0000000744c00000| Untracked 
|  39|0x0000000744e00000, 0x0000000745000000, 0x0000000745000000|100%| O|  |TAMS 0x0000000744e00000| PB 0x0000000744e00000| Untracked 
|  40|0x0000000745000000, 0x0000000745200000, 0x0000000745200000|100%| O|  |TAMS 0x0000000745000000| PB 0x0000000745000000| Untracked 
|  41|0x0000000745200000, 0x0000000745400000, 0x0000000745400000|100%| O|  |TAMS 0x0000000745200000| PB 0x0000000745200000| Untracked 
|  42|0x0000000745400000, 0x0000000745600000, 0x0000000745600000|100%| O|  |TAMS 0x0000000745400000| PB 0x0000000745400000| Untracked 
|  43|0x0000000745600000, 0x0000000745800000, 0x0000000745800000|100%| O|  |TAMS 0x0000000745600000| PB 0x0000000745600000| Untracked 
|  44|0x0000000745800000, 0x0000000745a00000, 0x0000000745a00000|100%| O|  |TAMS 0x0000000745800000| PB 0x0000000745800000| Untracked 
|  45|0x0000000745a00000, 0x0000000745c00000, 0x0000000745c00000|100%| O|  |TAMS 0x0000000745a00000| PB 0x0000000745a00000| Untracked 
|  46|0x0000000745c00000, 0x0000000745e00000, 0x0000000745e00000|100%| O|Cm|TAMS 0x0000000745c00000| PB 0x0000000745c00000| Complete 
|  47|0x0000000745e00000, 0x0000000746000000, 0x0000000746000000|100%| O|  |TAMS 0x0000000745e00000| PB 0x0000000745e00000| Untracked 
|  48|0x0000000746000000, 0x0000000746200000, 0x0000000746200000|100%| E|CS|TAMS 0x0000000746000000| PB 0x0000000746000000| Complete 
|  49|0x0000000746200000, 0x0000000746400000, 0x0000000746400000|100%| E|CS|TAMS 0x0000000746200000| PB 0x0000000746200000| Complete 
|  50|0x0000000746400000, 0x0000000746600000, 0x0000000746600000|100%|HS|  |TAMS 0x0000000746400000| PB 0x0000000746400000| Complete 
|  51|0x0000000746600000, 0x0000000746800000, 0x0000000746800000|100%|HS|  |TAMS 0x0000000746600000| PB 0x0000000746600000| Complete 
|  52|0x0000000746800000, 0x0000000746a00000, 0x0000000746a00000|100%| O|  |TAMS 0x0000000746800000| PB 0x0000000746800000| Untracked 
|  53|0x0000000746a00000, 0x0000000746c00000, 0x0000000746c00000|100%| E|CS|TAMS 0x0000000746a00000| PB 0x0000000746a00000| Complete 
|  54|0x0000000746c00000, 0x0000000746e00000, 0x0000000746e00000|100%| E|CS|TAMS 0x0000000746c00000| PB 0x0000000746c00000| Complete 
|  55|0x0000000746e00000, 0x0000000747000000, 0x0000000747000000|100%| E|CS|TAMS 0x0000000746e00000| PB 0x0000000746e00000| Complete 
|  56|0x0000000747000000, 0x0000000747200000, 0x0000000747200000|100%| O|  |TAMS 0x0000000747000000| PB 0x0000000747000000| Untracked 
|  57|0x0000000747200000, 0x0000000747400000, 0x0000000747400000|100%| O|  |TAMS 0x0000000747200000| PB 0x0000000747200000| Untracked 
|  58|0x0000000747400000, 0x0000000747600000, 0x0000000747600000|100%| E|CS|TAMS 0x0000000747400000| PB 0x0000000747400000| Complete 
|  59|0x0000000747600000, 0x0000000747800000, 0x0000000747800000|100%| E|CS|TAMS 0x0000000747600000| PB 0x0000000747600000| Complete 
|  60|0x0000000747800000, 0x0000000747a00000, 0x0000000747a00000|100%| O|  |TAMS 0x0000000747800000| PB 0x0000000747800000| Untracked 
|  61|0x0000000747a00000, 0x0000000747c00000, 0x0000000747c00000|100%| S|  |TAMS 0x0000000747a00000| PB 0x0000000747a00000| Complete 
|  62|0x0000000747c00000, 0x0000000747e00000, 0x0000000747e00000|100%| S|  |TAMS 0x0000000747c00000| PB 0x0000000747c00000| Complete 
|  63|0x0000000747e00000, 0x0000000748000000, 0x0000000748000000|100%| S|  |TAMS 0x0000000747e00000| PB 0x0000000747e00000| Complete 
|  64|0x0000000748000000, 0x0000000748200000, 0x0000000748200000|100%| S|  |TAMS 0x0000000748000000| PB 0x0000000748000000| Complete 
|  65|0x0000000748200000, 0x0000000748400000, 0x0000000748400000|100%| E|CS|TAMS 0x0000000748200000| PB 0x0000000748200000| Complete 
|  66|0x0000000748400000, 0x0000000748600000, 0x0000000748600000|100%| E|CS|TAMS 0x0000000748400000| PB 0x0000000748400000| Complete 
|  67|0x0000000748600000, 0x0000000748800000, 0x0000000748800000|100%| E|CS|TAMS 0x0000000748600000| PB 0x0000000748600000| Complete 
|  68|0x0000000748800000, 0x0000000748a00000, 0x0000000748a00000|100%| E|CS|TAMS 0x0000000748800000| PB 0x0000000748800000| Complete 
|  69|0x0000000748a00000, 0x0000000748c00000, 0x0000000748c00000|100%| E|CS|TAMS 0x0000000748a00000| PB 0x0000000748a00000| Complete 
|  70|0x0000000748c00000, 0x0000000748e00000, 0x0000000748e00000|100%| E|CS|TAMS 0x0000000748c00000| PB 0x0000000748c00000| Complete 
|  71|0x0000000748e00000, 0x0000000749000000, 0x0000000749000000|100%| E|CS|TAMS 0x0000000748e00000| PB 0x0000000748e00000| Complete 
|  72|0x0000000749000000, 0x0000000749200000, 0x0000000749200000|100%| E|CS|TAMS 0x0000000749000000| PB 0x0000000749000000| Complete 
|  73|0x0000000749200000, 0x0000000749400000, 0x0000000749400000|100%| E|CS|TAMS 0x0000000749200000| PB 0x0000000749200000| Complete 
|  74|0x0000000749400000, 0x0000000749600000, 0x0000000749600000|100%| E|CS|TAMS 0x0000000749400000| PB 0x0000000749400000| Complete 
|  75|0x0000000749600000, 0x0000000749800000, 0x0000000749800000|100%| E|CS|TAMS 0x0000000749600000| PB 0x0000000749600000| Complete 
|  76|0x0000000749800000, 0x0000000749a00000, 0x0000000749a00000|100%| E|CS|TAMS 0x0000000749800000| PB 0x0000000749800000| Complete 
|  77|0x0000000749a00000, 0x0000000749c00000, 0x0000000749c00000|100%| E|CS|TAMS 0x0000000749a00000| PB 0x0000000749a00000| Complete 
|  78|0x0000000749c00000, 0x0000000749e00000, 0x0000000749e00000|100%| E|CS|TAMS 0x0000000749c00000| PB 0x0000000749c00000| Complete 
|  79|0x0000000749e00000, 0x000000074a000000, 0x000000074a000000|100%| E|CS|TAMS 0x0000000749e00000| PB 0x0000000749e00000| Complete 
|  80|0x000000074a000000, 0x000000074a200000, 0x000000074a200000|100%| E|CS|TAMS 0x000000074a000000| PB 0x000000074a000000| Complete 
|  81|0x000000074a200000, 0x000000074a400000, 0x000000074a400000|100%| E|CS|TAMS 0x000000074a200000| PB 0x000000074a200000| Complete 
|  82|0x000000074a400000, 0x000000074a600000, 0x000000074a600000|100%| E|CS|TAMS 0x000000074a400000| PB 0x000000074a400000| Complete 
|  83|0x000000074a600000, 0x000000074a800000, 0x000000074a800000|100%| E|CS|TAMS 0x000000074a600000| PB 0x000000074a600000| Complete 
|  84|0x000000074a800000, 0x000000074aa00000, 0x000000074aa00000|100%| E|CS|TAMS 0x000000074a800000| PB 0x000000074a800000| Complete 
|  85|0x000000074aa00000, 0x000000074ac00000, 0x000000074ac00000|100%| E|CS|TAMS 0x000000074aa00000| PB 0x000000074aa00000| Complete 
|  86|0x000000074ac00000, 0x000000074ae00000, 0x000000074ae00000|100%| E|CS|TAMS 0x000000074ac00000| PB 0x000000074ac00000| Complete 
|  87|0x000000074ae00000, 0x000000074b000000, 0x000000074b000000|100%| E|CS|TAMS 0x000000074ae00000| PB 0x000000074ae00000| Complete 
|  88|0x000000074b000000, 0x000000074b200000, 0x000000074b200000|100%| E|CS|TAMS 0x000000074b000000| PB 0x000000074b000000| Complete 
|  89|0x000000074b200000, 0x000000074b400000, 0x000000074b400000|100%| E|CS|TAMS 0x000000074b200000| PB 0x000000074b200000| Complete 
|  90|0x000000074b400000, 0x000000074b600000, 0x000000074b600000|100%| E|CS|TAMS 0x000000074b400000| PB 0x000000074b400000| Complete 
|  91|0x000000074b600000, 0x000000074b800000, 0x000000074b800000|100%| E|CS|TAMS 0x000000074b600000| PB 0x000000074b600000| Complete 
|  92|0x000000074b800000, 0x000000074ba00000, 0x000000074ba00000|100%| E|CS|TAMS 0x000000074b800000| PB 0x000000074b800000| Complete 
|  93|0x000000074ba00000, 0x000000074bc00000, 0x000000074bc00000|100%| E|CS|TAMS 0x000000074ba00000| PB 0x000000074ba00000| Complete 
|  94|0x000000074bc00000, 0x000000074be00000, 0x000000074be00000|100%| E|CS|TAMS 0x000000074bc00000| PB 0x000000074bc00000| Complete 
|  95|0x000000074be00000, 0x000000074c000000, 0x000000074c000000|100%| E|CS|TAMS 0x000000074be00000| PB 0x000000074be00000| Complete 
|  96|0x000000074c000000, 0x000000074c200000, 0x000000074c200000|100%| E|CS|TAMS 0x000000074c000000| PB 0x000000074c000000| Complete 
|  97|0x000000074c200000, 0x000000074c400000, 0x000000074c400000|100%| E|CS|TAMS 0x000000074c200000| PB 0x000000074c200000| Complete 
|  98|0x000000074c400000, 0x000000074c600000, 0x000000074c600000|100%| E|CS|TAMS 0x000000074c400000| PB 0x000000074c400000| Complete 
|  99|0x000000074c600000, 0x000000074c800000, 0x000000074c800000|100%| E|CS|TAMS 0x000000074c600000| PB 0x000000074c600000| Complete 
| 100|0x000000074c800000, 0x000000074ca00000, 0x000000074ca00000|100%| E|CS|TAMS 0x000000074c800000| PB 0x000000074c800000| Complete 
| 101|0x000000074ca00000, 0x000000074cc00000, 0x000000074cc00000|100%| E|CS|TAMS 0x000000074ca00000| PB 0x000000074ca00000| Complete 
| 102|0x000000074cc00000, 0x000000074ce00000, 0x000000074ce00000|100%| E|CS|TAMS 0x000000074cc00000| PB 0x000000074cc00000| Complete 
| 103|0x000000074ce00000, 0x000000074d000000, 0x000000074d000000|100%| E|CS|TAMS 0x000000074ce00000| PB 0x000000074ce00000| Complete 
| 104|0x000000074d000000, 0x000000074d200000, 0x000000074d200000|100%| E|CS|TAMS 0x000000074d000000| PB 0x000000074d000000| Complete 
| 105|0x000000074d200000, 0x000000074d400000, 0x000000074d400000|100%| E|CS|TAMS 0x000000074d200000| PB 0x000000074d200000| Complete 
| 106|0x000000074d400000, 0x000000074d600000, 0x000000074d600000|100%| E|CS|TAMS 0x000000074d400000| PB 0x000000074d400000| Complete 
| 107|0x000000074d600000, 0x000000074d800000, 0x000000074d800000|100%| E|CS|TAMS 0x000000074d600000| PB 0x000000074d600000| Complete 
| 108|0x000000074d800000, 0x000000074da00000, 0x000000074da00000|100%| E|CS|TAMS 0x000000074d800000| PB 0x000000074d800000| Complete 
| 109|0x000000074da00000, 0x000000074dc00000, 0x000000074dc00000|100%| E|CS|TAMS 0x000000074da00000| PB 0x000000074da00000| Complete 
| 110|0x000000074dc00000, 0x000000074de00000, 0x000000074de00000|100%| E|CS|TAMS 0x000000074dc00000| PB 0x000000074dc00000| Complete 
| 111|0x000000074de00000, 0x000000074e000000, 0x000000074e000000|100%| E|CS|TAMS 0x000000074de00000| PB 0x000000074de00000| Complete 
| 112|0x000000074e000000, 0x000000074e200000, 0x000000074e200000|100%| E|CS|TAMS 0x000000074e000000| PB 0x000000074e000000| Complete 
| 113|0x000000074e200000, 0x000000074e400000, 0x000000074e400000|100%| E|CS|TAMS 0x000000074e200000| PB 0x000000074e200000| Complete 
| 114|0x000000074e400000, 0x000000074e600000, 0x000000074e600000|100%| E|CS|TAMS 0x000000074e400000| PB 0x000000074e400000| Complete 
| 115|0x000000074e600000, 0x000000074e800000, 0x000000074e800000|100%| E|CS|TAMS 0x000000074e600000| PB 0x000000074e600000| Complete 
| 116|0x000000074e800000, 0x000000074ea00000, 0x000000074ea00000|100%| E|CS|TAMS 0x000000074e800000| PB 0x000000074e800000| Complete 
| 117|0x000000074ea00000, 0x000000074ec00000, 0x000000074ec00000|100%| E|CS|TAMS 0x000000074ea00000| PB 0x000000074ea00000| Complete 
| 118|0x000000074ec00000, 0x000000074ee00000, 0x000000074ee00000|100%| E|CS|TAMS 0x000000074ec00000| PB 0x000000074ec00000| Complete 
| 119|0x000000074ee00000, 0x000000074f000000, 0x000000074f000000|100%| E|CS|TAMS 0x000000074ee00000| PB 0x000000074ee00000| Complete 
| 120|0x000000074f000000, 0x000000074f200000, 0x000000074f200000|100%| E|CS|TAMS 0x000000074f000000| PB 0x000000074f000000| Complete 
| 121|0x000000074f200000, 0x000000074f400000, 0x000000074f400000|100%| E|CS|TAMS 0x000000074f200000| PB 0x000000074f200000| Complete 
| 122|0x000000074f400000, 0x000000074f600000, 0x000000074f600000|100%| E|CS|TAMS 0x000000074f400000| PB 0x000000074f400000| Complete 
| 123|0x000000074f600000, 0x000000074f800000, 0x000000074f800000|100%| E|CS|TAMS 0x000000074f600000| PB 0x000000074f600000| Complete 
| 124|0x000000074f800000, 0x000000074fa00000, 0x000000074fa00000|100%| E|CS|TAMS 0x000000074f800000| PB 0x000000074f800000| Complete 
| 125|0x000000074fa00000, 0x000000074fc00000, 0x000000074fc00000|100%| E|CS|TAMS 0x000000074fa00000| PB 0x000000074fa00000| Complete 
| 126|0x000000074fc00000, 0x000000074fe00000, 0x000000074fe00000|100%| E|CS|TAMS 0x000000074fc00000| PB 0x000000074fc00000| Complete 
| 127|0x000000074fe00000, 0x0000000750000000, 0x0000000750000000|100%| E|CS|TAMS 0x000000074fe00000| PB 0x000000074fe00000| Complete 
| 128|0x0000000750000000, 0x0000000750200000, 0x0000000750200000|100%| E|CS|TAMS 0x0000000750000000| PB 0x0000000750000000| Complete 
| 129|0x0000000750200000, 0x0000000750400000, 0x0000000750400000|100%| E|CS|TAMS 0x0000000750200000| PB 0x0000000750200000| Complete 
| 130|0x0000000750400000, 0x0000000750600000, 0x0000000750600000|100%| E|CS|TAMS 0x0000000750400000| PB 0x0000000750400000| Complete 
| 131|0x0000000750600000, 0x0000000750800000, 0x0000000750800000|100%| E|CS|TAMS 0x0000000750600000| PB 0x0000000750600000| Complete 
| 132|0x0000000750800000, 0x0000000750a00000, 0x0000000750a00000|100%| E|CS|TAMS 0x0000000750800000| PB 0x0000000750800000| Complete 
| 133|0x0000000750a00000, 0x0000000750c00000, 0x0000000750c00000|100%| E|CS|TAMS 0x0000000750a00000| PB 0x0000000750a00000| Complete 
| 134|0x0000000750c00000, 0x0000000750e00000, 0x0000000750e00000|100%| E|CS|TAMS 0x0000000750c00000| PB 0x0000000750c00000| Complete 
| 135|0x0000000750e00000, 0x0000000751000000, 0x0000000751000000|100%| E|CS|TAMS 0x0000000750e00000| PB 0x0000000750e00000| Complete 
| 136|0x0000000751000000, 0x0000000751200000, 0x0000000751200000|100%| E|CS|TAMS 0x0000000751000000| PB 0x0000000751000000| Complete 
| 137|0x0000000751200000, 0x0000000751400000, 0x0000000751400000|100%| E|CS|TAMS 0x0000000751200000| PB 0x0000000751200000| Complete 
| 138|0x0000000751400000, 0x0000000751600000, 0x0000000751600000|100%| E|CS|TAMS 0x0000000751400000| PB 0x0000000751400000| Complete 
| 139|0x0000000751600000, 0x0000000751800000, 0x0000000751800000|100%| E|CS|TAMS 0x0000000751600000| PB 0x0000000751600000| Complete 
| 140|0x0000000751800000, 0x0000000751a00000, 0x0000000751a00000|100%| E|CS|TAMS 0x0000000751800000| PB 0x0000000751800000| Complete 
| 141|0x0000000751a00000, 0x0000000751bf5e88, 0x0000000751c00000| 98%| E|CS|TAMS 0x0000000751a00000| PB 0x0000000751a00000| Complete 
| 142|0x0000000751c00000, 0x0000000751e00000, 0x0000000751e00000|100%| S|  |TAMS 0x0000000751c00000| PB 0x0000000751c00000| Complete 
| 143|0x0000000751e00000, 0x0000000752000000, 0x0000000752000000|100%| S|  |TAMS 0x0000000751e00000| PB 0x0000000751e00000| Complete 
| 144|0x0000000752000000, 0x0000000752200000, 0x0000000752200000|100%| S|  |TAMS 0x0000000752000000| PB 0x0000000752000000| Complete 
| 145|0x0000000752200000, 0x0000000752400000, 0x0000000752400000|100%| S|  |TAMS 0x0000000752200000| PB 0x0000000752200000| Complete 
| 146|0x0000000752400000, 0x0000000752600000, 0x0000000752600000|100%| S|  |TAMS 0x0000000752400000| PB 0x0000000752400000| Complete 
| 147|0x0000000752600000, 0x0000000752800000, 0x0000000752800000|100%| S|  |TAMS 0x0000000752600000| PB 0x0000000752600000| Complete 
| 148|0x0000000752800000, 0x0000000752a00000, 0x0000000752a00000|100%| S|  |TAMS 0x0000000752800000| PB 0x0000000752800000| Complete 
|1514|0x00000007fd400000, 0x00000007fd600000, 0x00000007fd600000|100%| O|  |TAMS 0x00000007fd400000| PB 0x00000007fd400000| Untracked 
|1515|0x00000007fd600000, 0x00000007fd800000, 0x00000007fd800000|100%| O|  |TAMS 0x00000007fd600000| PB 0x00000007fd600000| Untracked 
|1516|0x00000007fd800000, 0x00000007fda00000, 0x00000007fda00000|100%| O|  |TAMS 0x00000007fd800000| PB 0x00000007fd800000| Untracked 
|1517|0x00000007fda00000, 0x00000007fdc00000, 0x00000007fdc00000|100%| O|  |TAMS 0x00000007fda00000| PB 0x00000007fda00000| Untracked 
|1518|0x00000007fdc00000, 0x00000007fde00000, 0x00000007fde00000|100%| O|  |TAMS 0x00000007fdc00000| PB 0x00000007fdc00000| Untracked 
|1519|0x00000007fde00000, 0x00000007fe000000, 0x00000007fe000000|100%| O|  |TAMS 0x00000007fde00000| PB 0x00000007fde00000| Untracked 
|1520|0x00000007fe000000, 0x00000007fe200000, 0x00000007fe200000|100%| O|  |TAMS 0x00000007fe000000| PB 0x00000007fe000000| Untracked 
|1521|0x00000007fe200000, 0x00000007fe400000, 0x00000007fe400000|100%| O|  |TAMS 0x00000007fe200000| PB 0x00000007fe200000| Untracked 
|1522|0x00000007fe400000, 0x00000007fe600000, 0x00000007fe600000|100%| O|  |TAMS 0x00000007fe400000| PB 0x00000007fe400000| Untracked 
|1523|0x00000007fe600000, 0x00000007fe800000, 0x00000007fe800000|100%| O|  |TAMS 0x00000007fe600000| PB 0x00000007fe600000| Untracked 
|1524|0x00000007fe800000, 0x00000007fea00000, 0x00000007fea00000|100%| E|CS|TAMS 0x00000007fe800000| PB 0x00000007fe800000| Complete 
|1525|0x00000007fea00000, 0x00000007fec00000, 0x00000007fec00000|100%| O|  |TAMS 0x00000007fea00000| PB 0x00000007fea00000| Untracked 
|1526|0x00000007fec00000, 0x00000007fee00000, 0x00000007fee00000|100%| O|  |TAMS 0x00000007fec00000| PB 0x00000007fec00000| Untracked 
|1527|0x00000007fee00000, 0x00000007ff000000, 0x00000007ff000000|100%| O|  |TAMS 0x00000007fee00000| PB 0x00000007fee00000| Untracked 
|1528|0x00000007ff000000, 0x00000007ff200000, 0x00000007ff200000|100%| E|CS|TAMS 0x00000007ff000000| PB 0x00000007ff000000| Complete 
|1529|0x00000007ff200000, 0x00000007ff400000, 0x00000007ff400000|100%| E|CS|TAMS 0x00000007ff200000| PB 0x00000007ff200000| Complete 
|1530|0x00000007ff400000, 0x00000007ff600000, 0x00000007ff600000|100%| O|  |TAMS 0x00000007ff400000| PB 0x00000007ff400000| Untracked 
|1531|0x00000007ff600000, 0x00000007ff800000, 0x00000007ff800000|100%| O|  |TAMS 0x00000007ff600000| PB 0x00000007ff600000| Untracked 
|1532|0x00000007ff800000, 0x00000007ffa00000, 0x00000007ffa00000|100%| O|  |TAMS 0x00000007ff800000| PB 0x00000007ff800000| Untracked 
|1533|0x00000007ffa00000, 0x00000007ffc00000, 0x00000007ffc00000|100%| O|  |TAMS 0x00000007ffa00000| PB 0x00000007ffa00000| Untracked 
|1534|0x00000007ffc00000, 0x00000007ffe00000, 0x00000007ffe00000|100%| O|  |TAMS 0x00000007ffc00000| PB 0x00000007ffc00000| Untracked 
|1535|0x00000007ffe00000, 0x0000000800000000, 0x0000000800000000|100%| O|  |TAMS 0x00000007ffe00000| PB 0x00000007ffe00000| Untracked 

Card table byte_map: [0x000001f73d0b0000,0x000001f73d6b0000] _byte_map_base: 0x000001f7396b0000

Marking Bits: (CMBitMap*) 0x000001f72910d860
 Bits: [0x000001f73d6b0000, 0x000001f7406b0000)

Polling page: 0x000001f728870000

Metaspace:

Usage:
  Non-class:     98.32 MB used.
      Class:     16.03 MB used.
       Both:    114.35 MB used.

Virtual space:
  Non-class space:      128.00 MB reserved,      99.50 MB ( 78%) committed,  2 nodes.
      Class space:      416.00 MB reserved,      17.19 MB (  4%) committed,  1 nodes.
             Both:      544.00 MB reserved,     116.69 MB ( 21%) committed. 

Chunk freelists:
   Non-Class:  12.25 MB
       Class:  14.73 MB
        Both:  26.98 MB

MaxMetaspaceSize: 512.00 MB
CompressedClassSpaceSize: 416.00 MB
Initial GC threshold: 21.00 MB
Current GC threshold: 172.19 MB
CDS: on
 - commit_granule_bytes: 65536.
 - commit_granule_words: 8192.
 - virtual_space_node_default_size: 8388608.
 - enlarge_chunks_in_place: 1.
 - use_allocation_guard: 0.


Internal statistics:

num_allocs_failed_limit: 9.
num_arena_births: 4630.
num_arena_deaths: 0.
num_vsnodes_births: 3.
num_vsnodes_deaths: 0.
num_space_committed: 1865.
num_space_uncommitted: 0.
num_chunks_returned_to_freelist: 9.
num_chunks_taken_from_freelist: 10137.
num_chunk_merges: 9.
num_chunk_splits: 6744.
num_chunks_enlarged: 4319.
num_inconsistent_stats: 0.

CodeHeap 'non-profiled nmethods': size=120000Kb used=9962Kb max_used=9962Kb free=110037Kb
 bounds [0x000001f735030000, 0x000001f7359f0000, 0x000001f73c560000]
CodeHeap 'profiled nmethods': size=120000Kb used=25485Kb max_used=25485Kb free=94514Kb
 bounds [0x000001f72d560000, 0x000001f72ee50000, 0x000001f734a90000]
CodeHeap 'non-nmethods': size=5760Kb used=2058Kb max_used=2124Kb free=3701Kb
 bounds [0x000001f734a90000, 0x000001f734d00000, 0x000001f735030000]
CodeCache: size=245760Kb, used=37505Kb, max_used=37571Kb, free=208252Kb
 total_blobs=14357, nmethods=13443, adapters=818, full_count=0
Compilation: enabled, stopped_count=0, restarted_count=0

Compilation events (20 events):
Event: 27.652 Thread 0x000001f742cee540 16440       2       com.sun.org.apache.xerces.internal.impl.XMLEntityScanner::load (200 bytes)
Event: 27.653 Thread 0x000001f742cee540 nmethod 16440 0x000001f72ee3be90 code [0x000001f72ee3c080, 0x000001f72ee3c3a0]
Event: 27.663 Thread 0x000001f742ced970 nmethod 16384 0x000001f7359e3c10 code [0x000001f7359e3ec0, 0x000001f7359e5d58]
Event: 27.663 Thread 0x000001f742ced970 16386       4       com.sun.org.apache.xerces.internal.impl.XMLDocumentScannerImpl::next (10 bytes)
Event: 27.664 Thread 0x000001f742ced970 nmethod 16386 0x000001f7359e6290 code [0x000001f7359e6420, 0x000001f7359e6510]
Event: 27.664 Thread 0x000001f742ced970 16388   !   4       com.sun.org.apache.xerces.internal.impl.XMLDocumentFragmentScannerImpl$FragmentContentDriver::next (2331 bytes)
Event: 27.665 Thread 0x000001f742cee540 16441       2       com.sun.org.apache.xerces.internal.dom.DeferredDocumentImpl::createChunk (24 bytes)
Event: 27.665 Thread 0x000001f742cee540 nmethod 16441 0x000001f72ee3c590 code [0x000001f72ee3c760, 0x000001f72ee3cb60]
Event: 27.665 Thread 0x000001f742cee540 16442       2       com.sun.org.apache.xerces.internal.dom.DeferredDocumentImpl$RefCount::<init> (5 bytes)
Event: 27.665 Thread 0x000001f742cee540 nmethod 16442 0x000001f72e9a6410 code [0x000001f72e9a65a0, 0x000001f72e9a66a8]
Event: 27.669 Thread 0x000001f742cee540 16443       3       com.sun.org.apache.xerces.internal.impl.XMLScanner::getStringBuffer (76 bytes)
Event: 27.670 Thread 0x000001f742cee540 nmethod 16443 0x000001f72ee3cd10 code [0x000001f72ee3cf60, 0x000001f72ee3dc38]
Event: 27.677 Thread 0x000001f742cee540 16445       3       com.sun.org.apache.xerces.internal.xni.XMLString::append (87 bytes)
Event: 27.677 Thread 0x000001f742cee540 nmethod 16445 0x000001f72ee3e090 code [0x000001f72ee3e260, 0x000001f72ee3e5e0]
Event: 27.677 Thread 0x000001f742cee540 16446       3       com.sun.org.apache.xerces.internal.impl.XMLScanner::resolveCharacter (109 bytes)
Event: 27.677 Thread 0x000001f742cee540 nmethod 16446 0x000001f72ee3e710 code [0x000001f72ee3e960, 0x000001f72ee3f228]
Event: 27.677 Thread 0x000001f742cee540 16447       3       com.sun.org.apache.xerces.internal.impl.XMLScanner::checkEntityLimit (320 bytes)
Event: 27.679 Thread 0x000001f742cee540 nmethod 16447 0x000001f72ee3f490 code [0x000001f72ee3fa40, 0x000001f72ee43118]
Event: 27.682 Thread 0x000001f76a520b20 nmethod 16430 0x000001f7359e6610 code [0x000001f7359e6ac0, 0x000001f7359e8ef8]
Event: 27.682 Thread 0x000001f76a520b20 16444       4       com.sun.org.apache.xerces.internal.impl.XMLEntityScanner::scanContent (295 bytes)

GC Heap History (20 events):
Event: 21.986 GC heap after
{Heap after GC invocations=46 (full 0):
 garbage-first heap   total 258048K, used 115031K [0x0000000740000000, 0x0000000800000000)
  region size 2048K, 4 young (8192K), 4 survivors (8192K)
 Metaspace       used 101830K, committed 104064K, reserved 557056K
  class space    used 14651K, committed 15744K, reserved 425984K
}
Event: 22.443 GC heap before
{Heap before GC invocations=46 (full 0):
 garbage-first heap   total 258048K, used 233815K [0x0000000740000000, 0x0000000800000000)
  region size 2048K, 63 young (129024K), 4 survivors (8192K)
 Metaspace       used 102195K, committed 104448K, reserved 557056K
  class space    used 14731K, committed 15808K, reserved 425984K
}
Event: 22.449 GC heap after
{Heap after GC invocations=47 (full 0):
 garbage-first heap   total 258048K, used 118991K [0x0000000740000000, 0x0000000800000000)
  region size 2048K, 5 young (10240K), 5 survivors (10240K)
 Metaspace       used 102195K, committed 104448K, reserved 557056K
  class space    used 14731K, committed 15808K, reserved 425984K
}
Event: 22.602 GC heap before
{Heap before GC invocations=47 (full 0):
 garbage-first heap   total 258048K, used 235727K [0x0000000740000000, 0x0000000800000000)
  region size 2048K, 63 young (129024K), 5 survivors (10240K)
 Metaspace       used 102197K, committed 104448K, reserved 557056K
  class space    used 14731K, committed 15808K, reserved 425984K
}
Event: 22.607 GC heap after
{Heap after GC invocations=48 (full 0):
 garbage-first heap   total 258048K, used 119462K [0x0000000740000000, 0x0000000800000000)
  region size 2048K, 5 young (10240K), 5 survivors (10240K)
 Metaspace       used 102197K, committed 104448K, reserved 557056K
  class space    used 14731K, committed 15808K, reserved 425984K
}
Event: 22.844 GC heap before
{Heap before GC invocations=48 (full 0):
 garbage-first heap   total 258048K, used 238246K [0x0000000740000000, 0x0000000800000000)
  region size 2048K, 64 young (131072K), 5 survivors (10240K)
 Metaspace       used 102341K, committed 104640K, reserved 557056K
  class space    used 14755K, committed 15872K, reserved 425984K
}
Event: 22.850 GC heap after
{Heap after GC invocations=49 (full 0):
 garbage-first heap   total 258048K, used 120636K [0x0000000740000000, 0x0000000800000000)
  region size 2048K, 5 young (10240K), 5 survivors (10240K)
 Metaspace       used 102341K, committed 104640K, reserved 557056K
  class space    used 14755K, committed 15872K, reserved 425984K
}
Event: 23.150 GC heap before
{Heap before GC invocations=50 (full 0):
 garbage-first heap   total 258048K, used 239420K [0x0000000740000000, 0x0000000800000000)
  region size 2048K, 63 young (129024K), 5 survivors (10240K)
 Metaspace       used 102376K, committed 104640K, reserved 557056K
  class space    used 14757K, committed 15872K, reserved 425984K
}
Event: 23.155 GC heap after
{Heap after GC invocations=51 (full 0):
 garbage-first heap   total 258048K, used 121314K [0x0000000740000000, 0x0000000800000000)
  region size 2048K, 5 young (10240K), 5 survivors (10240K)
 Metaspace       used 102376K, committed 104640K, reserved 557056K
  class space    used 14757K, committed 15872K, reserved 425984K
}
Event: 23.380 GC heap before
{Heap before GC invocations=51 (full 0):
 garbage-first heap   total 258048K, used 240098K [0x0000000740000000, 0x0000000800000000)
  region size 2048K, 64 young (131072K), 5 survivors (10240K)
 Metaspace       used 102389K, committed 104704K, reserved 557056K
  class space    used 14757K, committed 15872K, reserved 425984K
}
Event: 23.387 GC heap after
{Heap after GC invocations=52 (full 0):
 garbage-first heap   total 258048K, used 121157K [0x0000000740000000, 0x0000000800000000)
  region size 2048K, 5 young (10240K), 5 survivors (10240K)
 Metaspace       used 102389K, committed 104704K, reserved 557056K
  class space    used 14757K, committed 15872K, reserved 425984K
}
Event: 23.557 GC heap before
{Heap before GC invocations=52 (full 0):
 garbage-first heap   total 258048K, used 239941K [0x0000000740000000, 0x0000000800000000)
  region size 2048K, 64 young (131072K), 5 survivors (10240K)
 Metaspace       used 102389K, committed 104704K, reserved 557056K
  class space    used 14757K, committed 15872K, reserved 425984K
}
Event: 23.563 GC heap after
{Heap after GC invocations=53 (full 0):
 garbage-first heap   total 311296K, used 121607K [0x0000000740000000, 0x0000000800000000)
  region size 2048K, 5 young (10240K), 5 survivors (10240K)
 Metaspace       used 102389K, committed 104704K, reserved 557056K
  class space    used 14757K, committed 15872K, reserved 425984K
}
Event: 24.294 GC heap before
{Heap before GC invocations=54 (full 0):
 garbage-first heap   total 311296K, used 291591K [0x0000000740000000, 0x0000000800000000)
  region size 2048K, 88 young (180224K), 5 survivors (10240K)
 Metaspace       used 102687K, committed 104960K, reserved 557056K
  class space    used 14800K, committed 15872K, reserved 425984K
}
Event: 24.300 GC heap after
{Heap after GC invocations=55 (full 0):
 garbage-first heap   total 311296K, used 124200K [0x0000000740000000, 0x0000000800000000)
  region size 2048K, 6 young (12288K), 6 survivors (12288K)
 Metaspace       used 102687K, committed 104960K, reserved 557056K
  class space    used 14800K, committed 15872K, reserved 425984K
}
Event: 24.451 GC heap before
{Heap before GC invocations=55 (full 0):
 garbage-first heap   total 311296K, used 290088K [0x0000000740000000, 0x0000000800000000)
  region size 2048K, 88 young (180224K), 6 survivors (12288K)
 Metaspace       used 102705K, committed 104960K, reserved 557056K
  class space    used 14800K, committed 15872K, reserved 425984K
}
Event: 24.456 GC heap after
{Heap after GC invocations=56 (full 0):
 garbage-first heap   total 311296K, used 124045K [0x0000000740000000, 0x0000000800000000)
  region size 2048K, 6 young (12288K), 6 survivors (12288K)
 Metaspace       used 102705K, committed 104960K, reserved 557056K
  class space    used 14800K, committed 15872K, reserved 425984K
}
Event: 24.991 GC heap before
{Heap before GC invocations=56 (full 0):
 garbage-first heap   total 311296K, used 289933K [0x0000000740000000, 0x0000000800000000)
  region size 2048K, 88 young (180224K), 6 survivors (12288K)
 Metaspace       used 103370K, committed 105664K, reserved 557056K
  class space    used 14918K, committed 16000K, reserved 425984K
}
Event: 25.003 GC heap after
{Heap after GC invocations=57 (full 0):
 garbage-first heap   total 317440K, used 135178K [0x0000000740000000, 0x0000000800000000)
  region size 2048K, 10 young (20480K), 10 survivors (20480K)
 Metaspace       used 103370K, committed 105664K, reserved 557056K
  class space    used 14918K, committed 16000K, reserved 425984K
}
Event: 27.686 GC heap before
{Heap before GC invocations=58 (full 0):
 garbage-first heap   total 317440K, used 296970K [0x0000000740000000, 0x0000000800000000)
  region size 2048K, 88 young (180224K), 10 survivors (20480K)
 Metaspace       used 117089K, committed 119488K, reserved 557056K
  class space    used 16414K, committed 17600K, reserved 425984K
}

Dll operation events (4 events):
Event: 0.008 Loaded shared library C:\Users\DELL\.gradle\jdks\jetbrains_s_r_o_-21-amd64-windows.2\bin\java.dll
Event: 0.052 Loaded shared library C:\Users\DELL\.gradle\jdks\jetbrains_s_r_o_-21-amd64-windows.2\bin\jsvml.dll
Event: 0.071 Loaded shared library C:\Users\DELL\.gradle\jdks\jetbrains_s_r_o_-21-amd64-windows.2\bin\zip.dll
Event: 0.650 Loaded shared library C:\Users\DELL\.gradle\jdks\jetbrains_s_r_o_-21-amd64-windows.2\bin\verify.dll

Deoptimization events (20 events):
Event: 27.611 Thread 0x000001f76b824ab0 DEOPT PACKING pc=0x000001f72ee2a28c sp=0x000000c29b5f8e70
Event: 27.611 Thread 0x000001f76b824ab0 DEOPT UNPACKING pc=0x000001f734ae4bc2 sp=0x000000c29b5f8330 mode 0
Event: 27.612 Thread 0x000001f76b824ab0 DEOPT PACKING pc=0x000001f72ee2a28c sp=0x000000c29b5f8d90
Event: 27.612 Thread 0x000001f76b824ab0 DEOPT UNPACKING pc=0x000001f734ae4bc2 sp=0x000000c29b5f8250 mode 0
Event: 27.612 Thread 0x000001f76b824ab0 DEOPT PACKING pc=0x000001f72ee2a28c sp=0x000000c29b5f8d90
Event: 27.612 Thread 0x000001f76b824ab0 DEOPT UNPACKING pc=0x000001f734ae4bc2 sp=0x000000c29b5f8250 mode 0
Event: 27.613 Thread 0x000001f76b824ab0 DEOPT PACKING pc=0x000001f72ee2a28c sp=0x000000c29b5f8d90
Event: 27.613 Thread 0x000001f76b824ab0 DEOPT UNPACKING pc=0x000001f734ae4bc2 sp=0x000000c29b5f8250 mode 0
Event: 27.613 Thread 0x000001f76b824ab0 DEOPT PACKING pc=0x000001f72ee2a28c sp=0x000000c29b5f8ff0
Event: 27.613 Thread 0x000001f76b824ab0 DEOPT UNPACKING pc=0x000001f734ae4bc2 sp=0x000000c29b5f84b0 mode 0
Event: 27.614 Thread 0x000001f76b824ab0 DEOPT PACKING pc=0x000001f72ee2a28c sp=0x000000c29b5f8d90
Event: 27.614 Thread 0x000001f76b824ab0 DEOPT UNPACKING pc=0x000001f734ae4bc2 sp=0x000000c29b5f8250 mode 0
Event: 27.619 Thread 0x000001f76b824ab0 Uncommon trap: trap_request=0xffffff45 fr.pc=0x000001f7359c76dc relative=0x00000000000005dc
Event: 27.619 Thread 0x000001f76b824ab0 Uncommon trap: reason=unstable_if action=reinterpret pc=0x000001f7359c76dc method=com.sun.org.apache.xerces.internal.impl.XMLEntityScanner.scanLiteral(ILcom/sun/org/apache/xerces/internal/xni/XMLString;Z)I @ 44 c2
Event: 27.619 Thread 0x000001f76b824ab0 DEOPT PACKING pc=0x000001f7359c76dc sp=0x000000c29b5f8f20
Event: 27.619 Thread 0x000001f76b824ab0 DEOPT UNPACKING pc=0x000001f734ae4422 sp=0x000000c29b5f8ec8 mode 2
Event: 27.642 Thread 0x000001f76b824ab0 Uncommon trap: trap_request=0xffffff45 fr.pc=0x000001f7359e1d24 relative=0x0000000000000504
Event: 27.642 Thread 0x000001f76b824ab0 Uncommon trap: reason=unstable_if action=reinterpret pc=0x000001f7359e1d24 method=com.sun.org.apache.xerces.internal.impl.XMLEntityScanner.scanContent(Lcom/sun/org/apache/xerces/internal/xni/XMLString;)I @ 122 c2
Event: 27.643 Thread 0x000001f76b824ab0 DEOPT PACKING pc=0x000001f7359e1d24 sp=0x000000c29b5f9170
Event: 27.643 Thread 0x000001f76b824ab0 DEOPT UNPACKING pc=0x000001f734ae4422 sp=0x000000c29b5f9128 mode 2

Classes loaded (20 events):
Event: 27.541 Loading class org/w3c/dom/events/EventTarget
Event: 27.541 Loading class org/w3c/dom/events/EventTarget done
Event: 27.541 Loading class com/sun/org/apache/xerces/internal/dom/NodeImpl done
Event: 27.541 Loading class com/sun/org/apache/xerces/internal/dom/ChildNode done
Event: 27.541 Loading class com/sun/org/apache/xerces/internal/dom/ParentNode done
Event: 27.541 Loading class com/sun/org/apache/xerces/internal/dom/CoreDocumentImpl done
Event: 27.541 Loading class com/sun/org/apache/xerces/internal/dom/DocumentImpl done
Event: 27.541 Loading class com/sun/org/apache/xerces/internal/dom/DeferredDocumentImpl done
Event: 27.542 Loading class com/sun/org/apache/xerces/internal/dom/DocumentTypeImpl
Event: 27.542 Loading class org/w3c/dom/DocumentType
Event: 27.542 Loading class org/w3c/dom/DocumentType done
Event: 27.542 Loading class com/sun/org/apache/xerces/internal/dom/DocumentTypeImpl done
Event: 27.542 Loading class com/sun/org/apache/xerces/internal/dom/ElementImpl
Event: 27.543 Loading class org/w3c/dom/ElementTraversal
Event: 27.543 Loading class org/w3c/dom/ElementTraversal done
Event: 27.543 Loading class com/sun/org/apache/xerces/internal/dom/ElementImpl done
Event: 27.543 Loading class com/sun/org/apache/xerces/internal/dom/NodeListCache
Event: 27.543 Loading class com/sun/org/apache/xerces/internal/dom/NodeListCache done
Event: 27.543 Loading class com/sun/org/apache/xerces/internal/dom/DeferredDocumentImpl$RefCount
Event: 27.543 Loading class com/sun/org/apache/xerces/internal/dom/DeferredDocumentImpl$RefCount done

Classes unloaded (0 events):
No events

Classes redefined (0 events):
No events

Internal exceptions (20 events):
Event: 26.943 Thread 0x000001f76b824ab0 Exception <a 'sun/nio/fs/WindowsException'{0x000000074b0e9500}> (0x000000074b0e9500) 
thrown [s\src\hotspot\share\prims\jni.cpp, line 537]
Event: 26.958 Thread 0x000001f76b824ab0 Exception <a 'sun/nio/fs/WindowsException'{0x000000074b1424b0}> (0x000000074b1424b0) 
thrown [s\src\hotspot\share\prims\jni.cpp, line 537]
Event: 26.964 Thread 0x000001f76b824ab0 Exception <a 'sun/nio/fs/WindowsException'{0x000000074ae0e100}> (0x000000074ae0e100) 
thrown [s\src\hotspot\share\prims\jni.cpp, line 537]
Event: 26.969 Thread 0x000001f76b824ab0 Exception <a 'sun/nio/fs/WindowsException'{0x000000074ae38098}> (0x000000074ae38098) 
thrown [s\src\hotspot\share\prims\jni.cpp, line 537]
Event: 26.978 Thread 0x000001f76b824ab0 Exception <a 'sun/nio/fs/WindowsException'{0x000000074ae61ff0}> (0x000000074ae61ff0) 
thrown [s\src\hotspot\share\prims\jni.cpp, line 537]
Event: 26.987 Thread 0x000001f76b824ab0 Exception <a 'sun/nio/fs/WindowsException'{0x000000074aeda430}> (0x000000074aeda430) 
thrown [s\src\hotspot\share\prims\jni.cpp, line 537]
Event: 26.990 Thread 0x000001f76b824ab0 Exception <a 'sun/nio/fs/WindowsException'{0x000000074aee51f0}> (0x000000074aee51f0) 
thrown [s\src\hotspot\share\prims\jni.cpp, line 537]
Event: 27.033 Thread 0x000001f76b824ab0 Exception <a 'sun/nio/fs/WindowsException'{0x000000074ac7c648}> (0x000000074ac7c648) 
thrown [s\src\hotspot\share\prims\jni.cpp, line 537]
Event: 27.038 Thread 0x000001f76b824ab0 Exception <a 'sun/nio/fs/WindowsException'{0x000000074aca18d8}> (0x000000074aca18d8) 
thrown [s\src\hotspot\share\prims\jni.cpp, line 537]
Event: 27.042 Thread 0x000001f76b824ab0 Exception <a 'sun/nio/fs/WindowsException'{0x000000074ad044c8}> (0x000000074ad044c8) 
thrown [s\src\hotspot\share\prims\jni.cpp, line 537]
Event: 27.058 Thread 0x000001f76b824ab0 Exception <a 'sun/nio/fs/WindowsException'{0x000000074ad4f608}> (0x000000074ad4f608) 
thrown [s\src\hotspot\share\prims\jni.cpp, line 537]
Event: 27.061 Thread 0x000001f76b824ab0 Exception <a 'sun/nio/fs/WindowsException'{0x000000074ade8a30}> (0x000000074ade8a30) 
thrown [s\src\hotspot\share\prims\jni.cpp, line 537]
Event: 27.063 Thread 0x000001f76b824ab0 Exception <a 'sun/nio/fs/WindowsException'{0x000000074adf1678}> (0x000000074adf1678) 
thrown [s\src\hotspot\share\prims\jni.cpp, line 537]
Event: 27.071 Thread 0x000001f76b824ab0 Exception <a 'sun/nio/fs/WindowsException'{0x000000074aa58ac0}> (0x000000074aa58ac0) 
thrown [s\src\hotspot\share\prims\jni.cpp, line 537]
Event: 27.073 Thread 0x000001f76b824ab0 Exception <a 'sun/nio/fs/WindowsException'{0x000000074aaa7218}> (0x000000074aaa7218) 
thrown [s\src\hotspot\share\prims\jni.cpp, line 537]
Event: 27.307 Thread 0x000001f76b824ab0 Exception <a 'sun/nio/fs/WindowsException'{0x0000000749f82080}> (0x0000000749f82080) 
thrown [s\src\hotspot\share\prims\jni.cpp, line 537]
Event: 27.317 Thread 0x000001f76b824ab0 Exception <a 'sun/nio/fs/WindowsException'{0x0000000749c0d470}> (0x0000000749c0d470) 
thrown [s\src\hotspot\share\prims\jni.cpp, line 537]
Event: 27.325 Thread 0x000001f76b824ab0 Exception <a 'sun/nio/fs/WindowsException'{0x0000000749c91f88}> (0x0000000749c91f88) 
thrown [s\src\hotspot\share\prims\jni.cpp, line 537]
Event: 27.369 Thread 0x000001f76b824ab0 Exception <a 'java/lang/NoSuchMethodError'{0x0000000749aa6950}: 'java.lang.Object java.lang.invoke.DirectMethodHandle$Holder.invokeStatic(java.lang.Object, java.lang.Object, int, java.lang.Object, int)'> (0x0000000749aa6950) 
thrown [s\src\hotspot\share\interpreter\linkResolver.cpp, line 784]
Event: 27.410 Thread 0x000001f76b824ab0 Exception <a 'sun/nio/fs/WindowsException'{0x000000074985c000}> (0x000000074985c000) 
thrown [s\src\hotspot\share\prims\jni.cpp, line 537]

ZGC Phase Switch (0 events):
No events

VM Operations (20 events):
Event: 25.113 Executing safepoint VM operation: G1PauseCleanup done
Event: 25.272 Executing non-safepoint VM operation: HandshakeAllThreads (Deoptimize)
Event: 25.273 Executing non-safepoint VM operation: HandshakeAllThreads (Deoptimize) done
Event: 25.342 Executing non-safepoint VM operation: HandshakeAllThreads (Deoptimize)
Event: 25.342 Executing non-safepoint VM operation: HandshakeAllThreads (Deoptimize) done
Event: 25.938 Executing non-safepoint VM operation: HandshakeAllThreads (Deoptimize)
Event: 25.938 Executing non-safepoint VM operation: HandshakeAllThreads (Deoptimize) done
Event: 26.478 Executing safepoint VM operation: ICBufferFull
Event: 26.478 Executing safepoint VM operation: ICBufferFull done
Event: 26.624 Executing non-safepoint VM operation: HandshakeAllThreads (Deoptimize)
Event: 26.624 Executing non-safepoint VM operation: HandshakeAllThreads (Deoptimize) done
Event: 26.643 Executing non-safepoint VM operation: HandshakeAllThreads (Deoptimize)
Event: 26.644 Executing non-safepoint VM operation: HandshakeAllThreads (Deoptimize) done
Event: 26.689 Executing safepoint VM operation: ICBufferFull
Event: 26.689 Executing safepoint VM operation: ICBufferFull done
Event: 27.026 Executing safepoint VM operation: ICBufferFull
Event: 27.026 Executing safepoint VM operation: ICBufferFull done
Event: 27.498 Executing non-safepoint VM operation: HandshakeAllThreads (Deoptimize)
Event: 27.498 Executing non-safepoint VM operation: HandshakeAllThreads (Deoptimize) done
Event: 27.686 Executing safepoint VM operation: G1CollectForAllocation (G1 Evacuation Pause)

Memory protections (0 events):
No events

Nmethod flushes (20 events):
Event: 25.077 Thread 0x000001f742ca7690 flushing  nmethod 0x000001f72e61f290
Event: 25.077 Thread 0x000001f742ca7690 flushing  nmethod 0x000001f72ea21710
Event: 25.077 Thread 0x000001f742ca7690 flushing  nmethod 0x000001f72d588390
Event: 25.077 Thread 0x000001f742ca7690 flushing  nmethod 0x000001f72dc18710
Event: 25.077 Thread 0x000001f742ca7690 flushing  nmethod 0x000001f72e101a10
Event: 25.077 Thread 0x000001f742ca7690 flushing  nmethod 0x000001f72e5b8810
Event: 25.077 Thread 0x000001f742ca7690 flushing  nmethod 0x000001f72e623690
Event: 25.077 Thread 0x000001f742ca7690 flushing  nmethod 0x000001f72e1e1290
Event: 25.077 Thread 0x000001f742ca7690 flushing  nmethod 0x000001f72e2fc310
Event: 25.077 Thread 0x000001f742ca7690 flushing  nmethod 0x000001f735840210
Event: 25.077 Thread 0x000001f742ca7690 flushing  nmethod 0x000001f72e179e90
Event: 25.077 Thread 0x000001f742ca7690 flushing  nmethod 0x000001f72e38b590
Event: 25.077 Thread 0x000001f742ca7690 flushing  nmethod 0x000001f72d677690
Event: 25.077 Thread 0x000001f742ca7690 flushing  nmethod 0x000001f72dddc190
Event: 25.077 Thread 0x000001f742ca7690 flushing  nmethod 0x000001f72e213810
Event: 25.077 Thread 0x000001f742ca7690 flushing  nmethod 0x000001f72e2ef010
Event: 25.077 Thread 0x000001f742ca7690 flushing  nmethod 0x000001f72e125610
Event: 25.077 Thread 0x000001f742ca7690 flushing  nmethod 0x000001f72e195190
Event: 25.077 Thread 0x000001f742ca7690 flushing  nmethod 0x000001f72e195910
Event: 25.077 Thread 0x000001f742ca7690 flushing  nmethod 0x000001f72e2d9090

Events (20 events):
Event: 24.142 Thread 0x000001f76b824ab0 Thread added: 0x000001f76b59d550
Event: 24.142 Thread 0x000001f76b824ab0 Thread added: 0x000001f76b59b480
Event: 24.142 Thread 0x000001f76b824ab0 Thread added: 0x000001f76b59bb10
Event: 24.786 Thread 0x000001f76b824ab0 Thread added: 0x000001f76b59ef90
Event: 24.853 Thread 0x000001f76b824ab0 Thread added: 0x000001f76b59fcb0
Event: 24.853 Thread 0x000001f76b824ab0 Thread added: 0x000001f76b59dbe0
Event: 24.853 Thread 0x000001f76b824ab0 Thread added: 0x000001f76b59c830
Event: 24.854 Thread 0x000001f76b824ab0 Thread added: 0x000001f76b5a0340
Event: 24.854 Thread 0x000001f76b824ab0 Thread added: 0x000001f76b59e270
Event: 24.854 Thread 0x000001f76b824ab0 Thread added: 0x000001f76b59cec0
Event: 24.854 Thread 0x000001f76b824ab0 Thread added: 0x000001f76b5a09d0
Event: 24.854 Thread 0x000001f76b824ab0 Thread added: 0x000001f76b5a16f0
Event: 24.854 Thread 0x000001f76b824ab0 Thread added: 0x000001f76b5a1060
Event: 24.855 Thread 0x000001f76b824ab0 Thread added: 0x000001f76b5a1d80
Event: 24.855 Thread 0x000001f76b824ab0 Thread added: 0x000001f76b5a2410
Event: 25.455 Thread 0x000001f765754630 Thread exited: 0x000001f765754630
Event: 25.939 Thread 0x000001f742cee540 Thread added: 0x000001f76a520b20
Event: 26.403 Thread 0x000001f742cee540 Thread added: 0x000001f76a51d4a0
Event: 27.284 Thread 0x000001f76a51d4a0 Thread exited: 0x000001f76a51d4a0
Event: 27.575 Thread 0x000001f742cee540 Thread added: 0x000001f76a51d4a0


Dynamic libraries:
0x00007ff6c6730000 - 0x00007ff6c673a000 	C:\Users\DELL\.gradle\jdks\jetbrains_s_r_o_-21-amd64-windows.2\bin\java.exe
0x00007ffeb1740000 - 0x00007ffeb19a7000 	C:\WINDOWS\SYSTEM32\ntdll.dll
0x00007ffeb0700000 - 0x00007ffeb07c9000 	C:\WINDOWS\System32\KERNEL32.DLL
0x00007ffeaf010000 - 0x00007ffeaf404000 	C:\WINDOWS\System32\KERNELBASE.dll
0x00007ffeae010000 - 0x00007ffeae15b000 	C:\WINDOWS\System32\ucrtbase.dll
0x00007ffe9b910000 - 0x00007ffe9b92e000 	C:\Users\DELL\.gradle\jdks\jetbrains_s_r_o_-21-amd64-windows.2\bin\VCRUNTIME140.dll
0x00007ffe9b930000 - 0x00007ffe9b948000 	C:\Users\DELL\.gradle\jdks\jetbrains_s_r_o_-21-amd64-windows.2\bin\jli.dll
0x00007ffeb0890000 - 0x00007ffeb0a55000 	C:\WINDOWS\System32\USER32.dll
0x00007ffe952b0000 - 0x00007ffe95543000 	C:\WINDOWS\WinSxS\amd64_microsoft.windows.common-controls_6595b64144ccf1df_6.0.26100.8115_none_3e075c82e3354f9c\COMCTL32.dll
0x00007ffeafd30000 - 0x00007ffeafdd9000 	C:\WINDOWS\System32\msvcrt.dll
0x00007ffeae320000 - 0x00007ffeae347000 	C:\WINDOWS\System32\win32u.dll
0x00007ffeb0a60000 - 0x00007ffeb0a8b000 	C:\WINDOWS\System32\GDI32.dll
0x00007ffeae1f0000 - 0x00007ffeae31b000 	C:\WINDOWS\System32\gdi32full.dll
0x00007ffeae580000 - 0x00007ffeae623000 	C:\WINDOWS\System32\msvcp_win.dll
0x00007ffeb0a90000 - 0x00007ffeb0ac2000 	C:\WINDOWS\System32\IMM32.DLL
0x00007ffea63d0000 - 0x00007ffea63dc000 	C:\Users\DELL\.gradle\jdks\jetbrains_s_r_o_-21-amd64-windows.2\bin\vcruntime140_1.dll
0x00007ffe777e0000 - 0x00007ffe77869000 	C:\Users\DELL\.gradle\jdks\jetbrains_s_r_o_-21-amd64-windows.2\bin\msvcp140.dll
0x00007ffe39b00000 - 0x00007ffe3a8cc000 	C:\Users\DELL\.gradle\jdks\jetbrains_s_r_o_-21-amd64-windows.2\bin\server\jvm.dll
0x00007ffeafde0000 - 0x00007ffeafe96000 	C:\WINDOWS\System32\ADVAPI32.dll
0x00007ffeb07d0000 - 0x00007ffeb0877000 	C:\WINDOWS\System32\sechost.dll
0x00007ffeb1580000 - 0x00007ffeb1698000 	C:\WINDOWS\System32\RPCRT4.dll
0x00007ffeb1460000 - 0x00007ffeb14e0000 	C:\WINDOWS\System32\WS2_32.dll
0x00007ffeaac30000 - 0x00007ffeaac66000 	C:\WINDOWS\SYSTEM32\WINMM.dll
0x00007ffeade90000 - 0x00007ffeadeee000 	C:\WINDOWS\SYSTEM32\POWRPROF.dll
0x00007ffea2700000 - 0x00007ffea270b000 	C:\WINDOWS\SYSTEM32\VERSION.dll
0x00007ffeade50000 - 0x00007ffeade64000 	C:\WINDOWS\SYSTEM32\UMPDC.dll
0x00007ffeacda0000 - 0x00007ffeacdbb000 	C:\WINDOWS\SYSTEM32\kernel.appcore.dll
0x00007ffea26d0000 - 0x00007ffea26da000 	C:\Users\DELL\.gradle\jdks\jetbrains_s_r_o_-21-amd64-windows.2\bin\jimage.dll
0x00007ffeabbc0000 - 0x00007ffeabe02000 	C:\WINDOWS\SYSTEM32\DBGHELP.DLL
0x00007ffeb1010000 - 0x00007ffeb1392000 	C:\WINDOWS\System32\combase.dll
0x00007ffeafea0000 - 0x00007ffeaff78000 	C:\WINDOWS\System32\OLEAUT32.dll
0x00007ffe92a40000 - 0x00007ffe92a7b000 	C:\WINDOWS\SYSTEM32\dbgcore.DLL
0x00007ffeae4d0000 - 0x00007ffeae575000 	C:\WINDOWS\System32\bcryptPrimitives.dll
0x00007ffe9b900000 - 0x00007ffe9b910000 	C:\Users\DELL\.gradle\jdks\jetbrains_s_r_o_-21-amd64-windows.2\bin\instrument.dll
0x00007ffe9b8d0000 - 0x00007ffe9b8f1000 	C:\Users\DELL\.gradle\jdks\jetbrains_s_r_o_-21-amd64-windows.2\bin\java.dll
0x00007ffeaff90000 - 0x00007ffeb06f7000 	C:\WINDOWS\System32\SHELL32.dll
0x00007ffeaeea0000 - 0x00007ffeaf00a000 	C:\WINDOWS\System32\wintypes.dll
0x00007ffeae630000 - 0x00007ffeaee98000 	C:\WINDOWS\System32\windows.storage.dll
0x00007ffeb0f10000 - 0x00007ffeb1008000 	C:\WINDOWS\System32\SHCORE.dll
0x00007ffeb0e50000 - 0x00007ffeb0eb6000 	C:\WINDOWS\System32\shlwapi.dll
0x00007ffeadf30000 - 0x00007ffeadf59000 	C:\WINDOWS\SYSTEM32\profapi.dll
0x00007ffe69090000 - 0x00007ffe69167000 	C:\Users\DELL\.gradle\jdks\jetbrains_s_r_o_-21-amd64-windows.2\bin\jsvml.dll
0x00007ffe9b880000 - 0x00007ffe9b898000 	C:\Users\DELL\.gradle\jdks\jetbrains_s_r_o_-21-amd64-windows.2\bin\zip.dll
0x00007ffe9b7d0000 - 0x00007ffe9b7e1000 	C:\Users\DELL\.gradle\jdks\jetbrains_s_r_o_-21-amd64-windows.2\bin\net.dll
0x00007ffea4750000 - 0x00007ffea487d000 	C:\WINDOWS\SYSTEM32\WINHTTP.dll
0x00007ffead310000 - 0x00007ffead37c000 	C:\WINDOWS\system32\mswsock.dll
0x00007ffe9b600000 - 0x00007ffe9b616000 	C:\Users\DELL\.gradle\jdks\jetbrains_s_r_o_-21-amd64-windows.2\bin\nio.dll
0x00007ffe9b8c0000 - 0x00007ffe9b8d0000 	C:\Users\DELL\.gradle\jdks\jetbrains_s_r_o_-21-amd64-windows.2\bin\verify.dll
0x00007ffe6d4a0000 - 0x00007ffe6d4c7000 	C:\Users\DELL\.gradle\native\660c5614fbf4a5f2a75b1949f50a0caf5cd603558e7d8a26e50b933a0cfb79d1\windows-amd64\native-platform.dll
0x00007ffe3c170000 - 0x00007ffe3c1e7000 	C:\Users\DELL\.gradle\native\0.2.8\x86_64-windows-gnu\gradle-fileevents.dll
0x00007ffe9b5f0000 - 0x00007ffe9b5fa000 	C:\Users\DELL\.gradle\jdks\jetbrains_s_r_o_-21-amd64-windows.2\bin\management.dll
0x00007ffe97700000 - 0x00007ffe9770c000 	C:\Users\DELL\.gradle\jdks\jetbrains_s_r_o_-21-amd64-windows.2\bin\management_ext.dll
0x00007ffeb16c0000 - 0x00007ffeb16c8000 	C:\WINDOWS\System32\PSAPI.DLL
0x00007ffeac7a0000 - 0x00007ffeac7d2000 	C:\WINDOWS\SYSTEM32\IPHLPAPI.DLL
0x00007ffeafac0000 - 0x00007ffeafaca000 	C:\WINDOWS\System32\NSI.dll
0x00007ffe97420000 - 0x00007ffe97429000 	C:\Users\DELL\.gradle\jdks\jetbrains_s_r_o_-21-amd64-windows.2\bin\extnet.dll
0x00007ffead5f0000 - 0x00007ffead60b000 	C:\WINDOWS\SYSTEM32\CRYPTSP.dll
0x00007ffeacd00000 - 0x00007ffeacd39000 	C:\WINDOWS\system32\rsaenh.dll
0x00007ffead3c0000 - 0x00007ffead3f3000 	C:\WINDOWS\SYSTEM32\USERENV.dll
0x00007ffeadf00000 - 0x00007ffeadf2a000 	C:\WINDOWS\SYSTEM32\bcrypt.dll
0x00007ffead610000 - 0x00007ffead61c000 	C:\WINDOWS\SYSTEM32\CRYPTBASE.dll
0x00007ffe97410000 - 0x00007ffe9741e000 	C:\Users\DELL\.gradle\jdks\jetbrains_s_r_o_-21-amd64-windows.2\bin\sunmscapi.dll
0x00007ffeae350000 - 0x00007ffeae4c7000 	C:\WINDOWS\System32\CRYPT32.dll
0x00007ffead810000 - 0x00007ffead840000 	C:\WINDOWS\SYSTEM32\ncrypt.dll
0x00007ffead7c0000 - 0x00007ffead7ff000 	C:\WINDOWS\SYSTEM32\NTASN1.dll
0x00007ffe8d750000 - 0x00007ffe8d758000 	C:\WINDOWS\system32\wshunix.dll

JVMTI agents:
C:\Users\DELL\.gradle\wrapper\dists\gradle-9.3.1-bin\23ovyewtku6u96viwx3xl3oks\gradle-9.3.1\lib\agents\gradle-instrumentation-agent-9.3.1.jar path:C:\Users\DELL\.gradle\jdks\jetbrains_s_r_o_-21-amd64-windows.2\bin\instrument.dll, loaded, initialized, instrumentlib options:none

dbghelp: loaded successfully - version: 4.0.5 - missing functions: none
symbol engine: initialized successfully - sym options: 0x614 - pdb path: .;C:\Users\DELL\.gradle\jdks\jetbrains_s_r_o_-21-amd64-windows.2\bin;C:\WINDOWS\SYSTEM32;C:\WINDOWS\WinSxS\amd64_microsoft.windows.common-controls_6595b64144ccf1df_6.0.26100.8115_none_3e075c82e3354f9c;C:\Users\DELL\.gradle\jdks\jetbrains_s_r_o_-21-amd64-windows.2\bin\server;C:\Users\DELL\.gradle\native\660c5614fbf4a5f2a75b1949f50a0caf5cd603558e7d8a26e50b933a0cfb79d1\windows-amd64;C:\Users\DELL\.gradle\native\0.2.8\x86_64-windows-gnu

VM Arguments:
jvm_args: --add-opens=java.base/java.lang=ALL-UNNAMED --add-opens=java.base/java.lang.invoke=ALL-UNNAMED --add-opens=java.base/java.util=ALL-UNNAMED --add-opens=java.prefs/java.util.prefs=ALL-UNNAMED --add-exports=jdk.compiler/com.sun.tools.javac.api=ALL-UNNAMED --add-exports=jdk.compiler/com.sun.tools.javac.util=ALL-UNNAMED --add-opens=java.base/java.util=ALL-UNNAMED --add-opens=java.prefs/java.util.prefs=ALL-UNNAMED --add-opens=java.base/java.nio.charset=ALL-UNNAMED --add-opens=java.base/java.net=ALL-UNNAMED --add-opens=java.base/java.util.concurrent=ALL-UNNAMED --add-opens=java.base/java.util.concurrent.atomic=ALL-UNNAMED --add-opens=java.xml/javax.xml.namespace=ALL-UNNAMED --add-opens=java.base/java.time=ALL-UNNAMED -XX:MaxMetaspaceSize=512m -XX:+UseG1GC -XX:+HeapDumpOnOutOfMemoryError -Xmx3072m -Dfile.encoding=UTF-8 -Duser.country=US -Duser.language=en -Duser.variant -javaagent:C:\Users\DELL\.gradle\wrapper\dists\gradle-9.3.1-bin\23ovyewtku6u96viwx3xl3oks\gradle-9.3.1\lib\agents\gradle-instrumentation-agent-9.3.1.jar 
java_command: org.gradle.launcher.daemon.bootstrap.GradleDaemon 9.3.1
java_class_path (initial): C:\Users\DELL\.gradle\wrapper\dists\gradle-9.3.1-bin\23ovyewtku6u96viwx3xl3oks\gradle-9.3.1\lib\gradle-daemon-main-9.3.1.jar
Launcher Type: SUN_STANDARD

[Global flags]
     intx CICompilerCount                          = 4                                         {product} {ergonomic}
   size_t CompressedClassSpaceSize                 = 436207616                                 {product} {ergonomic}
     uint ConcGCThreads                            = 3                                         {product} {ergonomic}
     uint G1ConcRefinementThreads                  = 10                                        {product} {ergonomic}
   size_t G1HeapRegionSize                         = 2097152                                   {product} {ergonomic}
    uintx GCDrainStackTargetSize                   = 64                                        {product} {ergonomic}
     bool HeapDumpOnOutOfMemoryError               = true                                   {manageable} {command line}
   size_t InitialHeapSize                          = 264241152                                 {product} {ergonomic}
   size_t MarkStackSize                            = 4194304                                   {product} {ergonomic}
   size_t MaxHeapSize                              = 3221225472                                {product} {command line}
   size_t MaxMetaspaceSize                         = 536870912                                 {product} {command line}
   size_t MaxNewSize                               = 1931476992                                {product} {ergonomic}
   size_t MinHeapDeltaBytes                        = 2097152                                   {product} {ergonomic}
   size_t MinHeapSize                              = 8388608                                   {product} {ergonomic}
    uintx NonNMethodCodeHeapSize                   = 5839372                                {pd product} {ergonomic}
    uintx NonProfiledCodeHeapSize                  = 122909434                              {pd product} {ergonomic}
    uintx ProfiledCodeHeapSize                     = 122909434                              {pd product} {ergonomic}
    uintx ReservedCodeCacheSize                    = 251658240                              {pd product} {ergonomic}
     bool SegmentedCodeCache                       = true                                      {product} {ergonomic}
   size_t SoftMaxHeapSize                          = 3221225472                             {manageable} {ergonomic}
     bool UseCompressedOops                        = true                           {product lp64_product} {ergonomic}
     bool UseG1GC                                  = true                                      {product} {command line}
     bool UseLargePagesIndividualAllocation        = false                                  {pd product} {ergonomic}

Logging:
Log output configuration:
 #0: stdout all=warning uptime,level,tags foldmultilines=false
 #1: stderr all=off uptime,level,tags foldmultilines=false

Release file:
JAVA_VERSION="21.0.10" 
MODULES="java.base java.datatransfer java.xml java.prefs java.desktop gluegen.rt java.compiler java.instrument java.logging java.management java.security.sasl java.naming java.rmi java.management.rmi java.net.http java.scripting java.security.jgss java.transaction.xa java.sql java.sql.rowset java.xml.crypto java.se java.smartcardio jogl.all jcef jdk.accessibility jdk.internal.jvmstat jdk.attach jdk.charsets jdk.internal.opt jdk.zipfs jdk.compiler jdk.crypto.ec jdk.crypto.cryptoki jdk.crypto.mscapi jdk.dynalink jdk.internal.ed jdk.editpad jdk.hotspot.agent jdk.httpserver jdk.incubator.vector jdk.internal.le jdk.internal.vm.ci jdk.internal.vm.compiler jdk.internal.vm.compiler.management jdk.jartool jdk.javadoc jdk.jcmd jdk.management jdk.management.agent jdk.jconsole jdk.jdeps jdk.jdwp.agent jdk.jdi jdk.jfr jdk.jlink jdk.jpackage jdk.jshell jdk.jsobject jdk.jstatd jdk.localedata jdk.management.jfr jdk.naming.dns jdk.naming.rmi jdk.net jdk.nio.mapmode jdk.random jdk.sctp jdk.security.auth jdk.security.jgss jdk.unsupported jdk.unsupported.desktop jdk.xml.dom" 
IMPLEMENTOR="JetBrains s.r.o." 
IMPLEMENTOR_VERSION="JBRSDK-21.0.10+1-1163.110-jcef" 
JAVA_RUNTIME_VERSION="21.0.10+1-b1163.110" 
LIBC="default" 
OS_ARCH="x86_64" 
OS_NAME="Windows" 
SOURCE=".:git:c22232424a0f+ jcef_git:git:4a605f44671a" 
JCEF_VERSION="137.0.17.1107+ge397b56" 
JCEF_COMMIT_HASH="e397b569415d3c67b114495985454e5201955573" 

Environment Variables:
JAVA_HOME=C:\Program Files\Microsoft\jdk-21.0.11.10-hotspot\
PATH=C:\Program Files\Microsoft\jdk-21.0.11.10-hotspot\bin;C:\Program Files (x86)\Common Files\Oracle\Java\java8path;C:\Program Files (x86)\Common Files\Oracle\Java\javapath;C:\Program Files\Microsoft MPI\Bin\;C:\WINDOWS\system32;C:\WINDOWS;C:\WINDOWS\System32\Wbem;C:\WINDOWS\System32\WindowsPowerShell\v1.0\;C:\WINDOWS\System32\OpenSSH\;C:\Program Files\dotnet\;C:\msys64\ucrt64\bin;C:\Program Files (x86)\Windows Kits\10\Windows Performance Toolkit\;C:\Program Files (x86)\Microsoft SQL Server\160\Tools\Binn\;C:\Program Files\Microsoft SQL Server\160\Tools\Binn\;C:\Program Files\Microsoft SQL Server\Client SDK\ODBC\170\Tools\Binn\;C:\Program Files\Microsoft SQL Server\160\DTS\Binn\;C:\Program Files (x86)\Microsoft SQL Server\160\DTS\Binn\;C:\Program Files\Microsoft SQL Server\170\DTS\Binn\;C:\Program Files\Git\cmd;C:\WINDOWS\system32\config\systemprofile\AppData\Local\Muse Hub\lib;C:\Program Files\PuTTY\;C:\Program Files\nodejs\;C:\Program Files\Void\bin;C:\Program Files\Docker\Docker\resources\bin;C:\Program Files\MySQL\MySQL Shell 8.0\bin\;C:\Users\DELL\AppData\Local\Programs\Python\Python310\Scripts\;C:\Users\DELL\AppData\Local\Programs\Python\Python310\;C:\Users\DELL\AppData\Local\Microsoft\WindowsApps;C:\Users\DELL\.dotnet\tools;C:\Users\DELL\AppData\Local\Programs\Microsoft VS Code\bin;C:\Users\DELL\AppData\Local\Pandoc\;C:\Users\DELL\AppData\Roaming\npm;C:\Program Files\MySQL\MySQL Server 8.0\bin;C:\Users\DELL\AppData\Local\Programs\cursor\resources\app\bin;C:\Users\DELL\AppData\Local\Programs\Antigravity\bin;C:\Users\DELL\AppData\Local\Microsoft\WindowsApps;C:\Program Files\Microsoft\jdk-21.0.11.10-hotspot\\bin;
USERNAME=DELL
OS=Windows_NT
PROCESSOR_IDENTIFIER=Intel64 Family 6 Model 154 Stepping 4, GenuineIntel
TMP=C:\Users\DELL\AppData\Local\Temp
TEMP=C:\Users\DELL\AppData\Local\Temp




Periodic native trim disabled

JNI global refs:
JNI global refs: 27, weak refs: 0

JNI global refs memory usage: 835, weak refs: 833

Process memory usage:
Resident Set Size: 727220K (4% of 16454388K total physical memory with 1158940K free physical memory)

OOME stack traces (most recent first):
Classloader memory used:
Loader org.gradle.internal.classloader.VisitableURLClassLoader                         : 44004K
Loader org.gradle.internal.classloader.VisitableURLClassLoader$InstrumentingVisitableURLClassLoader: 32577K
Loader bootstrap                                                                       : 14601K
Loader org.gradle.initialization.MixInLegacyTypesClassLoader                           : 12101K
Loader jdk.internal.loader.ClassLoaders$AppClassLoader                                 : 7946K
Loader java.net.URLClassLoader                                                         : 4401K
Loader jdk.internal.loader.ClassLoaders$PlatformClassLoader                            : 748K
Loader jdk.internal.jrtfs.JrtFileSystemProvider$JrtFsLoader                            : 293K
Loader jdk.internal.reflect.DelegatingClassLoader                                      : 206K
Loader org.gradle.groovy.scripts.internal.DefaultScriptCompilationHandler$ScriptClassLoader: 152K
Loader org.gradle.internal.classloader.VisitableURLClassLoader                         : 55352B

Classes loaded by more than one classloader:
Class com.google.common.collect.Maps$BiMapConverter                                   : loaded 3 times (x 90B)
Class com.google.common.collect.ImmutableMap                                          : loaded 3 times (x 120B)
Class com.google.common.collect.Sets                                                  : loaded 3 times (x 71B)
Class com.google.common.collect.ImmutableSet                                          : loaded 3 times (x 145B)
Class com.google.common.collect.Sets$SetView                                          : loaded 3 times (x 138B)
Class com.google.common.collect.Maps$8                                                : loaded 3 times (x 82B)
Class com.google.common.collect.Maps                                                  : loaded 3 times (x 71B)
Class com.google.common.base.Function                                                 : loaded 3 times (x 70B)
Class com.google.common.base.Converter                                                : loaded 3 times (x 90B)
Class com.google.common.collect.ImmutableCollection                                   : loaded 3 times (x 125B)
Class com.google.common.collect.ImmutableMap$IteratorBasedImmutableMap                : loaded 3 times (x 126B)
Class com.google.common.collect.SortedMapDifference                                   : loaded 3 times (x 70B)
Class com.google.common.collect.BiMap                                                 : loaded 3 times (x 70B)
Class com.google.common.collect.UnmodifiableIterator                                  : loaded 3 times (x 80B)
Class com.google.common.collect.MapDifference                                         : loaded 3 times (x 70B)
Class com.google.common.collect.Sets$4                                                : loaded 3 times (x 139B)
Class com.google.common.collect.Sets$3                                                : loaded 3 times (x 139B)
Class com.google.common.collect.Sets$2                                                : loaded 3 times (x 139B)
Class com.google.common.collect.Sets$1                                                : loaded 3 times (x 139B)
Class com.google.common.collect.ImmutableEnumSet                                      : loaded 3 times (x 146B)
Class com.google.common.collect.ImmutableEnumMap                                      : loaded 3 times (x 126B)
Class kotlin.jvm.internal.PropertyReference1Impl                                      : loaded 2 times (x 127B)
Class kotlin.jvm.internal.MutablePropertyReference1                                   : loaded 2 times (x 137B)
Class build_vum9lm4dgnnr9clfhb7twf98$_run_closure1                                    : loaded 2 times (x 139B)
Class com.google.common.util.concurrent.ExecutionError                                : loaded 2 times (x 82B)
Class com.google.common.collect.ImmutableList$1                                       : loaded 2 times (x 97B)
Class org.gradle.api.internal.classpath.ManifestUtil                                  : loaded 2 times (x 71B)
Class com.google.gson.stream.MalformedJsonException                                   : loaded 2 times (x 82B)
Class android.databinding.tool.CompilerArguments$Companion                            : loaded 2 times (x 71B)
Class kotlin.reflect.jvm.internal.ReflectProperties$Val                               : loaded 2 times (x 74B)
Class kotlin.jvm.internal.MutablePropertyReference2                                   : loaded 2 times (x 137B)
Class com.google.common.collect.RegularImmutableMap                                   : loaded 2 times (x 121B)
Class com.google.common.collect.ImmutableMap$MapViewOfValuesAsSingletonSets           : loaded 2 times (x 126B)
Class com.google.gson.internal.bind.JsonTreeReader                                    : loaded 2 times (x 98B)
Class com.google.gson.TypeAdapterFactory                                              : loaded 2 times (x 70B)
Class kotlin.sequences.TransformingSequence                                           : loaded 2 times (x 75B)
Class [Lorg.objectweb.asm.Symbol;                                                     : loaded 2 times (x 69B)
Class org.objectweb.asm.ClassVisitor                                                  : loaded 2 times (x 88B)
Class com.google.common.collect.UnmodifiableListIterator                              : loaded 2 times (x 95B)
Class com.google.gson.internal.bind.JsonAdapterAnnotationTypeAdapterFactory$DummyTypeAdapterFactory: loaded 2 times (x 75B)
Class com.google.gson.internal.bind.TypeAdapters$31                                   : loaded 2 times (x 76B)
Class com.google.gson.JsonSyntaxException                                             : loaded 2 times (x 82B)
Class kotlin.reflect.jvm.internal.impl.name.FqName                                    : loaded 2 times (x 72B)
Class [Lkotlin.reflect.KClass;                                                        : loaded 2 times (x 69B)
Class com.google.common.base.Platform$JdkPatternCompiler                              : loaded 2 times (x 75B)
Class org.objectweb.asm.MethodTooLargeException                                       : loaded 2 times (x 83B)
Class [Lcom.google.common.cache.CacheBuilder$OneWeigher;                              : loaded 2 times (x 69B)
Class com.google.common.base.Suppliers                                                : loaded 2 times (x 71B)
Class org.gradle.internal.classloader.DefaultClassLoaderFactory                       : loaded 2 times (x 82B)
Class com.google.gson.internal.bind.TypeAdapters$32                                   : loaded 2 times (x 76B)
Class kotlin.sequences.SequencesKt___SequencesKt                                      : loaded 2 times (x 71B)
Class kotlin.collections.AbstractList$Companion                                       : loaded 2 times (x 71B)
Class org.gradle.internal.classloader.ClassLoaderVisitor                              : loaded 2 times (x 76B)
Class com.google.gson.internal.bind.ObjectTypeAdapter                                 : loaded 2 times (x 74B)
Class com.google.gson.internal.bind.TypeAdapters$33                                   : loaded 2 times (x 76B)
Class kotlin.reflect.jvm.internal.KProperty1Impl                                      : loaded 2 times (x 128B)
Class [Lcom.google.common.collect.ImmutableMapEntry;                                  : loaded 2 times (x 69B)
Class org.gradle.api.internal.classpath.EffectiveClassPath                            : loaded 2 times (x 90B)
Class com.google.gson.internal.bind.TypeAdapters$34                                   : loaded 2 times (x 76B)
Class kotlin.SafePublicationLazyImpl$Companion                                        : loaded 2 times (x 71B)
Class kotlin.text.StringsKt__AppendableKt                                             : loaded 2 times (x 71B)
Class [Lorg.apache.commons.io.StandardLineSeparator;                                  : loaded 2 times (x 69B)
Class org.apache.commons.io.output.StringBuilderWriter                                : loaded 2 times (x 100B)
Class com.google.common.collect.ListMultimap                                          : loaded 2 times (x 70B)
Class com.google.gson.internal.bind.TypeAdapters                                      : loaded 2 times (x 71B)
Class com.google.gson.FormattingStyle                                                 : loaded 2 times (x 78B)
Class com.google.gson.FieldNamingPolicy                                               : loaded 2 times (x 83B)
Class com.google.gson.JsonObject                                                      : loaded 2 times (x 93B)
Class kotlin.reflect.jvm.internal.KCallableImpl                                       : loaded 2 times (x 105B)
Class kotlin.reflect.KProperty$Accessor                                               : loaded 2 times (x 70B)
Class [Lkotlin.reflect.KCallable;                                                     : loaded 2 times (x 69B)
Class org.objectweb.asm.AnnotationVisitor                                             : loaded 2 times (x 78B)
Class org.gradle.api.internal.DefaultClassPathProvider                                : loaded 2 times (x 76B)
Class com.google.gson.JsonArray                                                       : loaded 2 times (x 100B)
Class com.google.gson.FieldNamingStrategy                                             : loaded 2 times (x 70B)
Class kotlin.sequences.Sequence                                                       : loaded 2 times (x 70B)
Class org.gradle.internal.classloader.ClassLoaderHierarchy                            : loaded 2 times (x 70B)
Class kotlin.reflect.jvm.internal.impl.builtins.jvm.JavaToKotlinClassMap$PlatformMutabilityMapping: loaded 2 times (x 72B)
Class kotlin.text.StringsKt__StringNumberConversionsJVMKt                             : loaded 2 times (x 71B)
Class [Lorg.gradle.api.internal.ClassPathProvider;                                    : loaded 2 times (x 69B)
Class org.gradle.api.internal.ClassPathProvider                                       : loaded 2 times (x 70B)
Class jdk.internal.jrtfs.SystemImage                                                  : loaded 2 times (x 74B)
Class com.google.common.base.CharMatcher$IsEither                                     : loaded 2 times (x 111B)
Class kotlin.jvm.functions.Function20                                                 : loaded 2 times (x 70B)
Class [Lorg.objectweb.asm.AnnotationVisitor;                                          : loaded 2 times (x 69B)
Class com.google.common.cache.LocalCache$LocalLoadingCache                            : loaded 2 times (x 134B)
Class org.gradle.internal.service.UnknownServiceException                             : loaded 2 times (x 83B)
Class kotlin.collections.CollectionsKt__ReversedViewsKt                               : loaded 2 times (x 71B)
Class kotlin.jvm.functions.Function21                                                 : loaded 2 times (x 70B)
Class kotlin.reflect.jvm.internal.impl.name.ClassId                                   : loaded 2 times (x 72B)
Class android.databinding.tool.writer.JavaFileWriter                                  : loaded 2 times (x 74B)
Class org.objectweb.asm.ModuleVisitor                                                 : loaded 2 times (x 81B)
Class com.google.common.cache.LocalCache$Strength$1                                   : loaded 2 times (x 81B)
Class kotlin.jvm.functions.Function22                                                 : loaded 2 times (x 70B)
Class org.apache.commons.io.output.QueueOutputStream                                  : loaded 2 times (x 87B)
Class com.google.common.util.concurrent.SettableFuture                                : loaded 2 times (x 114B)
Class com.google.common.cache.LocalCache$Strength$2                                   : loaded 2 times (x 81B)
Class kotlin.jvm.internal.MutablePropertyReference0                                   : loaded 2 times (x 137B)
Class kotlin.collections.ArraysKt___ArraysJvmKt                                       : loaded 2 times (x 71B)
Class kotlin.reflect.KTypeParameter                                                   : loaded 2 times (x 70B)
Class kotlin.text.StringsKt__RegexExtensionsJVMKt                                     : loaded 2 times (x 71B)
Class kotlin.collections.CollectionsKt__CollectionsKt                                 : loaded 2 times (x 71B)
Class com.google.common.cache.LocalCache$Strength$3                                   : loaded 2 times (x 81B)
Class com.google.gson.LongSerializationPolicy                                         : loaded 2 times (x 80B)
Class android.databinding.tool.util.L$Client                                          : loaded 2 times (x 70B)
Class kotlin._Assertions                                                              : loaded 2 times (x 71B)
Class kotlin.text.Regex$Companion                                                     : loaded 2 times (x 71B)
Class org.objectweb.asm.FieldWriter                                                   : loaded 2 times (x 78B)
Class com.google.common.cache.CacheBuilder$NullListener                               : loaded 2 times (x 82B)
Class org.gradle.internal.classpath.TransformedClassPath                              : loaded 2 times (x 96B)
Class org.gradle.internal.classloader.InstrumentingClassLoader                        : loaded 2 times (x 70B)
Class jdk.internal.jrtfs.SystemImage$1                                                : loaded 2 times (x 78B)
Class android.databinding.tool.util.L                                                 : loaded 2 times (x 71B)
Class kotlin.reflect.jvm.internal.impl.name.StandardClassIds                          : loaded 2 times (x 71B)
Class kotlin.enums.EnumEntriesList                                                    : loaded 2 times (x 223B)
Class kotlin.jvm.internal.FunctionReference                                           : loaded 2 times (x 122B)
Class kotlin.jvm.internal.FunctionBase                                                : loaded 2 times (x 70B)
Class org.apache.commons.io.output.UnsynchronizedByteArrayOutputStream                : loaded 2 times (x 102B)
Class com.google.common.cache.CacheLoader$FunctionToCacheLoader                       : loaded 2 times (x 75B)
Class com.google.common.collect.Iterators$ArrayItr                                    : loaded 2 times (x 97B)
Class com.google.common.collect.ImmutableCollection$Builder                           : loaded 2 times (x 76B)
Class jdk.internal.jrtfs.SystemImage$2                                                : loaded 2 times (x 76B)
Class com.google.gson.internal.bind.DefaultDateTypeAdapter                            : loaded 2 times (x 74B)
Class com.google.gson.GsonBuilder                                                     : loaded 2 times (x 72B)
Class kotlin.reflect.jvm.internal.impl.name.FqNamesUtilKt                             : loaded 2 times (x 71B)
Class kotlin.reflect.jvm.internal.impl.name.StandardClassIdsKt                        : loaded 2 times (x 71B)
Class kotlin.comparisons.ComparisonsKt___ComparisonsJvmKt                             : loaded 2 times (x 71B)
Class kotlin.collections.CollectionsKt__IteratorsJVMKt                                : loaded 2 times (x 71B)
Class org.apache.commons.io.output.ByteArrayOutputStream                              : loaded 2 times (x 102B)
Class com.google.common.base.Joiner                                                   : loaded 2 times (x 79B)
Class com.google.common.base.MoreObjects                                              : loaded 2 times (x 71B)
Class com.google.gson.internal.Primitives                                             : loaded 2 times (x 71B)
Class com.google.gson.stream.JsonWriter                                               : loaded 2 times (x 98B)
Class kotlin.reflect.jvm.internal.impl.builtins.CompanionObjectMapping                : loaded 2 times (x 71B)
Class kotlin.reflect.KProperty0                                                       : loaded 2 times (x 70B)
Class com.google.common.collect.Platform                                              : loaded 2 times (x 71B)
Class [Lorg.objectweb.asm.Type;                                                       : loaded 2 times (x 69B)
Class org.gradle.internal.service.ServiceLocator                                      : loaded 2 times (x 70B)
Class jdk.internal.jrtfs.JrtFileSystemProvider                                        : loaded 2 times (x 101B)
Class org.apache.commons.io.FileExistsException                                       : loaded 2 times (x 82B)
Class com.google.gson.internal.bind.TypeAdapterRuntimeTypeWrapper                     : loaded 2 times (x 74B)
Class kotlin.sequences.TransformingSequence$iterator$1                                : loaded 2 times (x 79B)
Class android.databinding.tool.CompilerArguments$Type                                 : loaded 2 times (x 79B)
Class kotlin.Pair                                                                     : loaded 2 times (x 72B)
Class kotlin.reflect.KProperty1                                                       : loaded 2 times (x 70B)
Class kotlin.reflect.KClass                                                           : loaded 2 times (x 70B)
Class com.google.common.collect.HashBiMap$BiEntry                                     : loaded 2 times (x 83B)
Class com.google.common.collect.SingletonImmutableBiMap                               : loaded 2 times (x 143B)
Class com.google.common.base.Ascii                                                    : loaded 2 times (x 71B)
Class com.google.common.cache.LocalCache$1                                            : loaded 2 times (x 89B)
Class com.google.common.collect.Iterators$SingletonIterator                           : loaded 2 times (x 81B)
Class com.google.common.collect.AbstractMapEntry                                      : loaded 2 times (x 81B)
Class settings_cqu13lbp78xniu3qlwonyc3q3                                              : loaded 2 times (x 171B)
Class kotlin.io.CloseableKt                                                           : loaded 2 times (x 71B)
Class kotlin.reflect.KProperty2                                                       : loaded 2 times (x 70B)
Class kotlin.collections.CollectionsKt__MutableCollectionsKt                          : loaded 2 times (x 71B)
Class com.google.common.collect.Sets$ImprovedAbstractSet                              : loaded 2 times (x 135B)
Class com.google.common.collect.ImmutableList$Builder                                 : loaded 2 times (x 77B)
Class com.google.common.collect.AbstractMultimap                                      : loaded 2 times (x 123B)
Class com.google.common.cache.LocalCache$2                                            : loaded 2 times (x 142B)
Class kotlin.io.FilesKt__FilePathComponentsKt                                         : loaded 2 times (x 71B)
Class com.google.gson.internal.bind.MapTypeAdapterFactory$Adapter                     : loaded 2 times (x 74B)
Class com.google.gson.internal.sql.SqlTimeTypeAdapter$1                               : loaded 2 times (x 75B)
Class kotlin.reflect.jvm.internal.impl.utils.CollectionsKt                            : loaded 2 times (x 71B)
Class kotlin.reflect.KCallable                                                        : loaded 2 times (x 70B)
Class com.google.common.collect.RegularImmutableAsList                                : loaded 2 times (x 217B)
Class kotlin.text.CharsKt                                                             : loaded 2 times (x 71B)
Class com.google.common.util.concurrent.AbstractFuture$Trusted                        : loaded 2 times (x 70B)
Class com.google.common.collect.Iterators                                             : loaded 2 times (x 71B)
Class jdk.internal.jrtfs.JrtDirectoryStream$1                                         : loaded 2 times (x 83B)
Class jdk.internal.jimage.ImageLocation                                               : loaded 2 times (x 90B)
Class com.google.gson.internal.bind.DefaultDateTypeAdapter$DateType                   : loaded 2 times (x 73B)
Class android.databinding.tool.CompilerArguments                                      : loaded 2 times (x 72B)
Class com.google.common.collect.Lists$StringAsImmutableList                           : loaded 2 times (x 207B)
Class com.google.common.util.concurrent.UncheckedExecutionException                   : loaded 2 times (x 82B)
Class com.google.gson.internal.bind.ReflectiveTypeAdapterFactory$1                    : loaded 2 times (x 74B)
Class jdk.internal.jimage.ImageBufferCache$1                                          : loaded 2 times (x 83B)
Class kotlin.collections.EmptyList                                                    : loaded 2 times (x 174B)
Class com.google.gson.internal.bind.ReflectiveTypeAdapterFactory$2                    : loaded 2 times (x 79B)
Class kotlin.reflect.jvm.internal.ReflectionFactoryImpl                               : loaded 2 times (x 91B)
Class kotlin.collections.MapsKt__MapsJVMKt                                            : loaded 2 times (x 71B)
Class com.google.common.collect.AbstractMapBasedMultimap$KeySet$1                     : loaded 2 times (x 82B)
Class org.objectweb.asm.ClassWriter                                                   : loaded 2 times (x 106B)
Class com.google.common.base.CharMatcher$And                                          : loaded 2 times (x 112B)
Class com.google.common.cache.CacheLoader$UnsupportedLoadingOperationException        : loaded 2 times (x 82B)
Class org.gradle.internal.classloader.ClasspathUtil$1                                 : loaded 2 times (x 76B)
Class jdk.internal.jimage.ImageBufferCache$2                                          : loaded 2 times (x 91B)
Class com.google.gson.ToNumberStrategy                                                : loaded 2 times (x 70B)
Class com.google.gson.TypeAdapter                                                     : loaded 2 times (x 73B)
Class kotlin.sequences.SequencesKt__SequenceBuilderKt                                 : loaded 2 times (x 71B)
Class kotlin.reflect.jvm.internal.impl.builtins.StandardNames$FqNames                 : loaded 2 times (x 71B)
Class com.google.common.base.Objects                                                  : loaded 2 times (x 71B)
Class org.objectweb.asm.FieldVisitor                                                  : loaded 2 times (x 77B)
Class com.google.common.collect.IndexedImmutableSet                                   : loaded 2 times (x 152B)
Class com.google.common.collect.ImmutableMap$1                                        : loaded 2 times (x 81B)
Class org.gradle.api.internal.classpath.DefaultModuleRegistry$DefaultModule           : loaded 2 times (x 86B)
Class com.google.common.primitives.Ints                                               : loaded 2 times (x 71B)
Class com.google.common.collect.AbstractIterator                                      : loaded 2 times (x 82B)
Class kotlin.collections.ArraysKt__ArraysKt                                           : loaded 2 times (x 71B)
Class com.google.common.collect.ObjectArrays                                          : loaded 2 times (x 71B)
Class com.google.common.math.MathPreconditions                                        : loaded 2 times (x 71B)
Class com.google.common.collect.Multiset                                              : loaded 2 times (x 70B)
Class com.google.common.collect.ArrayListMultimapGwtSerializationDependencies         : loaded 2 times (x 172B)
Class com.google.common.collect.AbstractIndexedListIterator                           : loaded 2 times (x 96B)
Class com.google.gson.internal.ObjectConstructor                                      : loaded 2 times (x 70B)
Class android.databinding.tool.util.LoggedErrorException                              : loaded 2 times (x 82B)
Class kotlin.collections.SetsKt__SetsJVMKt                                            : loaded 2 times (x 71B)
Class kotlin.reflect.jvm.internal.impl.builtins.jvm.JavaToKotlinClassMap              : loaded 2 times (x 71B)
Class kotlin.reflect.jvm.internal.KotlinReflectionInternalError                       : loaded 2 times (x 82B)
Class kotlin.Function                                                                 : loaded 2 times (x 70B)
Class org.apache.commons.io.output.NullOutputStream                                   : loaded 2 times (x 85B)
Class com.google.common.collect.ImmutableMapEntrySet                                  : loaded 2 times (x 152B)
Class org.gradle.api.internal.classpath.Module                                        : loaded 2 times (x 70B)
Class kotlin.internal.ProgressionUtilKt                                               : loaded 2 times (x 71B)
Class kotlin.reflect.jvm.internal.KClassifierImpl                                     : loaded 2 times (x 70B)
Class kotlin.reflect.KMutableProperty                                                 : loaded 2 times (x 70B)
Class com.google.common.cache.Weigher                                                 : loaded 2 times (x 70B)
Class org.gradle.api.internal.classpath.UnknownModuleException                        : loaded 2 times (x 82B)
Class jdk.internal.jimage.ImageHeader                                                 : loaded 2 times (x 71B)
Class com.google.gson.stream.JsonReader$1                                             : loaded 2 times (x 72B)
Class kotlin.jvm.internal.PropertyReference                                           : loaded 2 times (x 115B)
Class com.google.common.base.Stopwatch                                                : loaded 2 times (x 72B)
Class com.google.common.cache.LocalCache$Strength                                     : loaded 2 times (x 81B)
Class com.google.common.cache.Cache                                                   : loaded 2 times (x 70B)
Class org.apache.commons.io.filefilter.IOFileFilter                                   : loaded 2 times (x 70B)
Class com.google.common.util.concurrent.AbstractFuture$Cancellation                   : loaded 2 times (x 72B)
Class com.google.common.collect.ImmutableMap$Builder                                  : loaded 2 times (x 82B)
Class [Lcom.google.gson.ToNumberPolicy;                                               : loaded 2 times (x 69B)
Class com.google.gson.ToNumberPolicy                                                  : loaded 2 times (x 83B)
Class [Lkotlin.reflect.jvm.internal.impl.builtins.PrimitiveType;                      : loaded 2 times (x 69B)
Class kotlin.reflect.jvm.internal.impl.builtins.StandardNames                         : loaded 2 times (x 71B)
Class kotlin.reflect.jvm.internal.ReflectProperties$LazySoftVal                       : loaded 2 times (x 78B)
Class [Lkotlin.reflect.KAnnotatedElement;                                             : loaded 2 times (x 69B)
Class com.google.common.cache.RemovalListener                                         : loaded 2 times (x 70B)
Class org.gradle.api.internal.DefaultClassPathRegistry                                : loaded 2 times (x 76B)
Class kotlin.ranges.ClosedRange                                                       : loaded 2 times (x 70B)
Class kotlin.jvm.JvmClassMappingKt                                                    : loaded 2 times (x 71B)
Class kotlin.reflect.jvm.internal.KPropertyImpl                                       : loaded 2 times (x 115B)
Class kotlin.reflect.KProperty                                                        : loaded 2 times (x 70B)
Class kotlin.jvm.internal.Reflection                                                  : loaded 2 times (x 71B)
Class com.google.common.primitives.IntsMethodsForWeb                                  : loaded 2 times (x 71B)
Class com.google.common.collect.Multimap                                              : loaded 2 times (x 70B)
Class org.gradle.api.internal.ClassPathRegistry                                       : loaded 2 times (x 70B)
Class org.gradle.internal.classpath.DefaultClassPath$ImmutableUniqueList              : loaded 2 times (x 199B)
Class com.google.gson.internal.ConstructorConstructor$9                               : loaded 2 times (x 76B)
Class android.databinding.tool.util.Preconditions                                     : loaded 2 times (x 71B)
Class kotlin.reflect.jvm.internal.impl.resolve.jvm.JvmPrimitiveType                   : loaded 2 times (x 79B)
Class kotlin.text.StringsKt__StringsJVMKt                                             : loaded 2 times (x 71B)
Class com.google.common.base.ExtraObjectsMethodsForWeb                                : loaded 2 times (x 71B)
Class org.apache.commons.io.IOUtils                                                   : loaded 2 times (x 71B)
Class com.google.gson.internal.bind.ArrayTypeAdapter$1                                : loaded 2 times (x 75B)
Class com.google.gson.internal.bind.JsonTreeWriter                                    : loaded 2 times (x 98B)
Class kotlin.collections.SetsKt                                                       : loaded 2 times (x 71B)
Class kotlin.text.StringsKt__IndentKt                                                 : loaded 2 times (x 71B)
Class com.google.common.cache.CacheBuilder                                            : loaded 2 times (x 72B)
Class com.google.common.collect.SingletonImmutableList                                : loaded 2 times (x 207B)
Class org.gradle.internal.classpath.ClassPath                                         : loaded 2 times (x 70B)
Class [Lkotlin.reflect.jvm.internal.impl.name.FqName;                                 : loaded 2 times (x 69B)
Class kotlin.reflect.KFunction                                                        : loaded 2 times (x 70B)
Class com.google.common.base.JdkPattern                                               : loaded 2 times (x 75B)
Class com.google.common.collect.ImmutableList$ReverseImmutableList                    : loaded 2 times (x 209B)
Class com.google.gson.internal.JsonReaderInternalAccess                               : loaded 2 times (x 72B)
Class [Lkotlin.reflect.KDeclarationContainer;                                         : loaded 2 times (x 69B)
Class kotlin.collections.MapsKt__MapsKt                                               : loaded 2 times (x 71B)
Class kotlin.jvm.internal.Lambda                                                      : loaded 2 times (x 75B)
Class org.objectweb.asm.SymbolTable$Entry                                             : loaded 2 times (x 74B)
Class jdk.internal.jimage.ImageStringsReader                                          : loaded 2 times (x 80B)
Class com.google.gson.internal.bind.ReflectiveTypeAdapterFactory                      : loaded 2 times (x 75B)
Class com.google.gson.internal.sql.SqlTimestampTypeAdapter                            : loaded 2 times (x 76B)
Class org.objectweb.asm.Edge                                                          : loaded 2 times (x 72B)
Class com.google.common.base.Suppliers$SupplierOfInstance                             : loaded 2 times (x 79B)
Class kotlin.io.FilesKt__FileTreeWalkKt                                               : loaded 2 times (x 71B)
Class kotlin.Metadata                                                                 : loaded 2 times (x 70B)
Class com.google.gson.internal.sql.SqlDateTypeAdapter$1                               : loaded 2 times (x 75B)
Class kotlin.sequences.FilteringSequence$iterator$1                                   : loaded 2 times (x 79B)
Class kotlin.UninitializedPropertyAccessException                                     : loaded 2 times (x 82B)
Class com.google.common.cache.LocalCache$ComputingValueReference                      : loaded 2 times (x 96B)
Class com.google.common.collect.SingletonImmutableSet                                 : loaded 2 times (x 146B)
Class jdk.internal.jimage.ImageReader                                                 : loaded 2 times (x 75B)
Class kotlin.reflect.KProperty$Getter                                                 : loaded 2 times (x 70B)
Class build_vum9lm4dgnnr9clfhb7twf98                                                  : loaded 2 times (x 172B)
Class com.google.common.cache.LocalCache$Segment                                      : loaded 2 times (x 154B)
Class jdk.internal.jimage.ImageReader$SharedImageReader                               : loaded 2 times (x 95B)
Class com.google.gson.internal.ConstructorConstructor$19                              : loaded 2 times (x 76B)
Class com.google.gson.internal.bind.ReflectiveTypeAdapterFactory$Adapter              : loaded 2 times (x 77B)
Class com.google.gson.internal.bind.TypeAdapters$10                                   : loaded 2 times (x 75B)
Class kotlin.SafePublicationLazyImpl                                                  : loaded 2 times (x 76B)
Class kotlin.reflect.jvm.internal.ReflectProperties                                   : loaded 2 times (x 71B)
Class com.google.common.collect.AbstractListMultimap                                  : loaded 2 times (x 172B)
Class [Lorg.objectweb.asm.SymbolTable$Entry;                                          : loaded 2 times (x 69B)
Class com.google.common.cache.CacheLoader                                             : loaded 2 times (x 74B)
Class com.google.common.collect.Iterators$4                                           : loaded 2 times (x 82B)
Class com.google.common.collect.ImmutableBiMap                                        : loaded 2 times (x 143B)
Class org.gradle.api.internal.classpath.ModuleRegistry                                : loaded 2 times (x 70B)
Class org.gradle.internal.installation.GradleInstallation$1                           : loaded 2 times (x 75B)
Class com.google.gson.internal.bind.TypeAdapters$11                                   : loaded 2 times (x 75B)
Class [Lcom.google.gson.FieldNamingPolicy;                                            : loaded 2 times (x 69B)
Class org.apache.commons.io.output.NullWriter                                         : loaded 2 times (x 99B)
Class com.google.common.collect.ImmutableSet$JdkBackedSetBuilderImpl                  : loaded 2 times (x 76B)
Class com.google.common.util.concurrent.internal.InternalFutureFailureAccess          : loaded 2 times (x 72B)
Class com.google.common.collect.Iterators$5                                           : loaded 2 times (x 82B)
Class com.google.gson.internal.bind.TypeAdapters$12                                   : loaded 2 times (x 75B)
Class [Lcom.google.gson.ToNumberStrategy;                                             : loaded 2 times (x 69B)
Class kotlin.reflect.jvm.internal.KDeclarationContainerImpl                           : loaded 2 times (x 84B)
Class com.google.common.base.CharMatcher$ForPredicate                                 : loaded 2 times (x 112B)
Class com.google.common.cache.LocalCache$LocalManualCache$1                           : loaded 2 times (x 75B)
Class jdk.internal.jimage.ImageReader$Node                                            : loaded 2 times (x 84B)
Class kotlin.io.FilesKt__UtilsKt                                                      : loaded 2 times (x 71B)
Class com.google.gson.internal.bind.TypeAdapters$13                                   : loaded 2 times (x 75B)
Class jdk.internal.jimage.BasicImageReader                                            : loaded 2 times (x 95B)
Class kotlin.collections.CollectionsKt__CollectionsJVMKt                              : loaded 2 times (x 71B)
Class com.google.common.base.CharMatcher$AnyOf                                        : loaded 2 times (x 112B)
Class org.gradle.api.internal.classpath.DefaultModuleRegistry                         : loaded 2 times (x 86B)
Class jdk.internal.jimage.BasicImageReader$1                                          : loaded 2 times (x 77B)
Class com.google.gson.internal.bind.NumberTypeAdapter$1                               : loaded 2 times (x 76B)
Class com.google.gson.internal.bind.TypeAdapters$1                                    : loaded 2 times (x 75B)
Class com.google.gson.internal.bind.TypeAdapters$14                                   : loaded 2 times (x 75B)
Class kotlin.sequences.SequencesKt                                                    : loaded 2 times (x 71B)
Class org.gradle.internal.classloader.FilteringClassLoader                            : loaded 2 times (x 105B)
Class kotlin.reflect.jvm.internal.impl.name.SpecialNames                              : loaded 2 times (x 71B)
Class kotlin.collections.CollectionsKt__IteratorsKt                                   : loaded 2 times (x 71B)
Class com.google.common.collect.Lists                                                 : loaded 2 times (x 71B)
Class com.google.common.util.concurrent.ListenableFuture                              : loaded 2 times (x 70B)
Class com.google.common.cache.ReferenceEntry                                          : loaded 2 times (x 70B)
Class com.google.common.collect.ImmutableSet$CachingAsList                            : loaded 2 times (x 148B)
Class com.google.gson.internal.bind.TypeAdapters$2                                    : loaded 2 times (x 75B)
Class com.google.gson.internal.bind.TypeAdapters$15                                   : loaded 2 times (x 75B)
Class com.google.gson.internal.sql.SqlTypesSupport$1                                  : loaded 2 times (x 74B)
Class com.google.gson.Strictness                                                      : loaded 2 times (x 79B)
Class kotlin.text.StringsKt                                                           : loaded 2 times (x 71B)
Class com.google.common.collect.AbstractMapBasedMultimap                              : loaded 2 times (x 139B)
Class com.google.common.util.concurrent.AbstractFuture                                : loaded 2 times (x 106B)
Class com.google.common.base.FunctionalEquivalence                                    : loaded 2 times (x 83B)
Class com.google.common.collect.Iterators$9                                           : loaded 2 times (x 81B)
Class com.google.common.collect.ImmutableAsList                                       : loaded 2 times (x 209B)
Class com.google.gson.internal.bind.TypeAdapters$16                                   : loaded 2 times (x 75B)
Class com.google.gson.internal.bind.TypeAdapters$3                                    : loaded 2 times (x 75B)
Class com.google.gson.internal.sql.SqlTypesSupport$2                                  : loaded 2 times (x 74B)
Class kotlin.LazyKt__LazyJVMKt                                                        : loaded 2 times (x 71B)
Class org.objectweb.asm.RecordComponentVisitor                                        : loaded 2 times (x 77B)
Class com.google.common.cache.CacheLoader$SupplierToCacheLoader                       : loaded 2 times (x 75B)
Class jdk.internal.jimage.decompressor.Decompressor                                   : loaded 2 times (x 72B)
Class jdk.internal.jimage.ImageReader$Resource                                        : loaded 2 times (x 84B)
Class kotlin.io.FilesKt__FileReadWriteKt                                              : loaded 2 times (x 71B)
Class com.google.gson.internal.bind.TypeAdapters$17                                   : loaded 2 times (x 75B)
Class com.google.gson.internal.bind.TypeAdapters$4                                    : loaded 2 times (x 75B)
Class [Lkotlin.Pair;                                                                  : loaded 2 times (x 69B)
Class com.google.common.collect.Maps$EntryTransformer                                 : loaded 2 times (x 70B)
Class kotlin.text.StringsKt__StringNumberConversionsKt                                : loaded 2 times (x 71B)
Class org.gradle.internal.service.ServiceLookupException                              : loaded 2 times (x 82B)
Class jdk.internal.jrtfs.JrtFileAttributes                                            : loaded 2 times (x 83B)
Class com.google.gson.annotations.JsonAdapter                                         : loaded 2 times (x 70B)
Class com.google.gson.internal.bind.SerializationDelegatingTypeAdapter                : loaded 2 times (x 74B)
Class com.google.gson.internal.bind.TypeAdapters$18                                   : loaded 2 times (x 75B)
Class com.google.gson.internal.bind.TypeAdapters$5                                    : loaded 2 times (x 75B)
Class com.google.common.collect.Lists$ReverseList                                     : loaded 2 times (x 200B)
Class [Lcom.google.common.cache.LocalCache$EntryFactory;                              : loaded 2 times (x 69B)
Class org.gradle.internal.classloader.ClassLoaderFactory                              : loaded 2 times (x 70B)
Class com.google.gson.internal.bind.ReflectiveTypeAdapterFactory$FieldReflectionAdapter: loaded 2 times (x 77B)
Class com.google.gson.internal.bind.TypeAdapters$19                                   : loaded 2 times (x 75B)
Class com.google.gson.internal.bind.TypeAdapters$6                                    : loaded 2 times (x 75B)
Class kotlin.reflect.jvm.internal.impl.builtins.PrimitiveType                         : loaded 2 times (x 79B)
Class org.apache.commons.io.CloseableURLConnection                                    : loaded 2 times (x 116B)
Class com.google.common.base.CommonPattern                                            : loaded 2 times (x 74B)
Class com.google.common.base.CharMatcher$IsNot                                        : loaded 2 times (x 111B)
Class com.google.common.cache.LocalCache$LocalManualCache                             : loaded 2 times (x 99B)
Class org.gradle.internal.service.CachingServiceLocator                               : loaded 2 times (x 82B)
Class com.google.gson.internal.$Gson$Preconditions                                    : loaded 2 times (x 71B)
Class com.google.gson.annotations.SerializedName                                      : loaded 2 times (x 70B)
Class com.google.gson.internal.bind.TypeAdapters$7                                    : loaded 2 times (x 75B)
Class kotlin.jvm.internal.CallableReference                                           : loaded 2 times (x 106B)
Class com.google.common.collect.AbstractMapBasedMultimap$KeySet                       : loaded 2 times (x 137B)
Class com.google.common.math.IntMath                                                  : loaded 2 times (x 71B)
Class com.google.gson.internal.bind.CollectionTypeAdapterFactory$Adapter              : loaded 2 times (x 74B)
Class com.google.gson.internal.bind.TypeAdapters$8                                    : loaded 2 times (x 75B)
Class kotlin.reflect.jvm.internal.impl.descriptors.runtime.structure.ReflectClassUtilKt: loaded 2 times (x 71B)
Class [Lcom.google.common.collect.HashBiMap$BiEntry;                                  : loaded 2 times (x 69B)
Class com.google.common.collect.ImmutableMapEntry                                     : loaded 2 times (x 85B)
Class com.google.gson.internal.bind.TypeAdapters$9                                    : loaded 2 times (x 75B)
Class com.google.common.collect.RegularImmutableMap$KeySet                            : loaded 2 times (x 152B)
Class kotlin.enums.EnumEntries                                                        : loaded 2 times (x 70B)
Class com.google.common.base.Equivalence                                              : loaded 2 times (x 82B)
Class com.google.common.collect.ImmutableMapEntry$NonTerminalImmutableMapEntry        : loaded 2 times (x 85B)
Class com.google.gson.JsonParseException                                              : loaded 2 times (x 82B)
Class org.apache.commons.io.output.AbstractByteArrayOutputStream                      : loaded 2 times (x 102B)
Class com.google.common.collect.IndexedImmutableSet$1                                 : loaded 2 times (x 213B)
Class com.google.common.cache.CacheBuilder$OneWeigher                                 : loaded 2 times (x 82B)
Class com.google.common.collect.RegularImmutableList                                  : loaded 2 times (x 213B)
Class jdk.internal.jimage.ImageBufferCache                                            : loaded 2 times (x 71B)
Class jdk.internal.jrtfs.JrtPath                                                      : loaded 2 times (x 118B)
Class kotlin.reflect.jvm.internal.KDeclarationContainerImpl$Companion                 : loaded 2 times (x 71B)
Class org.gradle.internal.classloader.ClasspathUtil                                   : loaded 2 times (x 71B)
Class kotlin.jvm.internal.PropertyReference0                                          : loaded 2 times (x 127B)
Class com.google.common.util.concurrent.Uninterruptibles                              : loaded 2 times (x 71B)
Class com.google.common.base.Equivalence$Identity                                     : loaded 2 times (x 82B)
Class kotlin.reflect.full.IllegalCallableAccessException                              : loaded 2 times (x 82B)
Class kotlin.jvm.internal.DefaultConstructorMarker                                    : loaded 2 times (x 71B)
Class kotlin.jvm.internal.PropertyReference1                                          : loaded 2 times (x 127B)
Class com.google.common.util.concurrent.LazyLogger                                    : loaded 2 times (x 72B)
Class org.gradle.api.specs.Spec                                                       : loaded 2 times (x 70B)
Class jdk.internal.jimage.ImageReader$SharedImageReader$LocationVisitor               : loaded 2 times (x 70B)
Class org.apache.commons.io.file.PathFilter                                           : loaded 2 times (x 70B)
Class com.google.gson.internal.sql.SqlDateTypeAdapter                                 : loaded 2 times (x 74B)
Class kotlin.UnsafeLazyImpl                                                           : loaded 2 times (x 76B)
Class kotlin.LazyKt__LazyJVMKt$WhenMappings                                           : loaded 2 times (x 71B)
Class kotlin.jvm.internal.MutablePropertyReference                                    : loaded 2 times (x 119B)
Class kotlin.jvm.internal.PropertyReference2                                          : loaded 2 times (x 127B)
Class [Lcom.google.common.collect.ImmutableEntry;                                     : loaded 2 times (x 69B)
Class [Lkotlin.reflect.jvm.internal.impl.builtins.jvm.JavaToKotlinClassMap$PlatformMutabilityMapping;: loaded 2 times (x 69B)
Class kotlin.LazyThreadSafetyMode                                                     : loaded 2 times (x 79B)
Class kotlin.reflect.full.IllegalPropertyDelegateAccessException                      : loaded 2 times (x 82B)
Class javax.xml.bind.JAXBException                                                    : loaded 2 times (x 85B)
Class com.google.common.cache.LocalCache$LoadingValueReference                        : loaded 2 times (x 96B)
Class kotlin.collections.EmptyIterator                                                : loaded 2 times (x 89B)
Class com.google.gson.internal.bind.ReflectiveTypeAdapterFactory$RecordAdapter        : loaded 2 times (x 77B)
Class kotlin.text.StringsKt__RegexExtensionsKt                                        : loaded 2 times (x 71B)
Class kotlin.SynchronizedLazyImpl                                                     : loaded 2 times (x 76B)
Class com.google.common.base.Platform                                                 : loaded 2 times (x 71B)
Class jdk.internal.jimage.ImageReader$Directory                                       : loaded 2 times (x 84B)
Class com.google.gson.internal.reflect.ReflectionHelper$RecordNotSupportedHelper      : loaded 2 times (x 78B)
Class com.google.gson.internal.$Gson$Types                                            : loaded 2 times (x 71B)
Class com.google.gson.JsonIOException                                                 : loaded 2 times (x 82B)
Class kotlin.sequences.SequencesKt__SequencesJVMKt                                    : loaded 2 times (x 71B)
Class com.google.common.base.PairwiseEquivalence                                      : loaded 2 times (x 83B)
Class kotlin.collections.AbstractList                                                 : loaded 2 times (x 197B)
Class kotlin.collections.AbstractCollection                                           : loaded 2 times (x 117B)
Class [Lorg.objectweb.asm.AnnotationWriter;                                           : loaded 2 times (x 69B)
Class kotlin.text.StringsKt__StringsKt                                                : loaded 2 times (x 71B)
Class kotlin.text.Regex                                                               : loaded 2 times (x 72B)
Class kotlin.text.StringsKt__StringBuilderJVMKt                                       : loaded 2 times (x 71B)
Class kotlin.LazyKt__LazyKt                                                           : loaded 2 times (x 71B)
Class com.google.common.collect.Lists$ReverseList$1                                   : loaded 2 times (x 99B)
Class com.google.common.cache.LocalCache$StrongValueReference                         : loaded 2 times (x 90B)
Class [Lcom.google.gson.stream.JsonToken;                                             : loaded 2 times (x 69B)
Class com.google.gson.LongSerializationPolicy$1                                       : loaded 2 times (x 80B)
Class kotlin.jvm.internal.ReflectionFactory                                           : loaded 2 times (x 91B)
Class kotlin.UNINITIALIZED_VALUE                                                      : loaded 2 times (x 71B)
Class org.objectweb.asm.Type                                                          : loaded 2 times (x 72B)
Class org.gradle.internal.classloader.VisitableURLClassLoader$InstrumentingVisitableURLClassLoader: loaded 2 times (x 123B)
Class org.apache.commons.io.FileUtils                                                 : loaded 2 times (x 71B)
Class com.google.gson.LongSerializationPolicy$2                                       : loaded 2 times (x 80B)
Class kotlin.sequences.SequencesKt__SequencesKt                                       : loaded 2 times (x 71B)
Class [Landroid.databinding.tool.CompilerArguments$Type;                              : loaded 2 times (x 69B)
Class [Lkotlin.reflect.jvm.internal.impl.resolve.jvm.JvmPrimitiveType;                : loaded 2 times (x 69B)
Class kotlin.collections.SetsKt___SetsKt                                              : loaded 2 times (x 71B)
Class kotlin.jvm.internal.ClassBasedDeclarationContainer                              : loaded 2 times (x 70B)
Class kotlin.comparisons.ComparisonsKt__ComparisonsKt                                 : loaded 2 times (x 71B)
Class kotlin.ranges.RangesKt__RangesKt                                                : loaded 2 times (x 71B)
Class com.google.common.math.IntMath$1                                                : loaded 2 times (x 71B)
Class org.objectweb.asm.ByteVector                                                    : loaded 2 times (x 79B)
Class [Lcom.google.common.cache.CacheBuilder$NullListener;                            : loaded 2 times (x 69B)
Class org.gradle.internal.classloader.VisitableURLClassLoader$Spec                    : loaded 2 times (x 74B)
Class org.gradle.internal.classpath.DefaultClassPath                                  : loaded 2 times (x 90B)
Class kotlin.sequences.FilteringSequence                                              : loaded 2 times (x 75B)
Class kotlin.comparisons.ComparisonsKt                                                : loaded 2 times (x 71B)
Class kotlin.comparisons.ComparisonsKt___ComparisonsKt                                : loaded 2 times (x 71B)
Class kotlin.text.CharsKt__CharJVMKt                                                  : loaded 2 times (x 71B)
Class org.objectweb.asm.Symbol                                                        : loaded 2 times (x 73B)
Class com.google.gson.reflect.TypeToken                                               : loaded 2 times (x 75B)
Class [Lcom.google.gson.Strictness;                                                   : loaded 2 times (x 69B)
Class kotlin.NotImplementedError                                                      : loaded 2 times (x 82B)
Class kotlin.reflect.KType                                                            : loaded 2 times (x 70B)
Class com.google.common.base.CharMatcher$BitSetMatcher                                : loaded 2 times (x 112B)
Class com.google.common.collect.RegularImmutableMap$Values                            : loaded 2 times (x 207B)
Class org.gradle.internal.classloader.ClassLoaderSpec                                 : loaded 2 times (x 71B)
Class com.google.gson.internal.sql.SqlTimestampTypeAdapter$1                          : loaded 2 times (x 75B)
Class com.google.gson.JsonPrimitive                                                   : loaded 2 times (x 93B)
Class kotlin.reflect.jvm.internal.ReflectProperties$Val$1                             : loaded 2 times (x 71B)
Class kotlin.collections.CollectionsKt___CollectionsJvmKt                             : loaded 2 times (x 71B)
Class org.objectweb.asm.AnnotationWriter                                              : loaded 2 times (x 79B)
Class com.google.common.cache.CacheStats                                              : loaded 2 times (x 71B)
Class [Lcom.google.gson.ReflectionAccessFilter$FilterResult;                          : loaded 2 times (x 69B)
Class com.google.gson.JsonElement                                                     : loaded 2 times (x 92B)
Class kotlin.sequences.SequencesKt___SequencesJvmKt                                   : loaded 2 times (x 71B)
Class kotlin.TuplesKt                                                                 : loaded 2 times (x 71B)
Class org.objectweb.asm.RecordComponentWriter                                         : loaded 2 times (x 78B)
Class com.google.common.util.concurrent.AbstractFuture$Listener                       : loaded 2 times (x 72B)
Class com.google.common.base.CharMatcher$Or                                           : loaded 2 times (x 112B)
Class com.google.gson.internal.bind.CollectionTypeAdapterFactory                      : loaded 2 times (x 75B)
Class kotlin.ranges.RangesKt                                                          : loaded 2 times (x 71B)
Class org.objectweb.asm.Attribute                                                     : loaded 2 times (x 77B)
Class com.google.common.base.Supplier                                                 : loaded 2 times (x 70B)
Class org.gradle.internal.classloader.VisitableURLClassLoader                         : loaded 2 times (x 117B)
Class kotlin.collections.ArraysUtilJVM                                                : loaded 2 times (x 71B)
Class kotlin.reflect.jvm.internal.KClassImpl                                          : loaded 2 times (x 115B)
Class kotlin.jvm.functions.Function0                                                  : loaded 2 times (x 70B)
Class org.gradle.internal.Cast                                                        : loaded 2 times (x 71B)
Class org.gradle.api.Action                                                           : loaded 2 times (x 70B)
Class com.google.gson.internal.bind.TreeTypeAdapter                                   : loaded 2 times (x 75B)
Class com.google.gson.internal.sql.SqlTimeTypeAdapter                                 : loaded 2 times (x 74B)
Class android.databinding.tool.processing.ScopedException                             : loaded 2 times (x 86B)
Class kotlin.jvm.functions.Function1                                                  : loaded 2 times (x 70B)
Class com.google.common.collect.HashBiMap                                             : loaded 2 times (x 143B)
Class com.google.common.base.Strings                                                  : loaded 2 times (x 71B)
Class org.objectweb.asm.Handler                                                       : loaded 2 times (x 72B)
Class com.google.common.base.CharMatcher$FastMatcher                                  : loaded 2 times (x 111B)
Class com.google.common.base.Ticker                                                   : loaded 2 times (x 72B)
Class com.google.gson.internal.bind.TypeAdapters$20                                   : loaded 2 times (x 75B)
Class com.google.gson.internal.bind.ObjectTypeAdapter$1                               : loaded 2 times (x 76B)
Class kotlin.jvm.functions.Function2                                                  : loaded 2 times (x 70B)
Class [Lcom.google.common.cache.LocalCache$Segment;                                   : loaded 2 times (x 69B)
Class com.google.common.base.Predicate                                                : loaded 2 times (x 70B)
Class [Lcom.google.common.cache.LocalCache$Strength;                                  : loaded 2 times (x 69B)
Class com.google.common.cache.CacheBuilder$1                                          : loaded 2 times (x 85B)
Class org.gradle.internal.classpath.DefaultClassPath$ImmutableUniqueList$Builder      : loaded 2 times (x 75B)
Class com.google.gson.stream.JsonToken                                                : loaded 2 times (x 79B)
Class com.google.gson.internal.bind.TypeAdapters$21                                   : loaded 2 times (x 75B)
Class com.google.gson.FieldNamingPolicy$1                                             : loaded 2 times (x 83B)
Class kotlin.jvm.functions.Function3                                                  : loaded 2 times (x 70B)
Class kotlin.reflect.jvm.internal.KDeclarationContainerImpl$Data                      : loaded 2 times (x 72B)
Class kotlin.collections.MapsKt___MapsJvmKt                                           : loaded 2 times (x 71B)
Class com.google.common.base.CharMatcher$NegatedFastMatcher                           : loaded 2 times (x 113B)
Class com.google.common.cache.LocalCache                                              : loaded 2 times (x 187B)
Class com.google.common.cache.CacheBuilder$2                                          : loaded 2 times (x 79B)
Class kotlin.annotation.Target                                                        : loaded 2 times (x 70B)
Class com.google.gson.internal.bind.TypeAdapters$22                                   : loaded 2 times (x 75B)
Class com.google.gson.TypeAdapter$1                                                   : loaded 2 times (x 74B)
Class com.google.gson.FieldNamingPolicy$2                                             : loaded 2 times (x 83B)
Class com.google.gson.internal.Excluder$1                                             : loaded 2 times (x 74B)
Class kotlin.reflect.jvm.internal.impl.builtins.PrimitiveType$Companion               : loaded 2 times (x 71B)
Class kotlin.jvm.functions.Function4                                                  : loaded 2 times (x 70B)
Class kotlin.reflect.jvm.internal.KClassImpl$Data                                     : loaded 2 times (x 72B)
Class kotlin.collections.CollectionsKt___CollectionsKt                                : loaded 2 times (x 71B)
Class com.google.common.collect.ArrayListMultimap                                     : loaded 2 times (x 172B)
Class com.google.common.cache.CacheBuilder$3                                          : loaded 2 times (x 72B)
Class [Lcom.google.common.collect.AbstractMapEntry;                                   : loaded 2 times (x 69B)
Class com.google.common.collect.ImmutableEntry                                        : loaded 2 times (x 82B)
Class org.gradle.api.GradleException                                                  : loaded 2 times (x 82B)
Class jdk.internal.jimage.ImageStrings                                                : loaded 2 times (x 70B)
Class kotlin.annotation.Retention                                                     : loaded 2 times (x 70B)
Class com.google.gson.internal.bind.TypeAdapters$23                                   : loaded 2 times (x 75B)
Class com.google.gson.FieldNamingPolicy$3                                             : loaded 2 times (x 83B)
Class kotlin.jvm.functions.Function5                                                  : loaded 2 times (x 70B)
Class kotlin.reflect.KDeclarationContainer                                            : loaded 2 times (x 70B)
Class kotlin.text.StringsKt___StringsJvmKt                                            : loaded 2 times (x 71B)
Class org.apache.commons.io.StandardLineSeparator                                     : loaded 2 times (x 79B)
Class com.google.common.collect.CollectPreconditions                                  : loaded 2 times (x 71B)
Class kotlin.io.FilesKt                                                               : loaded 2 times (x 71B)
Class com.google.gson.internal.bind.TypeAdapters$34$1                                 : loaded 2 times (x 74B)
Class com.google.gson.internal.bind.TypeAdapters$24                                   : loaded 2 times (x 75B)
Class com.google.gson.FieldNamingPolicy$4                                             : loaded 2 times (x 83B)
Class com.google.common.collect.Iterators$1                                           : loaded 2 times (x 81B)
Class kotlin.jvm.functions.Function6                                                  : loaded 2 times (x 70B)
Class kotlin.collections.ArraysKt___ArraysKt                                          : loaded 2 times (x 71B)
Class kotlin.reflect.jvm.internal.KTypeParameterOwnerImpl                             : loaded 2 times (x 70B)
Class kotlin.collections.MapsKt___MapsKt                                              : loaded 2 times (x 71B)
Class com.google.gson.internal.bind.TypeAdapters$25                                   : loaded 2 times (x 75B)
Class com.google.gson.FieldNamingPolicy$5                                             : loaded 2 times (x 83B)
Class kotlin.jvm.functions.Function7                                                  : loaded 2 times (x 70B)
Class kotlin.reflect.jvm.internal.impl.name.Name                                      : loaded 2 times (x 75B)
Class kotlin.reflect.jvm.internal.KPropertyImpl$Companion                             : loaded 2 times (x 71B)
Class kotlin.collections.MapsKt__MapWithDefaultKt                                     : loaded 2 times (x 71B)
Class com.google.common.cache.LocalCache$EntryFactory                                 : loaded 2 times (x 83B)
Class com.google.gson.internal.bind.ArrayTypeAdapter                                  : loaded 2 times (x 74B)
Class com.google.gson.internal.bind.TypeAdapters$26                                   : loaded 2 times (x 75B)
Class com.google.gson.FieldNamingPolicy$6                                             : loaded 2 times (x 83B)
Class kotlin.jvm.functions.Function8                                                  : loaded 2 times (x 70B)
Class kotlin.reflect.jvm.internal.impl.name.FqNameUnsafe                              : loaded 2 times (x 72B)
Class kotlin.enums.EnumEntriesKt                                                      : loaded 2 times (x 71B)
Class kotlin.text.StringsKt___StringsKt                                               : loaded 2 times (x 71B)
Class kotlin.collections.CollectionsKt__MutableCollectionsJVMKt                       : loaded 2 times (x 71B)
Class com.google.common.cache.LocalCache$AbstractReferenceEntry                       : loaded 2 times (x 107B)
Class org.gradle.internal.IoActions                                                   : loaded 2 times (x 71B)
Class com.google.gson.internal.reflect.ReflectionHelper                               : loaded 2 times (x 71B)
Class com.google.gson.internal.bind.TypeAdapters$27                                   : loaded 2 times (x 75B)
Class com.google.gson.FieldNamingPolicy$7                                             : loaded 2 times (x 83B)
Class [Lkotlin.reflect.jvm.internal.impl.name.ClassId;                                : loaded 2 times (x 69B)
Class kotlin.jvm.functions.Function10                                                 : loaded 2 times (x 70B)
Class kotlin.jvm.functions.Function9                                                  : loaded 2 times (x 70B)
Class [Lkotlin.LazyThreadSafetyMode;                                                  : loaded 2 times (x 69B)
Class [Lkotlin.reflect.KClassifier;                                                   : loaded 2 times (x 69B)
Class kotlin.reflect.jvm.internal.EmptyContainerForLocal                              : loaded 2 times (x 84B)
Class org.objectweb.asm.SymbolTable                                                   : loaded 2 times (x 72B)
Class com.google.common.cache.CacheLoader$InvalidCacheLoadException                   : loaded 2 times (x 82B)
Class com.google.common.collect.ImmutableSet$RegularSetBuilderImpl                    : loaded 2 times (x 77B)
Class settings_cqu13lbp78xniu3qlwonyc3q3$_run_closure1                                : loaded 2 times (x 139B)
Class org.gradle.internal.classloader.SystemClassLoaderSpec                           : loaded 2 times (x 71B)
Class com.google.gson.internal.bind.TypeAdapters$EnumTypeAdapter                      : loaded 2 times (x 74B)
Class com.google.gson.internal.bind.TypeAdapters$28                                   : loaded 2 times (x 75B)
Class [Lcom.google.gson.LongSerializationPolicy;                                      : loaded 2 times (x 69B)
Class kotlin.jvm.functions.Function11                                                 : loaded 2 times (x 70B)
Class kotlin.reflect.KAnnotatedElement                                                : loaded 2 times (x 70B)
Class kotlin.jvm.internal.Intrinsics                                                  : loaded 2 times (x 71B)
Class com.google.common.cache.LocalCache$StrongEntry                                  : loaded 2 times (x 108B)
Class com.google.common.util.concurrent.AbstractFuture$TrustedFuture                  : loaded 2 times (x 114B)
Class com.google.common.cache.LoadingCache                                            : loaded 2 times (x 70B)
Class jdk.internal.jrtfs.JrtFileSystem                                                : loaded 2 times (x 102B)
Class com.google.gson.internal.bind.MapTypeAdapterFactory                             : loaded 2 times (x 75B)
Class com.google.gson.internal.bind.TypeAdapters$29                                   : loaded 2 times (x 75B)
Class com.google.gson.JsonNull                                                        : loaded 2 times (x 92B)
Class kotlin.jvm.functions.Function12                                                 : loaded 2 times (x 70B)
Class kotlin.collections.MapsKt                                                       : loaded 2 times (x 71B)
Class kotlin.collections.CollectionsKt__IterablesKt                                   : loaded 2 times (x 71B)
Class org.objectweb.asm.MethodWriter                                                  : loaded 2 times (x 106B)
Class [Lcom.google.common.cache.Weigher;                                              : loaded 2 times (x 69B)
Class com.google.common.collect.RegularImmutableMap$BucketOverflowException           : loaded 2 times (x 82B)
Class kotlin.text.Charsets                                                            : loaded 2 times (x 71B)
Class kotlin.ranges.OpenEndRange                                                      : loaded 2 times (x 70B)
Class kotlin.jvm.functions.Function13                                                 : loaded 2 times (x 70B)
Class kotlin.KotlinNullPointerException                                               : loaded 2 times (x 83B)
Class com.google.gson.internal.bind.DefaultDateTypeAdapter$DateType$1                 : loaded 2 times (x 73B)
Class kotlin.jvm.functions.Function14                                                 : loaded 2 times (x 70B)
Class kotlin.ranges.RangesKt___RangesKt                                               : loaded 2 times (x 71B)
Class com.google.common.collect.RegularImmutableBiMap                                 : loaded 2 times (x 149B)
Class com.google.common.base.CharMatcher$Negated                                      : loaded 2 times (x 113B)
Class com.google.common.base.CharMatcher$Is                                           : loaded 2 times (x 111B)
Class com.google.common.cache.LocalCache$ValueReference                               : loaded 2 times (x 70B)
Class com.google.gson.internal.LazilyParsedNumber                                     : loaded 2 times (x 78B)
Class kotlin.jvm.functions.Function15                                                 : loaded 2 times (x 70B)
Class kotlin.collections.ArraysKt                                                     : loaded 2 times (x 71B)
Class kotlin.text.CharsKt__CharKt                                                     : loaded 2 times (x 71B)
Class com.google.common.base.PatternCompiler                                          : loaded 2 times (x 70B)
Class com.google.common.util.concurrent.AbstractFuture$Failure                        : loaded 2 times (x 72B)
Class com.google.common.base.Equivalence$Equals                                       : loaded 2 times (x 82B)
Class com.google.common.collect.Hashing                                               : loaded 2 times (x 71B)
Class com.google.common.base.Preconditions                                            : loaded 2 times (x 71B)
Class com.google.gson.stream.JsonReader                                               : loaded 2 times (x 97B)
Class kotlin.collections.SetsKt__SetsKt                                               : loaded 2 times (x 71B)
Class kotlin.jvm.functions.Function16                                                 : loaded 2 times (x 70B)
Class kotlin.LazyKt                                                                   : loaded 2 times (x 71B)
Class com.google.common.base.Joiner$1                                                 : loaded 2 times (x 80B)
Class org.objectweb.asm.Label                                                         : loaded 2 times (x 73B)
Class org.objectweb.asm.CurrentFrame                                                  : loaded 2 times (x 73B)
Class org.objectweb.asm.ClassTooLargeException                                        : loaded 2 times (x 83B)
Class com.google.common.base.CharMatcher                                              : loaded 2 times (x 111B)
Class com.google.common.collect.PeekingIterator                                       : loaded 2 times (x 70B)
Class com.google.gson.internal.reflect.ReflectionHelper$RecordSupportedHelper         : loaded 2 times (x 78B)
Class kotlin.jvm.functions.Function17                                                 : loaded 2 times (x 70B)
Class kotlin.collections.ArraysKt__ArraysJVMKt                                        : loaded 2 times (x 71B)
Class com.google.common.collect.Maps$IteratorBasedAbstractMap                         : loaded 2 times (x 125B)
Class com.google.common.base.Joiner$2                                                 : loaded 2 times (x 79B)
Class org.objectweb.asm.Frame                                                         : loaded 2 times (x 73B)
Class org.objectweb.asm.MethodVisitor                                                 : loaded 2 times (x 105B)
Class com.google.common.base.CharMatcher$NamedFastMatcher                             : loaded 2 times (x 112B)
Class com.google.common.base.CharMatcher$1                                            : loaded 2 times (x 113B)
Class com.google.common.cache.LocalCache$EntryFactory$1                               : loaded 2 times (x 83B)
Class [Lcom.google.common.cache.RemovalListener;                                      : loaded 2 times (x 69B)
Class com.google.gson.internal.bind.JsonAdapterAnnotationTypeAdapterFactory           : loaded 2 times (x 75B)
Class kotlin.jvm.functions.Function18                                                 : loaded 2 times (x 70B)
Class kotlin.jvm.internal.CallableReference$NoReceiver                                : loaded 2 times (x 71B)
Class kotlin.text.StringsKt__StringBuilderKt                                          : loaded 2 times (x 71B)
Class com.google.common.cache.LocalCache$EntryFactory$2                               : loaded 2 times (x 83B)
Class org.gradle.api.internal.classpath.GlobalCacheRootsProvider                      : loaded 2 times (x 70B)
Class com.google.gson.internal.$Gson$Types$ParameterizedTypeImpl                      : loaded 2 times (x 81B)
Class com.google.gson.internal.bind.NumberTypeAdapter                                 : loaded 2 times (x 74B)
Class com.google.gson.Gson$FutureTypeAdapter                                          : loaded 2 times (x 76B)
Class kotlin.jvm.functions.Function19                                                 : loaded 2 times (x 70B)
Class kotlin.Lazy                                                                     : loaded 2 times (x 70B)
Class kotlin.NoWhenBranchMatchedException                                             : loaded 2 times (x 82B)
Class org.objectweb.asm.ModuleWriter                                                  : loaded 2 times (x 82B)
Class com.google.common.cache.LocalCache$EntryFactory$3                               : loaded 2 times (x 83B)
Class com.google.common.base.Ticker$1                                                 : loaded 2 times (x 72B)
Class com.google.common.collect.ImmutableMapEntrySet$RegularEntrySet                  : loaded 2 times (x 152B)
Class com.google.gson.ToNumberPolicy$1                                                : loaded 2 times (x 83B)
Class [Lcom.google.gson.FieldNamingStrategy;                                          : loaded 2 times (x 69B)
Class com.google.gson.internal.Excluder                                               : loaded 2 times (x 75B)
Class com.google.common.collect.ImmutableSet$Builder                                  : loaded 2 times (x 85B)
Class com.google.common.base.CharMatcher$InRange                                      : loaded 2 times (x 111B)
Class com.google.common.cache.LocalCache$EntryFactory$4                               : loaded 2 times (x 83B)
Class com.google.gson.internal.ReflectionAccessFilterHelper                           : loaded 2 times (x 71B)
Class com.google.gson.internal.reflect.ReflectionHelper$RecordHelper                  : loaded 2 times (x 75B)
Class com.google.gson.ToNumberPolicy$2                                                : loaded 2 times (x 83B)
Class com.google.common.cache.LocalCache$EntryFactory$5                               : loaded 2 times (x 83B)
Class com.google.gson.internal.bind.ReflectiveTypeAdapterFactory$FieldsData           : loaded 2 times (x 72B)
Class com.google.gson.ToNumberPolicy$3                                                : loaded 2 times (x 83B)
Class kotlin.jvm.internal.markers.KMappedMarker                                       : loaded 2 times (x 70B)
Class [Lkotlin.reflect.KProperty;                                                     : loaded 2 times (x 69B)
Class org.apache.commons.io.output.AppendableWriter                                   : loaded 2 times (x 100B)
Class com.google.common.cache.LocalCache$EntryFactory$6                               : loaded 2 times (x 83B)
Class org.gradle.internal.installation.CurrentGradleInstallationLocator               : loaded 2 times (x 71B)
Class com.google.gson.ToNumberPolicy$4                                                : loaded 2 times (x 83B)
Class org.apache.commons.io.output.ThresholdingOutputStream                           : loaded 2 times (x 95B)
Class com.google.common.collect.Maps$KeySet                                           : loaded 2 times (x 137B)
Class com.google.common.collect.ImmutableSet$EmptySetBuilderImpl                      : loaded 2 times (x 76B)
Class com.google.common.cache.LocalCache$EntryFactory$7                               : loaded 2 times (x 83B)
Class com.google.common.collect.ImmutableList                                         : loaded 2 times (x 206B)
Class org.gradle.internal.service.DefaultServiceLocator                               : loaded 2 times (x 83B)
Class jdk.internal.jrtfs.JrtDirectoryStream                                           : loaded 2 times (x 89B)
Class com.google.gson.internal.sql.SqlTypesSupport                                    : loaded 2 times (x 71B)
Class com.google.gson.Gson                                                            : loaded 2 times (x 72B)
Class kotlin.reflect.KMutableProperty0                                                : loaded 2 times (x 70B)
Class kotlin.reflect.KClassifier                                                      : loaded 2 times (x 70B)
Class com.google.common.cache.LocalCache$EntryFactory$8                               : loaded 2 times (x 83B)
Class com.google.common.collect.ImmutableSet$SetBuilderImpl                           : loaded 2 times (x 76B)
Class org.gradle.internal.installation.CurrentGradleInstallation                      : loaded 2 times (x 73B)
Class com.google.gson.internal.UnsafeAllocator                                        : loaded 2 times (x 72B)
Class com.google.gson.Gson$1                                                          : loaded 2 times (x 76B)
Class kotlin.reflect.KMutableProperty1                                                : loaded 2 times (x 70B)
Class com.google.common.cache.CacheLoader$1                                           : loaded 2 times (x 75B)
Class com.google.common.collect.ImmutableList$SubList                                 : loaded 2 times (x 209B)
Class org.gradle.util.internal.GUtil                                                  : loaded 2 times (x 71B)
Class com.google.gson.internal.UnsafeAllocator$1                                      : loaded 2 times (x 73B)
Class com.google.gson.Gson$2                                                          : loaded 2 times (x 76B)
Class kotlin.reflect.KMutableProperty2                                                : loaded 2 times (x 70B)
Class kotlin.collections.CollectionsKt                                                : loaded 2 times (x 71B)
Class com.google.common.cache.AbstractCache$StatsCounter                              : loaded 2 times (x 70B)
Class com.google.gson.internal.UnsafeAllocator$2                                      : loaded 2 times (x 73B)
Class com.google.gson.internal.bind.ReflectiveTypeAdapterFactory$BoundField           : loaded 2 times (x 75B)
Class com.google.gson.Gson$3                                                          : loaded 2 times (x 75B)
Class kotlin.reflect.jvm.internal.RuntimeTypeMapper                                   : loaded 2 times (x 71B)
Class com.google.common.collect.Iterators$MergingIterator                             : loaded 2 times (x 81B)
Class com.google.common.collect.RegularImmutableSet                                   : loaded 2 times (x 149B)
Class org.gradle.internal.installation.GradleInstallation                             : loaded 2 times (x 75B)
Class com.google.gson.internal.UnsafeAllocator$3                                      : loaded 2 times (x 73B)
Class com.google.gson.internal.bind.DefaultDateTypeAdapter$1                          : loaded 2 times (x 75B)
Class com.google.gson.Gson$4                                                          : loaded 2 times (x 76B)
Class com.google.gson.internal.ConstructorConstructor                                 : loaded 2 times (x 72B)
Class com.google.common.collect.Iterables                                             : loaded 2 times (x 71B)
Class com.google.gson.internal.UnsafeAllocator$4                                      : loaded 2 times (x 72B)
Class com.google.gson.ReflectionAccessFilter$FilterResult                             : loaded 2 times (x 79B)
Class com.google.gson.Gson$5                                                          : loaded 2 times (x 76B)
Class kotlin.jvm.KotlinReflectionNotSupportedError                                    : loaded 2 times (x 82B)
Class com.google.common.collect.Lists$RandomAccessReverseList                         : loaded 2 times (x 200B)

---------------  S Y S T E M  ---------------

OS:
 Windows 11 , 64 bit Build 26100 (10.0.26100.8246)
OS uptime: 0 days 8:19 hours

CPU: total 12 (initial active 12) (6 cores per cpu, 2 threads per core) family 6 model 154 stepping 4 microcode 0x43b, cx8, cmov, fxsr, ht, mmx, 3dnowpref, sse, sse2, sse3, ssse3, sse4.1, sse4.2, popcnt, lzcnt, tsc, tscinvbit, avx, avx2, aes, erms, clmul, bmi1, bmi2, adx, sha, fma, vzeroupper, clflush, clflushopt, clwb, serialize, rdtscp, rdpid, fsrm, f16c, pku, cet_ibt, cet_ss
Processor Information for the first 12 processors :
  Max Mhz: 1300, Current Mhz: 1300, Mhz Limit: 1300

Memory: 4k page, system-wide physical 16068M (923M free)
TotalPageFile size 31428M (AvailPageFile size 471M)
current process WorkingSet (physical memory assigned to process): 712M, peak: 712M
current process commit charge ("private bytes"): 757M, peak: 757M

vm_info: OpenJDK 64-Bit Server VM (21.0.10+1-b1163.110) for windows-amd64 JRE (21.0.10+1-b1163.110), built on 2026-03-06 by "builduser" with MS VC++ 17.14 (VS2022)

END.
