#
# There is insufficient memory for the Java Runtime Environment to continue.
# Native memory allocation (malloc) failed to allocate 1891856 bytes. Error detail: Chunk::new
# Possible reasons:
#   The system is out of physical RAM or swap space
#   This process is running with CompressedOops enabled, and the Java Heap may be blocking the growth of the native heap
# Possible solutions:
#   Reduce memory load on the system
#   Increase physical memory or swap space
#   Check if swap backing store is full
#   Decrease Java heap size (-Xmx/-Xms)
#   Decrease number of Java threads
#   Decrease Java thread stack sizes (-Xss)
#   Set larger code cache with -XX:ReservedCodeCacheSize=
#   JVM is running with Unscaled Compressed Oops mode in which the Java heap is
#     placed in the first 4GB address space. The Java Heap base address is the
#     maximum limit for the native heap growth. Please use -XX:HeapBaseMinAddress
#     to set the Java Heap base and to place the Java Heap above 4GB virtual address.
# This output file may be truncated or incomplete.
#
#  Out of Memory Error (arena.cpp:168), pid=28528, tid=2096
#
# JRE version: OpenJDK Runtime Environment (21.0.9) (build 21.0.9+-14787801-b1163.94)
# Java VM: OpenJDK 64-Bit Server VM (21.0.9+-14787801-b1163.94, mixed mode, tiered, compressed oops, compressed class ptrs, g1 gc, windows-amd64)
# No core dump will be written. Minidumps are not enabled by default on client versions of Windows
#

---------------  S U M M A R Y ------------

Command Line: --add-opens=java.base/java.lang=ALL-UNNAMED --add-opens=java.base/java.lang.invoke=ALL-UNNAMED --add-opens=java.base/java.util=ALL-UNNAMED --add-opens=java.prefs/java.util.prefs=ALL-UNNAMED --add-exports=jdk.compiler/com.sun.tools.javac.api=ALL-UNNAMED --add-exports=jdk.compiler/com.sun.tools.javac.util=ALL-UNNAMED --add-opens=java.base/java.util=ALL-UNNAMED --add-opens=java.prefs/java.util.prefs=ALL-UNNAMED --add-opens=java.base/java.nio.charset=ALL-UNNAMED --add-opens=java.base/java.net=ALL-UNNAMED --add-opens=java.base/java.util.concurrent=ALL-UNNAMED --add-opens=java.base/java.util.concurrent.atomic=ALL-UNNAMED --add-opens=java.xml/javax.xml.namespace=ALL-UNNAMED --add-opens=java.base/java.time=ALL-UNNAMED -Xmx2048m -Dfile.encoding=UTF-8 -Duser.country=US -Duser.language=en -Duser.variant -javaagent:C:\Users\DELL\.gradle\wrapper\dists\gradle-9.3.1-bin\23ovyewtku6u96viwx3xl3oks\gradle-9.3.1\lib\agents\gradle-instrumentation-agent-9.3.1.jar org.gradle.launcher.daemon.bootstrap.GradleDaemon 9.3.1

Host: 12th Gen Intel(R) Core(TM) i5-1235U, 12 cores, 15G,  Windows 11 , 64 bit Build 26100 (10.0.26100.8246)
Time: Sat May  9 00:49:38 2026 SE Asia Standard Time elapsed time: 9297.819328 seconds (0d 2h 34m 57s)

---------------  T H R E A D  ---------------

Current thread (0x0000029189df8be0):  JavaThread "C2 CompilerThread1" daemon [_thread_in_native, id=2096, stack(0x0000009516100000,0x0000009516200000) (1024K)]


Current CompileTask:
C2:9297819 70540       4       org.gradle.internal.serialize.HierarchicalNameSerializer::readFirstOccurrenceOfName (60 bytes)

Stack: [0x0000009516100000,0x0000009516200000]
Native frames: (J=compiled Java code, j=interpreted, Vv=VM code, C=native code)
V  [jvm.dll+0x6d6c99]
V  [jvm.dll+0x866b83]
V  [jvm.dll+0x8691ae]
V  [jvm.dll+0x869893]
V  [jvm.dll+0x280776]
V  [jvm.dll+0xc07cd]
V  [jvm.dll+0xc0d03]
V  [jvm.dll+0x3b9831]
V  [jvm.dll+0x3856a7]
V  [jvm.dll+0x384b1a]
V  [jvm.dll+0x249462]
V  [jvm.dll+0x248a31]
V  [jvm.dll+0x1c7344]
V  [jvm.dll+0x2581ae]
V  [jvm.dll+0x2566f6]
V  [jvm.dll+0x3f48a6]
V  [jvm.dll+0x80f118]
V  [jvm.dll+0x6d54ed]
C  [ucrtbase.dll+0x37b0]
C  [KERNEL32.DLL+0x2e8d7]
C  [ntdll.dll+0x8c3fc]


---------------  P R O C E S S  ---------------

Threads class SMR info:
_java_thread_list=0x00000291908aab40, length=158, elements={
0x00000291df13ca50, 0x00000291f6d850d0, 0x00000291f6d8dd80, 0x00000291f6d8e7e0,
0x00000291f6d91bf0, 0x00000291f6ddb090, 0x00000291f6ddbaf0, 0x00000291f6ddc550,
0x00000291f6ddcfb0, 0x00000291f6dddf80, 0x00000291f708e140, 0x00000291fcee8cc0,
0x00000291fcc2cf70, 0x00000291f77ec140, 0x00000291fcf121e0, 0x00000291fcf114c0,
0x00000291fcf10110, 0x00000291fc97faf0, 0x00000291fc980ea0, 0x00000291fc980180,
0x00000291fc982250, 0x00000291fc984320, 0x0000029180f01d70, 0x00000291810fe880,
0x00000291810fc120, 0x00000291fc6b7650, 0x00000291fc6b8370, 0x00000291880d8060,
0x00000291825c1260, 0x00000291880d6cb0, 0x0000029183064aa0, 0x00000291fe717450,
0x00000291fe738000, 0x0000029188429470, 0x00000291ff598f80, 0x0000029189695c70,
0x0000029180d52930, 0x000002918855a3e0, 0x000002918a5b8c60, 0x00000291ff597bd0,
0x0000029188d94f80, 0x0000029189115560, 0x0000029189116910, 0x00000291fefd98b0,
0x000002918fda40f0, 0x0000029191aa5d10, 0x0000029181c4a970, 0x0000029183063d80,
0x00000291fefd9220, 0x0000029189f4afc0, 0x0000029189f4bce0, 0x0000029189f4ddb0,
0x000002918a31a060, 0x000002918a31baa0, 0x000002918a31ad80, 0x000002918a31b410,
0x000002918a31c130, 0x000002918a31ce50, 0x000002918a31c7c0, 0x000002918ac27b90,
0x000002918ac26e70, 0x000002918ac27500, 0x000002918a5b7f40, 0x000002918a5b7220,
0x000002918a5b92f0, 0x000002918a5b5e70, 0x000002918a5b6500, 0x000002918a5b78b0,
0x000002918a5b6b90, 0x000002918a5b85d0, 0x000002918acf8850, 0x000002918acf74a0,
0x000002918acf8ee0, 0x000002918acf60f0, 0x00000291fefd9f40, 0x00000291fefda5d0,
0x00000291fefd8b90, 0x00000291fefd7150, 0x00000291fefd77e0, 0x00000291fefd7e70,
0x00000291fefd8500, 0x0000029181c4d760, 0x0000029181c4b690, 0x0000029191aa63a0,
0x0000029191aa5680, 0x0000029189f4b650, 0x0000029189f4c370, 0x0000029189f4ca00,
0x0000029189f4d090, 0x000002918ac267e0, 0x000002918ac24710, 0x000002918ac24da0,
0x000002918ac26150, 0x000002918ac25430, 0x000002918ac25ac0, 0x000002918f1ab770,
0x000002918f1abe00, 0x000002918f1a8980, 0x000002918f1a9010, 0x000002918f1aa3c0,
0x0000029191aa70c0, 0x000002918990d7b0, 0x000002918acf6780, 0x000002918acf6e10,
0x000002918acf81c0, 0x000002918acf7b30, 0x0000029180a69520, 0x0000029180a68e90,
0x0000029180a66dc0, 0x0000029180a69bb0, 0x0000029180a67450, 0x0000029180a67ae0,
0x0000029190296590, 0x0000029190296c20, 0x00000291902972b0, 0x0000029190297fd0,
0x0000029190297940, 0x0000029190298660, 0x000002918f1e0900, 0x000002918f1e2340,
0x000002918f1e29d0, 0x000002918f1e3060, 0x000002918f1e1620, 0x0000029189df8be0,
0x000002918910f210, 0x000002918f1e3d80, 0x000002918f1e1cb0, 0x000002918990c400,
0x0000029183064410, 0x0000029183065130, 0x000002918109e420, 0x000002918f1e0f90,
0x000002918f1e36f0, 0x0000029191aa4960, 0x000002918f1ab0e0, 0x000002918f1a96a0,
0x0000029180a68170, 0x0000029188559030, 0x00000291885589a0, 0x000002918990de40,
0x000002918990eb60, 0x000002918990e4d0, 0x000002918990bd70, 0x0000029189f4a930,
0x00000291825bfeb0, 0x00000291825c1f80, 0x00000291825bf190, 0x0000029181c4bd20,
0x0000029181c4d0d0, 0x0000029181c4c3b0, 0x0000029181c4ddf0, 0x0000029181c4ca40,
0x000002918fda4780, 0x000002918fda4e10, 0x000002918fda33d0, 0x000002918fda3a60,
0x000002918fda26b0, 0x000002918fda2020
}

Java Threads: ( => current thread )
  0x00000291df13ca50 JavaThread "main"                              [_thread_blocked, id=35236, stack(0x000000950d800000,0x000000950d900000) (1024K)]
  0x00000291f6d850d0 JavaThread "Common-Cleaner"             daemon [_thread_blocked, id=71508, stack(0x000000950e000000,0x000000950e100000) (1024K)]
  0x00000291f6d8dd80 JavaThread "Reference Handler"          daemon [_thread_blocked, id=77872, stack(0x000000950e100000,0x000000950e200000) (1024K)]
  0x00000291f6d8e7e0 JavaThread "Finalizer"                  daemon [_thread_blocked, id=91980, stack(0x000000950e200000,0x000000950e300000) (1024K)]
  0x00000291f6d91bf0 JavaThread "Signal Dispatcher"          daemon [_thread_blocked, id=96704, stack(0x000000950e300000,0x000000950e400000) (1024K)]
  0x00000291f6ddb090 JavaThread "Attach Listener"            daemon [_thread_blocked, id=16084, stack(0x000000950e400000,0x000000950e500000) (1024K)]
  0x00000291f6ddbaf0 JavaThread "Service Thread"             daemon [_thread_blocked, id=91224, stack(0x000000950e500000,0x000000950e600000) (1024K)]
  0x00000291f6ddc550 JavaThread "Monitor Deflation Thread"   daemon [_thread_blocked, id=49532, stack(0x000000950e600000,0x000000950e700000) (1024K)]
  0x00000291f6ddcfb0 JavaThread "C2 CompilerThread0"         daemon [_thread_in_native, id=20624, stack(0x000000950e700000,0x000000950e800000) (1024K)]
  0x00000291f6dddf80 JavaThread "C1 CompilerThread0"         daemon [_thread_blocked, id=45320, stack(0x000000950e800000,0x000000950e900000) (1024K)]
  0x00000291f708e140 JavaThread "Notification Thread"        daemon [_thread_blocked, id=81752, stack(0x000000950e900000,0x000000950ea00000) (1024K)]
  0x00000291fcee8cc0 JavaThread "Daemon health stats"               [_thread_blocked, id=63348, stack(0x000000950eb00000,0x000000950ec00000) (1024K)]
  0x00000291fcc2cf70 JavaThread "Incoming local TCP Connector on port 49699"        [_thread_in_native, id=62952, stack(0x000000950f100000,0x000000950f200000) (1024K)]
  0x00000291f77ec140 JavaThread "Daemon periodic checks"            [_thread_blocked, id=87860, stack(0x000000950f200000,0x000000950f300000) (1024K)]
  0x00000291fcf121e0 JavaThread "Cache worker for journal cache (C:\Users\DELL\.gradle\caches\journal-1)"        [_thread_blocked, id=72260, stack(0x000000950ea00000,0x000000950eb00000) (1024K)]
  0x00000291fcf114c0 JavaThread "File lock request listener"        [_thread_in_native, id=14420, stack(0x0000009510100000,0x0000009510200000) (1024K)]
  0x00000291fcf10110 JavaThread "Cache worker for file hash cache (C:\Users\DELL\.gradle\caches\9.3.1\fileHashes)"        [_thread_blocked, id=82488, stack(0x0000009510200000,0x0000009510300000) (1024K)]
  0x00000291fc97faf0 JavaThread "File watcher server"        daemon [_thread_in_native, id=30000, stack(0x0000009510000000,0x0000009510100000) (1024K)]
  0x00000291fc980ea0 JavaThread "File watcher consumer"      daemon [_thread_blocked, id=101244, stack(0x0000009510500000,0x0000009510600000) (1024K)]
  0x00000291fc980180 JavaThread "Cache worker for file content cache (C:\Users\DELL\.gradle\caches\9.3.1\fileContent)"        [_thread_blocked, id=58160, stack(0x0000009510700000,0x0000009510800000) (1024K)]
  0x00000291fc982250 JavaThread "jar transforms"                    [_thread_blocked, id=4420, stack(0x0000009510b00000,0x0000009510c00000) (1024K)]
  0x00000291fc984320 JavaThread "jar transforms Thread 2"           [_thread_blocked, id=55452, stack(0x0000009510f00000,0x0000009511000000) (1024K)]
  0x0000029180f01d70 JavaThread "jar transforms Thread 3"           [_thread_blocked, id=26996, stack(0x0000009511200000,0x0000009511300000) (1024K)]
  0x00000291810fe880 JavaThread "jar transforms Thread 4"           [_thread_blocked, id=66048, stack(0x0000009513400000,0x0000009513500000) (1024K)]
  0x00000291810fc120 JavaThread "jar transforms Thread 5"           [_thread_blocked, id=30492, stack(0x0000009513500000,0x0000009513600000) (1024K)]
  0x00000291fc6b7650 JavaThread "Memory manager"                    [_thread_blocked, id=25508, stack(0x0000009513600000,0x0000009513700000) (1024K)]
  0x00000291fc6b8370 JavaThread "jar transforms Thread 6"           [_thread_blocked, id=52788, stack(0x0000009513900000,0x0000009513a00000) (1024K)]
  0x00000291880d8060 JavaThread "pool-3-thread-1"                   [_thread_blocked, id=71892, stack(0x000000950d500000,0x000000950d600000) (1024K)]
  0x00000291825c1260 JavaThread "pool-6-thread-1"                   [_thread_blocked, id=89904, stack(0x0000009512900000,0x0000009512a00000) (1024K)]
  0x00000291880d6cb0 JavaThread "pool-9-thread-1"                   [_thread_blocked, id=52080, stack(0x0000009512600000,0x0000009512700000) (1024K)]
  0x0000029183064aa0 JavaThread "pool-14-thread-1"                  [_thread_blocked, id=109620, stack(0x0000009512b00000,0x0000009512c00000) (1024K)]
  0x00000291fe717450 JavaThread "pool-17-thread-1"                  [_thread_blocked, id=45168, stack(0x0000009512a00000,0x0000009512b00000) (1024K)]
  0x00000291fe738000 JavaThread "pool-20-thread-1"                  [_thread_blocked, id=60060, stack(0x0000009512700000,0x0000009512800000) (1024K)]
  0x0000029188429470 JavaThread "Cache worker for Java compile cache (C:\Users\DELL\.gradle\caches\9.3.1\javaCompile)"        [_thread_blocked, id=85812, stack(0x0000009517800000,0x0000009517900000) (1024K)]
  0x00000291ff598f80 JavaThread "pool-25-thread-1"                  [_thread_blocked, id=103368, stack(0x0000009512e00000,0x0000009512f00000) (1024K)]
  0x0000029189695c70 JavaThread "pool-28-thread-1"                  [_thread_blocked, id=87108, stack(0x0000009512c00000,0x0000009512d00000) (1024K)]
  0x0000029180d52930 JavaThread "pool-32-thread-1"                  [_thread_blocked, id=55908, stack(0x0000009513000000,0x0000009513100000) (1024K)]
  0x000002918855a3e0 JavaThread "pool-35-thread-1"                  [_thread_blocked, id=3212, stack(0x0000009512d00000,0x0000009512e00000) (1024K)]
  0x000002918a5b8c60 JavaThread "pool-38-thread-1"                  [_thread_blocked, id=44636, stack(0x0000009513100000,0x0000009513200000) (1024K)]
  0x00000291ff597bd0 JavaThread "pool-41-thread-1"                  [_thread_blocked, id=76404, stack(0x0000009513200000,0x0000009513300000) (1024K)]
  0x0000029188d94f80 JavaThread "pool-46-thread-1"                  [_thread_blocked, id=32788, stack(0x0000009513300000,0x0000009513400000) (1024K)]
  0x0000029189115560 JavaThread "jar transforms Thread 7"           [_thread_blocked, id=62628, stack(0x0000009510a00000,0x0000009510b00000) (1024K)]
  0x0000029189116910 JavaThread "jar transforms Thread 8"           [_thread_blocked, id=53156, stack(0x0000009510c00000,0x0000009510d00000) (1024K)]
  0x00000291fefd98b0 JavaThread "pool-50-thread-1"                  [_thread_blocked, id=59432, stack(0x0000009513800000,0x0000009513900000) (1024K)]
  0x000002918fda40f0 JavaThread "pool-53-thread-1"                  [_thread_blocked, id=77192, stack(0x0000009513c00000,0x0000009513d00000) (1024K)]
  0x0000029191aa5d10 JavaThread "pool-56-thread-1"                  [_thread_blocked, id=14692, stack(0x0000009513a00000,0x0000009513b00000) (1024K)]
  0x0000029181c4a970 JavaThread "pool-61-thread-1"                  [_thread_blocked, id=34992, stack(0x0000009513700000,0x0000009513800000) (1024K)]
  0x0000029183063d80 JavaThread "File lock release action executor Thread 5"        [_thread_blocked, id=113520, stack(0x000000950d600000,0x000000950d700000) (1024K)]
  0x00000291fefd9220 JavaThread "Daemon Thread 16"                  [_thread_blocked, id=111180, stack(0x000000950d700000,0x000000950d800000) (1024K)]
  0x0000029189f4afc0 JavaThread "Handler for socket connection from /127.0.0.1:49699 to /127.0.0.1:60838"        [_thread_in_native, id=7768, stack(0x000000950f300000,0x000000950f400000) (1024K)]
  0x0000029189f4bce0 JavaThread "Cancel handler"                    [_thread_blocked, id=111696, stack(0x000000950f400000,0x000000950f500000) (1024K)]
  0x0000029189f4ddb0 JavaThread "Daemon worker Thread 16"           [_thread_blocked, id=17448, stack(0x000000950f500000,0x000000950f600000) (1024K)]
  0x000002918a31a060 JavaThread "Asynchronous log dispatcher for DefaultDaemonConnection: socket connection from /127.0.0.1:49699 to /127.0.0.1:60838"        [_thread_blocked, id=91472, stack(0x000000950f600000,0x000000950f700000) (1024K)]
  0x000002918a31baa0 JavaThread "Stdin handler"                     [_thread_blocked, id=37652, stack(0x000000950f700000,0x000000950f800000) (1024K)]
  0x000002918a31ad80 JavaThread "Daemon client event forwarder"        [_thread_blocked, id=52920, stack(0x000000950fc00000,0x000000950fd00000) (1024K)]
  0x000002918a31b410 JavaThread "Cache worker for file hash cache (D:\MEox\UITer\DOAN\Mosco_Megre\Mosco\client\.gradle\9.3.1\fileHashes)"        [_thread_blocked, id=41124, stack(0x000000950ff00000,0x0000009510000000) (1024K)]
  0x000002918a31c130 JavaThread "Cache worker for Build Output Cleanup Cache (D:\MEox\UITer\DOAN\Mosco_Megre\Mosco\client\.gradle\buildOutputCleanup)"        [_thread_blocked, id=54632, stack(0x0000009510300000,0x0000009510400000) (1024K)]
  0x000002918a31ce50 JavaThread "Cache worker for checksums cache (D:\MEox\UITer\DOAN\Mosco_Megre\Mosco\client\.gradle\9.3.1\checksums)"        [_thread_blocked, id=1796, stack(0x0000009510400000,0x0000009510500000) (1024K)]
  0x000002918a31c7c0 JavaThread "Cache worker for cache directory md-supplier (C:\Users\DELL\.gradle\caches\9.3.1\md-supplier)"        [_thread_blocked, id=102772, stack(0x0000009510600000,0x0000009510700000) (1024K)]
  0x000002918ac27b90 JavaThread "Cache worker for cache directory md-rule (C:\Users\DELL\.gradle\caches\9.3.1\md-rule)"        [_thread_blocked, id=44676, stack(0x0000009510800000,0x0000009510900000) (1024K)]
  0x000002918ac26e70 JavaThread "Unconstrained build operations"        [_thread_blocked, id=62176, stack(0x0000009510d00000,0x0000009510e00000) (1024K)]
  0x000002918ac27500 JavaThread "Unconstrained build operations Thread 2"        [_thread_blocked, id=26716, stack(0x0000009510e00000,0x0000009510f00000) (1024K)]
  0x000002918a5b7f40 JavaThread "Problems report writer"            [_thread_blocked, id=81004, stack(0x0000009511000000,0x0000009511100000) (1024K)]
  0x000002918a5b7220 JavaThread "Unconstrained build operations Thread 3"        [_thread_blocked, id=46892, stack(0x0000009510900000,0x0000009510a00000) (1024K)]
  0x000002918a5b92f0 JavaThread "Unconstrained build operations Thread 4"        [_thread_blocked, id=95900, stack(0x0000009511100000,0x0000009511200000) (1024K)]
  0x000002918a5b5e70 JavaThread "Unconstrained build operations Thread 5"        [_thread_blocked, id=42340, stack(0x0000009511300000,0x0000009511400000) (1024K)]
  0x000002918a5b6500 JavaThread "Unconstrained build operations Thread 6"        [_thread_blocked, id=5012, stack(0x0000009511400000,0x0000009511500000) (1024K)]
  0x000002918a5b78b0 JavaThread "Unconstrained build operations Thread 7"        [_thread_blocked, id=33700, stack(0x0000009511500000,0x0000009511600000) (1024K)]
  0x000002918a5b6b90 JavaThread "Unconstrained build operations Thread 8"        [_thread_blocked, id=67384, stack(0x0000009511600000,0x0000009511700000) (1024K)]
  0x000002918a5b85d0 JavaThread "Unconstrained build operations Thread 9"        [_thread_blocked, id=30980, stack(0x0000009511700000,0x0000009511800000) (1024K)]
  0x000002918acf8850 JavaThread "Unconstrained build operations Thread 10"        [_thread_blocked, id=30324, stack(0x0000009511800000,0x0000009511900000) (1024K)]
  0x000002918acf74a0 JavaThread "Unconstrained build operations Thread 11"        [_thread_blocked, id=87972, stack(0x0000009511900000,0x0000009511a00000) (1024K)]
  0x000002918acf8ee0 JavaThread "Unconstrained build operations Thread 12"        [_thread_blocked, id=78280, stack(0x0000009511a00000,0x0000009511b00000) (1024K)]
  0x000002918acf60f0 JavaThread "Unconstrained build operations Thread 13"        [_thread_blocked, id=44052, stack(0x0000009511b00000,0x0000009511c00000) (1024K)]
  0x00000291fefd9f40 JavaThread "Unconstrained build operations Thread 14"        [_thread_blocked, id=83164, stack(0x0000009511c00000,0x0000009511d00000) (1024K)]
  0x00000291fefda5d0 JavaThread "Unconstrained build operations Thread 15"        [_thread_blocked, id=94900, stack(0x0000009511d00000,0x0000009511e00000) (1024K)]
  0x00000291fefd8b90 JavaThread "Unconstrained build operations Thread 16"        [_thread_blocked, id=76292, stack(0x0000009511e00000,0x0000009511f00000) (1024K)]
  0x00000291fefd7150 JavaThread "Unconstrained build operations Thread 17"        [_thread_blocked, id=73464, stack(0x0000009511f00000,0x0000009512000000) (1024K)]
  0x00000291fefd77e0 JavaThread "Unconstrained build operations Thread 18"        [_thread_blocked, id=49060, stack(0x0000009512000000,0x0000009512100000) (1024K)]
  0x00000291fefd7e70 JavaThread "Unconstrained build operations Thread 19"        [_thread_blocked, id=35580, stack(0x0000009512100000,0x0000009512200000) (1024K)]
  0x00000291fefd8500 JavaThread "Unconstrained build operations Thread 20"        [_thread_blocked, id=27504, stack(0x0000009512200000,0x0000009512300000) (1024K)]
  0x0000029181c4d760 JavaThread "Unconstrained build operations Thread 21"        [_thread_blocked, id=91784, stack(0x0000009512300000,0x0000009512400000) (1024K)]
  0x0000029181c4b690 JavaThread "Unconstrained build operations Thread 22"        [_thread_blocked, id=64620, stack(0x0000009512400000,0x0000009512500000) (1024K)]
  0x0000029191aa63a0 JavaThread "Unconstrained build operations Thread 23"        [_thread_blocked, id=35380, stack(0x0000009512500000,0x0000009512600000) (1024K)]
  0x0000029191aa5680 JavaThread "Unconstrained build operations Thread 24"        [_thread_blocked, id=99624, stack(0x0000009512800000,0x0000009512900000) (1024K)]
  0x0000029189f4b650 JavaThread "build event listener"              [_thread_blocked, id=73520, stack(0x0000009512f00000,0x0000009513000000) (1024K)]
  0x0000029189f4c370 JavaThread "pool-64-thread-1"                  [_thread_blocked, id=82652, stack(0x0000009513d00000,0x0000009513e00000) (1024K)]
  0x0000029189f4ca00 JavaThread "build event listener"              [_thread_blocked, id=56940, stack(0x0000009513e00000,0x0000009513f00000) (1024K)]
  0x0000029189f4d090 JavaThread "included builds"                   [_thread_blocked, id=24988, stack(0x0000009513f00000,0x0000009514000000) (1024K)]
  0x000002918ac267e0 JavaThread "Execution worker"                  [_thread_in_vm, id=36180, stack(0x0000009514000000,0x0000009514100000) (1024K)]
  0x000002918ac24710 JavaThread "Execution worker Thread 2"         [_thread_blocked, id=49208, stack(0x0000009514100000,0x0000009514200000) (1024K)]
  0x000002918ac24da0 JavaThread "Execution worker Thread 3"         [_thread_blocked, id=34648, stack(0x0000009514200000,0x0000009514300000) (1024K)]
  0x000002918ac26150 JavaThread "Execution worker Thread 4"         [_thread_blocked, id=98096, stack(0x0000009514300000,0x0000009514400000) (1024K)]
  0x000002918ac25430 JavaThread "Execution worker Thread 5"         [_thread_blocked, id=6848, stack(0x0000009514400000,0x0000009514500000) (1024K)]
  0x000002918ac25ac0 JavaThread "Execution worker Thread 6"         [_thread_blocked, id=76624, stack(0x0000009514500000,0x0000009514600000) (1024K)]
  0x000002918f1ab770 JavaThread "Execution worker Thread 7"         [_thread_blocked, id=99896, stack(0x0000009514600000,0x0000009514700000) (1024K)]
  0x000002918f1abe00 JavaThread "Execution worker Thread 8"         [_thread_blocked, id=24524, stack(0x0000009514700000,0x0000009514800000) (1024K)]
  0x000002918f1a8980 JavaThread "Execution worker Thread 9"         [_thread_blocked, id=65952, stack(0x0000009514800000,0x0000009514900000) (1024K)]
  0x000002918f1a9010 JavaThread "Execution worker Thread 10"        [_thread_blocked, id=33568, stack(0x0000009514900000,0x0000009514a00000) (1024K)]
  0x000002918f1aa3c0 JavaThread "Execution worker Thread 11"        [_thread_blocked, id=36556, stack(0x0000009514a00000,0x0000009514b00000) (1024K)]
  0x0000029191aa70c0 JavaThread "Cache worker for execution history cache (D:\MEox\UITer\DOAN\Mosco_Megre\Mosco\client\.gradle\9.3.1\executionHistory)"        [_thread_blocked, id=26336, stack(0x0000009514b00000,0x0000009514c00000) (1024K)]
  0x000002918990d7b0 JavaThread "Unconstrained build operations Thread 25"        [_thread_blocked, id=94896, stack(0x0000009513b00000,0x0000009513c00000) (1024K)]
  0x000002918acf6780 JavaThread "Unconstrained build operations Thread 26"        [_thread_blocked, id=75088, stack(0x0000009514c00000,0x0000009514d00000) (1024K)]
  0x000002918acf6e10 JavaThread "Unconstrained build operations Thread 27"        [_thread_blocked, id=95200, stack(0x0000009514d00000,0x0000009514e00000) (1024K)]
  0x000002918acf81c0 JavaThread "Unconstrained build operations Thread 28"        [_thread_blocked, id=83528, stack(0x0000009514e00000,0x0000009514f00000) (1024K)]
  0x000002918acf7b30 JavaThread "Unconstrained build operations Thread 29"        [_thread_blocked, id=73064, stack(0x0000009514f00000,0x0000009515000000) (1024K)]
  0x0000029180a69520 JavaThread "Unconstrained build operations Thread 30"        [_thread_blocked, id=71288, stack(0x0000009515000000,0x0000009515100000) (1024K)]
  0x0000029180a68e90 JavaThread "Unconstrained build operations Thread 31"        [_thread_blocked, id=111552, stack(0x0000009515100000,0x0000009515200000) (1024K)]
  0x0000029180a66dc0 JavaThread "Unconstrained build operations Thread 32"        [_thread_blocked, id=63048, stack(0x0000009515200000,0x0000009515300000) (1024K)]
  0x0000029180a69bb0 JavaThread "Unconstrained build operations Thread 33"        [_thread_blocked, id=90904, stack(0x0000009515300000,0x0000009515400000) (1024K)]
  0x0000029180a67450 JavaThread "Unconstrained build operations Thread 34"        [_thread_blocked, id=34620, stack(0x0000009515400000,0x0000009515500000) (1024K)]
  0x0000029180a67ae0 JavaThread "Unconstrained build operations Thread 35"        [_thread_blocked, id=23872, stack(0x0000009515500000,0x0000009515600000) (1024K)]
  0x0000029190296590 JavaThread "Unconstrained build operations Thread 36"        [_thread_blocked, id=82912, stack(0x0000009515600000,0x0000009515700000) (1024K)]
  0x0000029190296c20 JavaThread "Unconstrained build operations Thread 37"        [_thread_blocked, id=37384, stack(0x0000009515700000,0x0000009515800000) (1024K)]
  0x00000291902972b0 JavaThread "Unconstrained build operations Thread 38"        [_thread_blocked, id=52348, stack(0x0000009515800000,0x0000009515900000) (1024K)]
  0x0000029190297fd0 JavaThread "Unconstrained build operations Thread 39"        [_thread_blocked, id=67752, stack(0x0000009515900000,0x0000009515a00000) (1024K)]
  0x0000029190297940 JavaThread "Unconstrained build operations Thread 40"        [_thread_blocked, id=79064, stack(0x0000009515a00000,0x0000009515b00000) (1024K)]
  0x0000029190298660 JavaThread "Unconstrained build operations Thread 41"        [_thread_blocked, id=67576, stack(0x0000009515b00000,0x0000009515c00000) (1024K)]
  0x000002918f1e0900 JavaThread "Unconstrained build operations Thread 42"        [_thread_blocked, id=24076, stack(0x0000009515c00000,0x0000009515d00000) (1024K)]
  0x000002918f1e2340 JavaThread "Unconstrained build operations Thread 43"        [_thread_blocked, id=68252, stack(0x0000009515d00000,0x0000009515e00000) (1024K)]
  0x000002918f1e29d0 JavaThread "Unconstrained build operations Thread 44"        [_thread_blocked, id=111412, stack(0x0000009515e00000,0x0000009515f00000) (1024K)]
  0x000002918f1e3060 JavaThread "Unconstrained build operations Thread 45"        [_thread_blocked, id=75548, stack(0x0000009515f00000,0x0000009516000000) (1024K)]
  0x000002918f1e1620 JavaThread "Unconstrained build operations Thread 46"        [_thread_blocked, id=26984, stack(0x0000009516000000,0x0000009516100000) (1024K)]
=>0x0000029189df8be0 JavaThread "C2 CompilerThread1"         daemon [_thread_in_native, id=2096, stack(0x0000009516100000,0x0000009516200000) (1024K)]
  0x000002918910f210 JavaThread "C2 CompilerThread2"         daemon [_thread_in_native, id=100116, stack(0x0000009516200000,0x0000009516300000) (1024K)]
  0x000002918f1e3d80 JavaThread "Unconstrained build operations Thread 47"        [_thread_blocked, id=39604, stack(0x0000009516300000,0x0000009516400000) (1024K)]
  0x000002918f1e1cb0 JavaThread "Unconstrained build operations Thread 48"        [_thread_blocked, id=29484, stack(0x0000009516400000,0x0000009516500000) (1024K)]
  0x000002918990c400 JavaThread "Unconstrained build operations Thread 49"        [_thread_blocked, id=39356, stack(0x0000009516500000,0x0000009516600000) (1024K)]
  0x0000029183064410 JavaThread "Unconstrained build operations Thread 50"        [_thread_blocked, id=108044, stack(0x0000009516600000,0x0000009516700000) (1024K)]
  0x0000029183065130 JavaThread "Unconstrained build operations Thread 51"        [_thread_blocked, id=42564, stack(0x0000009516700000,0x0000009516800000) (1024K)]
  0x000002918109e420 JavaThread "Unconstrained build operations Thread 52"        [_thread_blocked, id=110656, stack(0x0000009516800000,0x0000009516900000) (1024K)]
  0x000002918f1e0f90 JavaThread "Unconstrained build operations Thread 53"        [_thread_blocked, id=92012, stack(0x0000009516900000,0x0000009516a00000) (1024K)]
  0x000002918f1e36f0 JavaThread "Unconstrained build operations Thread 54"        [_thread_blocked, id=27804, stack(0x0000009516a00000,0x0000009516b00000) (1024K)]
  0x0000029191aa4960 JavaThread "Unconstrained build operations Thread 55"        [_thread_blocked, id=95812, stack(0x0000009516b00000,0x0000009516c00000) (1024K)]
  0x000002918f1ab0e0 JavaThread "Unconstrained build operations Thread 56"        [_thread_blocked, id=48684, stack(0x0000009516c00000,0x0000009516d00000) (1024K)]
  0x000002918f1a96a0 JavaThread "Unconstrained build operations Thread 57"        [_thread_blocked, id=104212, stack(0x0000009516d00000,0x0000009516e00000) (1024K)]
  0x0000029180a68170 JavaThread "Unconstrained build operations Thread 58"        [_thread_blocked, id=31828, stack(0x0000009516e00000,0x0000009516f00000) (1024K)]
  0x0000029188559030 JavaThread "Unconstrained build operations Thread 59"        [_thread_blocked, id=35604, stack(0x0000009516f00000,0x0000009517000000) (1024K)]
  0x00000291885589a0 JavaThread "Unconstrained build operations Thread 60"        [_thread_blocked, id=85060, stack(0x0000009517000000,0x0000009517100000) (1024K)]
  0x000002918990de40 JavaThread "Unconstrained build operations Thread 61"        [_thread_blocked, id=86144, stack(0x0000009517100000,0x0000009517200000) (1024K)]
  0x000002918990eb60 JavaThread "Unconstrained build operations Thread 62"        [_thread_blocked, id=57872, stack(0x0000009517200000,0x0000009517300000) (1024K)]
  0x000002918990e4d0 JavaThread "Unconstrained build operations Thread 63"        [_thread_blocked, id=52856, stack(0x0000009517300000,0x0000009517400000) (1024K)]
  0x000002918990bd70 JavaThread "Unconstrained build operations Thread 64"        [_thread_blocked, id=58436, stack(0x0000009517400000,0x0000009517500000) (1024K)]
  0x0000029189f4a930 JavaThread "Unconstrained build operations Thread 65"        [_thread_blocked, id=22408, stack(0x0000009517500000,0x0000009517600000) (1024K)]
  0x00000291825bfeb0 JavaThread "Unconstrained build operations Thread 66"        [_thread_blocked, id=60488, stack(0x0000009517600000,0x0000009517700000) (1024K)]
  0x00000291825c1f80 JavaThread "Unconstrained build operations Thread 67"        [_thread_blocked, id=90172, stack(0x0000009517700000,0x0000009517800000) (1024K)]
  0x00000291825bf190 JavaThread "Unconstrained build operations Thread 68"        [_thread_blocked, id=92140, stack(0x0000009517900000,0x0000009517a00000) (1024K)]
  0x0000029181c4bd20 JavaThread "Build operations"                  [_thread_blocked, id=32212, stack(0x0000009517a00000,0x0000009517b00000) (1024K)]
  0x0000029181c4d0d0 JavaThread "Build operations Thread 2"         [_thread_blocked, id=67036, stack(0x0000009517b00000,0x0000009517c00000) (1024K)]
  0x0000029181c4c3b0 JavaThread "Build operations Thread 3"         [_thread_blocked, id=11732, stack(0x0000009517c00000,0x0000009517d00000) (1024K)]
  0x0000029181c4ddf0 JavaThread "Build operations Thread 4"         [_thread_blocked, id=65612, stack(0x0000009517d00000,0x0000009517e00000) (1024K)]
  0x0000029181c4ca40 JavaThread "Build operations Thread 5"         [_thread_blocked, id=41216, stack(0x0000009517e00000,0x0000009517f00000) (1024K)]
  0x000002918fda4780 JavaThread "Build operations Thread 6"         [_thread_blocked, id=33080, stack(0x0000009517f00000,0x0000009518000000) (1024K)]
  0x000002918fda4e10 JavaThread "Build operations Thread 7"         [_thread_blocked, id=25544, stack(0x0000009518000000,0x0000009518100000) (1024K)]
  0x000002918fda33d0 JavaThread "Build operations Thread 8"         [_thread_blocked, id=93408, stack(0x0000009518100000,0x0000009518200000) (1024K)]
  0x000002918fda3a60 JavaThread "Build operations Thread 9"         [_thread_blocked, id=56020, stack(0x0000009518200000,0x0000009518300000) (1024K)]
  0x000002918fda26b0 JavaThread "Build operations Thread 10"        [_thread_blocked, id=81212, stack(0x0000009518300000,0x0000009518400000) (1024K)]
  0x000002918fda2020 JavaThread "Build operations Thread 11"        [_thread_blocked, id=84160, stack(0x0000009518400000,0x0000009518500000) (1024K)]
Total: 158

Other Threads:
  0x00000291f6c8af50 VMThread "VM Thread"                           [id=47064, stack(0x000000950df00000,0x000000950e000000) (1024K)]
  0x00000291f6d109d0 WatcherThread "VM Periodic Task Thread"        [id=96856, stack(0x000000950de00000,0x000000950df00000) (1024K)]
  0x00000291df195f50 WorkerThread "GC Thread#0"                     [id=31784, stack(0x000000950d900000,0x000000950da00000) (1024K)]
  0x00000291f7796b90 WorkerThread "GC Thread#1"                     [id=106144, stack(0x000000950ec00000,0x000000950ed00000) (1024K)]
  0x00000291f7796f30 WorkerThread "GC Thread#2"                     [id=44440, stack(0x000000950ed00000,0x000000950ee00000) (1024K)]
  0x00000291f758d900 WorkerThread "GC Thread#3"                     [id=107672, stack(0x000000950ee00000,0x000000950ef00000) (1024K)]
  0x00000291f758dca0 WorkerThread "GC Thread#4"                     [id=28884, stack(0x000000950ef00000,0x000000950f000000) (1024K)]
  0x00000291f758e450 WorkerThread "GC Thread#5"                     [id=56756, stack(0x000000950f000000,0x000000950f100000) (1024K)]
  0x00000291fcf15550 WorkerThread "GC Thread#6"                     [id=87008, stack(0x000000950f800000,0x000000950f900000) (1024K)]
  0x00000291fcf158f0 WorkerThread "GC Thread#7"                     [id=82584, stack(0x000000950f900000,0x000000950fa00000) (1024K)]
  0x00000291fcf160a0 WorkerThread "GC Thread#8"                     [id=84224, stack(0x000000950fa00000,0x000000950fb00000) (1024K)]
  0x00000291fd237d20 WorkerThread "GC Thread#9"                     [id=42520, stack(0x000000950fb00000,0x000000950fc00000) (1024K)]
  0x00000291df1a8290 ConcurrentGCThread "G1 Main Marker"            [id=90888, stack(0x000000950da00000,0x000000950db00000) (1024K)]
  0x00000291df1aab60 WorkerThread "G1 Conc#0"                       [id=100480, stack(0x000000950db00000,0x000000950dc00000) (1024K)]
  0x00000291fd238f40 WorkerThread "G1 Conc#1"                       [id=25412, stack(0x000000950fd00000,0x000000950fe00000) (1024K)]
  0x00000291fd2380c0 WorkerThread "G1 Conc#2"                       [id=2064, stack(0x000000950fe00000,0x000000950ff00000) (1024K)]
  0x00000291f6b74360 ConcurrentGCThread "G1 Refine#0"               [id=91288, stack(0x000000950dc00000,0x000000950dd00000) (1024K)]
  0x00000291f6b74b80 ConcurrentGCThread "G1 Service"                [id=70512, stack(0x000000950dd00000,0x000000950de00000) (1024K)]
Total: 18

Threads with active compile tasks:
C2 CompilerThread0  9297869 70544 %     4       org.gradle.api.internal.tasks.compile.incremental.compilerapi.deps.DependentSetSerializer::read @ 50 (198 bytes)
C2 CompilerThread1  9297869 70540       4       org.gradle.internal.serialize.HierarchicalNameSerializer::readFirstOccurrenceOfName (60 bytes)
C2 CompilerThread2  9297869 70576       4       org.gradle.api.internal.tasks.compile.incremental.compilerapi.deps.DependentsSet::merge (230 bytes)
Total: 3

VM state: not at safepoint (normal execution)

VM Mutex/Monitor currently owned by a thread: None

Heap address: 0x0000000080000000, size: 2048 MB, Compressed Oops mode: 32-bit

CDS archive(s) not mapped
Compressed class space mapped at: 0x0000000100000000-0x0000000140000000, reserved size: 1073741824
Narrow klass base: 0x0000000000000000, Narrow klass shift: 3, Narrow klass range: 0x140000000

GC Precious Log:
 CardTable entry size: 512
 Card Set container configuration: InlinePtr #cards 5 size 8 Array Of Cards #cards 12 size 40 Howl #buckets 4 coarsen threshold 1843 Howl Bitmap #cards 512 size 80 coarsen threshold 460 Card regions per heap region 1 cards per card region 2048
 CPUs: 12 total, 12 available
 Memory: 16068M
 Large Page Support: Disabled
 NUMA Support: Disabled
 Compressed Oops: Enabled (32-bit)
 Heap Region Size: 1M
 Heap Min Capacity: 8M
 Heap Initial Capacity: 252M
 Heap Max Capacity: 2G
 Pre-touch: Disabled
 Parallel Workers: 10
 Concurrent Workers: 3
 Concurrent Refinement Workers: 10
 Periodic GC: Disabled

Heap:
 garbage-first heap   total 686080K, used 493871K [0x0000000080000000, 0x0000000100000000)
  region size 1024K, 268 young (274432K), 22 survivors (22528K)
 Metaspace       used 193381K, committed 195648K, reserved 1245184K
  class space    used 25738K, committed 26752K, reserved 1048576K

Heap Regions: E=young(eden), S=young(survivor), O=old, HS=humongous(starts), HC=humongous(continues), CS=collection set, F=free, TAMS=top-at-mark-start, PB=parsable bottom
|   0|0x0000000080000000, 0x0000000080100000, 0x0000000080100000|100%|HS|  |TAMS 0x0000000080000000| PB 0x0000000080000000| Complete 
|   1|0x0000000080100000, 0x0000000080200000, 0x0000000080200000|100%|HC|  |TAMS 0x0000000080100000| PB 0x0000000080100000| Complete 
|   2|0x0000000080200000, 0x0000000080300000, 0x0000000080300000|100%|HC|  |TAMS 0x0000000080200000| PB 0x0000000080200000| Complete 
|   3|0x0000000080300000, 0x0000000080400000, 0x0000000080400000|100%|HC|  |TAMS 0x0000000080300000| PB 0x0000000080300000| Complete 
|   4|0x0000000080400000, 0x0000000080500000, 0x0000000080500000|100%| O|  |TAMS 0x0000000080400000| PB 0x0000000080400000| Untracked 
|   5|0x0000000080500000, 0x0000000080600000, 0x0000000080600000|100%| O|  |TAMS 0x0000000080500000| PB 0x0000000080500000| Untracked 
|   6|0x0000000080600000, 0x0000000080700000, 0x0000000080700000|100%|HS|  |TAMS 0x0000000080600000| PB 0x0000000080600000| Complete 
|   7|0x0000000080700000, 0x0000000080800000, 0x0000000080800000|100%| O|  |TAMS 0x0000000080700000| PB 0x0000000080700000| Untracked 
|   8|0x0000000080800000, 0x0000000080900000, 0x0000000080900000|100%| O|  |TAMS 0x0000000080800000| PB 0x0000000080800000| Untracked 
|   9|0x0000000080900000, 0x0000000080a00000, 0x0000000080a00000|100%| O|  |TAMS 0x0000000080900000| PB 0x0000000080900000| Untracked 
|  10|0x0000000080a00000, 0x0000000080b00000, 0x0000000080b00000|100%| O|  |TAMS 0x0000000080a00000| PB 0x0000000080a00000| Untracked 
|  11|0x0000000080b00000, 0x0000000080c00000, 0x0000000080c00000|100%| O|  |TAMS 0x0000000080b00000| PB 0x0000000080b00000| Untracked 
|  12|0x0000000080c00000, 0x0000000080d00000, 0x0000000080d00000|100%| O|  |TAMS 0x0000000080c00000| PB 0x0000000080c00000| Untracked 
|  13|0x0000000080d00000, 0x0000000080e00000, 0x0000000080e00000|100%| O|  |TAMS 0x0000000080d00000| PB 0x0000000080d00000| Untracked 
|  14|0x0000000080e00000, 0x0000000080f00000, 0x0000000080f00000|100%| O|  |TAMS 0x0000000080e00000| PB 0x0000000080e00000| Untracked 
|  15|0x0000000080f00000, 0x0000000081000000, 0x0000000081000000|100%| O|  |TAMS 0x0000000080f00000| PB 0x0000000080f00000| Untracked 
|  16|0x0000000081000000, 0x0000000081100000, 0x0000000081100000|100%| O|  |TAMS 0x0000000081000000| PB 0x0000000081000000| Untracked 
|  17|0x0000000081100000, 0x0000000081200000, 0x0000000081200000|100%| O|  |TAMS 0x0000000081100000| PB 0x0000000081100000| Untracked 
|  18|0x0000000081200000, 0x0000000081300000, 0x0000000081300000|100%| O|  |TAMS 0x0000000081200000| PB 0x0000000081200000| Untracked 
|  19|0x0000000081300000, 0x0000000081400000, 0x0000000081400000|100%| O|  |TAMS 0x0000000081300000| PB 0x0000000081300000| Untracked 
|  20|0x0000000081400000, 0x0000000081500000, 0x0000000081500000|100%| O|  |TAMS 0x0000000081400000| PB 0x0000000081400000| Untracked 
|  21|0x0000000081500000, 0x0000000081600000, 0x0000000081600000|100%| O|  |TAMS 0x0000000081500000| PB 0x0000000081500000| Untracked 
|  22|0x0000000081600000, 0x0000000081700000, 0x0000000081700000|100%| O|  |TAMS 0x0000000081600000| PB 0x0000000081600000| Untracked 
|  23|0x0000000081700000, 0x0000000081800000, 0x0000000081800000|100%| O|  |TAMS 0x0000000081700000| PB 0x0000000081700000| Untracked 
|  24|0x0000000081800000, 0x0000000081900000, 0x0000000081900000|100%| O|  |TAMS 0x0000000081800000| PB 0x0000000081800000| Untracked 
|  25|0x0000000081900000, 0x0000000081a00000, 0x0000000081a00000|100%| O|  |TAMS 0x0000000081900000| PB 0x0000000081900000| Untracked 
|  26|0x0000000081a00000, 0x0000000081b00000, 0x0000000081b00000|100%| O|  |TAMS 0x0000000081a00000| PB 0x0000000081a00000| Untracked 
|  27|0x0000000081b00000, 0x0000000081c00000, 0x0000000081c00000|100%| O|  |TAMS 0x0000000081b00000| PB 0x0000000081b00000| Untracked 
|  28|0x0000000081c00000, 0x0000000081d00000, 0x0000000081d00000|100%| O|  |TAMS 0x0000000081c00000| PB 0x0000000081c00000| Untracked 
|  29|0x0000000081d00000, 0x0000000081e00000, 0x0000000081e00000|100%| O|  |TAMS 0x0000000081d00000| PB 0x0000000081d00000| Untracked 
|  30|0x0000000081e00000, 0x0000000081f00000, 0x0000000081f00000|100%| O|  |TAMS 0x0000000081e00000| PB 0x0000000081e00000| Untracked 
|  31|0x0000000081f00000, 0x0000000082000000, 0x0000000082000000|100%| O|  |TAMS 0x0000000081f00000| PB 0x0000000081f00000| Untracked 
|  32|0x0000000082000000, 0x0000000082100000, 0x0000000082100000|100%| O|  |TAMS 0x0000000082000000| PB 0x0000000082000000| Untracked 
|  33|0x0000000082100000, 0x0000000082200000, 0x0000000082200000|100%| O|  |TAMS 0x0000000082100000| PB 0x0000000082100000| Untracked 
|  34|0x0000000082200000, 0x0000000082300000, 0x0000000082300000|100%| O|  |TAMS 0x0000000082200000| PB 0x0000000082200000| Untracked 
|  35|0x0000000082300000, 0x0000000082400000, 0x0000000082400000|100%| O|  |TAMS 0x0000000082300000| PB 0x0000000082300000| Untracked 
|  36|0x0000000082400000, 0x0000000082500000, 0x0000000082500000|100%| O|  |TAMS 0x0000000082400000| PB 0x0000000082400000| Untracked 
|  37|0x0000000082500000, 0x0000000082600000, 0x0000000082600000|100%|HS|  |TAMS 0x0000000082500000| PB 0x0000000082500000| Complete 
|  38|0x0000000082600000, 0x0000000082700000, 0x0000000082700000|100%|HS|  |TAMS 0x0000000082600000| PB 0x0000000082600000| Complete 
|  39|0x0000000082700000, 0x0000000082800000, 0x0000000082800000|100%| O|  |TAMS 0x0000000082700000| PB 0x0000000082700000| Untracked 
|  40|0x0000000082800000, 0x0000000082900000, 0x0000000082900000|100%| O|  |TAMS 0x0000000082800000| PB 0x0000000082800000| Untracked 
|  41|0x0000000082900000, 0x0000000082a00000, 0x0000000082a00000|100%| O|  |TAMS 0x0000000082900000| PB 0x0000000082900000| Untracked 
|  42|0x0000000082a00000, 0x0000000082b00000, 0x0000000082b00000|100%| O|  |TAMS 0x0000000082a00000| PB 0x0000000082a00000| Untracked 
|  43|0x0000000082b00000, 0x0000000082c00000, 0x0000000082c00000|100%| O|  |TAMS 0x0000000082b00000| PB 0x0000000082b00000| Untracked 
|  44|0x0000000082c00000, 0x0000000082d00000, 0x0000000082d00000|100%| O|  |TAMS 0x0000000082c00000| PB 0x0000000082c00000| Untracked 
|  45|0x0000000082d00000, 0x0000000082e00000, 0x0000000082e00000|100%| O|  |TAMS 0x0000000082d00000| PB 0x0000000082d00000| Untracked 
|  46|0x0000000082e00000, 0x0000000082f00000, 0x0000000082f00000|100%| O|  |TAMS 0x0000000082e00000| PB 0x0000000082e00000| Untracked 
|  47|0x0000000082f00000, 0x0000000083000000, 0x0000000083000000|100%| O|  |TAMS 0x0000000082f00000| PB 0x0000000082f00000| Untracked 
|  48|0x0000000083000000, 0x0000000083100000, 0x0000000083100000|100%| O|  |TAMS 0x0000000083000000| PB 0x0000000083000000| Untracked 
|  49|0x0000000083100000, 0x0000000083200000, 0x0000000083200000|100%| O|  |TAMS 0x0000000083100000| PB 0x0000000083100000| Untracked 
|  50|0x0000000083200000, 0x0000000083300000, 0x0000000083300000|100%|HS|  |TAMS 0x0000000083200000| PB 0x0000000083200000| Complete 
|  51|0x0000000083300000, 0x0000000083400000, 0x0000000083400000|100%|HS|  |TAMS 0x0000000083300000| PB 0x0000000083300000| Complete 
|  52|0x0000000083400000, 0x0000000083500000, 0x0000000083500000|100%|HS|  |TAMS 0x0000000083400000| PB 0x0000000083400000| Complete 
|  53|0x0000000083500000, 0x0000000083600000, 0x0000000083600000|100%|HC|  |TAMS 0x0000000083500000| PB 0x0000000083500000| Complete 
|  54|0x0000000083600000, 0x0000000083700000, 0x0000000083700000|100%|HS|  |TAMS 0x0000000083600000| PB 0x0000000083600000| Complete 
|  55|0x0000000083700000, 0x0000000083800000, 0x0000000083800000|100%| O|  |TAMS 0x0000000083700000| PB 0x0000000083700000| Untracked 
|  56|0x0000000083800000, 0x0000000083900000, 0x0000000083900000|100%|HS|  |TAMS 0x0000000083800000| PB 0x0000000083800000| Complete 
|  57|0x0000000083900000, 0x0000000083a00000, 0x0000000083a00000|100%| O|  |TAMS 0x0000000083900000| PB 0x0000000083900000| Untracked 
|  58|0x0000000083a00000, 0x0000000083b00000, 0x0000000083b00000|100%| O|  |TAMS 0x0000000083a00000| PB 0x0000000083a00000| Untracked 
|  59|0x0000000083b00000, 0x0000000083c00000, 0x0000000083c00000|100%|HS|  |TAMS 0x0000000083b00000| PB 0x0000000083b00000| Complete 
|  60|0x0000000083c00000, 0x0000000083d00000, 0x0000000083d00000|100%| O|  |TAMS 0x0000000083c00000| PB 0x0000000083c00000| Untracked 
|  61|0x0000000083d00000, 0x0000000083e00000, 0x0000000083e00000|100%| O|  |TAMS 0x0000000083d00000| PB 0x0000000083d00000| Untracked 
|  62|0x0000000083e00000, 0x0000000083f00000, 0x0000000083f00000|100%| O|  |TAMS 0x0000000083e00000| PB 0x0000000083e00000| Untracked 
|  63|0x0000000083f00000, 0x0000000084000000, 0x0000000084000000|100%| O|  |TAMS 0x0000000083f00000| PB 0x0000000083f00000| Untracked 
|  64|0x0000000084000000, 0x0000000084100000, 0x0000000084100000|100%| O|  |TAMS 0x0000000084000000| PB 0x0000000084000000| Untracked 
|  65|0x0000000084100000, 0x0000000084200000, 0x0000000084200000|100%| O|  |TAMS 0x0000000084100000| PB 0x0000000084100000| Untracked 
|  66|0x0000000084200000, 0x0000000084300000, 0x0000000084300000|100%| O|  |TAMS 0x0000000084200000| PB 0x0000000084200000| Untracked 
|  67|0x0000000084300000, 0x0000000084400000, 0x0000000084400000|100%| O|  |TAMS 0x0000000084300000| PB 0x0000000084300000| Untracked 
|  68|0x0000000084400000, 0x0000000084500000, 0x0000000084500000|100%|HS|  |TAMS 0x0000000084400000| PB 0x0000000084400000| Complete 
|  69|0x0000000084500000, 0x0000000084600000, 0x0000000084600000|100%|HC|  |TAMS 0x0000000084500000| PB 0x0000000084500000| Complete 
|  70|0x0000000084600000, 0x0000000084600000, 0x0000000084700000|  0%| F|  |TAMS 0x0000000084600000| PB 0x0000000084600000| Untracked 
|  71|0x0000000084700000, 0x0000000084800000, 0x0000000084800000|100%|HS|  |TAMS 0x0000000084700000| PB 0x0000000084700000| Complete 
|  72|0x0000000084800000, 0x0000000084900000, 0x0000000084900000|100%| O|Cm|TAMS 0x0000000084800000| PB 0x0000000084800000| Complete 
|  73|0x0000000084900000, 0x0000000084a00000, 0x0000000084a00000|100%| O|  |TAMS 0x0000000084900000| PB 0x0000000084900000| Untracked 
|  74|0x0000000084a00000, 0x0000000084b00000, 0x0000000084b00000|100%| O|  |TAMS 0x0000000084a00000| PB 0x0000000084a00000| Untracked 
|  75|0x0000000084b00000, 0x0000000084c00000, 0x0000000084c00000|100%| O|  |TAMS 0x0000000084b00000| PB 0x0000000084b00000| Untracked 
|  76|0x0000000084c00000, 0x0000000084d00000, 0x0000000084d00000|100%| O|  |TAMS 0x0000000084c00000| PB 0x0000000084c00000| Untracked 
|  77|0x0000000084d00000, 0x0000000084e00000, 0x0000000084e00000|100%| O|  |TAMS 0x0000000084d00000| PB 0x0000000084d00000| Untracked 
|  78|0x0000000084e00000, 0x0000000084f00000, 0x0000000084f00000|100%| O|  |TAMS 0x0000000084e00000| PB 0x0000000084e00000| Untracked 
|  79|0x0000000084f00000, 0x0000000085000000, 0x0000000085000000|100%| O|Cm|TAMS 0x0000000084f00000| PB 0x0000000084f00000| Complete 
|  80|0x0000000085000000, 0x0000000085100000, 0x0000000085100000|100%| O|  |TAMS 0x0000000085000000| PB 0x0000000085000000| Untracked 
|  81|0x0000000085100000, 0x0000000085100000, 0x0000000085200000|  0%| F|  |TAMS 0x0000000085100000| PB 0x0000000085100000| Untracked 
|  82|0x0000000085200000, 0x0000000085300000, 0x0000000085300000|100%| O|  |TAMS 0x0000000085200000| PB 0x0000000085200000| Untracked 
|  83|0x0000000085300000, 0x0000000085400000, 0x0000000085400000|100%| O|Cm|TAMS 0x0000000085300000| PB 0x0000000085300000| Complete 
|  84|0x0000000085400000, 0x0000000085500000, 0x0000000085500000|100%| O|Cm|TAMS 0x0000000085400000| PB 0x0000000085400000| Complete 
|  85|0x0000000085500000, 0x0000000085600000, 0x0000000085600000|100%| O|  |TAMS 0x0000000085500000| PB 0x0000000085500000| Untracked 
|  86|0x0000000085600000, 0x0000000085700000, 0x0000000085700000|100%| O|Cm|TAMS 0x0000000085600000| PB 0x0000000085600000| Complete 
|  87|0x0000000085700000, 0x0000000085800000, 0x0000000085800000|100%| O|  |TAMS 0x0000000085700000| PB 0x0000000085700000| Untracked 
|  88|0x0000000085800000, 0x0000000085900000, 0x0000000085900000|100%| O|  |TAMS 0x0000000085800000| PB 0x0000000085800000| Untracked 
|  89|0x0000000085900000, 0x0000000085a00000, 0x0000000085a00000|100%| O|  |TAMS 0x0000000085900000| PB 0x0000000085900000| Untracked 
|  90|0x0000000085a00000, 0x0000000085b00000, 0x0000000085b00000|100%| O|  |TAMS 0x0000000085a00000| PB 0x0000000085a00000| Untracked 
|  91|0x0000000085b00000, 0x0000000085c00000, 0x0000000085c00000|100%| O|Cm|TAMS 0x0000000085b00000| PB 0x0000000085b00000| Complete 
|  92|0x0000000085c00000, 0x0000000085d00000, 0x0000000085d00000|100%| O|  |TAMS 0x0000000085c00000| PB 0x0000000085c00000| Untracked 
|  93|0x0000000085d00000, 0x0000000085e00000, 0x0000000085e00000|100%| O|  |TAMS 0x0000000085d00000| PB 0x0000000085d00000| Untracked 
|  94|0x0000000085e00000, 0x0000000085f00000, 0x0000000085f00000|100%| O|  |TAMS 0x0000000085e00000| PB 0x0000000085e00000| Untracked 
|  95|0x0000000085f00000, 0x0000000086000000, 0x0000000086000000|100%| O|  |TAMS 0x0000000085f00000| PB 0x0000000085f00000| Untracked 
|  96|0x0000000086000000, 0x0000000086100000, 0x0000000086100000|100%| O|Cm|TAMS 0x0000000086000000| PB 0x0000000086000000| Complete 
|  97|0x0000000086100000, 0x0000000086200000, 0x0000000086200000|100%| O|  |TAMS 0x0000000086100000| PB 0x0000000086100000| Untracked 
|  98|0x0000000086200000, 0x0000000086300000, 0x0000000086300000|100%| O|  |TAMS 0x0000000086200000| PB 0x0000000086200000| Untracked 
|  99|0x0000000086300000, 0x0000000086400000, 0x0000000086400000|100%| O|  |TAMS 0x0000000086300000| PB 0x0000000086300000| Untracked 
| 100|0x0000000086400000, 0x0000000086500000, 0x0000000086500000|100%| O|Cm|TAMS 0x0000000086400000| PB 0x0000000086400000| Complete 
| 101|0x0000000086500000, 0x0000000086600000, 0x0000000086600000|100%| O|  |TAMS 0x0000000086500000| PB 0x0000000086500000| Untracked 
| 102|0x0000000086600000, 0x0000000086700000, 0x0000000086700000|100%| O|  |TAMS 0x0000000086600000| PB 0x0000000086600000| Untracked 
| 103|0x0000000086700000, 0x0000000086800000, 0x0000000086800000|100%| O|  |TAMS 0x0000000086700000| PB 0x0000000086700000| Untracked 
| 104|0x0000000086800000, 0x0000000086900000, 0x0000000086900000|100%| O|  |TAMS 0x0000000086800000| PB 0x0000000086800000| Untracked 
| 105|0x0000000086900000, 0x0000000086a00000, 0x0000000086a00000|100%| O|  |TAMS 0x0000000086900000| PB 0x0000000086900000| Untracked 
| 106|0x0000000086a00000, 0x0000000086a00000, 0x0000000086b00000|  0%| F|  |TAMS 0x0000000086a00000| PB 0x0000000086a00000| Untracked 
| 107|0x0000000086b00000, 0x0000000086c00000, 0x0000000086c00000|100%|HS|  |TAMS 0x0000000086b00000| PB 0x0000000086b00000| Complete 
| 108|0x0000000086c00000, 0x0000000086d00000, 0x0000000086d00000|100%| O|  |TAMS 0x0000000086c00000| PB 0x0000000086c00000| Untracked 
| 109|0x0000000086d00000, 0x0000000086e00000, 0x0000000086e00000|100%| O|  |TAMS 0x0000000086d00000| PB 0x0000000086d00000| Untracked 
| 110|0x0000000086e00000, 0x0000000086f00000, 0x0000000086f00000|100%| O|  |TAMS 0x0000000086e00000| PB 0x0000000086e00000| Untracked 
| 111|0x0000000086f00000, 0x0000000087000000, 0x0000000087000000|100%| O|  |TAMS 0x0000000086f00000| PB 0x0000000086f00000| Untracked 
| 112|0x0000000087000000, 0x0000000087100000, 0x0000000087100000|100%| O|  |TAMS 0x0000000087000000| PB 0x0000000087000000| Untracked 
| 113|0x0000000087100000, 0x0000000087200000, 0x0000000087200000|100%| O|  |TAMS 0x0000000087100000| PB 0x0000000087100000| Untracked 
| 114|0x0000000087200000, 0x0000000087300000, 0x0000000087300000|100%| O|  |TAMS 0x0000000087200000| PB 0x0000000087200000| Untracked 
| 115|0x0000000087300000, 0x0000000087400000, 0x0000000087400000|100%| O|  |TAMS 0x0000000087300000| PB 0x0000000087300000| Untracked 
| 116|0x0000000087400000, 0x0000000087500000, 0x0000000087500000|100%| O|Cm|TAMS 0x0000000087400000| PB 0x0000000087400000| Complete 
| 117|0x0000000087500000, 0x0000000087600000, 0x0000000087600000|100%| O|  |TAMS 0x0000000087500000| PB 0x0000000087500000| Untracked 
| 118|0x0000000087600000, 0x0000000087600000, 0x0000000087700000|  0%| F|  |TAMS 0x0000000087600000| PB 0x0000000087600000| Untracked 
| 119|0x0000000087700000, 0x0000000087800000, 0x0000000087800000|100%| O|  |TAMS 0x0000000087700000| PB 0x0000000087700000| Untracked 
| 120|0x0000000087800000, 0x0000000087900000, 0x0000000087900000|100%| O|  |TAMS 0x0000000087800000| PB 0x0000000087800000| Untracked 
| 121|0x0000000087900000, 0x0000000087a00000, 0x0000000087a00000|100%| O|  |TAMS 0x0000000087900000| PB 0x0000000087900000| Untracked 
| 122|0x0000000087a00000, 0x0000000087b00000, 0x0000000087b00000|100%| O|  |TAMS 0x0000000087a00000| PB 0x0000000087a00000| Untracked 
| 123|0x0000000087b00000, 0x0000000087c00000, 0x0000000087c00000|100%| O|  |TAMS 0x0000000087b00000| PB 0x0000000087b00000| Untracked 
| 124|0x0000000087c00000, 0x0000000087d00000, 0x0000000087d00000|100%| O|  |TAMS 0x0000000087c00000| PB 0x0000000087c00000| Untracked 
| 125|0x0000000087d00000, 0x0000000087e00000, 0x0000000087e00000|100%| O|  |TAMS 0x0000000087d00000| PB 0x0000000087d00000| Untracked 
| 126|0x0000000087e00000, 0x0000000087f00000, 0x0000000087f00000|100%| O|  |TAMS 0x0000000087e00000| PB 0x0000000087e00000| Untracked 
| 127|0x0000000087f00000, 0x0000000088000000, 0x0000000088000000|100%| O|  |TAMS 0x0000000087f00000| PB 0x0000000087f00000| Untracked 
| 128|0x0000000088000000, 0x0000000088100000, 0x0000000088100000|100%| O|  |TAMS 0x0000000088000000| PB 0x0000000088000000| Untracked 
| 129|0x0000000088100000, 0x0000000088200000, 0x0000000088200000|100%| O|  |TAMS 0x0000000088100000| PB 0x0000000088100000| Untracked 
| 130|0x0000000088200000, 0x0000000088300000, 0x0000000088300000|100%| O|  |TAMS 0x0000000088200000| PB 0x0000000088200000| Untracked 
| 131|0x0000000088300000, 0x0000000088400000, 0x0000000088400000|100%| O|  |TAMS 0x0000000088300000| PB 0x0000000088300000| Untracked 
| 132|0x0000000088400000, 0x0000000088500000, 0x0000000088500000|100%| O|  |TAMS 0x0000000088400000| PB 0x0000000088400000| Untracked 
| 133|0x0000000088500000, 0x0000000088600000, 0x0000000088600000|100%| O|  |TAMS 0x0000000088500000| PB 0x0000000088500000| Untracked 
| 134|0x0000000088600000, 0x0000000088700000, 0x0000000088700000|100%| O|  |TAMS 0x0000000088600000| PB 0x0000000088600000| Untracked 
| 135|0x0000000088700000, 0x0000000088800000, 0x0000000088800000|100%| O|  |TAMS 0x0000000088700000| PB 0x0000000088700000| Untracked 
| 136|0x0000000088800000, 0x0000000088900000, 0x0000000088900000|100%| O|  |TAMS 0x0000000088800000| PB 0x0000000088800000| Untracked 
| 137|0x0000000088900000, 0x0000000088a00000, 0x0000000088a00000|100%| O|  |TAMS 0x0000000088900000| PB 0x0000000088900000| Untracked 
| 138|0x0000000088a00000, 0x0000000088b00000, 0x0000000088b00000|100%| O|  |TAMS 0x0000000088a00000| PB 0x0000000088a00000| Untracked 
| 139|0x0000000088b00000, 0x0000000088c00000, 0x0000000088c00000|100%|HS|  |TAMS 0x0000000088b00000| PB 0x0000000088b00000| Complete 
| 140|0x0000000088c00000, 0x0000000088d00000, 0x0000000088d00000|100%|HC|  |TAMS 0x0000000088c00000| PB 0x0000000088c00000| Complete 
| 141|0x0000000088d00000, 0x0000000088e00000, 0x0000000088e00000|100%| O|Cm|TAMS 0x0000000088d00000| PB 0x0000000088d00000| Complete 
| 142|0x0000000088e00000, 0x0000000088f00000, 0x0000000088f00000|100%| O|  |TAMS 0x0000000088e00000| PB 0x0000000088e00000| Untracked 
| 143|0x0000000088f00000, 0x0000000089000000, 0x0000000089000000|100%| O|  |TAMS 0x0000000088f00000| PB 0x0000000088f00000| Untracked 
| 144|0x0000000089000000, 0x0000000089100000, 0x0000000089100000|100%| O|Cm|TAMS 0x0000000089000000| PB 0x0000000089000000| Complete 
| 145|0x0000000089100000, 0x0000000089200000, 0x0000000089200000|100%| O|  |TAMS 0x0000000089100000| PB 0x0000000089100000| Untracked 
| 146|0x0000000089200000, 0x0000000089200000, 0x0000000089300000|  0%| F|  |TAMS 0x0000000089200000| PB 0x0000000089200000| Untracked 
| 147|0x0000000089300000, 0x0000000089400000, 0x0000000089400000|100%| O|  |TAMS 0x0000000089300000| PB 0x0000000089300000| Untracked 
| 148|0x0000000089400000, 0x0000000089500000, 0x0000000089500000|100%| O|  |TAMS 0x0000000089400000| PB 0x0000000089400000| Untracked 
| 149|0x0000000089500000, 0x0000000089600000, 0x0000000089600000|100%| O|  |TAMS 0x0000000089500000| PB 0x0000000089500000| Untracked 
| 150|0x0000000089600000, 0x0000000089700000, 0x0000000089700000|100%| O|  |TAMS 0x0000000089600000| PB 0x0000000089600000| Untracked 
| 151|0x0000000089700000, 0x0000000089800000, 0x0000000089800000|100%| O|  |TAMS 0x0000000089700000| PB 0x0000000089700000| Untracked 
| 152|0x0000000089800000, 0x0000000089900000, 0x0000000089900000|100%| O|  |TAMS 0x0000000089800000| PB 0x0000000089800000| Untracked 
| 153|0x0000000089900000, 0x0000000089a00000, 0x0000000089a00000|100%| O|  |TAMS 0x0000000089900000| PB 0x0000000089900000| Untracked 
| 154|0x0000000089a00000, 0x0000000089b00000, 0x0000000089b00000|100%| O|  |TAMS 0x0000000089a00000| PB 0x0000000089a00000| Untracked 
| 155|0x0000000089b00000, 0x0000000089b00000, 0x0000000089c00000|  0%| F|  |TAMS 0x0000000089b00000| PB 0x0000000089b00000| Untracked 
| 156|0x0000000089c00000, 0x0000000089d00000, 0x0000000089d00000|100%| O|  |TAMS 0x0000000089c00000| PB 0x0000000089c00000| Untracked 
| 157|0x0000000089d00000, 0x0000000089e00000, 0x0000000089e00000|100%| O|  |TAMS 0x0000000089d00000| PB 0x0000000089d00000| Untracked 
| 158|0x0000000089e00000, 0x0000000089f00000, 0x0000000089f00000|100%| O|  |TAMS 0x0000000089e00000| PB 0x0000000089e00000| Untracked 
| 159|0x0000000089f00000, 0x000000008a000000, 0x000000008a000000|100%| O|  |TAMS 0x0000000089f00000| PB 0x0000000089f00000| Untracked 
| 160|0x000000008a000000, 0x000000008a000000, 0x000000008a100000|  0%| F|  |TAMS 0x000000008a000000| PB 0x000000008a000000| Untracked 
| 161|0x000000008a100000, 0x000000008a200000, 0x000000008a200000|100%| O|  |TAMS 0x000000008a100000| PB 0x000000008a100000| Untracked 
| 162|0x000000008a200000, 0x000000008a300000, 0x000000008a300000|100%| O|  |TAMS 0x000000008a200000| PB 0x000000008a200000| Untracked 
| 163|0x000000008a300000, 0x000000008a300000, 0x000000008a400000|  0%| F|  |TAMS 0x000000008a300000| PB 0x000000008a300000| Untracked 
| 164|0x000000008a400000, 0x000000008a400000, 0x000000008a500000|  0%| F|  |TAMS 0x000000008a400000| PB 0x000000008a400000| Untracked 
| 165|0x000000008a500000, 0x000000008a500000, 0x000000008a600000|  0%| F|  |TAMS 0x000000008a500000| PB 0x000000008a500000| Untracked 
| 166|0x000000008a600000, 0x000000008a600000, 0x000000008a700000|  0%| F|  |TAMS 0x000000008a600000| PB 0x000000008a600000| Untracked 
| 167|0x000000008a700000, 0x000000008a800000, 0x000000008a800000|100%| O|  |TAMS 0x000000008a700000| PB 0x000000008a700000| Untracked 
| 168|0x000000008a800000, 0x000000008a900000, 0x000000008a900000|100%| O|  |TAMS 0x000000008a800000| PB 0x000000008a800000| Untracked 
| 169|0x000000008a900000, 0x000000008aa00000, 0x000000008aa00000|100%| O|  |TAMS 0x000000008a900000| PB 0x000000008a900000| Untracked 
| 170|0x000000008aa00000, 0x000000008ab00000, 0x000000008ab00000|100%| O|  |TAMS 0x000000008aa00000| PB 0x000000008aa00000| Untracked 
| 171|0x000000008ab00000, 0x000000008ab00000, 0x000000008ac00000|  0%| F|  |TAMS 0x000000008ab00000| PB 0x000000008ab00000| Untracked 
| 172|0x000000008ac00000, 0x000000008ac00000, 0x000000008ad00000|  0%| F|  |TAMS 0x000000008ac00000| PB 0x000000008ac00000| Untracked 
| 173|0x000000008ad00000, 0x000000008ae00000, 0x000000008ae00000|100%| O|  |TAMS 0x000000008ad00000| PB 0x000000008ad00000| Untracked 
| 174|0x000000008ae00000, 0x000000008af00000, 0x000000008af00000|100%| O|  |TAMS 0x000000008ae00000| PB 0x000000008ae00000| Untracked 
| 175|0x000000008af00000, 0x000000008b000000, 0x000000008b000000|100%| O|  |TAMS 0x000000008af00000| PB 0x000000008af00000| Untracked 
| 176|0x000000008b000000, 0x000000008b100000, 0x000000008b100000|100%| O|  |TAMS 0x000000008b000000| PB 0x000000008b000000| Untracked 
| 177|0x000000008b100000, 0x000000008b200000, 0x000000008b200000|100%| O|  |TAMS 0x000000008b100000| PB 0x000000008b100000| Untracked 
| 178|0x000000008b200000, 0x000000008b300000, 0x000000008b300000|100%| O|  |TAMS 0x000000008b200000| PB 0x000000008b200000| Untracked 
| 179|0x000000008b300000, 0x000000008b400000, 0x000000008b400000|100%| O|  |TAMS 0x000000008b300000| PB 0x000000008b300000| Untracked 
| 180|0x000000008b400000, 0x000000008b500000, 0x000000008b500000|100%| O|  |TAMS 0x000000008b400000| PB 0x000000008b400000| Untracked 
| 181|0x000000008b500000, 0x000000008b600000, 0x000000008b600000|100%| O|  |TAMS 0x000000008b500000| PB 0x000000008b500000| Untracked 
| 182|0x000000008b600000, 0x000000008b700000, 0x000000008b700000|100%| O|  |TAMS 0x000000008b600000| PB 0x000000008b600000| Untracked 
| 183|0x000000008b700000, 0x000000008b800000, 0x000000008b800000|100%| O|Cm|TAMS 0x000000008b700000| PB 0x000000008b700000| Complete 
| 184|0x000000008b800000, 0x000000008b900000, 0x000000008b900000|100%| O|  |TAMS 0x000000008b800000| PB 0x000000008b800000| Untracked 
| 185|0x000000008b900000, 0x000000008ba00000, 0x000000008ba00000|100%| O|  |TAMS 0x000000008b900000| PB 0x000000008b900000| Untracked 
| 186|0x000000008ba00000, 0x000000008bb00000, 0x000000008bb00000|100%| O|  |TAMS 0x000000008ba00000| PB 0x000000008ba00000| Untracked 
| 187|0x000000008bb00000, 0x000000008bc00000, 0x000000008bc00000|100%| O|  |TAMS 0x000000008bb00000| PB 0x000000008bb00000| Untracked 
| 188|0x000000008bc00000, 0x000000008bd00000, 0x000000008bd00000|100%| O|  |TAMS 0x000000008bc00000| PB 0x000000008bc00000| Untracked 
| 189|0x000000008bd00000, 0x000000008be00000, 0x000000008be00000|100%| O|  |TAMS 0x000000008bd00000| PB 0x000000008bd00000| Untracked 
| 190|0x000000008be00000, 0x000000008bf00000, 0x000000008bf00000|100%| O|  |TAMS 0x000000008be00000| PB 0x000000008be00000| Untracked 
| 191|0x000000008bf00000, 0x000000008c000000, 0x000000008c000000|100%| O|  |TAMS 0x000000008bf00000| PB 0x000000008bf00000| Untracked 
| 192|0x000000008c000000, 0x000000008c100000, 0x000000008c100000|100%| O|  |TAMS 0x000000008c000000| PB 0x000000008c000000| Untracked 
| 193|0x000000008c100000, 0x000000008c200000, 0x000000008c200000|100%| O|  |TAMS 0x000000008c100000| PB 0x000000008c100000| Untracked 
| 194|0x000000008c200000, 0x000000008c300000, 0x000000008c300000|100%| O|  |TAMS 0x000000008c200000| PB 0x000000008c200000| Untracked 
| 195|0x000000008c300000, 0x000000008c400000, 0x000000008c400000|100%| O|  |TAMS 0x000000008c300000| PB 0x000000008c300000| Untracked 
| 196|0x000000008c400000, 0x000000008c500000, 0x000000008c500000|100%| O|Cm|TAMS 0x000000008c400000| PB 0x000000008c400000| Complete 
| 197|0x000000008c500000, 0x000000008c600000, 0x000000008c600000|100%| O|  |TAMS 0x000000008c500000| PB 0x000000008c500000| Untracked 
| 198|0x000000008c600000, 0x000000008c700000, 0x000000008c700000|100%| O|  |TAMS 0x000000008c600000| PB 0x000000008c600000| Untracked 
| 199|0x000000008c700000, 0x000000008c800000, 0x000000008c800000|100%| O|Cm|TAMS 0x000000008c700000| PB 0x000000008c700000| Complete 
| 200|0x000000008c800000, 0x000000008c800000, 0x000000008c900000|  0%| F|  |TAMS 0x000000008c800000| PB 0x000000008c800000| Untracked 
| 201|0x000000008c900000, 0x000000008ca00000, 0x000000008ca00000|100%| O|Cm|TAMS 0x000000008c900000| PB 0x000000008c900000| Complete 
| 202|0x000000008ca00000, 0x000000008cb00000, 0x000000008cb00000|100%| O|  |TAMS 0x000000008ca00000| PB 0x000000008ca00000| Untracked 
| 203|0x000000008cb00000, 0x000000008cc00000, 0x000000008cc00000|100%| O|  |TAMS 0x000000008cb00000| PB 0x000000008cb00000| Untracked 
| 204|0x000000008cc00000, 0x000000008cd00000, 0x000000008cd00000|100%| O|  |TAMS 0x000000008cc00000| PB 0x000000008cc00000| Untracked 
| 205|0x000000008cd00000, 0x000000008ce00000, 0x000000008ce00000|100%| O|  |TAMS 0x000000008cd00000| PB 0x000000008cd00000| Untracked 
| 206|0x000000008ce00000, 0x000000008cf00000, 0x000000008cf00000|100%| O|  |TAMS 0x000000008ce00000| PB 0x000000008ce00000| Untracked 
| 207|0x000000008cf00000, 0x000000008d000000, 0x000000008d000000|100%| O|  |TAMS 0x000000008cf00000| PB 0x000000008cf00000| Untracked 
| 208|0x000000008d000000, 0x000000008d100000, 0x000000008d100000|100%| O|  |TAMS 0x000000008d000000| PB 0x000000008d000000| Untracked 
| 209|0x000000008d100000, 0x000000008d200000, 0x000000008d200000|100%| O|  |TAMS 0x000000008d100000| PB 0x000000008d100000| Untracked 
| 210|0x000000008d200000, 0x000000008d300000, 0x000000008d300000|100%| O|  |TAMS 0x000000008d200000| PB 0x000000008d200000| Untracked 
| 211|0x000000008d300000, 0x000000008d400000, 0x000000008d400000|100%| O|  |TAMS 0x000000008d300000| PB 0x000000008d300000| Untracked 
| 212|0x000000008d400000, 0x000000008d500000, 0x000000008d500000|100%| O|Cm|TAMS 0x000000008d400000| PB 0x000000008d400000| Complete 
| 213|0x000000008d500000, 0x000000008d54bcc0, 0x000000008d600000| 29%| O|  |TAMS 0x000000008d500000| PB 0x000000008d500000| Untracked 
| 214|0x000000008d600000, 0x000000008d600000, 0x000000008d700000|  0%| F|  |TAMS 0x000000008d600000| PB 0x000000008d600000| Untracked 
| 215|0x000000008d700000, 0x000000008d700000, 0x000000008d800000|  0%| F|  |TAMS 0x000000008d700000| PB 0x000000008d700000| Untracked 
| 216|0x000000008d800000, 0x000000008d800000, 0x000000008d900000|  0%| F|  |TAMS 0x000000008d800000| PB 0x000000008d800000| Untracked 
| 217|0x000000008d900000, 0x000000008d900000, 0x000000008da00000|  0%| F|  |TAMS 0x000000008d900000| PB 0x000000008d900000| Untracked 
| 218|0x000000008da00000, 0x000000008da00000, 0x000000008db00000|  0%| F|  |TAMS 0x000000008da00000| PB 0x000000008da00000| Untracked 
| 219|0x000000008db00000, 0x000000008db00000, 0x000000008dc00000|  0%| F|  |TAMS 0x000000008db00000| PB 0x000000008db00000| Untracked 
| 220|0x000000008dc00000, 0x000000008dc00000, 0x000000008dd00000|  0%| F|  |TAMS 0x000000008dc00000| PB 0x000000008dc00000| Untracked 
| 221|0x000000008dd00000, 0x000000008dd00000, 0x000000008de00000|  0%| F|  |TAMS 0x000000008dd00000| PB 0x000000008dd00000| Untracked 
| 222|0x000000008de00000, 0x000000008de00000, 0x000000008df00000|  0%| F|  |TAMS 0x000000008de00000| PB 0x000000008de00000| Untracked 
| 223|0x000000008df00000, 0x000000008df00000, 0x000000008e000000|  0%| F|  |TAMS 0x000000008df00000| PB 0x000000008df00000| Untracked 
| 224|0x000000008e000000, 0x000000008e000000, 0x000000008e100000|  0%| F|  |TAMS 0x000000008e000000| PB 0x000000008e000000| Untracked 
| 225|0x000000008e100000, 0x000000008e100000, 0x000000008e200000|  0%| F|  |TAMS 0x000000008e100000| PB 0x000000008e100000| Untracked 
| 226|0x000000008e200000, 0x000000008e200000, 0x000000008e300000|  0%| F|  |TAMS 0x000000008e200000| PB 0x000000008e200000| Untracked 
| 227|0x000000008e300000, 0x000000008e300000, 0x000000008e400000|  0%| F|  |TAMS 0x000000008e300000| PB 0x000000008e300000| Untracked 
| 228|0x000000008e400000, 0x000000008e400000, 0x000000008e500000|  0%| F|  |TAMS 0x000000008e400000| PB 0x000000008e400000| Untracked 
| 229|0x000000008e500000, 0x000000008e500000, 0x000000008e600000|  0%| F|  |TAMS 0x000000008e500000| PB 0x000000008e500000| Untracked 
| 230|0x000000008e600000, 0x000000008e600000, 0x000000008e700000|  0%| F|  |TAMS 0x000000008e600000| PB 0x000000008e600000| Untracked 
| 231|0x000000008e700000, 0x000000008e700000, 0x000000008e800000|  0%| F|  |TAMS 0x000000008e700000| PB 0x000000008e700000| Untracked 
| 232|0x000000008e800000, 0x000000008e800000, 0x000000008e900000|  0%| F|  |TAMS 0x000000008e800000| PB 0x000000008e800000| Untracked 
| 233|0x000000008e900000, 0x000000008e900000, 0x000000008ea00000|  0%| F|  |TAMS 0x000000008e900000| PB 0x000000008e900000| Untracked 
| 234|0x000000008ea00000, 0x000000008ea00000, 0x000000008eb00000|  0%| F|  |TAMS 0x000000008ea00000| PB 0x000000008ea00000| Untracked 
| 235|0x000000008eb00000, 0x000000008eb00000, 0x000000008ec00000|  0%| F|  |TAMS 0x000000008eb00000| PB 0x000000008eb00000| Untracked 
| 236|0x000000008ec00000, 0x000000008ed00000, 0x000000008ed00000|100%| O|  |TAMS 0x000000008ec00000| PB 0x000000008ec00000| Untracked 
| 237|0x000000008ed00000, 0x000000008ed00000, 0x000000008ee00000|  0%| F|  |TAMS 0x000000008ed00000| PB 0x000000008ed00000| Untracked 
| 238|0x000000008ee00000, 0x000000008ef00000, 0x000000008ef00000|100%| O|Cm|TAMS 0x000000008ee00000| PB 0x000000008ee00000| Complete 
| 239|0x000000008ef00000, 0x000000008ef00000, 0x000000008f000000|  0%| F|  |TAMS 0x000000008ef00000| PB 0x000000008ef00000| Untracked 
| 240|0x000000008f000000, 0x000000008f100000, 0x000000008f100000|100%| O|  |TAMS 0x000000008f000000| PB 0x000000008f000000| Untracked 
| 241|0x000000008f100000, 0x000000008f200000, 0x000000008f200000|100%| O|  |TAMS 0x000000008f100000| PB 0x000000008f100000| Untracked 
| 242|0x000000008f200000, 0x000000008f200000, 0x000000008f300000|  0%| F|  |TAMS 0x000000008f200000| PB 0x000000008f200000| Untracked 
| 243|0x000000008f300000, 0x000000008f400000, 0x000000008f400000|100%| O|  |TAMS 0x000000008f300000| PB 0x000000008f300000| Untracked 
| 244|0x000000008f400000, 0x000000008f400000, 0x000000008f500000|  0%| F|  |TAMS 0x000000008f400000| PB 0x000000008f400000| Untracked 
| 245|0x000000008f500000, 0x000000008f500000, 0x000000008f600000|  0%| F|  |TAMS 0x000000008f500000| PB 0x000000008f500000| Untracked 
| 246|0x000000008f600000, 0x000000008f600000, 0x000000008f700000|  0%| F|  |TAMS 0x000000008f600000| PB 0x000000008f600000| Untracked 
| 247|0x000000008f700000, 0x000000008f800000, 0x000000008f800000|100%| O|  |TAMS 0x000000008f700000| PB 0x000000008f700000| Untracked 
| 248|0x000000008f800000, 0x000000008f800000, 0x000000008f900000|  0%| F|  |TAMS 0x000000008f800000| PB 0x000000008f800000| Untracked 
| 249|0x000000008f900000, 0x000000008f900000, 0x000000008fa00000|  0%| F|  |TAMS 0x000000008f900000| PB 0x000000008f900000| Untracked 
| 250|0x000000008fa00000, 0x000000008fa00000, 0x000000008fb00000|  0%| F|  |TAMS 0x000000008fa00000| PB 0x000000008fa00000| Untracked 
| 251|0x000000008fb00000, 0x000000008fb00000, 0x000000008fc00000|  0%| F|  |TAMS 0x000000008fb00000| PB 0x000000008fb00000| Untracked 
| 252|0x000000008fc00000, 0x000000008fc00000, 0x000000008fd00000|  0%| F|  |TAMS 0x000000008fc00000| PB 0x000000008fc00000| Untracked 
| 253|0x000000008fd00000, 0x000000008fd00000, 0x000000008fe00000|  0%| F|  |TAMS 0x000000008fd00000| PB 0x000000008fd00000| Untracked 
| 254|0x000000008fe00000, 0x000000008fe00000, 0x000000008ff00000|  0%| F|  |TAMS 0x000000008fe00000| PB 0x000000008fe00000| Untracked 
| 255|0x000000008ff00000, 0x000000008ff00000, 0x0000000090000000|  0%| F|  |TAMS 0x000000008ff00000| PB 0x000000008ff00000| Untracked 
| 256|0x0000000090000000, 0x0000000090000000, 0x0000000090100000|  0%| F|  |TAMS 0x0000000090000000| PB 0x0000000090000000| Untracked 
| 257|0x0000000090100000, 0x0000000090100000, 0x0000000090200000|  0%| F|  |TAMS 0x0000000090100000| PB 0x0000000090100000| Untracked 
| 258|0x0000000090200000, 0x0000000090200000, 0x0000000090300000|  0%| F|  |TAMS 0x0000000090200000| PB 0x0000000090200000| Untracked 
| 259|0x0000000090300000, 0x0000000090300000, 0x0000000090400000|  0%| F|  |TAMS 0x0000000090300000| PB 0x0000000090300000| Untracked 
| 260|0x0000000090400000, 0x0000000090400000, 0x0000000090500000|  0%| F|  |TAMS 0x0000000090400000| PB 0x0000000090400000| Untracked 
| 261|0x0000000090500000, 0x0000000090500000, 0x0000000090600000|  0%| F|  |TAMS 0x0000000090500000| PB 0x0000000090500000| Untracked 
| 262|0x0000000090600000, 0x0000000090600000, 0x0000000090700000|  0%| F|  |TAMS 0x0000000090600000| PB 0x0000000090600000| Untracked 
| 263|0x0000000090700000, 0x0000000090700000, 0x0000000090800000|  0%| F|  |TAMS 0x0000000090700000| PB 0x0000000090700000| Untracked 
| 264|0x0000000090800000, 0x0000000090800000, 0x0000000090900000|  0%| F|  |TAMS 0x0000000090800000| PB 0x0000000090800000| Untracked 
| 265|0x0000000090900000, 0x0000000090900000, 0x0000000090a00000|  0%| F|  |TAMS 0x0000000090900000| PB 0x0000000090900000| Untracked 
| 266|0x0000000090a00000, 0x0000000090a00000, 0x0000000090b00000|  0%| F|  |TAMS 0x0000000090a00000| PB 0x0000000090a00000| Untracked 
| 267|0x0000000090b00000, 0x0000000090b00000, 0x0000000090c00000|  0%| F|  |TAMS 0x0000000090b00000| PB 0x0000000090b00000| Untracked 
| 268|0x0000000090c00000, 0x0000000090c00000, 0x0000000090d00000|  0%| F|  |TAMS 0x0000000090c00000| PB 0x0000000090c00000| Untracked 
| 269|0x0000000090d00000, 0x0000000090d00000, 0x0000000090e00000|  0%| F|  |TAMS 0x0000000090d00000| PB 0x0000000090d00000| Untracked 
| 270|0x0000000090e00000, 0x0000000090e00000, 0x0000000090f00000|  0%| F|  |TAMS 0x0000000090e00000| PB 0x0000000090e00000| Untracked 
| 271|0x0000000090f00000, 0x0000000090f00000, 0x0000000091000000|  0%| F|  |TAMS 0x0000000090f00000| PB 0x0000000090f00000| Untracked 
| 272|0x0000000091000000, 0x0000000091100000, 0x0000000091100000|100%| O|Cm|TAMS 0x0000000091000000| PB 0x0000000091000000| Complete 
| 273|0x0000000091100000, 0x0000000091100000, 0x0000000091200000|  0%| F|  |TAMS 0x0000000091100000| PB 0x0000000091100000| Untracked 
| 274|0x0000000091200000, 0x0000000091200000, 0x0000000091300000|  0%| F|  |TAMS 0x0000000091200000| PB 0x0000000091200000| Untracked 
| 275|0x0000000091300000, 0x0000000091300000, 0x0000000091400000|  0%| F|  |TAMS 0x0000000091300000| PB 0x0000000091300000| Untracked 
| 276|0x0000000091400000, 0x0000000091500000, 0x0000000091500000|100%| O|Cm|TAMS 0x0000000091400000| PB 0x0000000091400000| Complete 
| 277|0x0000000091500000, 0x0000000091500000, 0x0000000091600000|  0%| F|  |TAMS 0x0000000091500000| PB 0x0000000091500000| Untracked 
| 278|0x0000000091600000, 0x0000000091700000, 0x0000000091700000|100%| O|Cm|TAMS 0x0000000091600000| PB 0x0000000091600000| Complete 
| 279|0x0000000091700000, 0x0000000091700000, 0x0000000091800000|  0%| F|  |TAMS 0x0000000091700000| PB 0x0000000091700000| Untracked 
| 280|0x0000000091800000, 0x0000000091800000, 0x0000000091900000|  0%| F|  |TAMS 0x0000000091800000| PB 0x0000000091800000| Untracked 
| 281|0x0000000091900000, 0x0000000091900000, 0x0000000091a00000|  0%| F|  |TAMS 0x0000000091900000| PB 0x0000000091900000| Untracked 
| 282|0x0000000091a00000, 0x0000000091a00000, 0x0000000091b00000|  0%| F|  |TAMS 0x0000000091a00000| PB 0x0000000091a00000| Untracked 
| 283|0x0000000091b00000, 0x0000000091b00000, 0x0000000091c00000|  0%| F|  |TAMS 0x0000000091b00000| PB 0x0000000091b00000| Untracked 
| 284|0x0000000091c00000, 0x0000000091d00000, 0x0000000091d00000|100%| O|  |TAMS 0x0000000091c00000| PB 0x0000000091c00000| Untracked 
| 285|0x0000000091d00000, 0x0000000091d00000, 0x0000000091e00000|  0%| F|  |TAMS 0x0000000091d00000| PB 0x0000000091d00000| Untracked 
| 286|0x0000000091e00000, 0x0000000091f00000, 0x0000000091f00000|100%| O|Cm|TAMS 0x0000000091e00000| PB 0x0000000091e00000| Complete 
| 287|0x0000000091f00000, 0x0000000091f00000, 0x0000000092000000|  0%| F|  |TAMS 0x0000000091f00000| PB 0x0000000091f00000| Untracked 
| 288|0x0000000092000000, 0x0000000092000000, 0x0000000092100000|  0%| F|  |TAMS 0x0000000092000000| PB 0x0000000092000000| Untracked 
| 289|0x0000000092100000, 0x0000000092100000, 0x0000000092200000|  0%| F|  |TAMS 0x0000000092100000| PB 0x0000000092100000| Untracked 
| 290|0x0000000092200000, 0x0000000092200000, 0x0000000092300000|  0%| F|  |TAMS 0x0000000092200000| PB 0x0000000092200000| Untracked 
| 291|0x0000000092300000, 0x0000000092300000, 0x0000000092400000|  0%| F|  |TAMS 0x0000000092300000| PB 0x0000000092300000| Untracked 
| 292|0x0000000092400000, 0x0000000092400000, 0x0000000092500000|  0%| F|  |TAMS 0x0000000092400000| PB 0x0000000092400000| Untracked 
| 293|0x0000000092500000, 0x0000000092500000, 0x0000000092600000|  0%| F|  |TAMS 0x0000000092500000| PB 0x0000000092500000| Untracked 
| 294|0x0000000092600000, 0x0000000092600000, 0x0000000092700000|  0%| F|  |TAMS 0x0000000092600000| PB 0x0000000092600000| Untracked 
| 295|0x0000000092700000, 0x0000000092700000, 0x0000000092800000|  0%| F|  |TAMS 0x0000000092700000| PB 0x0000000092700000| Untracked 
| 296|0x0000000092800000, 0x0000000092800000, 0x0000000092900000|  0%| F|  |TAMS 0x0000000092800000| PB 0x0000000092800000| Untracked 
| 297|0x0000000092900000, 0x0000000092900000, 0x0000000092a00000|  0%| F|  |TAMS 0x0000000092900000| PB 0x0000000092900000| Untracked 
| 298|0x0000000092a00000, 0x0000000092a00000, 0x0000000092b00000|  0%| F|  |TAMS 0x0000000092a00000| PB 0x0000000092a00000| Untracked 
| 299|0x0000000092b00000, 0x0000000092b00000, 0x0000000092c00000|  0%| F|  |TAMS 0x0000000092b00000| PB 0x0000000092b00000| Untracked 
| 300|0x0000000092c00000, 0x0000000092c00000, 0x0000000092d00000|  0%| F|  |TAMS 0x0000000092c00000| PB 0x0000000092c00000| Untracked 
| 301|0x0000000092d00000, 0x0000000092d00000, 0x0000000092e00000|  0%| F|  |TAMS 0x0000000092d00000| PB 0x0000000092d00000| Untracked 
| 302|0x0000000092e00000, 0x0000000092e00000, 0x0000000092f00000|  0%| F|  |TAMS 0x0000000092e00000| PB 0x0000000092e00000| Untracked 
| 303|0x0000000092f00000, 0x0000000093000000, 0x0000000093000000|100%| S|CS|TAMS 0x0000000092f00000| PB 0x0000000092f00000| Complete 
| 304|0x0000000093000000, 0x0000000093100000, 0x0000000093100000|100%| S|CS|TAMS 0x0000000093000000| PB 0x0000000093000000| Complete 
| 305|0x0000000093100000, 0x0000000093200000, 0x0000000093200000|100%| S|CS|TAMS 0x0000000093100000| PB 0x0000000093100000| Complete 
| 306|0x0000000093200000, 0x0000000093300000, 0x0000000093300000|100%| S|CS|TAMS 0x0000000093200000| PB 0x0000000093200000| Complete 
| 307|0x0000000093300000, 0x0000000093400000, 0x0000000093400000|100%| S|CS|TAMS 0x0000000093300000| PB 0x0000000093300000| Complete 
| 308|0x0000000093400000, 0x0000000093500000, 0x0000000093500000|100%| S|CS|TAMS 0x0000000093400000| PB 0x0000000093400000| Complete 
| 309|0x0000000093500000, 0x0000000093600000, 0x0000000093600000|100%| S|CS|TAMS 0x0000000093500000| PB 0x0000000093500000| Complete 
| 310|0x0000000093600000, 0x0000000093700000, 0x0000000093700000|100%| S|CS|TAMS 0x0000000093600000| PB 0x0000000093600000| Complete 
| 311|0x0000000093700000, 0x0000000093800000, 0x0000000093800000|100%| S|CS|TAMS 0x0000000093700000| PB 0x0000000093700000| Complete 
| 312|0x0000000093800000, 0x0000000093900000, 0x0000000093900000|100%| S|CS|TAMS 0x0000000093800000| PB 0x0000000093800000| Complete 
| 313|0x0000000093900000, 0x0000000093a00000, 0x0000000093a00000|100%| S|CS|TAMS 0x0000000093900000| PB 0x0000000093900000| Complete 
| 314|0x0000000093a00000, 0x0000000093b00000, 0x0000000093b00000|100%| O|  |TAMS 0x0000000093a00000| PB 0x0000000093a00000| Untracked 
| 315|0x0000000093b00000, 0x0000000093c00000, 0x0000000093c00000|100%| S|CS|TAMS 0x0000000093b00000| PB 0x0000000093b00000| Complete 
| 316|0x0000000093c00000, 0x0000000093d00000, 0x0000000093d00000|100%| S|CS|TAMS 0x0000000093c00000| PB 0x0000000093c00000| Complete 
| 317|0x0000000093d00000, 0x0000000093e00000, 0x0000000093e00000|100%| S|CS|TAMS 0x0000000093d00000| PB 0x0000000093d00000| Complete 
| 318|0x0000000093e00000, 0x0000000093f00000, 0x0000000093f00000|100%| S|CS|TAMS 0x0000000093e00000| PB 0x0000000093e00000| Complete 
| 319|0x0000000093f00000, 0x0000000094000000, 0x0000000094000000|100%| S|CS|TAMS 0x0000000093f00000| PB 0x0000000093f00000| Complete 
| 320|0x0000000094000000, 0x0000000094100000, 0x0000000094100000|100%| S|CS|TAMS 0x0000000094000000| PB 0x0000000094000000| Complete 
| 321|0x0000000094100000, 0x0000000094200000, 0x0000000094200000|100%| S|CS|TAMS 0x0000000094100000| PB 0x0000000094100000| Complete 
| 322|0x0000000094200000, 0x0000000094300000, 0x0000000094300000|100%| S|CS|TAMS 0x0000000094200000| PB 0x0000000094200000| Complete 
| 323|0x0000000094300000, 0x0000000094400000, 0x0000000094400000|100%| S|CS|TAMS 0x0000000094300000| PB 0x0000000094300000| Complete 
| 324|0x0000000094400000, 0x0000000094500000, 0x0000000094500000|100%| S|CS|TAMS 0x0000000094400000| PB 0x0000000094400000| Complete 
| 325|0x0000000094500000, 0x0000000094600000, 0x0000000094600000|100%| S|CS|TAMS 0x0000000094500000| PB 0x0000000094500000| Complete 
| 326|0x0000000094600000, 0x0000000094600000, 0x0000000094700000|  0%| F|  |TAMS 0x0000000094600000| PB 0x0000000094600000| Untracked 
| 327|0x0000000094700000, 0x0000000094700000, 0x0000000094800000|  0%| F|  |TAMS 0x0000000094700000| PB 0x0000000094700000| Untracked 
| 328|0x0000000094800000, 0x0000000094800000, 0x0000000094900000|  0%| F|  |TAMS 0x0000000094800000| PB 0x0000000094800000| Untracked 
| 329|0x0000000094900000, 0x0000000094900000, 0x0000000094a00000|  0%| F|  |TAMS 0x0000000094900000| PB 0x0000000094900000| Untracked 
| 330|0x0000000094a00000, 0x0000000094a00000, 0x0000000094b00000|  0%| F|  |TAMS 0x0000000094a00000| PB 0x0000000094a00000| Untracked 
| 331|0x0000000094b00000, 0x0000000094b00000, 0x0000000094c00000|  0%| F|  |TAMS 0x0000000094b00000| PB 0x0000000094b00000| Untracked 
| 332|0x0000000094c00000, 0x0000000094c00000, 0x0000000094d00000|  0%| F|  |TAMS 0x0000000094c00000| PB 0x0000000094c00000| Untracked 
| 333|0x0000000094d00000, 0x0000000094d00000, 0x0000000094e00000|  0%| F|  |TAMS 0x0000000094d00000| PB 0x0000000094d00000| Untracked 
| 334|0x0000000094e00000, 0x0000000094e00000, 0x0000000094f00000|  0%| F|  |TAMS 0x0000000094e00000| PB 0x0000000094e00000| Untracked 
| 335|0x0000000094f00000, 0x0000000094f00000, 0x0000000095000000|  0%| F|  |TAMS 0x0000000094f00000| PB 0x0000000094f00000| Untracked 
| 336|0x0000000095000000, 0x0000000095000000, 0x0000000095100000|  0%| F|  |TAMS 0x0000000095000000| PB 0x0000000095000000| Untracked 
| 337|0x0000000095100000, 0x0000000095100000, 0x0000000095200000|  0%| F|  |TAMS 0x0000000095100000| PB 0x0000000095100000| Untracked 
| 338|0x0000000095200000, 0x0000000095200000, 0x0000000095300000|  0%| F|  |TAMS 0x0000000095200000| PB 0x0000000095200000| Untracked 
| 339|0x0000000095300000, 0x0000000095300000, 0x0000000095400000|  0%| F|  |TAMS 0x0000000095300000| PB 0x0000000095300000| Untracked 
| 340|0x0000000095400000, 0x0000000095400000, 0x0000000095500000|  0%| F|  |TAMS 0x0000000095400000| PB 0x0000000095400000| Untracked 
| 341|0x0000000095500000, 0x0000000095500000, 0x0000000095600000|  0%| F|  |TAMS 0x0000000095500000| PB 0x0000000095500000| Untracked 
| 342|0x0000000095600000, 0x0000000095600000, 0x0000000095700000|  0%| F|  |TAMS 0x0000000095600000| PB 0x0000000095600000| Untracked 
| 343|0x0000000095700000, 0x0000000095700000, 0x0000000095800000|  0%| F|  |TAMS 0x0000000095700000| PB 0x0000000095700000| Untracked 
| 344|0x0000000095800000, 0x0000000095800000, 0x0000000095900000|  0%| F|  |TAMS 0x0000000095800000| PB 0x0000000095800000| Untracked 
| 345|0x0000000095900000, 0x0000000095900000, 0x0000000095a00000|  0%| F|  |TAMS 0x0000000095900000| PB 0x0000000095900000| Untracked 
| 346|0x0000000095a00000, 0x0000000095a00000, 0x0000000095b00000|  0%| F|  |TAMS 0x0000000095a00000| PB 0x0000000095a00000| Untracked 
| 347|0x0000000095b00000, 0x0000000095b00000, 0x0000000095c00000|  0%| F|  |TAMS 0x0000000095b00000| PB 0x0000000095b00000| Untracked 
| 348|0x0000000095c00000, 0x0000000095c00000, 0x0000000095d00000|  0%| F|  |TAMS 0x0000000095c00000| PB 0x0000000095c00000| Untracked 
| 349|0x0000000095d00000, 0x0000000095d00000, 0x0000000095e00000|  0%| F|  |TAMS 0x0000000095d00000| PB 0x0000000095d00000| Untracked 
| 350|0x0000000095e00000, 0x0000000095e00000, 0x0000000095f00000|  0%| F|  |TAMS 0x0000000095e00000| PB 0x0000000095e00000| Untracked 
| 351|0x0000000095f00000, 0x0000000095f00000, 0x0000000096000000|  0%| F|  |TAMS 0x0000000095f00000| PB 0x0000000095f00000| Untracked 
| 352|0x0000000096000000, 0x0000000096000000, 0x0000000096100000|  0%| F|  |TAMS 0x0000000096000000| PB 0x0000000096000000| Untracked 
| 353|0x0000000096100000, 0x0000000096100000, 0x0000000096200000|  0%| F|  |TAMS 0x0000000096100000| PB 0x0000000096100000| Untracked 
| 354|0x0000000096200000, 0x0000000096200000, 0x0000000096300000|  0%| F|  |TAMS 0x0000000096200000| PB 0x0000000096200000| Untracked 
| 355|0x0000000096300000, 0x0000000096300000, 0x0000000096400000|  0%| F|  |TAMS 0x0000000096300000| PB 0x0000000096300000| Untracked 
| 356|0x0000000096400000, 0x0000000096400000, 0x0000000096500000|  0%| F|  |TAMS 0x0000000096400000| PB 0x0000000096400000| Untracked 
| 357|0x0000000096500000, 0x0000000096500000, 0x0000000096600000|  0%| F|  |TAMS 0x0000000096500000| PB 0x0000000096500000| Untracked 
| 358|0x0000000096600000, 0x0000000096600000, 0x0000000096700000|  0%| F|  |TAMS 0x0000000096600000| PB 0x0000000096600000| Untracked 
| 359|0x0000000096700000, 0x0000000096700000, 0x0000000096800000|  0%| F|  |TAMS 0x0000000096700000| PB 0x0000000096700000| Untracked 
| 360|0x0000000096800000, 0x0000000096800000, 0x0000000096900000|  0%| F|  |TAMS 0x0000000096800000| PB 0x0000000096800000| Untracked 
| 361|0x0000000096900000, 0x0000000096900000, 0x0000000096a00000|  0%| F|  |TAMS 0x0000000096900000| PB 0x0000000096900000| Untracked 
| 362|0x0000000096a00000, 0x0000000096a00000, 0x0000000096b00000|  0%| F|  |TAMS 0x0000000096a00000| PB 0x0000000096a00000| Untracked 
| 363|0x0000000096b00000, 0x0000000096b00000, 0x0000000096c00000|  0%| F|  |TAMS 0x0000000096b00000| PB 0x0000000096b00000| Untracked 
| 364|0x0000000096c00000, 0x0000000096c00000, 0x0000000096d00000|  0%| F|  |TAMS 0x0000000096c00000| PB 0x0000000096c00000| Untracked 
| 365|0x0000000096d00000, 0x0000000096d00000, 0x0000000096e00000|  0%| F|  |TAMS 0x0000000096d00000| PB 0x0000000096d00000| Untracked 
| 366|0x0000000096e00000, 0x0000000096e00000, 0x0000000096f00000|  0%| F|  |TAMS 0x0000000096e00000| PB 0x0000000096e00000| Untracked 
| 367|0x0000000096f00000, 0x0000000096f00000, 0x0000000097000000|  0%| F|  |TAMS 0x0000000096f00000| PB 0x0000000096f00000| Untracked 
| 368|0x0000000097000000, 0x0000000097000000, 0x0000000097100000|  0%| F|  |TAMS 0x0000000097000000| PB 0x0000000097000000| Untracked 
| 369|0x0000000097100000, 0x0000000097100000, 0x0000000097200000|  0%| F|  |TAMS 0x0000000097100000| PB 0x0000000097100000| Untracked 
| 370|0x0000000097200000, 0x0000000097200000, 0x0000000097300000|  0%| F|  |TAMS 0x0000000097200000| PB 0x0000000097200000| Untracked 
| 371|0x0000000097300000, 0x0000000097300000, 0x0000000097400000|  0%| F|  |TAMS 0x0000000097300000| PB 0x0000000097300000| Untracked 
| 372|0x0000000097400000, 0x0000000097400000, 0x0000000097500000|  0%| F|  |TAMS 0x0000000097400000| PB 0x0000000097400000| Untracked 
| 373|0x0000000097500000, 0x0000000097500000, 0x0000000097600000|  0%| F|  |TAMS 0x0000000097500000| PB 0x0000000097500000| Untracked 
| 374|0x0000000097600000, 0x0000000097600000, 0x0000000097700000|  0%| F|  |TAMS 0x0000000097600000| PB 0x0000000097600000| Untracked 
| 375|0x0000000097700000, 0x0000000097700000, 0x0000000097800000|  0%| F|  |TAMS 0x0000000097700000| PB 0x0000000097700000| Untracked 
| 376|0x0000000097800000, 0x0000000097800000, 0x0000000097900000|  0%| F|  |TAMS 0x0000000097800000| PB 0x0000000097800000| Untracked 
| 377|0x0000000097900000, 0x0000000097900000, 0x0000000097a00000|  0%| F|  |TAMS 0x0000000097900000| PB 0x0000000097900000| Untracked 
| 378|0x0000000097a00000, 0x0000000097a00000, 0x0000000097b00000|  0%| F|  |TAMS 0x0000000097a00000| PB 0x0000000097a00000| Untracked 
| 379|0x0000000097b00000, 0x0000000097b00000, 0x0000000097c00000|  0%| F|  |TAMS 0x0000000097b00000| PB 0x0000000097b00000| Untracked 
| 380|0x0000000097c00000, 0x0000000097c00000, 0x0000000097d00000|  0%| F|  |TAMS 0x0000000097c00000| PB 0x0000000097c00000| Untracked 
| 381|0x0000000097d00000, 0x0000000097d00000, 0x0000000097e00000|  0%| F|  |TAMS 0x0000000097d00000| PB 0x0000000097d00000| Untracked 
| 382|0x0000000097e00000, 0x0000000097e00000, 0x0000000097f00000|  0%| F|  |TAMS 0x0000000097e00000| PB 0x0000000097e00000| Untracked 
| 383|0x0000000097f00000, 0x0000000097f00000, 0x0000000098000000|  0%| F|  |TAMS 0x0000000097f00000| PB 0x0000000097f00000| Untracked 
| 384|0x0000000098000000, 0x0000000098000000, 0x0000000098100000|  0%| F|  |TAMS 0x0000000098000000| PB 0x0000000098000000| Untracked 
| 385|0x0000000098100000, 0x0000000098100000, 0x0000000098200000|  0%| F|  |TAMS 0x0000000098100000| PB 0x0000000098100000| Untracked 
| 386|0x0000000098200000, 0x0000000098200000, 0x0000000098300000|  0%| F|  |TAMS 0x0000000098200000| PB 0x0000000098200000| Untracked 
| 387|0x0000000098300000, 0x0000000098300000, 0x0000000098400000|  0%| F|  |TAMS 0x0000000098300000| PB 0x0000000098300000| Untracked 
| 388|0x0000000098400000, 0x0000000098400000, 0x0000000098500000|  0%| F|  |TAMS 0x0000000098400000| PB 0x0000000098400000| Untracked 
| 389|0x0000000098500000, 0x0000000098500000, 0x0000000098600000|  0%| F|  |TAMS 0x0000000098500000| PB 0x0000000098500000| Untracked 
| 390|0x0000000098600000, 0x0000000098600000, 0x0000000098700000|  0%| F|  |TAMS 0x0000000098600000| PB 0x0000000098600000| Untracked 
| 391|0x0000000098700000, 0x0000000098700000, 0x0000000098800000|  0%| F|  |TAMS 0x0000000098700000| PB 0x0000000098700000| Untracked 
| 392|0x0000000098800000, 0x0000000098800000, 0x0000000098900000|  0%| F|  |TAMS 0x0000000098800000| PB 0x0000000098800000| Untracked 
| 393|0x0000000098900000, 0x0000000098900000, 0x0000000098a00000|  0%| F|  |TAMS 0x0000000098900000| PB 0x0000000098900000| Untracked 
| 394|0x0000000098a00000, 0x0000000098a00000, 0x0000000098b00000|  0%| F|  |TAMS 0x0000000098a00000| PB 0x0000000098a00000| Untracked 
| 395|0x0000000098b00000, 0x0000000098b00000, 0x0000000098c00000|  0%| F|  |TAMS 0x0000000098b00000| PB 0x0000000098b00000| Untracked 
| 396|0x0000000098c00000, 0x0000000098c00000, 0x0000000098d00000|  0%| F|  |TAMS 0x0000000098c00000| PB 0x0000000098c00000| Untracked 
| 397|0x0000000098d00000, 0x0000000098d00000, 0x0000000098e00000|  0%| F|  |TAMS 0x0000000098d00000| PB 0x0000000098d00000| Untracked 
| 398|0x0000000098e00000, 0x0000000098e00000, 0x0000000098f00000|  0%| F|  |TAMS 0x0000000098e00000| PB 0x0000000098e00000| Untracked 
| 399|0x0000000098f00000, 0x0000000098f00000, 0x0000000099000000|  0%| F|  |TAMS 0x0000000098f00000| PB 0x0000000098f00000| Untracked 
| 400|0x0000000099000000, 0x0000000099000000, 0x0000000099100000|  0%| F|  |TAMS 0x0000000099000000| PB 0x0000000099000000| Untracked 
| 401|0x0000000099100000, 0x0000000099100000, 0x0000000099200000|  0%| F|  |TAMS 0x0000000099100000| PB 0x0000000099100000| Untracked 
| 402|0x0000000099200000, 0x0000000099200000, 0x0000000099300000|  0%| F|  |TAMS 0x0000000099200000| PB 0x0000000099200000| Untracked 
| 403|0x0000000099300000, 0x0000000099300000, 0x0000000099400000|  0%| F|  |TAMS 0x0000000099300000| PB 0x0000000099300000| Untracked 
| 404|0x0000000099400000, 0x0000000099400000, 0x0000000099500000|  0%| F|  |TAMS 0x0000000099400000| PB 0x0000000099400000| Untracked 
| 405|0x0000000099500000, 0x0000000099500000, 0x0000000099600000|  0%| F|  |TAMS 0x0000000099500000| PB 0x0000000099500000| Untracked 
| 406|0x0000000099600000, 0x0000000099600000, 0x0000000099700000|  0%| F|  |TAMS 0x0000000099600000| PB 0x0000000099600000| Untracked 
| 407|0x0000000099700000, 0x0000000099700000, 0x0000000099800000|  0%| F|  |TAMS 0x0000000099700000| PB 0x0000000099700000| Untracked 
| 408|0x0000000099800000, 0x0000000099800000, 0x0000000099900000|  0%| F|  |TAMS 0x0000000099800000| PB 0x0000000099800000| Untracked 
| 409|0x0000000099900000, 0x0000000099900000, 0x0000000099a00000|  0%| F|  |TAMS 0x0000000099900000| PB 0x0000000099900000| Untracked 
| 410|0x0000000099a00000, 0x0000000099a00000, 0x0000000099b00000|  0%| F|  |TAMS 0x0000000099a00000| PB 0x0000000099a00000| Untracked 
| 411|0x0000000099b00000, 0x0000000099b00000, 0x0000000099c00000|  0%| F|  |TAMS 0x0000000099b00000| PB 0x0000000099b00000| Untracked 
| 412|0x0000000099c00000, 0x0000000099c00000, 0x0000000099d00000|  0%| F|  |TAMS 0x0000000099c00000| PB 0x0000000099c00000| Untracked 
| 413|0x0000000099d00000, 0x0000000099d00000, 0x0000000099e00000|  0%| F|  |TAMS 0x0000000099d00000| PB 0x0000000099d00000| Untracked 
| 414|0x0000000099e00000, 0x0000000099e00000, 0x0000000099f00000|  0%| F|  |TAMS 0x0000000099e00000| PB 0x0000000099e00000| Untracked 
| 415|0x0000000099f00000, 0x0000000099f00000, 0x000000009a000000|  0%| F|  |TAMS 0x0000000099f00000| PB 0x0000000099f00000| Untracked 
| 416|0x000000009a000000, 0x000000009a000000, 0x000000009a100000|  0%| F|  |TAMS 0x000000009a000000| PB 0x000000009a000000| Untracked 
| 417|0x000000009a100000, 0x000000009a100000, 0x000000009a200000|  0%| F|  |TAMS 0x000000009a100000| PB 0x000000009a100000| Untracked 
| 418|0x000000009a200000, 0x000000009a200000, 0x000000009a300000|  0%| F|  |TAMS 0x000000009a200000| PB 0x000000009a200000| Untracked 
| 419|0x000000009a300000, 0x000000009a3843d8, 0x000000009a400000| 51%| E|  |TAMS 0x000000009a300000| PB 0x000000009a300000| Complete 
| 420|0x000000009a400000, 0x000000009a500000, 0x000000009a500000|100%| E|CS|TAMS 0x000000009a400000| PB 0x000000009a400000| Complete 
| 421|0x000000009a500000, 0x000000009a600000, 0x000000009a600000|100%| E|CS|TAMS 0x000000009a500000| PB 0x000000009a500000| Complete 
| 422|0x000000009a600000, 0x000000009a700000, 0x000000009a700000|100%| E|CS|TAMS 0x000000009a600000| PB 0x000000009a600000| Complete 
| 423|0x000000009a700000, 0x000000009a800000, 0x000000009a800000|100%| E|CS|TAMS 0x000000009a700000| PB 0x000000009a700000| Complete 
| 424|0x000000009a800000, 0x000000009a900000, 0x000000009a900000|100%| E|CS|TAMS 0x000000009a800000| PB 0x000000009a800000| Complete 
| 425|0x000000009a900000, 0x000000009aa00000, 0x000000009aa00000|100%| E|  |TAMS 0x000000009a900000| PB 0x000000009a900000| Complete 
| 426|0x000000009aa00000, 0x000000009ab00000, 0x000000009ab00000|100%| E|CS|TAMS 0x000000009aa00000| PB 0x000000009aa00000| Complete 
| 427|0x000000009ab00000, 0x000000009ac00000, 0x000000009ac00000|100%| E|CS|TAMS 0x000000009ab00000| PB 0x000000009ab00000| Complete 
| 428|0x000000009ac00000, 0x000000009ad00000, 0x000000009ad00000|100%| E|CS|TAMS 0x000000009ac00000| PB 0x000000009ac00000| Complete 
| 429|0x000000009ad00000, 0x000000009ae00000, 0x000000009ae00000|100%| E|CS|TAMS 0x000000009ad00000| PB 0x000000009ad00000| Complete 
| 430|0x000000009ae00000, 0x000000009af00000, 0x000000009af00000|100%| E|CS|TAMS 0x000000009ae00000| PB 0x000000009ae00000| Complete 
| 431|0x000000009af00000, 0x000000009b000000, 0x000000009b000000|100%| E|CS|TAMS 0x000000009af00000| PB 0x000000009af00000| Complete 
| 432|0x000000009b000000, 0x000000009b100000, 0x000000009b100000|100%| E|CS|TAMS 0x000000009b000000| PB 0x000000009b000000| Complete 
| 433|0x000000009b100000, 0x000000009b200000, 0x000000009b200000|100%| E|CS|TAMS 0x000000009b100000| PB 0x000000009b100000| Complete 
| 434|0x000000009b200000, 0x000000009b300000, 0x000000009b300000|100%| E|CS|TAMS 0x000000009b200000| PB 0x000000009b200000| Complete 
| 435|0x000000009b300000, 0x000000009b400000, 0x000000009b400000|100%| E|CS|TAMS 0x000000009b300000| PB 0x000000009b300000| Complete 
| 436|0x000000009b400000, 0x000000009b500000, 0x000000009b500000|100%| E|CS|TAMS 0x000000009b400000| PB 0x000000009b400000| Complete 
| 437|0x000000009b500000, 0x000000009b600000, 0x000000009b600000|100%| E|CS|TAMS 0x000000009b500000| PB 0x000000009b500000| Complete 
| 438|0x000000009b600000, 0x000000009b700000, 0x000000009b700000|100%| E|CS|TAMS 0x000000009b600000| PB 0x000000009b600000| Complete 
| 439|0x000000009b700000, 0x000000009b800000, 0x000000009b800000|100%| E|CS|TAMS 0x000000009b700000| PB 0x000000009b700000| Complete 
| 440|0x000000009b800000, 0x000000009b900000, 0x000000009b900000|100%| E|CS|TAMS 0x000000009b800000| PB 0x000000009b800000| Complete 
| 441|0x000000009b900000, 0x000000009ba00000, 0x000000009ba00000|100%| E|CS|TAMS 0x000000009b900000| PB 0x000000009b900000| Complete 
| 442|0x000000009ba00000, 0x000000009bb00000, 0x000000009bb00000|100%| E|CS|TAMS 0x000000009ba00000| PB 0x000000009ba00000| Complete 
| 443|0x000000009bb00000, 0x000000009bc00000, 0x000000009bc00000|100%| E|CS|TAMS 0x000000009bb00000| PB 0x000000009bb00000| Complete 
| 444|0x000000009bc00000, 0x000000009bd00000, 0x000000009bd00000|100%| E|CS|TAMS 0x000000009bc00000| PB 0x000000009bc00000| Complete 
| 445|0x000000009bd00000, 0x000000009be00000, 0x000000009be00000|100%| E|CS|TAMS 0x000000009bd00000| PB 0x000000009bd00000| Complete 
| 446|0x000000009be00000, 0x000000009bf00000, 0x000000009bf00000|100%| E|CS|TAMS 0x000000009be00000| PB 0x000000009be00000| Complete 
| 447|0x000000009bf00000, 0x000000009c000000, 0x000000009c000000|100%| E|CS|TAMS 0x000000009bf00000| PB 0x000000009bf00000| Complete 
| 448|0x000000009c000000, 0x000000009c100000, 0x000000009c100000|100%| E|CS|TAMS 0x000000009c000000| PB 0x000000009c000000| Complete 
| 449|0x000000009c100000, 0x000000009c200000, 0x000000009c200000|100%| E|CS|TAMS 0x000000009c100000| PB 0x000000009c100000| Complete 
| 450|0x000000009c200000, 0x000000009c300000, 0x000000009c300000|100%| E|CS|TAMS 0x000000009c200000| PB 0x000000009c200000| Complete 
| 451|0x000000009c300000, 0x000000009c400000, 0x000000009c400000|100%| E|CS|TAMS 0x000000009c300000| PB 0x000000009c300000| Complete 
| 452|0x000000009c400000, 0x000000009c500000, 0x000000009c500000|100%| E|CS|TAMS 0x000000009c400000| PB 0x000000009c400000| Complete 
| 453|0x000000009c500000, 0x000000009c600000, 0x000000009c600000|100%| E|CS|TAMS 0x000000009c500000| PB 0x000000009c500000| Complete 
| 454|0x000000009c600000, 0x000000009c700000, 0x000000009c700000|100%| E|CS|TAMS 0x000000009c600000| PB 0x000000009c600000| Complete 
| 455|0x000000009c700000, 0x000000009c800000, 0x000000009c800000|100%| E|CS|TAMS 0x000000009c700000| PB 0x000000009c700000| Complete 
| 456|0x000000009c800000, 0x000000009c900000, 0x000000009c900000|100%| E|CS|TAMS 0x000000009c800000| PB 0x000000009c800000| Complete 
| 457|0x000000009c900000, 0x000000009ca00000, 0x000000009ca00000|100%| E|CS|TAMS 0x000000009c900000| PB 0x000000009c900000| Complete 
| 458|0x000000009ca00000, 0x000000009cb00000, 0x000000009cb00000|100%| E|CS|TAMS 0x000000009ca00000| PB 0x000000009ca00000| Complete 
| 459|0x000000009cb00000, 0x000000009cc00000, 0x000000009cc00000|100%| E|CS|TAMS 0x000000009cb00000| PB 0x000000009cb00000| Complete 
| 460|0x000000009cc00000, 0x000000009cd00000, 0x000000009cd00000|100%| E|CS|TAMS 0x000000009cc00000| PB 0x000000009cc00000| Complete 
| 461|0x000000009cd00000, 0x000000009ce00000, 0x000000009ce00000|100%| E|CS|TAMS 0x000000009cd00000| PB 0x000000009cd00000| Complete 
| 462|0x000000009ce00000, 0x000000009cf00000, 0x000000009cf00000|100%| E|CS|TAMS 0x000000009ce00000| PB 0x000000009ce00000| Complete 
| 463|0x000000009cf00000, 0x000000009d000000, 0x000000009d000000|100%| E|CS|TAMS 0x000000009cf00000| PB 0x000000009cf00000| Complete 
| 464|0x000000009d000000, 0x000000009d100000, 0x000000009d100000|100%| E|CS|TAMS 0x000000009d000000| PB 0x000000009d000000| Complete 
| 465|0x000000009d100000, 0x000000009d200000, 0x000000009d200000|100%| E|CS|TAMS 0x000000009d100000| PB 0x000000009d100000| Complete 
| 466|0x000000009d200000, 0x000000009d300000, 0x000000009d300000|100%| E|CS|TAMS 0x000000009d200000| PB 0x000000009d200000| Complete 
| 467|0x000000009d300000, 0x000000009d400000, 0x000000009d400000|100%| E|CS|TAMS 0x000000009d300000| PB 0x000000009d300000| Complete 
| 468|0x000000009d400000, 0x000000009d500000, 0x000000009d500000|100%| E|CS|TAMS 0x000000009d400000| PB 0x000000009d400000| Complete 
| 469|0x000000009d500000, 0x000000009d600000, 0x000000009d600000|100%| E|CS|TAMS 0x000000009d500000| PB 0x000000009d500000| Complete 
| 470|0x000000009d600000, 0x000000009d700000, 0x000000009d700000|100%| E|CS|TAMS 0x000000009d600000| PB 0x000000009d600000| Complete 
| 471|0x000000009d700000, 0x000000009d800000, 0x000000009d800000|100%| E|CS|TAMS 0x000000009d700000| PB 0x000000009d700000| Complete 
| 472|0x000000009d800000, 0x000000009d900000, 0x000000009d900000|100%| E|CS|TAMS 0x000000009d800000| PB 0x000000009d800000| Complete 
| 473|0x000000009d900000, 0x000000009da00000, 0x000000009da00000|100%| E|CS|TAMS 0x000000009d900000| PB 0x000000009d900000| Complete 
| 474|0x000000009da00000, 0x000000009db00000, 0x000000009db00000|100%| E|CS|TAMS 0x000000009da00000| PB 0x000000009da00000| Complete 
| 475|0x000000009db00000, 0x000000009dc00000, 0x000000009dc00000|100%| E|CS|TAMS 0x000000009db00000| PB 0x000000009db00000| Complete 
| 476|0x000000009dc00000, 0x000000009dd00000, 0x000000009dd00000|100%| E|CS|TAMS 0x000000009dc00000| PB 0x000000009dc00000| Complete 
| 477|0x000000009dd00000, 0x000000009de00000, 0x000000009de00000|100%| E|CS|TAMS 0x000000009dd00000| PB 0x000000009dd00000| Complete 
| 478|0x000000009de00000, 0x000000009df00000, 0x000000009df00000|100%| E|CS|TAMS 0x000000009de00000| PB 0x000000009de00000| Complete 
| 479|0x000000009df00000, 0x000000009e000000, 0x000000009e000000|100%| E|CS|TAMS 0x000000009df00000| PB 0x000000009df00000| Complete 
| 480|0x000000009e000000, 0x000000009e100000, 0x000000009e100000|100%| E|CS|TAMS 0x000000009e000000| PB 0x000000009e000000| Complete 
| 481|0x000000009e100000, 0x000000009e200000, 0x000000009e200000|100%| E|CS|TAMS 0x000000009e100000| PB 0x000000009e100000| Complete 
| 482|0x000000009e200000, 0x000000009e300000, 0x000000009e300000|100%| E|CS|TAMS 0x000000009e200000| PB 0x000000009e200000| Complete 
| 483|0x000000009e300000, 0x000000009e400000, 0x000000009e400000|100%| E|CS|TAMS 0x000000009e300000| PB 0x000000009e300000| Complete 
| 484|0x000000009e400000, 0x000000009e500000, 0x000000009e500000|100%| E|CS|TAMS 0x000000009e400000| PB 0x000000009e400000| Complete 
| 485|0x000000009e500000, 0x000000009e600000, 0x000000009e600000|100%| E|CS|TAMS 0x000000009e500000| PB 0x000000009e500000| Complete 
| 486|0x000000009e600000, 0x000000009e700000, 0x000000009e700000|100%| E|CS|TAMS 0x000000009e600000| PB 0x000000009e600000| Complete 
| 487|0x000000009e700000, 0x000000009e800000, 0x000000009e800000|100%| E|CS|TAMS 0x000000009e700000| PB 0x000000009e700000| Complete 
| 488|0x000000009e800000, 0x000000009e900000, 0x000000009e900000|100%| E|CS|TAMS 0x000000009e800000| PB 0x000000009e800000| Complete 
| 489|0x000000009e900000, 0x000000009ea00000, 0x000000009ea00000|100%| E|CS|TAMS 0x000000009e900000| PB 0x000000009e900000| Complete 
| 490|0x000000009ea00000, 0x000000009eb00000, 0x000000009eb00000|100%| E|CS|TAMS 0x000000009ea00000| PB 0x000000009ea00000| Complete 
| 491|0x000000009eb00000, 0x000000009ec00000, 0x000000009ec00000|100%| E|CS|TAMS 0x000000009eb00000| PB 0x000000009eb00000| Complete 
| 492|0x000000009ec00000, 0x000000009ed00000, 0x000000009ed00000|100%| E|CS|TAMS 0x000000009ec00000| PB 0x000000009ec00000| Complete 
| 493|0x000000009ed00000, 0x000000009ee00000, 0x000000009ee00000|100%| E|CS|TAMS 0x000000009ed00000| PB 0x000000009ed00000| Complete 
| 494|0x000000009ee00000, 0x000000009ef00000, 0x000000009ef00000|100%| E|CS|TAMS 0x000000009ee00000| PB 0x000000009ee00000| Complete 
| 495|0x000000009ef00000, 0x000000009f000000, 0x000000009f000000|100%| E|CS|TAMS 0x000000009ef00000| PB 0x000000009ef00000| Complete 
| 496|0x000000009f000000, 0x000000009f100000, 0x000000009f100000|100%| E|CS|TAMS 0x000000009f000000| PB 0x000000009f000000| Complete 
| 497|0x000000009f100000, 0x000000009f200000, 0x000000009f200000|100%| E|CS|TAMS 0x000000009f100000| PB 0x000000009f100000| Complete 
| 498|0x000000009f200000, 0x000000009f300000, 0x000000009f300000|100%| E|CS|TAMS 0x000000009f200000| PB 0x000000009f200000| Complete 
| 499|0x000000009f300000, 0x000000009f400000, 0x000000009f400000|100%| E|CS|TAMS 0x000000009f300000| PB 0x000000009f300000| Complete 
| 500|0x000000009f400000, 0x000000009f500000, 0x000000009f500000|100%| E|CS|TAMS 0x000000009f400000| PB 0x000000009f400000| Complete 
| 501|0x000000009f500000, 0x000000009f600000, 0x000000009f600000|100%| E|CS|TAMS 0x000000009f500000| PB 0x000000009f500000| Complete 
| 502|0x000000009f600000, 0x000000009f700000, 0x000000009f700000|100%| E|CS|TAMS 0x000000009f600000| PB 0x000000009f600000| Complete 
| 503|0x000000009f700000, 0x000000009f800000, 0x000000009f800000|100%| E|CS|TAMS 0x000000009f700000| PB 0x000000009f700000| Complete 
| 504|0x000000009f800000, 0x000000009f900000, 0x000000009f900000|100%| E|CS|TAMS 0x000000009f800000| PB 0x000000009f800000| Complete 
| 505|0x000000009f900000, 0x000000009fa00000, 0x000000009fa00000|100%| E|CS|TAMS 0x000000009f900000| PB 0x000000009f900000| Complete 
| 506|0x000000009fa00000, 0x000000009fb00000, 0x000000009fb00000|100%| E|CS|TAMS 0x000000009fa00000| PB 0x000000009fa00000| Complete 
| 507|0x000000009fb00000, 0x000000009fc00000, 0x000000009fc00000|100%| E|CS|TAMS 0x000000009fb00000| PB 0x000000009fb00000| Complete 
| 508|0x000000009fc00000, 0x000000009fd00000, 0x000000009fd00000|100%| E|CS|TAMS 0x000000009fc00000| PB 0x000000009fc00000| Complete 
| 509|0x000000009fd00000, 0x000000009fe00000, 0x000000009fe00000|100%| E|CS|TAMS 0x000000009fd00000| PB 0x000000009fd00000| Complete 
| 510|0x000000009fe00000, 0x000000009ff00000, 0x000000009ff00000|100%| E|CS|TAMS 0x000000009fe00000| PB 0x000000009fe00000| Complete 
| 511|0x000000009ff00000, 0x00000000a0000000, 0x00000000a0000000|100%| E|CS|TAMS 0x000000009ff00000| PB 0x000000009ff00000| Complete 
| 512|0x00000000a0000000, 0x00000000a0100000, 0x00000000a0100000|100%| E|CS|TAMS 0x00000000a0000000| PB 0x00000000a0000000| Complete 
| 513|0x00000000a0100000, 0x00000000a0200000, 0x00000000a0200000|100%| E|CS|TAMS 0x00000000a0100000| PB 0x00000000a0100000| Complete 
| 514|0x00000000a0200000, 0x00000000a0300000, 0x00000000a0300000|100%| E|CS|TAMS 0x00000000a0200000| PB 0x00000000a0200000| Complete 
| 515|0x00000000a0300000, 0x00000000a0400000, 0x00000000a0400000|100%| E|CS|TAMS 0x00000000a0300000| PB 0x00000000a0300000| Complete 
| 516|0x00000000a0400000, 0x00000000a0500000, 0x00000000a0500000|100%| E|CS|TAMS 0x00000000a0400000| PB 0x00000000a0400000| Complete 
| 517|0x00000000a0500000, 0x00000000a0600000, 0x00000000a0600000|100%| E|CS|TAMS 0x00000000a0500000| PB 0x00000000a0500000| Complete 
| 518|0x00000000a0600000, 0x00000000a0700000, 0x00000000a0700000|100%| E|CS|TAMS 0x00000000a0600000| PB 0x00000000a0600000| Complete 
| 519|0x00000000a0700000, 0x00000000a0800000, 0x00000000a0800000|100%| E|CS|TAMS 0x00000000a0700000| PB 0x00000000a0700000| Complete 
| 520|0x00000000a0800000, 0x00000000a0900000, 0x00000000a0900000|100%| E|CS|TAMS 0x00000000a0800000| PB 0x00000000a0800000| Complete 
| 521|0x00000000a0900000, 0x00000000a0a00000, 0x00000000a0a00000|100%| E|CS|TAMS 0x00000000a0900000| PB 0x00000000a0900000| Complete 
| 522|0x00000000a0a00000, 0x00000000a0b00000, 0x00000000a0b00000|100%| E|CS|TAMS 0x00000000a0a00000| PB 0x00000000a0a00000| Complete 
| 523|0x00000000a0b00000, 0x00000000a0c00000, 0x00000000a0c00000|100%| E|CS|TAMS 0x00000000a0b00000| PB 0x00000000a0b00000| Complete 
| 524|0x00000000a0c00000, 0x00000000a0d00000, 0x00000000a0d00000|100%| E|CS|TAMS 0x00000000a0c00000| PB 0x00000000a0c00000| Complete 
| 525|0x00000000a0d00000, 0x00000000a0e00000, 0x00000000a0e00000|100%| E|CS|TAMS 0x00000000a0d00000| PB 0x00000000a0d00000| Complete 
| 526|0x00000000a0e00000, 0x00000000a0f00000, 0x00000000a0f00000|100%| E|CS|TAMS 0x00000000a0e00000| PB 0x00000000a0e00000| Complete 
| 527|0x00000000a0f00000, 0x00000000a1000000, 0x00000000a1000000|100%| E|CS|TAMS 0x00000000a0f00000| PB 0x00000000a0f00000| Complete 
| 528|0x00000000a1000000, 0x00000000a1100000, 0x00000000a1100000|100%| E|CS|TAMS 0x00000000a1000000| PB 0x00000000a1000000| Complete 
| 529|0x00000000a1100000, 0x00000000a1200000, 0x00000000a1200000|100%| E|CS|TAMS 0x00000000a1100000| PB 0x00000000a1100000| Complete 
| 530|0x00000000a1200000, 0x00000000a1300000, 0x00000000a1300000|100%| E|CS|TAMS 0x00000000a1200000| PB 0x00000000a1200000| Complete 
| 531|0x00000000a1300000, 0x00000000a1400000, 0x00000000a1400000|100%| E|CS|TAMS 0x00000000a1300000| PB 0x00000000a1300000| Complete 
| 532|0x00000000a1400000, 0x00000000a1500000, 0x00000000a1500000|100%| E|CS|TAMS 0x00000000a1400000| PB 0x00000000a1400000| Complete 
| 533|0x00000000a1500000, 0x00000000a1600000, 0x00000000a1600000|100%| E|CS|TAMS 0x00000000a1500000| PB 0x00000000a1500000| Complete 
| 534|0x00000000a1600000, 0x00000000a1700000, 0x00000000a1700000|100%| E|CS|TAMS 0x00000000a1600000| PB 0x00000000a1600000| Complete 
| 535|0x00000000a1700000, 0x00000000a1800000, 0x00000000a1800000|100%| E|CS|TAMS 0x00000000a1700000| PB 0x00000000a1700000| Complete 
| 536|0x00000000a1800000, 0x00000000a1900000, 0x00000000a1900000|100%| E|CS|TAMS 0x00000000a1800000| PB 0x00000000a1800000| Complete 
| 537|0x00000000a1900000, 0x00000000a1a00000, 0x00000000a1a00000|100%| E|CS|TAMS 0x00000000a1900000| PB 0x00000000a1900000| Complete 
| 538|0x00000000a1a00000, 0x00000000a1b00000, 0x00000000a1b00000|100%| E|CS|TAMS 0x00000000a1a00000| PB 0x00000000a1a00000| Complete 
| 539|0x00000000a1b00000, 0x00000000a1c00000, 0x00000000a1c00000|100%| E|CS|TAMS 0x00000000a1b00000| PB 0x00000000a1b00000| Complete 
| 540|0x00000000a1c00000, 0x00000000a1d00000, 0x00000000a1d00000|100%| E|CS|TAMS 0x00000000a1c00000| PB 0x00000000a1c00000| Complete 
| 541|0x00000000a1d00000, 0x00000000a1e00000, 0x00000000a1e00000|100%| E|CS|TAMS 0x00000000a1d00000| PB 0x00000000a1d00000| Complete 
| 542|0x00000000a1e00000, 0x00000000a1f00000, 0x00000000a1f00000|100%| E|CS|TAMS 0x00000000a1e00000| PB 0x00000000a1e00000| Complete 
| 543|0x00000000a1f00000, 0x00000000a2000000, 0x00000000a2000000|100%| E|CS|TAMS 0x00000000a1f00000| PB 0x00000000a1f00000| Complete 
| 544|0x00000000a2000000, 0x00000000a2100000, 0x00000000a2100000|100%| E|CS|TAMS 0x00000000a2000000| PB 0x00000000a2000000| Complete 
| 545|0x00000000a2100000, 0x00000000a2200000, 0x00000000a2200000|100%| E|CS|TAMS 0x00000000a2100000| PB 0x00000000a2100000| Complete 
| 546|0x00000000a2200000, 0x00000000a2300000, 0x00000000a2300000|100%| E|CS|TAMS 0x00000000a2200000| PB 0x00000000a2200000| Complete 
| 547|0x00000000a2300000, 0x00000000a2400000, 0x00000000a2400000|100%| E|CS|TAMS 0x00000000a2300000| PB 0x00000000a2300000| Complete 
| 548|0x00000000a2400000, 0x00000000a2500000, 0x00000000a2500000|100%| E|CS|TAMS 0x00000000a2400000| PB 0x00000000a2400000| Complete 
| 549|0x00000000a2500000, 0x00000000a2600000, 0x00000000a2600000|100%| E|CS|TAMS 0x00000000a2500000| PB 0x00000000a2500000| Complete 
| 550|0x00000000a2600000, 0x00000000a2700000, 0x00000000a2700000|100%| E|CS|TAMS 0x00000000a2600000| PB 0x00000000a2600000| Complete 
| 551|0x00000000a2700000, 0x00000000a2800000, 0x00000000a2800000|100%| E|CS|TAMS 0x00000000a2700000| PB 0x00000000a2700000| Complete 
| 552|0x00000000a2800000, 0x00000000a2900000, 0x00000000a2900000|100%| E|CS|TAMS 0x00000000a2800000| PB 0x00000000a2800000| Complete 
| 553|0x00000000a2900000, 0x00000000a2a00000, 0x00000000a2a00000|100%| E|CS|TAMS 0x00000000a2900000| PB 0x00000000a2900000| Complete 
| 554|0x00000000a2a00000, 0x00000000a2b00000, 0x00000000a2b00000|100%| E|CS|TAMS 0x00000000a2a00000| PB 0x00000000a2a00000| Complete 
| 555|0x00000000a2b00000, 0x00000000a2c00000, 0x00000000a2c00000|100%| E|CS|TAMS 0x00000000a2b00000| PB 0x00000000a2b00000| Complete 
| 556|0x00000000a2c00000, 0x00000000a2d00000, 0x00000000a2d00000|100%| E|CS|TAMS 0x00000000a2c00000| PB 0x00000000a2c00000| Complete 
| 557|0x00000000a2d00000, 0x00000000a2e00000, 0x00000000a2e00000|100%| E|CS|TAMS 0x00000000a2d00000| PB 0x00000000a2d00000| Complete 
| 558|0x00000000a2e00000, 0x00000000a2f00000, 0x00000000a2f00000|100%| E|CS|TAMS 0x00000000a2e00000| PB 0x00000000a2e00000| Complete 
| 559|0x00000000a2f00000, 0x00000000a3000000, 0x00000000a3000000|100%| E|CS|TAMS 0x00000000a2f00000| PB 0x00000000a2f00000| Complete 
| 560|0x00000000a3000000, 0x00000000a3100000, 0x00000000a3100000|100%| E|CS|TAMS 0x00000000a3000000| PB 0x00000000a3000000| Complete 
| 561|0x00000000a3100000, 0x00000000a3200000, 0x00000000a3200000|100%| E|CS|TAMS 0x00000000a3100000| PB 0x00000000a3100000| Complete 
| 562|0x00000000a3200000, 0x00000000a3300000, 0x00000000a3300000|100%| E|CS|TAMS 0x00000000a3200000| PB 0x00000000a3200000| Complete 
| 563|0x00000000a3300000, 0x00000000a3400000, 0x00000000a3400000|100%| E|CS|TAMS 0x00000000a3300000| PB 0x00000000a3300000| Complete 
| 564|0x00000000a3400000, 0x00000000a3500000, 0x00000000a3500000|100%| E|CS|TAMS 0x00000000a3400000| PB 0x00000000a3400000| Complete 
| 565|0x00000000a3500000, 0x00000000a3600000, 0x00000000a3600000|100%| E|CS|TAMS 0x00000000a3500000| PB 0x00000000a3500000| Complete 
| 566|0x00000000a3600000, 0x00000000a3700000, 0x00000000a3700000|100%| E|CS|TAMS 0x00000000a3600000| PB 0x00000000a3600000| Complete 
| 567|0x00000000a3700000, 0x00000000a3800000, 0x00000000a3800000|100%| E|CS|TAMS 0x00000000a3700000| PB 0x00000000a3700000| Complete 
| 568|0x00000000a3800000, 0x00000000a3900000, 0x00000000a3900000|100%| E|CS|TAMS 0x00000000a3800000| PB 0x00000000a3800000| Complete 
| 569|0x00000000a3900000, 0x00000000a3a00000, 0x00000000a3a00000|100%| E|CS|TAMS 0x00000000a3900000| PB 0x00000000a3900000| Complete 
| 570|0x00000000a3a00000, 0x00000000a3b00000, 0x00000000a3b00000|100%| E|CS|TAMS 0x00000000a3a00000| PB 0x00000000a3a00000| Complete 
| 571|0x00000000a3b00000, 0x00000000a3c00000, 0x00000000a3c00000|100%| E|CS|TAMS 0x00000000a3b00000| PB 0x00000000a3b00000| Complete 
| 572|0x00000000a3c00000, 0x00000000a3d00000, 0x00000000a3d00000|100%| E|CS|TAMS 0x00000000a3c00000| PB 0x00000000a3c00000| Complete 
| 573|0x00000000a3d00000, 0x00000000a3e00000, 0x00000000a3e00000|100%| E|CS|TAMS 0x00000000a3d00000| PB 0x00000000a3d00000| Complete 
| 574|0x00000000a3e00000, 0x00000000a3f00000, 0x00000000a3f00000|100%| E|CS|TAMS 0x00000000a3e00000| PB 0x00000000a3e00000| Complete 
| 575|0x00000000a3f00000, 0x00000000a4000000, 0x00000000a4000000|100%| E|CS|TAMS 0x00000000a3f00000| PB 0x00000000a3f00000| Complete 
| 576|0x00000000a4000000, 0x00000000a4100000, 0x00000000a4100000|100%| E|CS|TAMS 0x00000000a4000000| PB 0x00000000a4000000| Complete 
| 577|0x00000000a4100000, 0x00000000a4200000, 0x00000000a4200000|100%| E|CS|TAMS 0x00000000a4100000| PB 0x00000000a4100000| Complete 
|1948|0x00000000f9c00000, 0x00000000f9d00000, 0x00000000f9d00000|100%| E|CS|TAMS 0x00000000f9c00000| PB 0x00000000f9c00000| Complete 
|1949|0x00000000f9d00000, 0x00000000f9e00000, 0x00000000f9e00000|100%| E|CS|TAMS 0x00000000f9d00000| PB 0x00000000f9d00000| Complete 
|1951|0x00000000f9f00000, 0x00000000fa000000, 0x00000000fa000000|100%| E|CS|TAMS 0x00000000f9f00000| PB 0x00000000f9f00000| Complete 
|1952|0x00000000fa000000, 0x00000000fa100000, 0x00000000fa100000|100%| E|CS|TAMS 0x00000000fa000000| PB 0x00000000fa000000| Complete 
|1960|0x00000000fa800000, 0x00000000fa900000, 0x00000000fa900000|100%| O|Cm|TAMS 0x00000000fa800000| PB 0x00000000fa800000| Complete 
|1961|0x00000000fa900000, 0x00000000faa00000, 0x00000000faa00000|100%| E|CS|TAMS 0x00000000fa900000| PB 0x00000000fa900000| Complete 
|1962|0x00000000faa00000, 0x00000000fab00000, 0x00000000fab00000|100%| E|CS|TAMS 0x00000000faa00000| PB 0x00000000faa00000| Complete 
|1963|0x00000000fab00000, 0x00000000fac00000, 0x00000000fac00000|100%| E|CS|TAMS 0x00000000fab00000| PB 0x00000000fab00000| Complete 
|1964|0x00000000fac00000, 0x00000000fad00000, 0x00000000fad00000|100%| E|CS|TAMS 0x00000000fac00000| PB 0x00000000fac00000| Complete 
|1965|0x00000000fad00000, 0x00000000fae00000, 0x00000000fae00000|100%| E|CS|TAMS 0x00000000fad00000| PB 0x00000000fad00000| Complete 
|1966|0x00000000fae00000, 0x00000000faf00000, 0x00000000faf00000|100%| E|CS|TAMS 0x00000000fae00000| PB 0x00000000fae00000| Complete 
|1967|0x00000000faf00000, 0x00000000fb000000, 0x00000000fb000000|100%| E|CS|TAMS 0x00000000faf00000| PB 0x00000000faf00000| Complete 
|1968|0x00000000fb000000, 0x00000000fb100000, 0x00000000fb100000|100%| E|CS|TAMS 0x00000000fb000000| PB 0x00000000fb000000| Complete 
|1969|0x00000000fb100000, 0x00000000fb200000, 0x00000000fb200000|100%| E|CS|TAMS 0x00000000fb100000| PB 0x00000000fb100000| Complete 
|1970|0x00000000fb200000, 0x00000000fb300000, 0x00000000fb300000|100%| E|CS|TAMS 0x00000000fb200000| PB 0x00000000fb200000| Complete 
|1971|0x00000000fb300000, 0x00000000fb400000, 0x00000000fb400000|100%| E|CS|TAMS 0x00000000fb300000| PB 0x00000000fb300000| Complete 
|1972|0x00000000fb400000, 0x00000000fb500000, 0x00000000fb500000|100%| E|CS|TAMS 0x00000000fb400000| PB 0x00000000fb400000| Complete 
|1973|0x00000000fb500000, 0x00000000fb600000, 0x00000000fb600000|100%| E|CS|TAMS 0x00000000fb500000| PB 0x00000000fb500000| Complete 
|1974|0x00000000fb600000, 0x00000000fb700000, 0x00000000fb700000|100%| E|CS|TAMS 0x00000000fb600000| PB 0x00000000fb600000| Complete 
|1975|0x00000000fb700000, 0x00000000fb800000, 0x00000000fb800000|100%| E|CS|TAMS 0x00000000fb700000| PB 0x00000000fb700000| Complete 
|1976|0x00000000fb800000, 0x00000000fb900000, 0x00000000fb900000|100%| E|CS|TAMS 0x00000000fb800000| PB 0x00000000fb800000| Complete 
|1977|0x00000000fb900000, 0x00000000fba00000, 0x00000000fba00000|100%| E|CS|TAMS 0x00000000fb900000| PB 0x00000000fb900000| Complete 
|1978|0x00000000fba00000, 0x00000000fbb00000, 0x00000000fbb00000|100%| E|CS|TAMS 0x00000000fba00000| PB 0x00000000fba00000| Complete 
|1979|0x00000000fbb00000, 0x00000000fbc00000, 0x00000000fbc00000|100%| E|CS|TAMS 0x00000000fbb00000| PB 0x00000000fbb00000| Complete 
|1980|0x00000000fbc00000, 0x00000000fbd00000, 0x00000000fbd00000|100%| E|CS|TAMS 0x00000000fbc00000| PB 0x00000000fbc00000| Complete 
|1981|0x00000000fbd00000, 0x00000000fbe00000, 0x00000000fbe00000|100%| E|CS|TAMS 0x00000000fbd00000| PB 0x00000000fbd00000| Complete 
|1982|0x00000000fbe00000, 0x00000000fbf00000, 0x00000000fbf00000|100%| E|CS|TAMS 0x00000000fbe00000| PB 0x00000000fbe00000| Complete 
|1983|0x00000000fbf00000, 0x00000000fc000000, 0x00000000fc000000|100%| E|CS|TAMS 0x00000000fbf00000| PB 0x00000000fbf00000| Complete 
|1984|0x00000000fc000000, 0x00000000fc100000, 0x00000000fc100000|100%| E|CS|TAMS 0x00000000fc000000| PB 0x00000000fc000000| Complete 
|1985|0x00000000fc100000, 0x00000000fc200000, 0x00000000fc200000|100%| E|CS|TAMS 0x00000000fc100000| PB 0x00000000fc100000| Complete 
|1986|0x00000000fc200000, 0x00000000fc300000, 0x00000000fc300000|100%| E|CS|TAMS 0x00000000fc200000| PB 0x00000000fc200000| Complete 
|1987|0x00000000fc300000, 0x00000000fc400000, 0x00000000fc400000|100%| E|CS|TAMS 0x00000000fc300000| PB 0x00000000fc300000| Complete 
|1988|0x00000000fc400000, 0x00000000fc500000, 0x00000000fc500000|100%| E|CS|TAMS 0x00000000fc400000| PB 0x00000000fc400000| Complete 
|1989|0x00000000fc500000, 0x00000000fc600000, 0x00000000fc600000|100%| E|CS|TAMS 0x00000000fc500000| PB 0x00000000fc500000| Complete 
|1990|0x00000000fc600000, 0x00000000fc700000, 0x00000000fc700000|100%| E|CS|TAMS 0x00000000fc600000| PB 0x00000000fc600000| Complete 
|1991|0x00000000fc700000, 0x00000000fc800000, 0x00000000fc800000|100%| E|CS|TAMS 0x00000000fc700000| PB 0x00000000fc700000| Complete 
|1992|0x00000000fc800000, 0x00000000fc900000, 0x00000000fc900000|100%| E|CS|TAMS 0x00000000fc800000| PB 0x00000000fc800000| Complete 
|1993|0x00000000fc900000, 0x00000000fca00000, 0x00000000fca00000|100%| E|CS|TAMS 0x00000000fc900000| PB 0x00000000fc900000| Complete 
|1994|0x00000000fca00000, 0x00000000fcb00000, 0x00000000fcb00000|100%| E|CS|TAMS 0x00000000fca00000| PB 0x00000000fca00000| Complete 
|1995|0x00000000fcb00000, 0x00000000fcc00000, 0x00000000fcc00000|100%| E|CS|TAMS 0x00000000fcb00000| PB 0x00000000fcb00000| Complete 
|1996|0x00000000fcc00000, 0x00000000fcd00000, 0x00000000fcd00000|100%| E|CS|TAMS 0x00000000fcc00000| PB 0x00000000fcc00000| Complete 
|1997|0x00000000fcd00000, 0x00000000fce00000, 0x00000000fce00000|100%| E|CS|TAMS 0x00000000fcd00000| PB 0x00000000fcd00000| Complete 
|1998|0x00000000fce00000, 0x00000000fcf00000, 0x00000000fcf00000|100%| E|CS|TAMS 0x00000000fce00000| PB 0x00000000fce00000| Complete 
|1999|0x00000000fcf00000, 0x00000000fd000000, 0x00000000fd000000|100%| E|CS|TAMS 0x00000000fcf00000| PB 0x00000000fcf00000| Complete 
|2000|0x00000000fd000000, 0x00000000fd100000, 0x00000000fd100000|100%| E|CS|TAMS 0x00000000fd000000| PB 0x00000000fd000000| Complete 
|2001|0x00000000fd100000, 0x00000000fd200000, 0x00000000fd200000|100%| E|CS|TAMS 0x00000000fd100000| PB 0x00000000fd100000| Complete 
|2002|0x00000000fd200000, 0x00000000fd300000, 0x00000000fd300000|100%| E|CS|TAMS 0x00000000fd200000| PB 0x00000000fd200000| Complete 
|2003|0x00000000fd300000, 0x00000000fd400000, 0x00000000fd400000|100%| E|CS|TAMS 0x00000000fd300000| PB 0x00000000fd300000| Complete 
|2004|0x00000000fd400000, 0x00000000fd500000, 0x00000000fd500000|100%| E|CS|TAMS 0x00000000fd400000| PB 0x00000000fd400000| Complete 
|2005|0x00000000fd500000, 0x00000000fd600000, 0x00000000fd600000|100%| E|CS|TAMS 0x00000000fd500000| PB 0x00000000fd500000| Complete 
|2006|0x00000000fd600000, 0x00000000fd700000, 0x00000000fd700000|100%| E|CS|TAMS 0x00000000fd600000| PB 0x00000000fd600000| Complete 
|2007|0x00000000fd700000, 0x00000000fd800000, 0x00000000fd800000|100%| E|CS|TAMS 0x00000000fd700000| PB 0x00000000fd700000| Complete 
|2008|0x00000000fd800000, 0x00000000fd900000, 0x00000000fd900000|100%| E|CS|TAMS 0x00000000fd800000| PB 0x00000000fd800000| Complete 
|2009|0x00000000fd900000, 0x00000000fda00000, 0x00000000fda00000|100%| E|CS|TAMS 0x00000000fd900000| PB 0x00000000fd900000| Complete 
|2010|0x00000000fda00000, 0x00000000fdb00000, 0x00000000fdb00000|100%| E|CS|TAMS 0x00000000fda00000| PB 0x00000000fda00000| Complete 
|2011|0x00000000fdb00000, 0x00000000fdc00000, 0x00000000fdc00000|100%| E|CS|TAMS 0x00000000fdb00000| PB 0x00000000fdb00000| Complete 
|2012|0x00000000fdc00000, 0x00000000fdd00000, 0x00000000fdd00000|100%| E|CS|TAMS 0x00000000fdc00000| PB 0x00000000fdc00000| Complete 
|2013|0x00000000fdd00000, 0x00000000fde00000, 0x00000000fde00000|100%| E|CS|TAMS 0x00000000fdd00000| PB 0x00000000fdd00000| Complete 
|2014|0x00000000fde00000, 0x00000000fdf00000, 0x00000000fdf00000|100%| E|CS|TAMS 0x00000000fde00000| PB 0x00000000fde00000| Complete 
|2015|0x00000000fdf00000, 0x00000000fe000000, 0x00000000fe000000|100%| E|CS|TAMS 0x00000000fdf00000| PB 0x00000000fdf00000| Complete 
|2016|0x00000000fe000000, 0x00000000fe100000, 0x00000000fe100000|100%| E|CS|TAMS 0x00000000fe000000| PB 0x00000000fe000000| Complete 
|2017|0x00000000fe100000, 0x00000000fe200000, 0x00000000fe200000|100%| E|CS|TAMS 0x00000000fe100000| PB 0x00000000fe100000| Complete 
|2018|0x00000000fe200000, 0x00000000fe300000, 0x00000000fe300000|100%| E|CS|TAMS 0x00000000fe200000| PB 0x00000000fe200000| Complete 
|2019|0x00000000fe300000, 0x00000000fe400000, 0x00000000fe400000|100%| E|CS|TAMS 0x00000000fe300000| PB 0x00000000fe300000| Complete 
|2020|0x00000000fe400000, 0x00000000fe500000, 0x00000000fe500000|100%| E|CS|TAMS 0x00000000fe400000| PB 0x00000000fe400000| Complete 
|2021|0x00000000fe500000, 0x00000000fe600000, 0x00000000fe600000|100%| E|CS|TAMS 0x00000000fe500000| PB 0x00000000fe500000| Complete 
|2022|0x00000000fe600000, 0x00000000fe700000, 0x00000000fe700000|100%| E|CS|TAMS 0x00000000fe600000| PB 0x00000000fe600000| Complete 
|2023|0x00000000fe700000, 0x00000000fe800000, 0x00000000fe800000|100%| E|CS|TAMS 0x00000000fe700000| PB 0x00000000fe700000| Complete 
|2024|0x00000000fe800000, 0x00000000fe900000, 0x00000000fe900000|100%| E|CS|TAMS 0x00000000fe800000| PB 0x00000000fe800000| Complete 
|2025|0x00000000fe900000, 0x00000000fea00000, 0x00000000fea00000|100%| E|CS|TAMS 0x00000000fe900000| PB 0x00000000fe900000| Complete 
|2026|0x00000000fea00000, 0x00000000feb00000, 0x00000000feb00000|100%| E|CS|TAMS 0x00000000fea00000| PB 0x00000000fea00000| Complete 
|2027|0x00000000feb00000, 0x00000000fec00000, 0x00000000fec00000|100%| E|CS|TAMS 0x00000000feb00000| PB 0x00000000feb00000| Complete 
|2028|0x00000000fec00000, 0x00000000fed00000, 0x00000000fed00000|100%| E|CS|TAMS 0x00000000fec00000| PB 0x00000000fec00000| Complete 
|2029|0x00000000fed00000, 0x00000000fee00000, 0x00000000fee00000|100%| E|CS|TAMS 0x00000000fed00000| PB 0x00000000fed00000| Complete 
|2030|0x00000000fee00000, 0x00000000fef00000, 0x00000000fef00000|100%| E|CS|TAMS 0x00000000fee00000| PB 0x00000000fee00000| Complete 
|2031|0x00000000fef00000, 0x00000000ff000000, 0x00000000ff000000|100%| E|CS|TAMS 0x00000000fef00000| PB 0x00000000fef00000| Complete 
|2032|0x00000000ff000000, 0x00000000ff100000, 0x00000000ff100000|100%| E|CS|TAMS 0x00000000ff000000| PB 0x00000000ff000000| Complete 
|2033|0x00000000ff100000, 0x00000000ff200000, 0x00000000ff200000|100%| E|CS|TAMS 0x00000000ff100000| PB 0x00000000ff100000| Complete 
|2034|0x00000000ff200000, 0x00000000ff300000, 0x00000000ff300000|100%| E|CS|TAMS 0x00000000ff200000| PB 0x00000000ff200000| Complete 
|2035|0x00000000ff300000, 0x00000000ff400000, 0x00000000ff400000|100%| E|CS|TAMS 0x00000000ff300000| PB 0x00000000ff300000| Complete 
|2036|0x00000000ff400000, 0x00000000ff500000, 0x00000000ff500000|100%| E|CS|TAMS 0x00000000ff400000| PB 0x00000000ff400000| Complete 
|2037|0x00000000ff500000, 0x00000000ff600000, 0x00000000ff600000|100%| O|  |TAMS 0x00000000ff500000| PB 0x00000000ff500000| Untracked 
|2038|0x00000000ff600000, 0x00000000ff700000, 0x00000000ff700000|100%| E|CS|TAMS 0x00000000ff600000| PB 0x00000000ff600000| Complete 
|2039|0x00000000ff700000, 0x00000000ff800000, 0x00000000ff800000|100%| E|CS|TAMS 0x00000000ff700000| PB 0x00000000ff700000| Complete 
|2040|0x00000000ff800000, 0x00000000ff900000, 0x00000000ff900000|100%| O|  |TAMS 0x00000000ff800000| PB 0x00000000ff800000| Untracked 
|2041|0x00000000ff900000, 0x00000000ffa00000, 0x00000000ffa00000|100%| E|CS|TAMS 0x00000000ff900000| PB 0x00000000ff900000| Complete 
|2042|0x00000000ffa00000, 0x00000000ffb00000, 0x00000000ffb00000|100%| O|  |TAMS 0x00000000ffa00000| PB 0x00000000ffa00000| Untracked 
|2043|0x00000000ffb00000, 0x00000000ffc00000, 0x00000000ffc00000|100%| O|  |TAMS 0x00000000ffb00000| PB 0x00000000ffb00000| Untracked 
|2044|0x00000000ffc00000, 0x00000000ffd00000, 0x00000000ffd00000|100%| E|CS|TAMS 0x00000000ffc00000| PB 0x00000000ffc00000| Complete 
|2045|0x00000000ffd00000, 0x00000000ffe00000, 0x00000000ffe00000|100%| E|CS|TAMS 0x00000000ffd00000| PB 0x00000000ffd00000| Complete 
|2046|0x00000000ffe00000, 0x00000000fff00000, 0x00000000fff00000|100%| E|CS|TAMS 0x00000000ffe00000| PB 0x00000000ffe00000| Complete 
|2047|0x00000000fff00000, 0x0000000100000000, 0x0000000100000000|100%| E|CS|TAMS 0x00000000fff00000| PB 0x00000000fff00000| Complete 

Card table byte_map: [0x00000291f1bf0000,0x00000291f1ff0000] _byte_map_base: 0x00000291f17f0000

Marking Bits: (CMBitMap*) 0x00000291df196560
 Bits: [0x00000291f1ff0000, 0x00000291f3ff0000)

Polling page: 0x00000291dcf70000

Metaspace:

Usage:
  Non-class:    163.71 MB used.
      Class:     25.13 MB used.
       Both:    188.85 MB used.

Virtual space:
  Non-class space:      192.00 MB reserved,     164.94 MB ( 86%) committed,  3 nodes.
      Class space:        1.00 GB reserved,      26.12 MB (  3%) committed,  1 nodes.
             Both:        1.19 GB reserved,     191.06 MB ( 16%) committed. 

Chunk freelists:
   Non-Class:  26.49 MB
       Class:  6.05 MB
        Both:  32.54 MB

MaxMetaspaceSize: unlimited
CompressedClassSpaceSize: 1.00 GB
Initial GC threshold: 21.00 MB
Current GC threshold: 330.94 MB
CDS: off
 - commit_granule_bytes: 65536.
 - commit_granule_words: 8192.
 - virtual_space_node_default_size: 8388608.
 - enlarge_chunks_in_place: 1.
 - use_allocation_guard: 0.


Internal statistics:

num_allocs_failed_limit: 12.
num_arena_births: 7834.
num_arena_deaths: 4392.
num_vsnodes_births: 4.
num_vsnodes_deaths: 0.
num_space_committed: 4029.
num_space_uncommitted: 307.
num_chunks_returned_to_freelist: 8081.
num_chunks_taken_from_freelist: 20586.
num_chunk_merges: 2741.
num_chunk_splits: 12400.
num_chunks_enlarged: 8435.
num_inconsistent_stats: 0.

CodeHeap 'non-profiled nmethods': size=120000Kb used=27631Kb max_used=30367Kb free=92369Kb
 bounds [0x00000291e9d70000, 0x00000291ebb20000, 0x00000291f12a0000]
CodeHeap 'profiled nmethods': size=120000Kb used=34106Kb max_used=45710Kb free=85893Kb
 bounds [0x00000291e22a0000, 0x00000291e4f60000, 0x00000291e97d0000]
CodeHeap 'non-nmethods': size=5760Kb used=2257Kb max_used=2328Kb free=3502Kb
 bounds [0x00000291e97d0000, 0x00000291e9a40000, 0x00000291e9d70000]
CodeCache: size=245760Kb, used=63994Kb, max_used=78405Kb, free=181764Kb
 total_blobs=20949, nmethods=19849, adapters=1001, full_count=0
Compilation: enabled, stopped_count=0, restarted_count=0

Compilation events (20 events):
Event: 9297.079 Thread 0x00000291f6dddf80 70617       2       com.sun.tools.javac.util.StringUtils::toLowerCase (8 bytes)
Event: 9297.080 Thread 0x00000291f6dddf80 nmethod 70617 0x00000291e34e0590 code [0x00000291e34e0760, 0x00000291e34e08f0]
Event: 9297.139 Thread 0x00000291f6dddf80 70618       2       sun.nio.fs.WindowsFileAttributes::isOther (26 bytes)
Event: 9297.140 Thread 0x00000291f6dddf80 nmethod 70618 0x00000291e2e9ed10 code [0x00000291e2e9eec0, 0x00000291e2e9f030]
Event: 9297.166 Thread 0x00000291f6dddf80 70619       2       com.sun.tools.javac.file.CacheFSInfo::getAttributes (18 bytes)
Event: 9297.166 Thread 0x00000291f6dddf80 nmethod 70619 0x00000291e2a20590 code [0x00000291e2a20760, 0x00000291e2a20998]
Event: 9297.166 Thread 0x00000291f6dddf80 70620       2       com.sun.tools.javac.file.CacheFSInfo$$Lambda/0x00000001005a9b90::<init> (10 bytes)
Event: 9297.166 Thread 0x00000291f6dddf80 nmethod 70620 0x00000291e27fc310 code [0x00000291e27fc4a0, 0x00000291e27fc5f0]
Event: 9297.182 Thread 0x00000291f6dddf80 70621   !   2       com.sun.tools.javac.file.Locations::getPath (22 bytes)
Event: 9297.182 Thread 0x00000291f6dddf80 nmethod 70621 0x00000291e2d0e510 code [0x00000291e2d0e6c0, 0x00000291e2d0e8b8]
Event: 9297.223 Thread 0x00000291f6dddf80 70622       3       com.sun.tools.javac.file.CacheFSInfo::isFile (27 bytes)
Event: 9297.225 Thread 0x00000291f6dddf80 nmethod 70622 0x00000291e2ef1410 code [0x00000291e2ef1700, 0x00000291e2ef2858]
Event: 9297.240 Thread 0x00000291f6dddf80 70623       2       sun.nio.fs.WindowsFileAttributes::isRegularFile (27 bytes)
Event: 9297.241 Thread 0x00000291f6dddf80 nmethod 70623 0x00000291e2f18390 code [0x00000291e2f18520, 0x00000291e2f186e8]
Event: 9297.251 Thread 0x00000291f6dddf80 70624       3       java.nio.file.Path::endsWith (21 bytes)
Event: 9297.251 Thread 0x00000291f6dddf80 nmethod 70624 0x00000291e2dafa10 code [0x00000291e2dafbe0, 0x00000291e2daffc8]
Event: 9297.251 Thread 0x00000291f6dddf80 70625       3       sun.nio.fs.WindowsPath::endsWith (151 bytes)
Event: 9297.252 Thread 0x00000291f6dddf80 nmethod 70625 0x00000291e24fe010 code [0x00000291e24fe320, 0x00000291e24ff340]
Event: 9297.318 Thread 0x00000291f6dddf80 70626  s    3       com.sun.tools.javac.file.FSInfo::getJarFSProvider (64 bytes)
Event: 9297.319 Thread 0x00000291f6dddf80 nmethod 70626 0x00000291e2affc10 code [0x00000291e2affe60, 0x00000291e2b006d8]

GC Heap History (20 events):
Event: 8926.938 GC heap before
{Heap before GC invocations=184 (full 0):
 garbage-first heap   total 675840K, used 491008K [0x0000000080000000, 0x0000000100000000)
  region size 1024K, 174 young (178176K), 37 survivors (37888K)
 Metaspace       used 198838K, committed 200704K, reserved 1245184K
  class space    used 26285K, committed 27136K, reserved 1048576K
}
Event: 8926.954 GC heap after
{Heap after GC invocations=185 (full 0):
 garbage-first heap   total 675840K, used 364032K [0x0000000080000000, 0x0000000100000000)
  region size 1024K, 11 young (11264K), 11 survivors (11264K)
 Metaspace       used 198838K, committed 200704K, reserved 1245184K
  class space    used 26285K, committed 27136K, reserved 1048576K
}
Event: 8930.141 GC heap before
{Heap before GC invocations=185 (full 0):
 garbage-first heap   total 675840K, used 512512K [0x0000000080000000, 0x0000000100000000)
  region size 1024K, 157 young (160768K), 11 survivors (11264K)
 Metaspace       used 198958K, committed 200832K, reserved 1245184K
  class space    used 26301K, committed 27200K, reserved 1048576K
}
Event: 8930.151 GC heap after
{Heap after GC invocations=186 (full 0):
 garbage-first heap   total 675840K, used 360960K [0x0000000080000000, 0x0000000100000000)
  region size 1024K, 14 young (14336K), 14 survivors (14336K)
 Metaspace       used 198958K, committed 200832K, reserved 1245184K
  class space    used 26301K, committed 27200K, reserved 1048576K
}
Event: 8930.664 GC heap before
{Heap before GC invocations=186 (full 0):
 garbage-first heap   total 675840K, used 523776K [0x0000000080000000, 0x0000000100000000)
  region size 1024K, 174 young (178176K), 14 survivors (14336K)
 Metaspace       used 199078K, committed 200960K, reserved 1245184K
  class space    used 26332K, committed 27200K, reserved 1048576K
}
Event: 8930.679 GC heap after
{Heap after GC invocations=187 (full 0):
 garbage-first heap   total 675840K, used 379392K [0x0000000080000000, 0x0000000100000000)
  region size 1024K, 22 young (22528K), 22 survivors (22528K)
 Metaspace       used 199078K, committed 200960K, reserved 1245184K
  class space    used 26332K, committed 27200K, reserved 1048576K
}
Event: 8931.097 GC heap before
{Heap before GC invocations=188 (full 0):
 garbage-first heap   total 675840K, used 517632K [0x0000000080000000, 0x0000000100000000)
  region size 1024K, 184 young (188416K), 22 survivors (22528K)
 Metaspace       used 199097K, committed 200960K, reserved 1245184K
  class space    used 26334K, committed 27200K, reserved 1048576K
}
Event: 8931.107 GC heap after
{Heap after GC invocations=189 (full 0):
 garbage-first heap   total 675840K, used 356949K [0x0000000080000000, 0x0000000100000000)
  region size 1024K, 5 young (5120K), 5 survivors (5120K)
 Metaspace       used 199097K, committed 200960K, reserved 1245184K
  class space    used 26334K, committed 27200K, reserved 1048576K
}
Event: 8931.449 GC heap before
{Heap before GC invocations=189 (full 0):
 garbage-first heap   total 675840K, used 547413K [0x0000000080000000, 0x0000000100000000)
  region size 1024K, 191 young (195584K), 5 survivors (5120K)
 Metaspace       used 199168K, committed 201024K, reserved 1245184K
  class space    used 26349K, committed 27200K, reserved 1048576K
}
Event: 8931.462 GC heap after
{Heap after GC invocations=190 (full 0):
 garbage-first heap   total 675840K, used 312966K [0x0000000080000000, 0x0000000100000000)
  region size 1024K, 11 young (11264K), 11 survivors (11264K)
 Metaspace       used 199168K, committed 201024K, reserved 1245184K
  class space    used 26349K, committed 27200K, reserved 1048576K
}
Event: 8932.234 GC heap before
{Heap before GC invocations=190 (full 0):
 garbage-first heap   total 675840K, used 536198K [0x0000000080000000, 0x0000000100000000)
  region size 1024K, 230 young (235520K), 11 survivors (11264K)
 Metaspace       used 199468K, committed 201280K, reserved 1245184K
  class space    used 26355K, committed 27200K, reserved 1048576K
}
Event: 8932.251 GC heap after
{Heap after GC invocations=191 (full 0):
 garbage-first heap   total 675840K, used 305897K [0x0000000080000000, 0x0000000100000000)
  region size 1024K, 18 young (18432K), 18 survivors (18432K)
 Metaspace       used 199468K, committed 201280K, reserved 1245184K
  class space    used 26355K, committed 27200K, reserved 1048576K
}
Event: 8932.546 GC heap before
{Heap before GC invocations=191 (full 0):
 garbage-first heap   total 675840K, used 348905K [0x0000000080000000, 0x0000000100000000)
  region size 1024K, 62 young (63488K), 18 survivors (18432K)
 Metaspace       used 199548K, committed 201408K, reserved 1245184K
  class space    used 26359K, committed 27264K, reserved 1048576K
}
Event: 8932.556 GC heap after
{Heap after GC invocations=192 (full 0):
 garbage-first heap   total 675840K, used 313247K [0x0000000080000000, 0x0000000100000000)
  region size 1024K, 16 young (16384K), 16 survivors (16384K)
 Metaspace       used 199548K, committed 201408K, reserved 1245184K
  class space    used 26359K, committed 27264K, reserved 1048576K
}
Event: 8944.763 GC heap before
{Heap before GC invocations=193 (full 0):
 garbage-first heap   total 675840K, used 673695K [0x0000000080000000, 0x0000000100000000)
  region size 1024K, 110 young (112640K), 16 survivors (16384K)
 Metaspace       used 199290K, committed 201216K, reserved 1245184K
  class space    used 26341K, committed 27264K, reserved 1048576K
}
Event: 8944.769 GC heap after
{Heap after GC invocations=194 (full 0):
 garbage-first heap   total 686080K, used 268424K [0x0000000080000000, 0x0000000100000000)
  region size 1024K, 10 young (10240K), 10 survivors (10240K)
 Metaspace       used 199290K, committed 201216K, reserved 1245184K
  class space    used 26341K, committed 27264K, reserved 1048576K
}
Event: 9102.583 GC heap before
{Heap before GC invocations=194 (full 0):
 garbage-first heap   total 686080K, used 565384K [0x0000000080000000, 0x0000000100000000)
  region size 1024K, 300 young (307200K), 10 survivors (10240K)
 Metaspace       used 199346K, committed 201216K, reserved 1245184K
  class space    used 26345K, committed 27264K, reserved 1048576K
}
Event: 9102.599 GC heap after
{Heap after GC invocations=195 (full 0):
 garbage-first heap   total 686080K, used 234996K [0x0000000080000000, 0x0000000100000000)
  region size 1024K, 17 young (17408K), 17 survivors (17408K)
 Metaspace       used 199346K, committed 201216K, reserved 1245184K
  class space    used 26345K, committed 27264K, reserved 1048576K
}
Event: 9236.097 GC heap before
{Heap before GC invocations=195 (full 0):
 garbage-first heap   total 686080K, used 563700K [0x0000000080000000, 0x0000000100000000)
  region size 1024K, 339 young (347136K), 17 survivors (17408K)
 Metaspace       used 199433K, committed 201344K, reserved 1245184K
  class space    used 26345K, committed 27264K, reserved 1048576K
}
Event: 9236.110 GC heap after
{Heap after GC invocations=196 (full 0):
 garbage-first heap   total 686080K, used 240943K [0x0000000080000000, 0x0000000100000000)
  region size 1024K, 22 young (22528K), 22 survivors (22528K)
 Metaspace       used 199433K, committed 201344K, reserved 1245184K
  class space    used 26345K, committed 27264K, reserved 1048576K
}

Dll operation events (7 events):
Event: 0.011 Loaded shared library C:\Program Files\Android\Android Studio\jbr\bin\java.dll
Event: 0.017 Loaded shared library C:\Program Files\Android\Android Studio\jbr\bin\zip.dll
Event: 1.226 Loaded shared library C:\Program Files\Android\Android Studio\jbr\bin\verify.dll
Event: 3406.243 Unloaded dll "C:\Users\DELL\AppData\Local\Temp\sqlite-3.36.0-d54cd9c0-9f94-4d09-810a-05d86adee050-sqlitejdbc.dll" [0x0000000070bc0000]
Event: 5136.246 Unloaded dll "C:\Users\DELL\AppData\Local\Temp\sqlite-3.36.0-7c06f0d6-1400-4bbe-bba2-85a751bb9fe3-sqlitejdbc.dll" [0x0000000070bc0000]
Event: 5266.984 Unloaded dll "C:\Users\DELL\AppData\Local\Temp\sqlite-3.36.0-2f1476ce-c85f-4467-be1c-837784dc7bd0-sqlitejdbc.dll" [0x0000000000b90000]
Event: 5796.229 Unloaded dll "C:\Users\DELL\AppData\Local\Temp\sqlite-3.36.0-f8900b38-e422-4088-a5f5-54b4fb1e16a2-sqlitejdbc.dll" [0x0000000070bc0000]

Deoptimization events (20 events):
Event: 8932.091 Thread 0x00000291fe7160a0 DEOPT PACKING pc=0x00000291e4e9492a sp=0x00000095179fbd20
Event: 8932.091 Thread 0x00000291fe7160a0 DEOPT UNPACKING pc=0x00000291e9824b42 sp=0x00000095179fb240 mode 0
Event: 8932.100 Thread 0x00000291fe7160a0 DEOPT PACKING pc=0x00000291e4e9492a sp=0x00000095179fb900
Event: 8932.100 Thread 0x00000291fe7160a0 DEOPT UNPACKING pc=0x00000291e9824b42 sp=0x00000095179fae20 mode 0
Event: 8932.112 Thread 0x00000291fe7160a0 DEOPT PACKING pc=0x00000291e4e9492a sp=0x00000095179fb7c0
Event: 8932.112 Thread 0x00000291fe7160a0 DEOPT UNPACKING pc=0x00000291e9824b42 sp=0x00000095179face0 mode 0
Event: 8932.115 Thread 0x00000291fe7160a0 DEOPT PACKING pc=0x00000291e4e9492a sp=0x00000095179fbb50
Event: 8932.115 Thread 0x00000291fe7160a0 DEOPT UNPACKING pc=0x00000291e9824b42 sp=0x00000095179fb070 mode 0
Event: 8932.153 Thread 0x00000291fe7160a0 DEOPT PACKING pc=0x00000291e3fddac2 sp=0x00000095179fcc20
Event: 8932.153 Thread 0x00000291fe7160a0 DEOPT UNPACKING pc=0x00000291e9824b42 sp=0x00000095179fc098 mode 0
Event: 8932.162 Thread 0x00000291fe7160a0 DEOPT PACKING pc=0x00000291e3e57f9a sp=0x00000095179fd370
Event: 8932.162 Thread 0x00000291fe7160a0 DEOPT UNPACKING pc=0x00000291e9824b42 sp=0x00000095179fc890 mode 0
Event: 8932.171 Thread 0x00000291fe7160a0 DEOPT PACKING pc=0x00000291e35eac05 sp=0x00000095179fd420
Event: 8932.171 Thread 0x00000291fe7160a0 DEOPT UNPACKING pc=0x00000291e9824b42 sp=0x00000095179fc920 mode 0
Event: 8932.220 Thread 0x00000291fe7160a0 DEOPT PACKING pc=0x00000291e428bd3f sp=0x00000095179fca80
Event: 8932.220 Thread 0x00000291fe7160a0 DEOPT UNPACKING pc=0x00000291e9824b42 sp=0x00000095179fbf98 mode 0
Event: 8932.293 Thread 0x000002918faaa010 DEOPT PACKING pc=0x00000291e33d9564 sp=0x00000095149fe7c0
Event: 8932.293 Thread 0x000002918faaa010 DEOPT UNPACKING pc=0x00000291e9824b42 sp=0x00000095149fdc80 mode 0
Event: 9295.709 Thread 0x000002918ac267e0 DEOPT PACKING pc=0x00000291e4180b8d sp=0x00000095140fc400
Event: 9295.709 Thread 0x000002918ac267e0 DEOPT UNPACKING pc=0x00000291e9824b42 sp=0x00000095140fb890 mode 0

Classes loaded (20 events):
Event: 8668.142 Loading class java/util/HashSetBeanInfo
Event: 8668.142 Loading class java/util/HashSetBeanInfo done
Event: 8668.142 Loading class java/util/AbstractSetBeanInfo
Event: 8668.142 Loading class java/util/AbstractSetBeanInfo done
Event: 8668.143 Loading class java/util/AbstractSetBeanInfo
Event: 8668.143 Loading class java/util/AbstractSetBeanInfo done
Event: 8668.143 Loading class java/util/AbstractSetCustomizer
Event: 8668.143 Loading class java/util/AbstractSetCustomizer done
Event: 8668.143 Loading class java/util/AbstractSetCustomizer
Event: 8668.143 Loading class java/util/AbstractSetCustomizer done
Event: 8668.145 Loading class java/util/HashSetCustomizer
Event: 8668.145 Loading class java/util/HashSetCustomizer done
Event: 8668.146 Loading class java/util/HashSetCustomizer
Event: 8668.146 Loading class java/util/HashSetCustomizer done
Event: 8668.148 Loading class java/util/LinkedHashSetCustomizer
Event: 8668.148 Loading class java/util/LinkedHashSetCustomizer done
Event: 8668.148 Loading class java/util/LinkedHashSetCustomizer
Event: 8668.148 Loading class java/util/LinkedHashSetCustomizer done
Event: 8692.873 Loading class sun/util/locale/provider/DateFormatProviderImpl
Event: 8692.874 Loading class sun/util/locale/provider/DateFormatProviderImpl done

Classes unloaded (20 events):
Event: 9236.224 Thread 0x00000291f6c8af50 Unloading class 0x0000000101a5c958 'kotlin/UNINITIALIZED_VALUE'
Event: 9236.224 Thread 0x00000291f6c8af50 Unloading class 0x0000000101a5c6f8 'kotlin/SynchronizedLazyImpl'
Event: 9236.224 Thread 0x00000291f6c8af50 Unloading class 0x0000000101a5c4c8 'kotlin/Lazy'
Event: 9236.224 Thread 0x00000291f6c8af50 Unloading class 0x0000000101a5c238 'kotlin/NoWhenBranchMatchedException'
Event: 9236.224 Thread 0x00000291f6c8af50 Unloading class 0x0000000101a5c000 'kotlin/LazyKt'
Event: 9236.224 Thread 0x00000291f6c8af50 Unloading class 0x00000001005924b0 'kotlin/LazyKt__LazyKt'
Event: 9236.224 Thread 0x00000291f6c8af50 Unloading class 0x0000000100592278 'kotlin/LazyKt__LazyJVMKt'
Event: 9236.224 Thread 0x00000291f6c8af50 Unloading class 0x0000000100592000 'androidx/room/compiler/processing/javac/JavacBasicAnnotationProcessor$xEnv$2'
Event: 9236.224 Thread 0x00000291f6c8af50 Unloading class 0x0000000100602d28 'kotlin/jvm/functions/Function0'
Event: 9236.224 Thread 0x00000291f6c8af50 Unloading class 0x0000000100602a98 'kotlin/UninitializedPropertyAccessException'
Event: 9236.224 Thread 0x00000291f6c8af50 Unloading class 0x0000000100602800 'kotlin/KotlinNullPointerException'
Event: 9236.224 Thread 0x00000291f6c8af50 Unloading class 0x0000000100647cc8 'kotlin/jvm/internal/Intrinsics'
Event: 9236.224 Thread 0x00000291f6c8af50 Unloading class 0x0000000100647a58 'androidx/room/RoomProcessor$1'
Event: 9236.224 Thread 0x00000291f6c8af50 Unloading class 0x0000000100647800 'kotlin/jvm/internal/Lambda'
Event: 9236.224 Thread 0x00000291f6c8af50 Unloading class 0x000000010064ed30 'kotlin/jvm/internal/FunctionBase'
Event: 9236.224 Thread 0x00000291f6c8af50 Unloading class 0x000000010064eb00 'kotlin/jvm/functions/Function1'
Event: 9236.224 Thread 0x00000291f6c8af50 Unloading class 0x0000000100fa5530 'kotlin/Function'
Event: 9236.224 Thread 0x00000291f6c8af50 Unloading class 0x000000010064e800 'androidx/room/RoomProcessor'
Event: 9236.224 Thread 0x00000291f6c8af50 Unloading class 0x0000000100fa5230 'androidx/room/compiler/processing/javac/JavacBasicAnnotationProcessor'
Event: 9236.224 Thread 0x00000291f6c8af50 Unloading class 0x0000000100fa5000 'androidx/room/compiler/processing/XBasicAnnotationProcessor'

Classes redefined (0 events):
No events

Internal exceptions (20 events):
Event: 9296.998 Thread 0x000002918ac267e0 Exception <a 'sun/nio/fs/WindowsException'{0x000000009a71f4a0}> (0x000000009a71f4a0) 
thrown [s\src\hotspot\share\prims\jni.cpp, line 537]
Event: 9297.000 Thread 0x000002918ac267e0 Exception <a 'sun/nio/fs/WindowsException'{0x000000009a7207d0}> (0x000000009a7207d0) 
thrown [s\src\hotspot\share\prims\jni.cpp, line 537]
Event: 9297.001 Thread 0x000002918ac267e0 Exception <a 'sun/nio/fs/WindowsException'{0x000000009a721a78}> (0x000000009a721a78) 
thrown [s\src\hotspot\share\prims\jni.cpp, line 537]
Event: 9297.007 Thread 0x000002918ac267e0 Exception <a 'sun/nio/fs/WindowsException'{0x000000009a722be8}> (0x000000009a722be8) 
thrown [s\src\hotspot\share\prims\jni.cpp, line 537]
Event: 9297.009 Thread 0x000002918ac267e0 Exception <a 'sun/nio/fs/WindowsException'{0x000000009a723cd0}> (0x000000009a723cd0) 
thrown [s\src\hotspot\share\prims\jni.cpp, line 537]
Event: 9297.011 Thread 0x000002918ac267e0 Exception <a 'sun/nio/fs/WindowsException'{0x000000009a724ef0}> (0x000000009a724ef0) 
thrown [s\src\hotspot\share\prims\jni.cpp, line 537]
Event: 9297.014 Thread 0x000002918ac267e0 Exception <a 'sun/nio/fs/WindowsException'{0x000000009a726220}> (0x000000009a726220) 
thrown [s\src\hotspot\share\prims\jni.cpp, line 537]
Event: 9297.016 Thread 0x000002918ac267e0 Exception <a 'sun/nio/fs/WindowsException'{0x000000009a7275b8}> (0x000000009a7275b8) 
thrown [s\src\hotspot\share\prims\jni.cpp, line 537]
Event: 9297.017 Thread 0x000002918ac267e0 Exception <a 'sun/nio/fs/WindowsException'{0x000000009a728708}> (0x000000009a728708) 
thrown [s\src\hotspot\share\prims\jni.cpp, line 537]
Event: 9297.017 Thread 0x000002918ac267e0 Exception <a 'sun/nio/fs/WindowsException'{0x000000009a729a08}> (0x000000009a729a08) 
thrown [s\src\hotspot\share\prims\jni.cpp, line 537]
Event: 9297.018 Thread 0x000002918ac267e0 Exception <a 'sun/nio/fs/WindowsException'{0x000000009a72adb0}> (0x000000009a72adb0) 
thrown [s\src\hotspot\share\prims\jni.cpp, line 537]
Event: 9297.019 Thread 0x000002918ac267e0 Exception <a 'sun/nio/fs/WindowsException'{0x000000009a72c128}> (0x000000009a72c128) 
thrown [s\src\hotspot\share\prims\jni.cpp, line 537]
Event: 9297.020 Thread 0x000002918ac267e0 Exception <a 'sun/nio/fs/WindowsException'{0x000000009a72d488}> (0x000000009a72d488) 
thrown [s\src\hotspot\share\prims\jni.cpp, line 537]
Event: 9297.021 Thread 0x000002918ac267e0 Exception <a 'sun/nio/fs/WindowsException'{0x000000009a72e6d0}> (0x000000009a72e6d0) 
thrown [s\src\hotspot\share\prims\jni.cpp, line 537]
Event: 9297.022 Thread 0x000002918ac267e0 Exception <a 'sun/nio/fs/WindowsException'{0x000000009a72f9e8}> (0x000000009a72f9e8) 
thrown [s\src\hotspot\share\prims\jni.cpp, line 537]
Event: 9297.023 Thread 0x000002918ac267e0 Exception <a 'sun/nio/fs/WindowsException'{0x000000009a730d40}> (0x000000009a730d40) 
thrown [s\src\hotspot\share\prims\jni.cpp, line 537]
Event: 9297.025 Thread 0x000002918ac267e0 Exception <a 'sun/nio/fs/WindowsException'{0x000000009a7320e8}> (0x000000009a7320e8) 
thrown [s\src\hotspot\share\prims\jni.cpp, line 537]
Event: 9297.026 Thread 0x000002918ac267e0 Exception <a 'sun/nio/fs/WindowsException'{0x000000009a733450}> (0x000000009a733450) 
thrown [s\src\hotspot\share\prims\jni.cpp, line 537]
Event: 9297.041 Thread 0x000002918ac267e0 Exception <a 'sun/nio/fs/WindowsException'{0x000000009a755080}> (0x000000009a755080) 
thrown [s\src\hotspot\share\prims\jni.cpp, line 537]
Event: 9297.062 Thread 0x000002918ac267e0 Exception <a 'sun/nio/fs/WindowsException'{0x000000009a797500}> (0x000000009a797500) 
thrown [s\src\hotspot\share\prims\jni.cpp, line 537]

ZGC Phase Switch (0 events):
No events

VM Operations (20 events):
Event: 9145.066 Executing VM operation: RendezvousGCThreads
Event: 9145.066 Executing VM operation: RendezvousGCThreads done
Event: 9216.108 Executing VM operation: Cleanup
Event: 9216.108 Executing VM operation: Cleanup done
Event: 9236.097 Executing VM operation: G1CollectForAllocation (G1 Evacuation Pause)
Event: 9236.111 Executing VM operation: G1CollectForAllocation (G1 Evacuation Pause) done
Event: 9236.222 Executing VM operation: G1PauseRemark
Event: 9236.259 Executing VM operation: G1PauseRemark done
Event: 9236.354 Executing VM operation: G1PauseCleanup
Event: 9236.354 Executing VM operation: G1PauseCleanup done
Event: 9267.371 Executing VM operation: Cleanup
Event: 9267.371 Executing VM operation: Cleanup done
Event: 9294.389 Executing VM operation: Cleanup
Event: 9294.389 Executing VM operation: Cleanup done
Event: 9295.389 Executing VM operation: Cleanup
Event: 9295.390 Executing VM operation: Cleanup done
Event: 9296.390 Executing VM operation: Cleanup
Event: 9296.390 Executing VM operation: Cleanup done
Event: 9297.391 Executing VM operation: Cleanup
Event: 9297.391 Executing VM operation: Cleanup done

Memory protections (0 events):
No events

Nmethod flushes (20 events):
Event: 9236.252 Thread 0x00000291f6c8af50 flushing  nmethod 0x00000291e4cdd810
Event: 9236.252 Thread 0x00000291f6c8af50 flushing  nmethod 0x00000291e4cddc10
Event: 9236.252 Thread 0x00000291f6c8af50 flushing  nmethod 0x00000291e4cde690
Event: 9236.252 Thread 0x00000291f6c8af50 flushing  nmethod 0x00000291e4ce0390
Event: 9236.252 Thread 0x00000291f6c8af50 flushing  nmethod 0x00000291e4ce0910
Event: 9236.252 Thread 0x00000291f6c8af50 flushing  nmethod 0x00000291e4ce0c90
Event: 9236.252 Thread 0x00000291f6c8af50 flushing  nmethod 0x00000291e4ce1c10
Event: 9236.252 Thread 0x00000291f6c8af50 flushing  nmethod 0x00000291e4ce9410
Event: 9236.252 Thread 0x00000291f6c8af50 flushing  nmethod 0x00000291e4d4b390
Event: 9236.252 Thread 0x00000291f6c8af50 flushing  nmethod 0x00000291e4d4c390
Event: 9236.252 Thread 0x00000291f6c8af50 flushing  nmethod 0x00000291e4ddb690
Event: 9236.252 Thread 0x00000291f6c8af50 flushing  nmethod 0x00000291e4e99910
Event: 9236.252 Thread 0x00000291f6c8af50 flushing  nmethod 0x00000291e4e9a010
Event: 9236.252 Thread 0x00000291f6c8af50 flushing  nmethod 0x00000291e4e9c390
Event: 9236.252 Thread 0x00000291f6c8af50 flushing  nmethod 0x00000291e4e9ca10
Event: 9236.252 Thread 0x00000291f6c8af50 flushing  nmethod 0x00000291e4e9cf10
Event: 9236.252 Thread 0x00000291f6c8af50 flushing  nmethod 0x00000291e4e9d290
Event: 9236.252 Thread 0x00000291f6c8af50 flushing  nmethod 0x00000291e4e9e110
Event: 9236.252 Thread 0x00000291f6c8af50 flushing  nmethod 0x00000291e4e9e810
Event: 9236.252 Thread 0x00000291f6c8af50 flushing  nmethod 0x00000291e4e9ee10

Events (20 events):
Event: 9296.341 Thread 0x000002918ac267e0 Thread added: 0x00000291885589a0
Event: 9296.343 Thread 0x000002918ac267e0 Thread added: 0x000002918990de40
Event: 9296.343 Thread 0x000002918ac267e0 Thread added: 0x000002918990eb60
Event: 9296.344 Thread 0x000002918ac267e0 Thread added: 0x000002918990e4d0
Event: 9296.344 Thread 0x000002918ac267e0 Thread added: 0x000002918990bd70
Event: 9296.345 Thread 0x000002918ac267e0 Thread added: 0x0000029189f4a930
Event: 9296.346 Thread 0x000002918ac267e0 Thread added: 0x00000291825bfeb0
Event: 9296.349 Thread 0x000002918ac267e0 Thread added: 0x00000291825c1f80
Event: 9296.349 Thread 0x000002918ac267e0 Thread added: 0x00000291825bf190
Event: 9296.591 Thread 0x000002918ac267e0 Thread added: 0x0000029181c4bd20
Event: 9296.592 Thread 0x000002918ac267e0 Thread added: 0x0000029181c4d0d0
Event: 9296.592 Thread 0x000002918ac267e0 Thread added: 0x0000029181c4c3b0
Event: 9296.592 Thread 0x000002918ac267e0 Thread added: 0x0000029181c4ddf0
Event: 9296.592 Thread 0x000002918ac267e0 Thread added: 0x0000029181c4ca40
Event: 9296.592 Thread 0x000002918ac267e0 Thread added: 0x000002918fda4780
Event: 9296.592 Thread 0x000002918ac267e0 Thread added: 0x000002918fda4e10
Event: 9296.593 Thread 0x000002918ac267e0 Thread added: 0x000002918fda33d0
Event: 9296.593 Thread 0x000002918ac267e0 Thread added: 0x000002918fda3a60
Event: 9296.593 Thread 0x000002918ac267e0 Thread added: 0x000002918fda26b0
Event: 9296.593 Thread 0x000002918ac267e0 Thread added: 0x000002918fda2020


Dynamic libraries:
0x00007ff733260000 - 0x00007ff73326a000 	C:\Program Files\Android\Android Studio\jbr\bin\java.exe
0x00007ff92eee0000 - 0x00007ff92f147000 	C:\WINDOWS\SYSTEM32\ntdll.dll
0x00007ff92dae0000 - 0x00007ff92dba9000 	C:\WINDOWS\System32\KERNEL32.DLL
0x00007ff92c020000 - 0x00007ff92c414000 	C:\WINDOWS\System32\KERNELBASE.dll
0x00007ff92c690000 - 0x00007ff92c7db000 	C:\WINDOWS\System32\ucrtbase.dll
0x00007ff8f29a0000 - 0x00007ff8f29bb000 	C:\Program Files\Android\Android Studio\jbr\bin\VCRUNTIME140.dll
0x00007ff8f29c0000 - 0x00007ff8f29d8000 	C:\Program Files\Android\Android Studio\jbr\bin\jli.dll
0x00007ff92e0a0000 - 0x00007ff92e265000 	C:\WINDOWS\System32\USER32.dll
0x00007ff9141a0000 - 0x00007ff914433000 	C:\WINDOWS\WinSxS\amd64_microsoft.windows.common-controls_6595b64144ccf1df_6.0.26100.8115_none_3e075c82e3354f9c\COMCTL32.dll
0x00007ff92cb80000 - 0x00007ff92cba7000 	C:\WINDOWS\System32\win32u.dll
0x00007ff92d990000 - 0x00007ff92da39000 	C:\WINDOWS\System32\msvcrt.dll
0x00007ff92e920000 - 0x00007ff92e94b000 	C:\WINDOWS\System32\GDI32.dll
0x00007ff92c4b0000 - 0x00007ff92c5db000 	C:\WINDOWS\System32\gdi32full.dll
0x00007ff92c5e0000 - 0x00007ff92c683000 	C:\WINDOWS\System32\msvcp_win.dll
0x00007ff92ed60000 - 0x00007ff92ed92000 	C:\WINDOWS\System32\IMM32.DLL
0x00007ff915190000 - 0x00007ff91519c000 	C:\Program Files\Android\Android Studio\jbr\bin\vcruntime140_1.dll
0x00007ff8ecd40000 - 0x00007ff8ecdcd000 	C:\Program Files\Android\Android Studio\jbr\bin\msvcp140.dll
0x00007ff87fcc0000 - 0x00007ff880956000 	C:\Program Files\Android\Android Studio\jbr\bin\server\jvm.dll
0x00007ff92eca0000 - 0x00007ff92ed56000 	C:\WINDOWS\System32\ADVAPI32.dll
0x00007ff92ebf0000 - 0x00007ff92ec97000 	C:\WINDOWS\System32\sechost.dll
0x00007ff92e980000 - 0x00007ff92ea98000 	C:\WINDOWS\System32\RPCRT4.dll
0x00007ff92cf30000 - 0x00007ff92cfb0000 	C:\WINDOWS\System32\WS2_32.dll
0x00007ff92b630000 - 0x00007ff92b68e000 	C:\WINDOWS\SYSTEM32\POWRPROF.dll
0x00007ff915de0000 - 0x00007ff915deb000 	C:\WINDOWS\SYSTEM32\VERSION.dll
0x00007ff926800000 - 0x00007ff926836000 	C:\WINDOWS\SYSTEM32\WINMM.dll
0x00007ff92b610000 - 0x00007ff92b624000 	C:\WINDOWS\SYSTEM32\UMPDC.dll
0x00007ff92a4a0000 - 0x00007ff92a4bb000 	C:\WINDOWS\SYSTEM32\kernel.appcore.dll
0x00007ff91a2c0000 - 0x00007ff91a2ca000 	C:\Program Files\Android\Android Studio\jbr\bin\jimage.dll
0x00007ff929580000 - 0x00007ff9297c2000 	C:\WINDOWS\SYSTEM32\DBGHELP.DLL
0x00007ff92dd10000 - 0x00007ff92e092000 	C:\WINDOWS\System32\combase.dll
0x00007ff92cc80000 - 0x00007ff92cd58000 	C:\WINDOWS\System32\OLEAUT32.dll
0x00007ff90f020000 - 0x00007ff90f05b000 	C:\WINDOWS\SYSTEM32\dbgcore.DLL
0x00007ff92c950000 - 0x00007ff92c9f5000 	C:\WINDOWS\System32\bcryptPrimitives.dll
0x00007ff90c270000 - 0x00007ff90c27e000 	C:\Program Files\Android\Android Studio\jbr\bin\instrument.dll
0x00007ff91a2a0000 - 0x00007ff91a2c0000 	C:\Program Files\Android\Android Studio\jbr\bin\java.dll
0x00007ff914f00000 - 0x00007ff914f18000 	C:\Program Files\Android\Android Studio\jbr\bin\zip.dll
0x00007ff92d220000 - 0x00007ff92d987000 	C:\WINDOWS\System32\SHELL32.dll
0x00007ff92c7e0000 - 0x00007ff92c94a000 	C:\WINDOWS\System32\wintypes.dll
0x00007ff92b7b0000 - 0x00007ff92c018000 	C:\WINDOWS\System32\windows.storage.dll
0x00007ff92dbb0000 - 0x00007ff92dca8000 	C:\WINDOWS\System32\SHCORE.dll
0x00007ff92eb20000 - 0x00007ff92eb86000 	C:\WINDOWS\System32\shlwapi.dll
0x00007ff92b6d0000 - 0x00007ff92b6f9000 	C:\WINDOWS\SYSTEM32\profapi.dll
0x00007ff9153d0000 - 0x00007ff9153e0000 	C:\Program Files\Android\Android Studio\jbr\bin\net.dll
0x00007ff922080000 - 0x00007ff9221ad000 	C:\WINDOWS\SYSTEM32\WINHTTP.dll
0x00007ff92aab0000 - 0x00007ff92ab1c000 	C:\WINDOWS\system32\mswsock.dll
0x00007ff8f1b40000 - 0x00007ff8f1b56000 	C:\Program Files\Android\Android Studio\jbr\bin\nio.dll
0x00007ff90c380000 - 0x00007ff90c390000 	C:\Program Files\Android\Android Studio\jbr\bin\verify.dll
0x00007ff8f16b0000 - 0x00007ff8f16d7000 	C:\Users\DELL\.gradle\native\660c5614fbf4a5f2a75b1949f50a0caf5cd603558e7d8a26e50b933a0cfb79d1\windows-amd64\native-platform.dll
0x00007ff8eccc0000 - 0x00007ff8ecd37000 	C:\Users\DELL\.gradle\native\0.2.8\x86_64-windows-gnu\gradle-fileevents.dll
0x00007ff915150000 - 0x00007ff915159000 	C:\Program Files\Android\Android Studio\jbr\bin\management.dll
0x00007ff914ef0000 - 0x00007ff914efb000 	C:\Program Files\Android\Android Studio\jbr\bin\management_ext.dll
0x00007ff92dad0000 - 0x00007ff92dad8000 	C:\WINDOWS\System32\PSAPI.DLL
0x00007ff929f90000 - 0x00007ff929fc2000 	C:\WINDOWS\SYSTEM32\IPHLPAPI.DLL
0x00007ff92e950000 - 0x00007ff92e95a000 	C:\WINDOWS\System32\NSI.dll
0x00007ff90c460000 - 0x00007ff90c469000 	C:\Program Files\Android\Android Studio\jbr\bin\extnet.dll
0x00007ff92ad90000 - 0x00007ff92adab000 	C:\WINDOWS\SYSTEM32\CRYPTSP.dll
0x00007ff92a4c0000 - 0x00007ff92a4f9000 	C:\WINDOWS\system32\rsaenh.dll
0x00007ff92ab60000 - 0x00007ff92ab93000 	C:\WINDOWS\SYSTEM32\USERENV.dll
0x00007ff92b6a0000 - 0x00007ff92b6ca000 	C:\WINDOWS\SYSTEM32\bcrypt.dll
0x00007ff92adb0000 - 0x00007ff92adbc000 	C:\WINDOWS\SYSTEM32\CRYPTBASE.dll
0x00007ff8f8930000 - 0x00007ff8f8938000 	C:\WINDOWS\system32\wshunix.dll
0x00007ff92a660000 - 0x00007ff92a696000 	C:\WINDOWS\SYSTEM32\ntmarta.dll
0x00007ff929fd0000 - 0x00007ff92a102000 	C:\WINDOWS\SYSTEM32\DNSAPI.dll
0x00007ff9203a0000 - 0x00007ff9203ab000 	C:\Windows\System32\rasadhlp.dll
0x00007ff9238f0000 - 0x00007ff923976000 	C:\WINDOWS\System32\fwpuclnt.dll

JVMTI agents:
C:\Users\DELL\.gradle\wrapper\dists\gradle-9.3.1-bin\23ovyewtku6u96viwx3xl3oks\gradle-9.3.1\lib\agents\gradle-instrumentation-agent-9.3.1.jar path:C:\Program Files\Android\Android Studio\jbr\bin\instrument.dll, loaded, initialized, instrumentlib options:none

dbghelp: loaded successfully - version: 4.0.5 - missing functions: none
symbol engine: initialized successfully - sym options: 0x614 - pdb path: .;C:\Program Files\Android\Android Studio\jbr\bin;C:\WINDOWS\SYSTEM32;C:\WINDOWS\WinSxS\amd64_microsoft.windows.common-controls_6595b64144ccf1df_6.0.26100.8115_none_3e075c82e3354f9c;C:\Program Files\Android\Android Studio\jbr\bin\server;C:\Users\DELL\.gradle\native\660c5614fbf4a5f2a75b1949f50a0caf5cd603558e7d8a26e50b933a0cfb79d1\windows-amd64;C:\Users\DELL\.gradle\native\0.2.8\x86_64-windows-gnu;C:\Users\DELL\AppData\Local\Temp

VM Arguments:
jvm_args: --add-opens=java.base/java.lang=ALL-UNNAMED --add-opens=java.base/java.lang.invoke=ALL-UNNAMED --add-opens=java.base/java.util=ALL-UNNAMED --add-opens=java.prefs/java.util.prefs=ALL-UNNAMED --add-exports=jdk.compiler/com.sun.tools.javac.api=ALL-UNNAMED --add-exports=jdk.compiler/com.sun.tools.javac.util=ALL-UNNAMED --add-opens=java.base/java.util=ALL-UNNAMED --add-opens=java.prefs/java.util.prefs=ALL-UNNAMED --add-opens=java.base/java.nio.charset=ALL-UNNAMED --add-opens=java.base/java.net=ALL-UNNAMED --add-opens=java.base/java.util.concurrent=ALL-UNNAMED --add-opens=java.base/java.util.concurrent.atomic=ALL-UNNAMED --add-opens=java.xml/javax.xml.namespace=ALL-UNNAMED --add-opens=java.base/java.time=ALL-UNNAMED -Xmx2048m -Dfile.encoding=UTF-8 -Duser.country=US -Duser.language=en -Duser.variant -javaagent:C:\Users\DELL\.gradle\wrapper\dists\gradle-9.3.1-bin\23ovyewtku6u96viwx3xl3oks\gradle-9.3.1\lib\agents\gradle-instrumentation-agent-9.3.1.jar 
java_command: org.gradle.launcher.daemon.bootstrap.GradleDaemon 9.3.1
java_class_path (initial): C:\Users\DELL\.gradle\wrapper\dists\gradle-9.3.1-bin\23ovyewtku6u96viwx3xl3oks\gradle-9.3.1\lib\gradle-daemon-main-9.3.1.jar
Launcher Type: SUN_STANDARD

[Global flags]
     intx CICompilerCount                          = 4                                         {product} {ergonomic}
     uint ConcGCThreads                            = 3                                         {product} {ergonomic}
     uint G1ConcRefinementThreads                  = 10                                        {product} {ergonomic}
   size_t G1HeapRegionSize                         = 1048576                                   {product} {ergonomic}
    uintx GCDrainStackTargetSize                   = 64                                        {product} {ergonomic}
   size_t InitialHeapSize                          = 264241152                                 {product} {ergonomic}
   size_t MarkStackSize                            = 4194304                                   {product} {ergonomic}
   size_t MaxHeapSize                              = 2147483648                                {product} {command line}
   size_t MaxNewSize                               = 1287651328                                {product} {ergonomic}
   size_t MinHeapDeltaBytes                        = 1048576                                   {product} {ergonomic}
   size_t MinHeapSize                              = 8388608                                   {product} {ergonomic}
    uintx NonNMethodCodeHeapSize                   = 5839372                                {pd product} {ergonomic}
    uintx NonProfiledCodeHeapSize                  = 122909434                              {pd product} {ergonomic}
    uintx ProfiledCodeHeapSize                     = 122909434                              {pd product} {ergonomic}
    uintx ReservedCodeCacheSize                    = 251658240                              {pd product} {ergonomic}
     bool SegmentedCodeCache                       = true                                      {product} {ergonomic}
   size_t SoftMaxHeapSize                          = 2147483648                             {manageable} {ergonomic}
     bool UseCompressedOops                        = true                           {product lp64_product} {ergonomic}
     bool UseG1GC                                  = true                                      {product} {ergonomic}
     bool UseLargePagesIndividualAllocation        = false                                  {pd product} {ergonomic}

Logging:
Log output configuration:
 #0: stdout all=warning uptime,level,tags foldmultilines=false
 #1: stderr all=off uptime,level,tags foldmultilines=false

Release file:
JAVA_VERSION="21.0.9" 
MODULES="java.base java.compiler java.datatransfer java.xml java.prefs java.desktop java.instrument java.logging java.management java.security.sasl java.naming java.rmi java.management.rmi java.net.http java.scripting java.security.jgss java.transaction.xa java.sql java.sql.rowset java.xml.crypto java.se java.smartcardio jdk.accessibility jdk.internal.jvmstat jdk.attach jdk.charsets jdk.internal.opt jdk.zipfs jdk.compiler jdk.crypto.ec jdk.crypto.cryptoki jdk.dynalink jdk.hotspot.agent jdk.httpserver jdk.internal.ed jdk.internal.le jdk.internal.vm.ci jdk.jartool jdk.javadoc jdk.jcmd jdk.jdeps jdk.jdwp.agent jdk.jdi jdk.jfr jdk.jlink jdk.jsobject jdk.localedata jdk.management jdk.management.agent jdk.management.jfr jdk.naming.dns jdk.naming.rmi jdk.net jdk.sctp jdk.security.auth jdk.security.jgss jdk.unsupported jdk.unsupported.desktop jdk.xml.dom" 
IMPLEMENTOR="JetBrains s.r.o." 
JAVA_RUNTIME_VERSION="21.0.9+-14787801-b1163.94" 
LIBC="default" 
OS_ARCH="x86_64" 
OS_NAME="Windows" 
SOURCE=".:git:0c757ddc9f2f" 

Environment Variables:
JAVA_HOME=C:\Program Files\Android\Android Studio\jbr
PATH=C:\Program Files (x86)\Common Files\Oracle\Java\java8path;C:\Program Files (x86)\Common Files\Oracle\Java\javapath;C:\Program Files\Microsoft MPI\Bin\;C:\WINDOWS\system32;C:\WINDOWS;C:\WINDOWS\System32\Wbem;C:\WINDOWS\System32\WindowsPowerShell\v1.0\;C:\WINDOWS\System32\OpenSSH\;C:\Program Files\dotnet\;C:\msys64\ucrt64\bin;C:\Program Files (x86)\Windows Kits\10\Windows Performance Toolkit\;C:\Program Files (x86)\Microsoft SQL Server\160\Tools\Binn\;C:\Program Files\Microsoft SQL Server\160\Tools\Binn\;C:\Program Files\Microsoft SQL Server\Client SDK\ODBC\170\Tools\Binn\;C:\Program Files\Microsoft SQL Server\160\DTS\Binn\;C:\Program Files (x86)\Microsoft SQL Server\160\DTS\Binn\;C:\Program Files\Microsoft SQL Server\170\DTS\Binn\;C:\Program Files\Git\cmd;C:\Users\DELL\AppData\Local\Muse Hub\lib;C:\Program Files\PuTTY\;C:\Program Files\nodejs\;C:\Program Files\Void\bin;C:\Program Files\MySQL\MySQL Shell 8.0\bin\;C:\Users\DELL\AppData\Local\Programs\Python\Python310\Scripts\;C:\Users\DELL\AppData\Local\Programs\Python\Python310\;C:\Users\DELL\AppData\Local\Microsoft\WindowsApps;C:\Users\DELL\.dotnet\tools;C:\Users\DELL\AppData\Local\Programs\Microsoft VS Code\bin;C:\Users\DELL\AppData\Local\Pandoc\;C:\Users\DELL\AppData\Roaming\npm;C:\Program Files\MySQL\MySQL Server 8.0\bin;C:\Users\DELL\AppData\Local\Programs\cursor\resources\app\bin;C:\Users\DELL\AppData\Local\Programs\Antigravity\bin;C:\Users\DELL\AppData\Local\Microsoft\WindowsApps;C:\Program Files\Android\Android Studio\jbr\bin;
USERNAME=DELL
OS=Windows_NT
PROCESSOR_IDENTIFIER=Intel64 Family 6 Model 154 Stepping 4, GenuineIntel
TMP=C:\Users\DELL\AppData\Local\Temp
TEMP=C:\Users\DELL\AppData\Local\Temp




Periodic native trim disabled

JNI global refs:
JNI global refs: 31, weak refs: 17

JNI global refs memory usage: 835, weak refs: 1025

Process memory usage:
Resident Set Size: 1135884K (6% of 16454388K total physical memory with 832040K free physical memory)

OOME stack traces (most recent first):
Classloader memory used:
Loader org.gradle.internal.classloader.VisitableURLClassLoader$InstrumentingVisitableURLClassLoader: 77688K
Loader org.gradle.internal.classloader.VisitableURLClassLoader                         : 51177K
Loader bootstrap                                                                       : 36110K
Loader org.gradle.initialization.MixInLegacyTypesClassLoader                           : 14336K
Loader jdk.internal.loader.ClassLoaders$AppClassLoader                                 : 11952K
Loader jdk.internal.loader.ClassLoaders$PlatformClassLoader                            : 1310K
Loader jdk.internal.reflect.DelegatingClassLoader                                      : 455K
Loader org.gradle.groovy.scripts.internal.DefaultScriptCompilationHandler$ScriptClassLoader: 253K
Loader org.gradle.internal.classloader.VisitableURLClassLoader                         : 94912B
Loader sun.reflect.misc.MethodUtil                                                     : 2984B

Classes loaded by more than one classloader:
Class com.google.common.base.PairwiseEquivalence                                      : loaded 2 times (x 83B)
Class com.google.common.base.Equivalence$Identity                                     : loaded 2 times (x 82B)
Class com.google.common.collect.RegularImmutableMap$KeySet                            : loaded 2 times (x 152B)
Class org.gradle.internal.classloader.FilteringClassLoader                            : loaded 2 times (x 105B)
Class com.google.common.cache.LocalCache$ValueIterator                                : loaded 2 times (x 86B)
Class [Lcom.google.common.collect.MapMakerInternalMap$Segment;                        : loaded 2 times (x 69B)
Class com.google.common.io.FileWriteMode                                              : loaded 2 times (x 79B)
Class [Lcom.google.common.base.AbstractIterator$State;                                : loaded 2 times (x 69B)
Class com.google.common.base.CharMatcher$IsEither                                     : loaded 2 times (x 111B)
Class org.gradle.internal.classloader.ClassLoaderHierarchy                            : loaded 2 times (x 70B)
Class build_vum9lm4dgnnr9clfhb7twf98$_run_closure1                                    : loaded 2 times (x 139B)
Class [Lcom.google.common.cache.RemovalCause;                                         : loaded 2 times (x 69B)
Class com.google.common.collect.AbstractMapBasedMultimap$WrappedCollection            : loaded 2 times (x 124B)
Class com.google.common.collect.ImmutableEnumSet                                      : loaded 2 times (x 146B)
Class com.google.common.util.concurrent.ExecutionError                                : loaded 2 times (x 82B)
Class com.google.common.collect.ImmutableList$1                                       : loaded 2 times (x 97B)
Class org.gradle.api.internal.classpath.ManifestUtil                                  : loaded 2 times (x 71B)
Class com.google.common.io.ByteArrayDataOutput                                        : loaded 2 times (x 70B)
Class org.apache.commons.io.FileSystem                                                : loaded 2 times (x 80B)
Class com.google.common.collect.RegularImmutableMap                                   : loaded 2 times (x 121B)
Class com.google.common.collect.ImmutableMap$MapViewOfValuesAsSingletonSets           : loaded 2 times (x 126B)
Class org.apache.commons.io.function.IOFunction                                       : loaded 2 times (x 70B)
Class com.google.common.cache.LocalCache$Values                                       : loaded 2 times (x 118B)
Class com.google.common.collect.TransformedListIterator                               : loaded 2 times (x 93B)
Class com.google.common.reflect.TypeCapture                                           : loaded 2 times (x 71B)
Class [Lorg.objectweb.asm.Symbol;                                                     : loaded 2 times (x 69B)
Class org.objectweb.asm.ClassVisitor                                                  : loaded 2 times (x 88B)
Class com.google.common.collect.UnmodifiableListIterator                              : loaded 2 times (x 95B)
Class com.google.common.collect.MapMakerInternalMap$StrongKeyDummyValueEntry$LinkedStrongKeyDummyValueEntry: loaded 2 times (x 82B)
Class com.google.common.collect.MapMakerInternalMap$Strength                          : loaded 2 times (x 80B)
Class com.google.common.base.Platform$JdkPatternCompiler                              : loaded 2 times (x 75B)
Class org.objectweb.asm.MethodTooLargeException                                       : loaded 2 times (x 83B)
Class [Lcom.google.common.cache.CacheBuilder$OneWeigher;                              : loaded 2 times (x 69B)
Class com.google.common.base.Suppliers                                                : loaded 2 times (x 71B)
Class org.gradle.internal.classloader.DefaultClassLoaderFactory                       : loaded 2 times (x 82B)
Class org.apache.commons.io.file.PathUtils                                            : loaded 2 times (x 71B)
Class [Lcom.google.common.collect.AbstractIterator$State;                             : loaded 2 times (x 69B)
Class com.google.common.base.CharMatcher$None                                         : loaded 2 times (x 112B)
Class org.gradle.internal.classloader.ClassLoaderVisitor                              : loaded 2 times (x 76B)
Class [Lcom.google.common.collect.ImmutableMapEntry;                                  : loaded 2 times (x 69B)
Class org.gradle.api.internal.classpath.EffectiveClassPath                            : loaded 2 times (x 90B)
Class [Lorg.apache.commons.io.StandardLineSeparator;                                  : loaded 2 times (x 69B)
Class org.apache.commons.io.output.StringBuilderWriter                                : loaded 2 times (x 100B)
Class com.google.common.collect.ListMultimap                                          : loaded 2 times (x 70B)
Class com.google.common.collect.ImmutableEnumMap                                      : loaded 2 times (x 126B)
Class com.google.common.collect.Iterators$EmptyModifiableIterator                     : loaded 2 times (x 86B)
Class com.google.common.base.Splitter                                                 : loaded 2 times (x 72B)
Class com.google.common.collect.Sets$1                                                : loaded 2 times (x 139B)
Class org.objectweb.asm.AnnotationVisitor                                             : loaded 2 times (x 78B)
Class org.gradle.api.internal.DefaultClassPathProvider                                : loaded 2 times (x 76B)
Class org.apache.commons.io.FilenameUtils                                             : loaded 2 times (x 71B)
Class [Lcom.google.common.base.Function;                                              : loaded 2 times (x 69B)
Class com.google.common.collect.MapMakerInternalMap$Strength$1                        : loaded 2 times (x 80B)
Class com.google.common.collect.Maps$ViewCachingAbstractMap                           : loaded 2 times (x 125B)
Class com.google.common.collect.Sets$2                                                : loaded 2 times (x 139B)
Class [Lorg.gradle.api.internal.ClassPathProvider;                                    : loaded 2 times (x 69B)
Class org.gradle.api.internal.ClassPathProvider                                       : loaded 2 times (x 70B)
Class com.google.common.collect.MapMakerInternalMap$Strength$2                        : loaded 2 times (x 80B)
Class com.google.common.base.AbstractIterator$State                                   : loaded 2 times (x 79B)
Class com.google.common.reflect.Types$ClassOwnership$1                                : loaded 2 times (x 80B)
Class [Lorg.objectweb.asm.AnnotationVisitor;                                          : loaded 2 times (x 69B)
Class com.google.common.collect.Sets$3                                                : loaded 2 times (x 139B)
Class com.google.common.cache.LocalCache$LocalLoadingCache                            : loaded 2 times (x 134B)
Class org.gradle.internal.service.UnknownServiceException                             : loaded 2 times (x 83B)
Class com.google.common.io.ByteArrayDataInput                                         : loaded 2 times (x 70B)
Class [Lorg.apache.commons.io.IOCase;                                                 : loaded 2 times (x 69B)
Class com.google.common.collect.MapMakerInternalMap$StrongValueEntry                  : loaded 2 times (x 70B)
Class com.google.common.reflect.Types$ClassOwnership$2                                : loaded 2 times (x 80B)
Class com.google.common.reflect.TypeResolver                                          : loaded 2 times (x 72B)
Class com.google.common.collect.Sets$4                                                : loaded 2 times (x 139B)
Class org.objectweb.asm.ModuleVisitor                                                 : loaded 2 times (x 81B)
Class com.google.common.cache.LocalCache$Strength$1                                   : loaded 2 times (x 81B)
Class com.google.common.collect.Collections2$FilteredCollection                       : loaded 2 times (x 119B)
Class com.google.common.reflect.Types$ClassOwnership$3                                : loaded 2 times (x 71B)
Class org.apache.commons.io.output.QueueOutputStream                                  : loaded 2 times (x 87B)
Class com.google.common.util.concurrent.SettableFuture                                : loaded 2 times (x 114B)
Class com.google.common.cache.LocalCache$Strength$2                                   : loaded 2 times (x 81B)
Class com.google.common.io.ByteStreams                                                : loaded 2 times (x 71B)
Class org.apache.commons.io.IOCase                                                    : loaded 2 times (x 80B)
Class [Lcom.google.common.collect.Maps$EntryFunction;                                 : loaded 2 times (x 69B)
Class com.google.common.collect.Interners$InternerImpl                                : loaded 2 times (x 75B)
Class com.google.common.collect.Interner                                              : loaded 2 times (x 70B)
Class com.google.common.collect.TransformedIterator                                   : loaded 2 times (x 80B)
Class com.google.common.base.Splitter$1                                               : loaded 2 times (x 77B)
Class com.google.common.cache.LocalCache$Strength$3                                   : loaded 2 times (x 81B)
Class com.google.common.collect.MapDifference                                         : loaded 2 times (x 70B)
Class com.google.common.collect.MapMaker$Dummy                                        : loaded 2 times (x 79B)
Class com.google.common.reflect.Invokable                                             : loaded 2 times (x 103B)
Class org.objectweb.asm.FieldWriter                                                   : loaded 2 times (x 78B)
Class com.google.common.cache.CacheBuilder$NullListener                               : loaded 2 times (x 82B)
Class org.gradle.internal.classpath.TransformedClassPath                              : loaded 2 times (x 96B)
Class org.gradle.internal.classloader.InstrumentingClassLoader                        : loaded 2 times (x 70B)
Class org.apache.commons.io.filefilter.AbstractFileFilter                             : loaded 2 times (x 121B)
Class com.google.common.collect.Maps$IteratorBasedAbstractMap$1                       : loaded 2 times (x 138B)
Class com.google.common.reflect.Types$ParameterizedTypeImpl                           : loaded 2 times (x 81B)
Class org.apache.commons.io.output.UnsynchronizedByteArrayOutputStream                : loaded 2 times (x 102B)
Class com.google.common.cache.CacheLoader$FunctionToCacheLoader                       : loaded 2 times (x 75B)
Class com.google.common.collect.Iterators$ArrayItr                                    : loaded 2 times (x 97B)
Class com.google.common.collect.ImmutableCollection$Builder                           : loaded 2 times (x 76B)
Class com.google.common.collect.BaseImmutableMultimap                                 : loaded 2 times (x 123B)
Class com.google.common.reflect.TypeResolver$TypeVariableKey                          : loaded 2 times (x 72B)
Class org.apache.commons.io.output.ByteArrayOutputStream                              : loaded 2 times (x 102B)
Class com.google.common.base.Joiner                                                   : loaded 2 times (x 79B)
Class com.google.common.base.MoreObjects                                              : loaded 2 times (x 71B)
Class com.google.common.collect.Platform                                              : loaded 2 times (x 71B)
Class [Lorg.objectweb.asm.Type;                                                       : loaded 2 times (x 69B)
Class com.google.common.collect.UnmodifiableIterator                                  : loaded 2 times (x 80B)
Class org.gradle.internal.service.ServiceLocator                                      : loaded 2 times (x 70B)
Class org.apache.commons.io.FileExistsException                                       : loaded 2 times (x 82B)
Class com.google.common.collect.HashBiMap$BiEntry                                     : loaded 2 times (x 83B)
Class com.google.common.collect.SingletonImmutableBiMap                               : loaded 2 times (x 143B)
Class com.google.common.base.Ascii                                                    : loaded 2 times (x 71B)
Class com.google.common.cache.LocalCache$1                                            : loaded 2 times (x 89B)
Class com.google.common.collect.Iterators$SingletonIterator                           : loaded 2 times (x 81B)
Class com.google.common.collect.AbstractMapEntry                                      : loaded 2 times (x 81B)
Class settings_cqu13lbp78xniu3qlwonyc3q3                                              : loaded 2 times (x 171B)
Class com.google.common.collect.AbstractSetMultimap                                   : loaded 2 times (x 174B)
Class org.apache.commons.io.function.IOSupplier                                       : loaded 2 times (x 70B)
Class com.google.common.collect.MapMakerInternalMap$AbstractStrongKeyEntry            : loaded 2 times (x 80B)
Class com.google.common.reflect.TypeToken$SimpleTypeToken                             : loaded 2 times (x 73B)
Class com.google.common.collect.Sets$ImprovedAbstractSet                              : loaded 2 times (x 135B)
Class com.google.common.collect.ImmutableList$Builder                                 : loaded 2 times (x 77B)
Class com.google.common.collect.AbstractMultimap                                      : loaded 2 times (x 123B)
Class com.google.common.cache.LocalCache$2                                            : loaded 2 times (x 142B)
Class com.google.common.collect.RegularImmutableAsList                                : loaded 2 times (x 217B)
Class com.google.common.base.Optional                                                 : loaded 2 times (x 80B)
Class com.google.common.util.concurrent.AbstractFuture$Trusted                        : loaded 2 times (x 70B)
Class com.google.common.collect.Iterators                                             : loaded 2 times (x 71B)
Class com.google.common.io.ByteSink$AsCharSink                                        : loaded 2 times (x 80B)
Class com.google.common.collect.Lists$StringAsImmutableList                           : loaded 2 times (x 207B)
Class com.google.common.util.concurrent.UncheckedExecutionException                   : loaded 2 times (x 82B)
Class com.google.common.collect.HashMultimapGwtSerializationDependencies              : loaded 2 times (x 174B)
Class com.google.common.collect.AbstractMapBasedMultimap$KeySet$1                     : loaded 2 times (x 82B)
Class org.objectweb.asm.ClassWriter                                                   : loaded 2 times (x 106B)
Class com.google.common.base.CharMatcher$And                                          : loaded 2 times (x 112B)
Class com.google.common.cache.CacheLoader$UnsupportedLoadingOperationException        : loaded 2 times (x 82B)
Class org.gradle.internal.classloader.ClasspathUtil$1                                 : loaded 2 times (x 76B)
Class com.google.common.collect.FluentIterable$1                                      : loaded 2 times (x 81B)
Class com.google.common.base.Objects                                                  : loaded 2 times (x 71B)
Class org.objectweb.asm.FieldVisitor                                                  : loaded 2 times (x 77B)
Class com.google.common.collect.IndexedImmutableSet                                   : loaded 2 times (x 152B)
Class com.google.common.collect.ImmutableMap$1                                        : loaded 2 times (x 81B)
Class com.google.common.collect.BiMap                                                 : loaded 2 times (x 70B)
Class org.gradle.api.internal.classpath.DefaultModuleRegistry$DefaultModule           : loaded 2 times (x 86B)
Class com.google.common.base.Absent                                                   : loaded 2 times (x 80B)
Class com.google.common.collect.FluentIterable$2                                      : loaded 2 times (x 81B)
Class com.google.common.reflect.Reflection                                            : loaded 2 times (x 71B)
Class com.google.common.primitives.Ints                                               : loaded 2 times (x 71B)
Class com.google.common.collect.AbstractIterator                                      : loaded 2 times (x 82B)
Class com.google.common.collect.FluentIterable$3                                      : loaded 2 times (x 81B)
Class com.google.common.collect.ObjectArrays                                          : loaded 2 times (x 71B)
Class com.google.common.math.MathPreconditions                                        : loaded 2 times (x 71B)
Class com.google.common.collect.Multiset                                              : loaded 2 times (x 70B)
Class com.google.common.collect.ArrayListMultimapGwtSerializationDependencies         : loaded 2 times (x 172B)
Class com.google.common.collect.AbstractIndexedListIterator                           : loaded 2 times (x 96B)
Class org.apache.commons.io.output.NullOutputStream                                   : loaded 2 times (x 85B)
Class com.google.common.collect.ImmutableMapEntrySet                                  : loaded 2 times (x 152B)
Class org.gradle.api.internal.classpath.Module                                        : loaded 2 times (x 70B)
Class com.google.common.cache.Weigher                                                 : loaded 2 times (x 70B)
Class org.gradle.api.internal.classpath.UnknownModuleException                        : loaded 2 times (x 82B)
Class com.google.common.base.Stopwatch                                                : loaded 2 times (x 72B)
Class com.google.common.cache.LocalCache$Strength                                     : loaded 2 times (x 81B)
Class com.google.common.cache.Cache                                                   : loaded 2 times (x 70B)
Class org.apache.commons.io.filefilter.IOFileFilter                                   : loaded 2 times (x 70B)
Class com.google.common.base.NullnessCasts                                            : loaded 2 times (x 71B)
Class com.google.common.util.concurrent.AbstractFuture$Cancellation                   : loaded 2 times (x 72B)
Class com.google.common.collect.ImmutableMap$Builder                                  : loaded 2 times (x 82B)
Class com.google.common.collect.Maps$EntryFunction$1                                  : loaded 2 times (x 91B)
Class com.google.common.collect.AbstractMapBasedMultimap$WrappedCollection$WrappedIterator: loaded 2 times (x 84B)
Class com.google.common.base.Present                                                  : loaded 2 times (x 81B)
Class com.google.common.cache.RemovalListener                                         : loaded 2 times (x 70B)
Class org.gradle.api.internal.DefaultClassPathRegistry                                : loaded 2 times (x 76B)
Class org.apache.commons.io.file.DeleteOption                                         : loaded 2 times (x 70B)
Class com.google.common.collect.Maps$EntryFunction$2                                  : loaded 2 times (x 91B)
Class com.google.common.reflect.Invokable$ConstructorInvokable                        : loaded 2 times (x 107B)
Class com.google.common.primitives.IntsMethodsForWeb                                  : loaded 2 times (x 71B)
Class com.google.common.collect.Multimap                                              : loaded 2 times (x 70B)
Class org.gradle.api.internal.ClassPathRegistry                                       : loaded 2 times (x 70B)
Class org.gradle.internal.classpath.DefaultClassPath$ImmutableUniqueList              : loaded 2 times (x 199B)
Class com.google.common.collect.NullnessCasts                                         : loaded 2 times (x 71B)
Class com.google.common.collect.MapMakerInternalMap$Segment                           : loaded 2 times (x 142B)
Class com.google.common.reflect.TypeToken                                             : loaded 2 times (x 73B)
Class com.google.common.base.ExtraObjectsMethodsForWeb                                : loaded 2 times (x 71B)
Class org.apache.commons.io.IOUtils                                                   : loaded 2 times (x 71B)
Class com.google.common.cache.RemovalCause                                            : loaded 2 times (x 80B)
Class com.google.common.io.ByteSink                                                   : loaded 2 times (x 76B)
Class com.google.common.cache.CacheBuilder                                            : loaded 2 times (x 72B)
Class com.google.common.collect.SingletonImmutableList                                : loaded 2 times (x 207B)
Class org.gradle.internal.classpath.ClassPath                                         : loaded 2 times (x 70B)
Class com.google.common.collect.Interners$InternerBuilder                             : loaded 2 times (x 76B)
Class com.google.common.io.Files$FileByteSource                                       : loaded 2 times (x 85B)
Class [Lcom.google.common.reflect.Types$JavaVersion;                                  : loaded 2 times (x 69B)
Class com.google.common.base.JdkPattern                                               : loaded 2 times (x 75B)
Class com.google.common.collect.ImmutableList$ReverseImmutableList                    : loaded 2 times (x 209B)
Class org.objectweb.asm.SymbolTable$Entry                                             : loaded 2 times (x 74B)
Class org.objectweb.asm.Edge                                                          : loaded 2 times (x 72B)
Class com.google.common.base.Suppliers$SupplierOfInstance                             : loaded 2 times (x 79B)
Class com.google.common.collect.Iterators$1                                           : loaded 2 times (x 81B)
Class com.google.common.reflect.TypeToken$1                                           : loaded 2 times (x 110B)
Class com.google.common.cache.LocalCache$ComputingValueReference                      : loaded 2 times (x 96B)
Class com.google.common.collect.SingletonImmutableSet                                 : loaded 2 times (x 146B)
Class com.google.common.collect.ImmutableMap$IteratorBasedImmutableMap                : loaded 2 times (x 126B)
Class build_vum9lm4dgnnr9clfhb7twf98                                                  : loaded 2 times (x 172B)
Class com.google.common.reflect.TypeToken$2                                           : loaded 2 times (x 110B)
Class com.google.common.cache.LocalCache$Segment                                      : loaded 2 times (x 154B)
Class com.google.common.collect.AbstractListMultimap                                  : loaded 2 times (x 172B)
Class [Lorg.objectweb.asm.SymbolTable$Entry;                                          : loaded 2 times (x 69B)
Class com.google.common.cache.CacheLoader                                             : loaded 2 times (x 74B)
Class com.google.common.collect.Iterators$4                                           : loaded 2 times (x 82B)
Class com.google.common.collect.ImmutableBiMap                                        : loaded 2 times (x 143B)
Class org.gradle.api.internal.classpath.ModuleRegistry                                : loaded 2 times (x 70B)
Class org.gradle.internal.installation.GradleInstallation$1                           : loaded 2 times (x 75B)
Class com.google.common.base.Splitter$SplittingIterator                               : loaded 2 times (x 84B)
Class org.apache.commons.io.output.NullWriter                                         : loaded 2 times (x 99B)
Class com.google.common.collect.ImmutableSet$JdkBackedSetBuilderImpl                  : loaded 2 times (x 76B)
Class com.google.common.util.concurrent.internal.InternalFutureFailureAccess          : loaded 2 times (x 72B)
Class com.google.common.collect.Iterators$5                                           : loaded 2 times (x 82B)
Class com.google.common.collect.Iterators$6                                           : loaded 2 times (x 81B)
Class com.google.common.collect.HashBiMap$Inverse                                     : loaded 2 times (x 142B)
Class com.google.common.base.CharMatcher$ForPredicate                                 : loaded 2 times (x 112B)
Class com.google.common.cache.LocalCache$LocalManualCache$1                           : loaded 2 times (x 75B)
Class com.google.common.base.CharMatcher$AnyOf                                        : loaded 2 times (x 112B)
Class com.google.common.collect.ImmutableCollection                                   : loaded 2 times (x 125B)
Class org.gradle.api.internal.classpath.DefaultModuleRegistry                         : loaded 2 times (x 86B)
Class com.google.common.collect.Lists                                                 : loaded 2 times (x 71B)
Class com.google.common.util.concurrent.ListenableFuture                              : loaded 2 times (x 70B)
Class com.google.common.cache.ReferenceEntry                                          : loaded 2 times (x 70B)
Class com.google.common.base.Converter                                                : loaded 2 times (x 90B)
Class com.google.common.collect.ImmutableSet$CachingAsList                            : loaded 2 times (x 148B)
Class com.google.common.collect.AbstractMapBasedMultimap                              : loaded 2 times (x 139B)
Class com.google.common.util.concurrent.AbstractFuture                                : loaded 2 times (x 106B)
Class com.google.common.base.FunctionalEquivalence                                    : loaded 2 times (x 83B)
Class com.google.common.collect.Iterators$9                                           : loaded 2 times (x 81B)
Class com.google.common.collect.ImmutableAsList                                       : loaded 2 times (x 209B)
Class com.google.common.reflect.TypeResolver$TypeTable                                : loaded 2 times (x 73B)
Class org.objectweb.asm.RecordComponentVisitor                                        : loaded 2 times (x 77B)
Class com.google.common.cache.CacheLoader$SupplierToCacheLoader                       : loaded 2 times (x 75B)
Class com.google.common.reflect.TypeResolver$TypeTable$1                              : loaded 2 times (x 73B)
Class com.google.common.collect.Maps$EntryTransformer                                 : loaded 2 times (x 70B)
Class org.gradle.internal.service.ServiceLookupException                              : loaded 2 times (x 82B)
Class com.google.common.collect.Lists$ReverseList                                     : loaded 2 times (x 200B)
Class [Lcom.google.common.cache.LocalCache$EntryFactory;                              : loaded 2 times (x 69B)
Class org.gradle.internal.classloader.ClassLoaderFactory                              : loaded 2 times (x 70B)
Class [Lorg.apache.commons.io.FileSystem;                                             : loaded 2 times (x 69B)
Class com.google.common.collect.ImmutableMap$SerializedForm                           : loaded 2 times (x 73B)
Class org.apache.commons.io.CloseableURLConnection                                    : loaded 2 times (x 116B)
Class com.google.common.base.CommonPattern                                            : loaded 2 times (x 74B)
Class com.google.common.base.CharMatcher$IsNot                                        : loaded 2 times (x 111B)
Class com.google.common.cache.LocalCache$LocalManualCache                             : loaded 2 times (x 99B)
Class org.gradle.internal.service.CachingServiceLocator                               : loaded 2 times (x 82B)
Class org.apache.commons.io.filefilter.ConditionalFileFilter                          : loaded 2 times (x 70B)
Class com.google.common.collect.AbstractMapBasedMultimap$KeySet                       : loaded 2 times (x 137B)
Class com.google.common.math.IntMath                                                  : loaded 2 times (x 71B)
Class com.google.common.collect.MapMakerInternalMap$InternalEntry                     : loaded 2 times (x 70B)
Class com.google.common.reflect.Types$TypeVariableInvocationHandler                   : loaded 2 times (x 75B)
Class [Lcom.google.common.collect.HashBiMap$BiEntry;                                  : loaded 2 times (x 69B)
Class com.google.common.collect.ImmutableMapEntry                                     : loaded 2 times (x 85B)
Class com.google.common.base.Predicates                                               : loaded 2 times (x 71B)
Class com.google.common.collect.ImmutableMultimap                                     : loaded 2 times (x 147B)
Class com.google.common.base.Equivalence                                              : loaded 2 times (x 82B)
Class com.google.common.base.Function                                                 : loaded 2 times (x 70B)
Class com.google.common.collect.ImmutableMapEntry$NonTerminalImmutableMapEntry        : loaded 2 times (x 85B)
Class org.apache.commons.io.output.AbstractByteArrayOutputStream                      : loaded 2 times (x 102B)
Class com.google.common.collect.IndexedImmutableSet$1                                 : loaded 2 times (x 213B)
Class com.google.common.cache.CacheBuilder$OneWeigher                                 : loaded 2 times (x 82B)
Class com.google.common.collect.RegularImmutableList                                  : loaded 2 times (x 213B)
Class com.google.common.collect.Maps$EntryFunction                                    : loaded 2 times (x 91B)
Class com.google.common.reflect.Types$ClassOwnership$1LocalClass                      : loaded 2 times (x 71B)
Class org.gradle.internal.classloader.ClasspathUtil                                   : loaded 2 times (x 71B)
Class com.google.common.util.concurrent.Uninterruptibles                              : loaded 2 times (x 71B)
Class com.google.common.collect.AbstractMapBasedMultimap$WrappedSet                   : loaded 2 times (x 142B)
Class com.google.common.util.concurrent.LazyLogger                                    : loaded 2 times (x 72B)
Class com.google.common.collect.Maps                                                  : loaded 2 times (x 71B)
Class org.gradle.api.specs.Spec                                                       : loaded 2 times (x 70B)
Class com.google.common.collect.MapMaker                                              : loaded 2 times (x 72B)
Class org.apache.commons.io.file.PathFilter                                           : loaded 2 times (x 70B)
Class com.google.common.reflect.Types$JavaVersion                                     : loaded 2 times (x 83B)
Class [Lcom.google.common.collect.ImmutableEntry;                                     : loaded 2 times (x 69B)
Class com.google.common.cache.LocalCache$LoadingValueReference                        : loaded 2 times (x 96B)
Class org.apache.commons.io.filefilter.AndFileFilter                                  : loaded 2 times (x 132B)
Class com.google.common.collect.MapMakerInternalMap$StrongKeyDummyValueEntry          : loaded 2 times (x 82B)
Class com.google.common.reflect.Invokable$MethodInvokable                             : loaded 2 times (x 107B)
Class com.google.common.base.Platform                                                 : loaded 2 times (x 71B)
Class com.google.common.collect.AbstractMapBasedMultimap$WrappedList                  : loaded 2 times (x 205B)
Class [Lorg.objectweb.asm.AnnotationWriter;                                           : loaded 2 times (x 69B)
Class com.google.common.collect.Maps$8                                                : loaded 2 times (x 82B)
Class com.google.common.base.Predicates$CompositionPredicate                          : loaded 2 times (x 88B)
Class [Lcom.google.common.collect.Iterators$EmptyModifiableIterator;                  : loaded 2 times (x 69B)
Class com.google.common.collect.Lists$ReverseList$1                                   : loaded 2 times (x 99B)
Class com.google.common.collect.Sets$SetView                                          : loaded 2 times (x 138B)
Class com.google.common.cache.LocalCache$StrongValueReference                         : loaded 2 times (x 90B)
Class com.google.common.graph.SuccessorsFunction                                      : loaded 2 times (x 70B)
Class org.objectweb.asm.Type                                                          : loaded 2 times (x 72B)
Class org.gradle.internal.classloader.VisitableURLClassLoader$InstrumentingVisitableURLClassLoader: loaded 2 times (x 123B)
Class com.google.common.collect.MapMakerInternalMap$StrongKeyDummyValueEntry$Helper   : loaded 2 times (x 79B)
Class org.apache.commons.io.FileUtils                                                 : loaded 2 times (x 71B)
Class com.google.common.io.Files$FileByteSink                                         : loaded 2 times (x 77B)
Class com.google.common.math.IntMath$1                                                : loaded 2 times (x 71B)
Class org.objectweb.asm.ByteVector                                                    : loaded 2 times (x 79B)
Class [Lcom.google.common.cache.CacheBuilder$NullListener;                            : loaded 2 times (x 69B)
Class org.gradle.internal.classloader.VisitableURLClassLoader$Spec                    : loaded 2 times (x 74B)
Class org.gradle.internal.classpath.DefaultClassPath                                  : loaded 2 times (x 90B)
Class com.google.common.base.AbstractIterator                                         : loaded 2 times (x 80B)
Class com.google.common.reflect.Types$ClassOwnership                                  : loaded 2 times (x 80B)
Class org.objectweb.asm.Symbol                                                        : loaded 2 times (x 73B)
Class com.google.common.collect.Sets$FilteredSet                                      : loaded 2 times (x 137B)
Class com.google.common.io.Closer                                                     : loaded 2 times (x 78B)
Class com.google.common.base.CharMatcher$BitSetMatcher                                : loaded 2 times (x 112B)
Class com.google.common.collect.RegularImmutableMap$Values                            : loaded 2 times (x 207B)
Class com.google.common.collect.ImmutableSet                                          : loaded 2 times (x 145B)
Class org.gradle.internal.classloader.ClassLoaderSpec                                 : loaded 2 times (x 71B)
Class org.objectweb.asm.AnnotationWriter                                              : loaded 2 times (x 79B)
Class com.google.common.cache.CacheStats                                              : loaded 2 times (x 71B)
Class com.google.common.collect.Interners                                             : loaded 2 times (x 71B)
Class com.google.common.io.Closer$Suppressor                                          : loaded 2 times (x 70B)
Class com.google.common.io.LineProcessor                                              : loaded 2 times (x 70B)
Class org.objectweb.asm.RecordComponentWriter                                         : loaded 2 times (x 78B)
Class com.google.common.util.concurrent.AbstractFuture$Listener                       : loaded 2 times (x 72B)
Class com.google.common.base.CharMatcher$Or                                           : loaded 2 times (x 112B)
Class org.objectweb.asm.Attribute                                                     : loaded 2 times (x 77B)
Class com.google.common.base.Supplier                                                 : loaded 2 times (x 70B)
Class org.gradle.internal.classloader.VisitableURLClassLoader                         : loaded 2 times (x 117B)
Class org.apache.commons.io.file.PathVisitor                                          : loaded 2 times (x 70B)
Class com.google.common.collect.ImmutableList$SerializedForm                          : loaded 2 times (x 73B)
Class org.gradle.internal.Cast                                                        : loaded 2 times (x 71B)
Class org.gradle.api.Action                                                           : loaded 2 times (x 70B)
Class com.google.common.collect.MapMakerInternalMap                                   : loaded 2 times (x 161B)
Class com.google.common.collect.HashBiMap                                             : loaded 2 times (x 143B)
Class com.google.common.base.Strings                                                  : loaded 2 times (x 71B)
Class com.google.common.collect.Sets                                                  : loaded 2 times (x 71B)
Class org.objectweb.asm.Handler                                                       : loaded 2 times (x 72B)
Class com.google.common.base.CharMatcher$FastMatcher                                  : loaded 2 times (x 111B)
Class com.google.common.base.Ticker                                                   : loaded 2 times (x 72B)
Class com.google.common.cache.RemovalCause$1                                          : loaded 2 times (x 80B)
Class [Lcom.google.common.cache.LocalCache$Segment;                                   : loaded 2 times (x 69B)
Class com.google.common.base.Predicate                                                : loaded 2 times (x 70B)
Class [Lcom.google.common.cache.LocalCache$Strength;                                  : loaded 2 times (x 69B)
Class com.google.common.cache.CacheBuilder$1                                          : loaded 2 times (x 85B)
Class com.google.common.collect.ImmutableMap                                          : loaded 2 times (x 120B)
Class org.gradle.internal.classpath.DefaultClassPath$ImmutableUniqueList$Builder      : loaded 2 times (x 75B)
Class com.google.common.cache.RemovalCause$2                                          : loaded 2 times (x 80B)
Class com.google.common.collect.MapMakerInternalMap$WeakValueReference                : loaded 2 times (x 70B)
Class com.google.common.base.CharMatcher$NegatedFastMatcher                           : loaded 2 times (x 113B)
Class com.google.common.cache.LocalCache                                              : loaded 2 times (x 187B)
Class com.google.common.cache.CacheBuilder$2                                          : loaded 2 times (x 79B)
Class com.google.common.cache.RemovalCause$3                                          : loaded 2 times (x 80B)
Class com.google.common.collect.ArrayListMultimap                                     : loaded 2 times (x 172B)
Class com.google.common.cache.CacheBuilder$3                                          : loaded 2 times (x 72B)
Class [Lcom.google.common.collect.AbstractMapEntry;                                   : loaded 2 times (x 69B)
Class com.google.common.collect.ImmutableEntry                                        : loaded 2 times (x 82B)
Class org.gradle.api.GradleException                                                  : loaded 2 times (x 82B)
Class com.google.common.base.Suppliers$MemoizingSupplier                              : loaded 2 times (x 79B)
Class com.google.common.cache.RemovalCause$4                                          : loaded 2 times (x 80B)
Class org.apache.commons.io.StandardLineSeparator                                     : loaded 2 times (x 79B)
Class com.google.common.collect.CollectPreconditions                                  : loaded 2 times (x 71B)
Class com.google.common.cache.RemovalCause$5                                          : loaded 2 times (x 80B)
Class com.google.common.collect.Maps$AbstractFilteredMap                              : loaded 2 times (x 127B)
Class [Lcom.google.common.collect.MapMakerInternalMap$Strength;                       : loaded 2 times (x 69B)
Class [Lcom.google.common.io.FileWriteMode;                                           : loaded 2 times (x 69B)
Class com.google.common.collect.SortedMapDifference                                   : loaded 2 times (x 70B)
Class com.google.common.collect.Iterables$4                                           : loaded 2 times (x 81B)
Class com.google.common.collect.MapMakerInternalMap$StrongKeyDummyValueSegment        : loaded 2 times (x 142B)
Class com.google.common.io.Files                                                      : loaded 2 times (x 71B)
Class com.google.common.cache.LocalCache$WriteThroughEntry                            : loaded 2 times (x 79B)
Class com.google.common.cache.LocalCache$HashIterator                                 : loaded 2 times (x 86B)
Class com.google.common.cache.LocalCache$EntryFactory                                 : loaded 2 times (x 83B)
Class [Lcom.google.common.collect.MapMaker$Dummy;                                     : loaded 2 times (x 69B)
Class com.google.common.base.CharMatcher$Whitespace                                   : loaded 2 times (x 112B)
Class com.google.common.collect.Iterables$5                                           : loaded 2 times (x 81B)
Class com.google.common.reflect.Types$NativeTypeVariableEquals                        : loaded 2 times (x 71B)
Class com.google.common.reflect.TypeParameter                                         : loaded 2 times (x 72B)
Class com.google.common.cache.LocalCache$AbstractReferenceEntry                       : loaded 2 times (x 107B)
Class org.gradle.internal.IoActions                                                   : loaded 2 times (x 71B)
Class com.google.common.collect.ImmutableMapKeySet                                    : loaded 2 times (x 152B)
Class org.objectweb.asm.SymbolTable                                                   : loaded 2 times (x 72B)
Class com.google.common.cache.CacheLoader$InvalidCacheLoadException                   : loaded 2 times (x 82B)
Class com.google.common.collect.ImmutableSet$RegularSetBuilderImpl                    : loaded 2 times (x 77B)
Class settings_cqu13lbp78xniu3qlwonyc3q3$_run_closure1                                : loaded 2 times (x 139B)
Class org.gradle.internal.classloader.SystemClassLoaderSpec                           : loaded 2 times (x 71B)
Class com.google.common.collect.FluentIterable                                        : loaded 2 times (x 81B)
Class com.google.common.cache.LocalCache$StrongEntry                                  : loaded 2 times (x 108B)
Class com.google.common.util.concurrent.AbstractFuture$TrustedFuture                  : loaded 2 times (x 114B)
Class com.google.common.cache.LoadingCache                                            : loaded 2 times (x 70B)
Class com.google.common.io.ByteStreams$LimitedInputStream                             : loaded 2 times (x 92B)
Class com.google.common.base.Suppliers$NonSerializableMemoizingSupplier               : loaded 2 times (x 79B)
Class org.objectweb.asm.MethodWriter                                                  : loaded 2 times (x 106B)
Class [Lcom.google.common.cache.Weigher;                                              : loaded 2 times (x 69B)
Class com.google.common.collect.RegularImmutableMap$BucketOverflowException           : loaded 2 times (x 82B)
Class com.google.common.collect.AbstractMapBasedMultimap$RandomAccessWrappedList      : loaded 2 times (x 205B)
Class com.google.common.collect.AbstractIterator$State                                : loaded 2 times (x 79B)
Class com.google.common.reflect.Types$JavaVersion$1                                   : loaded 2 times (x 83B)
Class com.google.common.collect.RegularImmutableBiMap                                 : loaded 2 times (x 149B)
Class com.google.common.base.CharMatcher$Negated                                      : loaded 2 times (x 113B)
Class com.google.common.base.CharMatcher$Is                                           : loaded 2 times (x 111B)
Class com.google.common.cache.LocalCache$ValueReference                               : loaded 2 times (x 70B)
Class com.google.common.reflect.Types$JavaVersion$2                                   : loaded 2 times (x 83B)
Class com.google.common.reflect.Types                                                 : loaded 2 times (x 71B)
Class com.google.common.hash.PrimitiveSink                                            : loaded 2 times (x 70B)
Class com.google.common.base.PatternCompiler                                          : loaded 2 times (x 70B)
Class com.google.common.util.concurrent.AbstractFuture$Failure                        : loaded 2 times (x 72B)
Class com.google.common.base.Equivalence$Equals                                       : loaded 2 times (x 82B)
Class com.google.common.collect.Hashing                                               : loaded 2 times (x 71B)
Class com.google.common.base.Preconditions                                            : loaded 2 times (x 71B)
Class [Lorg.apache.commons.io.file.DeleteOption;                                      : loaded 2 times (x 69B)
Class com.google.common.collect.ImmutableSetMultimap                                  : loaded 2 times (x 180B)
Class com.google.common.io.CharSink                                                   : loaded 2 times (x 79B)
Class com.google.common.reflect.Types$JavaVersion$3                                   : loaded 2 times (x 83B)
Class com.google.common.base.Joiner$1                                                 : loaded 2 times (x 80B)
Class org.objectweb.asm.Label                                                         : loaded 2 times (x 73B)
Class org.objectweb.asm.CurrentFrame                                                  : loaded 2 times (x 73B)
Class org.objectweb.asm.ClassTooLargeException                                        : loaded 2 times (x 83B)
Class com.google.common.base.CharMatcher                                              : loaded 2 times (x 111B)
Class com.google.common.collect.PeekingIterator                                       : loaded 2 times (x 70B)
Class com.google.common.collect.MapMakerInternalMap$InternalEntryHelper               : loaded 2 times (x 70B)
Class com.google.common.collect.Table                                                 : loaded 2 times (x 70B)
Class com.google.common.reflect.Types$JavaVersion$4                                   : loaded 2 times (x 83B)
Class com.google.common.collect.Maps$IteratorBasedAbstractMap                         : loaded 2 times (x 125B)
Class com.google.common.base.Joiner$2                                                 : loaded 2 times (x 79B)
Class org.objectweb.asm.Frame                                                         : loaded 2 times (x 73B)
Class org.objectweb.asm.MethodVisitor                                                 : loaded 2 times (x 105B)
Class com.google.common.base.CharMatcher$1                                            : loaded 2 times (x 113B)
Class com.google.common.base.CharMatcher$NamedFastMatcher                             : loaded 2 times (x 112B)
Class com.google.common.cache.LocalCache$EntryFactory$1                               : loaded 2 times (x 83B)
Class [Lcom.google.common.cache.RemovalListener;                                      : loaded 2 times (x 69B)
Class com.google.common.reflect.Types$JavaVersion$5                                   : loaded 2 times (x 71B)
Class [Lcom.google.common.reflect.Types$ClassOwnership;                               : loaded 2 times (x 69B)
Class com.google.common.cache.LocalCache$EntryFactory$2                               : loaded 2 times (x 83B)
Class org.gradle.api.internal.classpath.GlobalCacheRootsProvider                      : loaded 2 times (x 70B)
Class org.objectweb.asm.ModuleWriter                                                  : loaded 2 times (x 82B)
Class com.google.common.cache.LocalCache$EntryFactory$3                               : loaded 2 times (x 83B)
Class com.google.common.base.Ticker$1                                                 : loaded 2 times (x 72B)
Class com.google.common.collect.Maps$BiMapConverter                                   : loaded 2 times (x 90B)
Class com.google.common.collect.ImmutableMapEntrySet$RegularEntrySet                  : loaded 2 times (x 152B)
Class com.google.common.collect.SetMultimap                                           : loaded 2 times (x 70B)
Class com.google.common.collect.ImmutableSet$Builder                                  : loaded 2 times (x 85B)
Class com.google.common.base.CharMatcher$InRange                                      : loaded 2 times (x 111B)
Class com.google.common.cache.LocalCache$EntryFactory$4                               : loaded 2 times (x 83B)
Class com.google.common.io.ByteStreams$1                                              : loaded 2 times (x 85B)
Class com.google.common.cache.LocalCache$EntryFactory$5                               : loaded 2 times (x 83B)
Class com.google.common.collect.HashMultimap                                          : loaded 2 times (x 174B)
Class org.apache.commons.io.output.AppendableWriter                                   : loaded 2 times (x 100B)
Class com.google.common.cache.LocalCache$EntryFactory$6                               : loaded 2 times (x 83B)
Class org.gradle.internal.installation.CurrentGradleInstallationLocator               : loaded 2 times (x 71B)
Class org.apache.commons.io.output.ThresholdingOutputStream                           : loaded 2 times (x 95B)
Class com.google.common.collect.Maps$KeySet                                           : loaded 2 times (x 137B)
Class com.google.common.collect.ImmutableSet$EmptySetBuilderImpl                      : loaded 2 times (x 76B)
Class com.google.common.cache.LocalCache$EntryFactory$7                               : loaded 2 times (x 83B)
Class com.google.common.collect.ImmutableList                                         : loaded 2 times (x 206B)
Class org.gradle.internal.service.DefaultServiceLocator                               : loaded 2 times (x 83B)
Class com.google.common.cache.LocalCache$SoftValueReference                           : loaded 2 times (x 97B)
Class com.google.common.collect.Maps$EntrySet                                         : loaded 2 times (x 136B)
Class com.google.common.cache.LocalCache$EntryFactory$8                               : loaded 2 times (x 83B)
Class com.google.common.collect.ImmutableSet$SetBuilderImpl                           : loaded 2 times (x 76B)
Class org.gradle.internal.installation.CurrentGradleInstallation                      : loaded 2 times (x 73B)
Class com.google.common.cache.CacheLoader$1                                           : loaded 2 times (x 75B)
Class com.google.common.collect.ImmutableList$SubList                                 : loaded 2 times (x 209B)
Class org.gradle.util.internal.GUtil                                                  : loaded 2 times (x 71B)
Class com.google.common.io.ByteSource                                                 : loaded 2 times (x 84B)
Class com.google.common.cache.AbstractCache$StatsCounter                              : loaded 2 times (x 70B)
Class com.google.common.collect.MapMakerInternalMap$1                                 : loaded 2 times (x 83B)
Class com.google.common.reflect.Types$TypeVariableImpl                                : loaded 2 times (x 72B)
Class com.google.common.collect.Iterators$MergingIterator                             : loaded 2 times (x 81B)
Class com.google.common.collect.RegularImmutableSet                                   : loaded 2 times (x 149B)
Class org.gradle.internal.installation.GradleInstallation                             : loaded 2 times (x 75B)
Class com.google.common.base.Splitter$Strategy                                        : loaded 2 times (x 70B)
Class com.google.common.collect.Iterables                                             : loaded 2 times (x 71B)
Class com.google.common.collect.Lists$RandomAccessReverseList                         : loaded 2 times (x 200B)

---------------  S Y S T E M  ---------------

OS:
 Windows 11 , 64 bit Build 26100 (10.0.26100.8246)
OS uptime: 1 days 9:49 hours

CPU: total 12 (initial active 12) (6 cores per cpu, 2 threads per core) family 6 model 154 stepping 4 microcode 0x43b, cx8, cmov, fxsr, ht, mmx, 3dnowpref, sse, sse2, sse3, ssse3, sse4.1, sse4.2, popcnt, lzcnt, tsc, tscinvbit, avx, avx2, aes, erms, clmul, bmi1, bmi2, adx, sha, fma, vzeroupper, clflush, clflushopt, clwb, serialize, rdtscp, rdpid, fsrm, f16c, pku, cet_ibt, cet_ss
Processor Information for the first 12 processors :
  Max Mhz: 1300, Current Mhz: 1300, Mhz Limit: 1300

Memory: 4k page, system-wide physical 16068M (809M free)
TotalPageFile size 31428M (AvailPageFile size 26M)
current process WorkingSet (physical memory assigned to process): 1109M, peak: 1290M
current process commit charge ("private bytes"): 1236M, peak: 1473M

vm_info: OpenJDK 64-Bit Server VM (21.0.9+-14787801-b1163.94) for windows-amd64 JRE (21.0.9+-14787801-b1163.94), built on 2026-01-27T21:15:44Z by "builder" with MS VC++ 16.10 / 16.11 (VS2019)

END.
