#
# There is insufficient memory for the Java Runtime Environment to continue.
# Native memory allocation (mmap) failed to map 19922944 bytes. Error detail: G1 virtual space
# Possible reasons:
#   The system is out of physical RAM or swap space
#   This process is running with CompressedOops enabled, and the Java Heap may be blocking the growth of the native heap
# Possible solutions:
#   Reduce memory load on the system
#   Increase physical memory or swap space
#   Check if swap backing store is full
#   Decrease Java heap size (-Xmx/-Xms)
#   Decrease number of Java threads
#   Decrease Java thread stack sizes (-Xss)
#   Set larger code cache with -XX:ReservedCodeCacheSize=
#   JVM is running with Unscaled Compressed Oops mode in which the Java heap is
#     placed in the first 4GB address space. The Java Heap base address is the
#     maximum limit for the native heap growth. Please use -XX:HeapBaseMinAddress
#     to set the Java Heap base and to place the Java Heap above 4GB virtual address.
# This output file may be truncated or incomplete.
#
#  Out of Memory Error (os_windows.cpp:3925), pid=48044, tid=48088
#
# JRE version: OpenJDK Runtime Environment (21.0.9) (build 21.0.9+-14787801-b1163.94)
# Java VM: OpenJDK 64-Bit Server VM (21.0.9+-14787801-b1163.94, mixed mode, tiered, compressed oops, compressed class ptrs, g1 gc, windows-amd64)
# No core dump will be written. Minidumps are not enabled by default on client versions of Windows
#

---------------  S U M M A R Y ------------

Command Line: --add-opens=java.base/java.lang=ALL-UNNAMED --add-opens=java.base/java.lang.invoke=ALL-UNNAMED --add-opens=java.base/java.util=ALL-UNNAMED --add-opens=java.prefs/java.util.prefs=ALL-UNNAMED --add-exports=jdk.compiler/com.sun.tools.javac.api=ALL-UNNAMED --add-exports=jdk.compiler/com.sun.tools.javac.util=ALL-UNNAMED --add-opens=java.base/java.util=ALL-UNNAMED --add-opens=java.prefs/java.util.prefs=ALL-UNNAMED --add-opens=java.base/java.nio.charset=ALL-UNNAMED --add-opens=java.base/java.net=ALL-UNNAMED --add-opens=java.base/java.util.concurrent=ALL-UNNAMED --add-opens=java.base/java.util.concurrent.atomic=ALL-UNNAMED --add-opens=java.xml/javax.xml.namespace=ALL-UNNAMED --add-opens=java.base/java.time=ALL-UNNAMED -XX:MaxMetaspaceSize=512m -Xmx2048m -Dfile.encoding=UTF-8 -Duser.country=US -Duser.language=en -Duser.variant -javaagent:C:\Users\DELL\.gradle\wrapper\dists\gradle-9.3.1-bin\23ovyewtku6u96viwx3xl3oks\gradle-9.3.1\lib\agents\gradle-instrumentation-agent-9.3.1.jar org.gradle.launcher.daemon.bootstrap.GradleDaemon 9.3.1

Host: 12th Gen Intel(R) Core(TM) i5-1235U, 12 cores, 15G,  Windows 11 , 64 bit Build 26100 (10.0.26100.8246)
Time: Sat May  9 18:11:36 2026 SE Asia Standard Time elapsed time: 24.014034 seconds (0d 0h 0m 24s)

---------------  T H R E A D  ---------------

Current thread (0x000002437486d4c0):  VMThread "VM Thread"          [id=48088, stack(0x000000888dd00000,0x000000888de00000) (1024K)]

Stack: [0x000000888dd00000,0x000000888de00000]
Native frames: (J=compiled Java code, j=interpreted, Vv=VM code, C=native code)
V  [jvm.dll+0x6d6c99]
V  [jvm.dll+0x866b83]
V  [jvm.dll+0x8691ae]
V  [jvm.dll+0x869893]
V  [jvm.dll+0x280776]
V  [jvm.dll+0x6d3555]
V  [jvm.dll+0x6c6bea]
V  [jvm.dll+0x3587fb]
V  [jvm.dll+0x360476]
V  [jvm.dll+0x3b2646]
V  [jvm.dll+0x3b2918]
V  [jvm.dll+0x32af0c]
V  [jvm.dll+0x32d916]
V  [jvm.dll+0x3377ed]
V  [jvm.dll+0x36ef55]
V  [jvm.dll+0x86f618]
V  [jvm.dll+0x870994]
V  [jvm.dll+0x870ed0]
V  [jvm.dll+0x871163]
V  [jvm.dll+0x80f118]
V  [jvm.dll+0x6d54ed]
C  [ucrtbase.dll+0x37b0]
C  [KERNEL32.DLL+0x2e8d7]
C  [ntdll.dll+0x8c3fc]

VM_Operation (0x000000888d8ff650): G1PauseRemark, mode: safepoint, requested by thread 0x000002435cd79fd0


---------------  P R O C E S S  ---------------

Threads class SMR info:
_java_thread_list=0x000002437f568fa0, length=127, elements={
0x000002435a8e9300, 0x0000024374969480, 0x0000024374940610, 0x000002437496a2d0,
0x000002437493f1d0, 0x000002437493e060, 0x000002437498fcf0, 0x0000024374991760,
0x0000024374993d40, 0x000002437499ded0, 0x0000024379033cc0, 0x000002437a8f58a0,
0x000002437b4dda00, 0x000002437b291e10, 0x000002437b4d4b50, 0x000002437b4d5a00,
0x000002437b4a0a30, 0x000002437b4a10c0, 0x000002437b4a03a0, 0x000002437b4a1750,
0x000002437b4a1de0, 0x000002437b49e960, 0x000002437b49eff0, 0x000002437b49f680,
0x000002437d1c9a30, 0x000002437d1c8680, 0x000002437d1cade0, 0x000002437d1c8d10,
0x000002437d1c93a0, 0x000002437d1ca0c0, 0x000002437e028650, 0x000002437e026c10,
0x000002437e028ce0, 0x000002437e025860, 0x000002437e026580, 0x000002437e02bad0,
0x000002437e02c7f0, 0x000002437e02c160, 0x000002437e02a090, 0x000002437e02b440,
0x000002437e029a00, 0x000002437e02a720, 0x000002437e02adb0, 0x000002437f286410,
0x000002437f287130, 0x000002437f2884e0, 0x000002437f286aa0, 0x000002437f287e50,
0x000002437f2877c0, 0x000002437f285060, 0x000002437f288b70, 0x000002437f2856f0,
0x000002437f289200, 0x000002437f285d80, 0x000002437f28bff0, 0x000002437f289890,
0x000002437f28b2d0, 0x000002437f28ac40, 0x000002437f28b960, 0x000002437f28c680,
0x000002437f289f20, 0x000002437f28a5b0, 0x000002437f2fe100, 0x000002437f2fda70,
0x000002437f2fe790, 0x000002437f2fcd50, 0x000002437f2fee20, 0x000002437f2fd3e0,
0x000002437f2ff4b0, 0x000002437f2fc030, 0x000002437f2ffb40, 0x000002437f2fc6c0,
0x000002437f303650, 0x000002437f301580, 0x000002437f301c10, 0x0000024374c64a30,
0x0000024374c65750, 0x000002437e5edd70, 0x000002430050dd60, 0x000002430050a8e0,
0x000002437dee3190, 0x000002437dee10c0, 0x000002437dee4bd0, 0x000002437dee5260,
0x000002437dee6610, 0x000002437dee58f0, 0x000002437e7ad660, 0x000002437e7adcf0,
0x000002437e7ae380, 0x000002437e7afdc0, 0x000002437e7af730, 0x000002437e7aea10,
0x000002437e7af0a0, 0x000002437e7ac940, 0x000002437e7b0450, 0x000002437e7acfd0,
0x000002437e7b3f60, 0x000002437e7b2bb0, 0x000002437e7b1e90, 0x000002437e7b3240,
0x000002437e7b2520, 0x000002437e7b38d0, 0x000002437e7b0ae0, 0x000002437e7b1170,
0x000002437dee3820, 0x0000024374c63680, 0x0000024374c67190, 0x0000024374c63d10,
0x0000024374c67820, 0x0000024374c68540, 0x0000024374c68bd0, 0x0000024374c69260,
0x0000024374c698f0, 0x000002430050a250, 0x000002430050fe30, 0x000002437bede360,
0x000002437d963280, 0x000002437d962bf0, 0x000002437d963fa0, 0x000002437d963910,
0x000002437d961840, 0x000002437d966700, 0x000002437d967ab0, 0x000002437d9659e0,
0x000002437d966d90, 0x000002437d9687d0, 0x000002437d965350
}

Java Threads: ( => current thread )
  0x000002435a8e9300 JavaThread "main"                              [_thread_blocked, id=42824, stack(0x000000888d600000,0x000000888d700000) (1024K)]
  0x0000024374969480 JavaThread "Common-Cleaner"             daemon [_thread_blocked, id=47168, stack(0x000000888de00000,0x000000888df00000) (1024K)]
  0x0000024374940610 JavaThread "Reference Handler"          daemon [_thread_blocked, id=46312, stack(0x000000888df00000,0x000000888e000000) (1024K)]
  0x000002437496a2d0 JavaThread "Finalizer"                  daemon [_thread_blocked, id=43672, stack(0x000000888e000000,0x000000888e100000) (1024K)]
  0x000002437493f1d0 JavaThread "Signal Dispatcher"          daemon [_thread_blocked, id=45412, stack(0x000000888e100000,0x000000888e200000) (1024K)]
  0x000002437493e060 JavaThread "Attach Listener"            daemon [_thread_blocked, id=45564, stack(0x000000888e200000,0x000000888e300000) (1024K)]
  0x000002437498fcf0 JavaThread "Service Thread"             daemon [_thread_blocked, id=45652, stack(0x000000888e300000,0x000000888e400000) (1024K)]
  0x0000024374991760 JavaThread "Monitor Deflation Thread"   daemon [_thread_blocked, id=47188, stack(0x000000888e400000,0x000000888e500000) (1024K)]
  0x0000024374993d40 JavaThread "C2 CompilerThread0"         daemon [_thread_blocked, id=45060, stack(0x000000888e500000,0x000000888e600000) (1024K)]
  0x000002437499ded0 JavaThread "C1 CompilerThread0"         daemon [_thread_blocked, id=46396, stack(0x000000888e600000,0x000000888e700000) (1024K)]
  0x0000024379033cc0 JavaThread "Notification Thread"        daemon [_thread_blocked, id=47964, stack(0x000000888e700000,0x000000888e800000) (1024K)]
  0x000002437a8f58a0 JavaThread "Daemon health stats"               [_thread_blocked, id=46920, stack(0x000000888ee00000,0x000000888ef00000) (1024K)]
  0x000002437b4dda00 JavaThread "Incoming local TCP Connector on port 61029"        [_thread_in_native, id=46824, stack(0x000000888ef00000,0x000000888f000000) (1024K)]
  0x000002437b291e10 JavaThread "Daemon periodic checks"            [_thread_blocked, id=23720, stack(0x000000888f000000,0x000000888f100000) (1024K)]
  0x000002437b4d4b50 JavaThread "Daemon"                            [_thread_blocked, id=18668, stack(0x000000888f100000,0x000000888f200000) (1024K)]
  0x000002437b4d5a00 JavaThread "Handler for socket connection from /127.0.0.1:61029 to /127.0.0.1:61030"        [_thread_in_native, id=47460, stack(0x000000888f200000,0x000000888f300000) (1024K)]
  0x000002437b4a0a30 JavaThread "Cancel handler"                    [_thread_blocked, id=41204, stack(0x000000888f300000,0x000000888f400000) (1024K)]
  0x000002437b4a10c0 JavaThread "Daemon worker"                     [_thread_blocked, id=45072, stack(0x000000888f400000,0x000000888f500000) (1024K)]
  0x000002437b4a03a0 JavaThread "Asynchronous log dispatcher for DefaultDaemonConnection: socket connection from /127.0.0.1:61029 to /127.0.0.1:61030"        [_thread_blocked, id=43608, stack(0x000000888f500000,0x000000888f600000) (1024K)]
  0x000002437b4a1750 JavaThread "Stdin handler"                     [_thread_blocked, id=7608, stack(0x000000888f600000,0x000000888f700000) (1024K)]
  0x000002437b4a1de0 JavaThread "Daemon client event forwarder"        [_thread_blocked, id=46744, stack(0x000000888f700000,0x000000888f800000) (1024K)]
  0x000002437b49e960 JavaThread "Cache worker for journal cache (C:\Users\DELL\.gradle\caches\journal-1)"        [_thread_blocked, id=41412, stack(0x000000888fe00000,0x000000888ff00000) (1024K)]
  0x000002437b49eff0 JavaThread "File lock request listener"        [_thread_in_native, id=47952, stack(0x000000888ff00000,0x0000008890000000) (1024K)]
  0x000002437b49f680 JavaThread "Cache worker for file hash cache (C:\Users\DELL\.gradle\caches\9.3.1\fileHashes)"        [_thread_blocked, id=43752, stack(0x0000008890000000,0x0000008890100000) (1024K)]
  0x000002437d1c9a30 JavaThread "Cache worker for file hash cache (D:\MEox\UITer\DOAN\Mosco_Megre\Mosco\client\.gradle\9.3.1\fileHashes)"        [_thread_blocked, id=47956, stack(0x0000008890100000,0x0000008890200000) (1024K)]
  0x000002437d1c8680 JavaThread "Cache worker for Build Output Cleanup Cache (D:\MEox\UITer\DOAN\Mosco_Megre\Mosco\client\.gradle\buildOutputCleanup)"        [_thread_blocked, id=45836, stack(0x0000008890200000,0x0000008890300000) (1024K)]
  0x000002437d1cade0 JavaThread "File watcher server"        daemon [_thread_blocked, id=47656, stack(0x0000008890300000,0x0000008890400000) (1024K)]
  0x000002437d1c8d10 JavaThread "File watcher consumer"      daemon [_thread_blocked, id=48008, stack(0x0000008890400000,0x0000008890500000) (1024K)]
  0x000002437d1c93a0 JavaThread "Cache worker for checksums cache (D:\MEox\UITer\DOAN\Mosco_Megre\Mosco\client\.gradle\9.3.1\checksums)"        [_thread_blocked, id=42572, stack(0x0000008890500000,0x0000008890600000) (1024K)]
  0x000002437d1ca0c0 JavaThread "Cache worker for file content cache (C:\Users\DELL\.gradle\caches\9.3.1\fileContent)"        [_thread_blocked, id=47216, stack(0x0000008890600000,0x0000008890700000) (1024K)]
  0x000002437e028650 JavaThread "Cache worker for cache directory md-supplier (C:\Users\DELL\.gradle\caches\9.3.1\md-supplier)"        [_thread_blocked, id=45924, stack(0x0000008890700000,0x0000008890800000) (1024K)]
  0x000002437e026c10 JavaThread "Cache worker for cache directory md-rule (C:\Users\DELL\.gradle\caches\9.3.1\md-rule)"        [_thread_blocked, id=43768, stack(0x0000008890800000,0x0000008890900000) (1024K)]
  0x000002437e028ce0 JavaThread "jar transforms"                    [_thread_blocked, id=46324, stack(0x0000008890a00000,0x0000008890b00000) (1024K)]
  0x000002437e025860 JavaThread "Unconstrained build operations"        [_thread_blocked, id=47300, stack(0x0000008890b00000,0x0000008890c00000) (1024K)]
  0x000002437e026580 JavaThread "Unconstrained build operations Thread 2"        [_thread_blocked, id=43072, stack(0x0000008890c00000,0x0000008890d00000) (1024K)]
  0x000002437e02bad0 JavaThread "Unconstrained build operations Thread 3"        [_thread_blocked, id=34312, stack(0x0000008890d00000,0x0000008890e00000) (1024K)]
  0x000002437e02c7f0 JavaThread "jar transforms Thread 2"           [_thread_blocked, id=44348, stack(0x0000008890e00000,0x0000008890f00000) (1024K)]
  0x000002437e02c160 JavaThread "Problems report writer"            [_thread_blocked, id=43912, stack(0x0000008890f00000,0x0000008891000000) (1024K)]
  0x000002437e02a090 JavaThread "jar transforms Thread 3"           [_thread_blocked, id=47452, stack(0x0000008891000000,0x0000008891100000) (1024K)]
  0x000002437e02b440 JavaThread "Unconstrained build operations Thread 4"        [_thread_blocked, id=47612, stack(0x0000008891100000,0x0000008891200000) (1024K)]
  0x000002437e029a00 JavaThread "Unconstrained build operations Thread 5"        [_thread_blocked, id=47292, stack(0x0000008891200000,0x0000008891300000) (1024K)]
  0x000002437e02a720 JavaThread "Unconstrained build operations Thread 6"        [_thread_blocked, id=34324, stack(0x0000008891300000,0x0000008891400000) (1024K)]
  0x000002437e02adb0 JavaThread "Unconstrained build operations Thread 7"        [_thread_blocked, id=41740, stack(0x0000008891400000,0x0000008891500000) (1024K)]
  0x000002437f286410 JavaThread "Unconstrained build operations Thread 8"        [_thread_blocked, id=47288, stack(0x0000008891500000,0x0000008891600000) (1024K)]
  0x000002437f287130 JavaThread "Unconstrained build operations Thread 9"        [_thread_blocked, id=47328, stack(0x0000008891600000,0x0000008891700000) (1024K)]
  0x000002437f2884e0 JavaThread "Unconstrained build operations Thread 10"        [_thread_blocked, id=47296, stack(0x0000008891700000,0x0000008891800000) (1024K)]
  0x000002437f286aa0 JavaThread "Unconstrained build operations Thread 11"        [_thread_blocked, id=26336, stack(0x0000008891800000,0x0000008891900000) (1024K)]
  0x000002437f287e50 JavaThread "Unconstrained build operations Thread 12"        [_thread_blocked, id=46720, stack(0x0000008891900000,0x0000008891a00000) (1024K)]
  0x000002437f2877c0 JavaThread "Unconstrained build operations Thread 13"        [_thread_blocked, id=45316, stack(0x0000008891a00000,0x0000008891b00000) (1024K)]
  0x000002437f285060 JavaThread "Unconstrained build operations Thread 14"        [_thread_blocked, id=47268, stack(0x0000008891b00000,0x0000008891c00000) (1024K)]
  0x000002437f288b70 JavaThread "Unconstrained build operations Thread 15"        [_thread_blocked, id=41132, stack(0x0000008891c00000,0x0000008891d00000) (1024K)]
  0x000002437f2856f0 JavaThread "Unconstrained build operations Thread 16"        [_thread_blocked, id=47928, stack(0x0000008891d00000,0x0000008891e00000) (1024K)]
  0x000002437f289200 JavaThread "Unconstrained build operations Thread 17"        [_thread_blocked, id=42240, stack(0x0000008891e00000,0x0000008891f00000) (1024K)]
  0x000002437f285d80 JavaThread "Unconstrained build operations Thread 18"        [_thread_blocked, id=43816, stack(0x0000008891f00000,0x0000008892000000) (1024K)]
  0x000002437f28bff0 JavaThread "Unconstrained build operations Thread 19"        [_thread_blocked, id=18136, stack(0x0000008892000000,0x0000008892100000) (1024K)]
  0x000002437f289890 JavaThread "Unconstrained build operations Thread 20"        [_thread_blocked, id=11360, stack(0x0000008892100000,0x0000008892200000) (1024K)]
  0x000002437f28b2d0 JavaThread "Unconstrained build operations Thread 21"        [_thread_blocked, id=45980, stack(0x0000008892200000,0x0000008892300000) (1024K)]
  0x000002437f28ac40 JavaThread "Unconstrained build operations Thread 22"        [_thread_blocked, id=41836, stack(0x0000008892300000,0x0000008892400000) (1024K)]
  0x000002437f28b960 JavaThread "Unconstrained build operations Thread 23"        [_thread_blocked, id=46104, stack(0x0000008892400000,0x0000008892500000) (1024K)]
  0x000002437f28c680 JavaThread "Unconstrained build operations Thread 24"        [_thread_blocked, id=45956, stack(0x0000008892500000,0x0000008892600000) (1024K)]
  0x000002437f289f20 JavaThread "Unconstrained build operations Thread 25"        [_thread_blocked, id=47272, stack(0x0000008892600000,0x0000008892700000) (1024K)]
  0x000002437f28a5b0 JavaThread "Unconstrained build operations Thread 26"        [_thread_blocked, id=13296, stack(0x0000008892700000,0x0000008892800000) (1024K)]
  0x000002437f2fe100 JavaThread "Unconstrained build operations Thread 27"        [_thread_blocked, id=19388, stack(0x0000008892800000,0x0000008892900000) (1024K)]
  0x000002437f2fda70 JavaThread "Unconstrained build operations Thread 28"        [_thread_blocked, id=7844, stack(0x0000008892900000,0x0000008892a00000) (1024K)]
  0x000002437f2fe790 JavaThread "Unconstrained build operations Thread 29"        [_thread_blocked, id=48100, stack(0x0000008892a00000,0x0000008892b00000) (1024K)]
  0x000002437f2fcd50 JavaThread "Unconstrained build operations Thread 30"        [_thread_blocked, id=47392, stack(0x0000008892b00000,0x0000008892c00000) (1024K)]
  0x000002437f2fee20 JavaThread "Unconstrained build operations Thread 31"        [_thread_blocked, id=46488, stack(0x0000008892c00000,0x0000008892d00000) (1024K)]
  0x000002437f2fd3e0 JavaThread "Unconstrained build operations Thread 32"        [_thread_blocked, id=40252, stack(0x0000008892d00000,0x0000008892e00000) (1024K)]
  0x000002437f2ff4b0 JavaThread "Unconstrained build operations Thread 33"        [_thread_blocked, id=3448, stack(0x0000008892e00000,0x0000008892f00000) (1024K)]
  0x000002437f2fc030 JavaThread "Unconstrained build operations Thread 34"        [_thread_blocked, id=45360, stack(0x0000008892f00000,0x0000008893000000) (1024K)]
  0x000002437f2ffb40 JavaThread "Unconstrained build operations Thread 35"        [_thread_blocked, id=47320, stack(0x0000008893000000,0x0000008893100000) (1024K)]
  0x000002437f2fc6c0 JavaThread "Unconstrained build operations Thread 36"        [_thread_blocked, id=30220, stack(0x0000008893100000,0x0000008893200000) (1024K)]
  0x000002437f303650 JavaThread "jar transforms Thread 4"           [_thread_blocked, id=23740, stack(0x0000008893200000,0x0000008893300000) (1024K)]
  0x000002437f301580 JavaThread "jar transforms Thread 5"           [_thread_blocked, id=47228, stack(0x0000008893300000,0x0000008893400000) (1024K)]
  0x000002437f301c10 JavaThread "Memory manager"                    [_thread_blocked, id=41540, stack(0x0000008890900000,0x0000008890a00000) (1024K)]
  0x0000024374c64a30 JavaThread "build event listener"              [_thread_blocked, id=47120, stack(0x0000008893400000,0x0000008893500000) (1024K)]
  0x0000024374c65750 JavaThread "jar transforms Thread 6"           [_thread_blocked, id=47876, stack(0x0000008893500000,0x0000008893600000) (1024K)]
  0x000002437e5edd70 JavaThread "C2 CompilerThread1"         daemon [_thread_blocked, id=46932, stack(0x000000888e800000,0x000000888e900000) (1024K)]
  0x000002430050dd60 JavaThread "pool-3-thread-1"                   [_thread_blocked, id=47436, stack(0x0000008893600000,0x0000008893700000) (1024K)]
  0x000002430050a8e0 JavaThread "build event listener"              [_thread_blocked, id=32604, stack(0x0000008893700000,0x0000008893800000) (1024K)]
  0x000002437dee3190 JavaThread "included builds"                   [_thread_blocked, id=45832, stack(0x0000008893800000,0x0000008893900000) (1024K)]
  0x000002437dee10c0 JavaThread "Execution worker"                  [_thread_blocked, id=3592, stack(0x0000008893900000,0x0000008893a00000) (1024K)]
  0x000002437dee4bd0 JavaThread "Execution worker Thread 2"         [_thread_blocked, id=43032, stack(0x0000008893a00000,0x0000008893b00000) (1024K)]
  0x000002437dee5260 JavaThread "Execution worker Thread 3"         [_thread_blocked, id=44128, stack(0x0000008893b00000,0x0000008893c00000) (1024K)]
  0x000002437dee6610 JavaThread "Execution worker Thread 4"         [_thread_blocked, id=44856, stack(0x0000008893c00000,0x0000008893d00000) (1024K)]
  0x000002437dee58f0 JavaThread "Execution worker Thread 5"         [_thread_blocked, id=29036, stack(0x0000008893d00000,0x0000008893e00000) (1024K)]
  0x000002437e7ad660 JavaThread "Execution worker Thread 6"         [_thread_blocked, id=47044, stack(0x0000008893e00000,0x0000008893f00000) (1024K)]
  0x000002437e7adcf0 JavaThread "Execution worker Thread 7"         [_thread_blocked, id=45508, stack(0x0000008893f00000,0x0000008894000000) (1024K)]
  0x000002437e7ae380 JavaThread "Execution worker Thread 8"         [_thread_blocked, id=46768, stack(0x0000008894000000,0x0000008894100000) (1024K)]
  0x000002437e7afdc0 JavaThread "Execution worker Thread 9"         [_thread_blocked, id=47816, stack(0x0000008894100000,0x0000008894200000) (1024K)]
  0x000002437e7af730 JavaThread "Execution worker Thread 10"        [_thread_blocked, id=45664, stack(0x0000008894200000,0x0000008894300000) (1024K)]
  0x000002437e7aea10 JavaThread "Execution worker Thread 11"        [_thread_blocked, id=7200, stack(0x0000008894300000,0x0000008894400000) (1024K)]
  0x000002437e7af0a0 JavaThread "Cache worker for execution history cache (D:\MEox\UITer\DOAN\Mosco_Megre\Mosco\client\.gradle\9.3.1\executionHistory)"        [_thread_blocked, id=41932, stack(0x0000008894400000,0x0000008894500000) (1024K)]
  0x000002437e7ac940 JavaThread "Unconstrained build operations Thread 37"        [_thread_blocked, id=15980, stack(0x0000008894500000,0x0000008894600000) (1024K)]
  0x000002437e7b0450 JavaThread "Unconstrained build operations Thread 38"        [_thread_blocked, id=46588, stack(0x0000008894600000,0x0000008894700000) (1024K)]
  0x000002437e7acfd0 JavaThread "Unconstrained build operations Thread 39"        [_thread_blocked, id=44920, stack(0x0000008894700000,0x0000008894800000) (1024K)]
  0x000002437e7b3f60 JavaThread "Unconstrained build operations Thread 40"        [_thread_blocked, id=5164, stack(0x0000008894800000,0x0000008894900000) (1024K)]
  0x000002437e7b2bb0 JavaThread "Unconstrained build operations Thread 41"        [_thread_blocked, id=47680, stack(0x0000008894900000,0x0000008894a00000) (1024K)]
  0x000002437e7b1e90 JavaThread "Unconstrained build operations Thread 42"        [_thread_blocked, id=47312, stack(0x0000008894a00000,0x0000008894b00000) (1024K)]
  0x000002437e7b3240 JavaThread "Unconstrained build operations Thread 43"        [_thread_blocked, id=40520, stack(0x0000008894b00000,0x0000008894c00000) (1024K)]
  0x000002437e7b2520 JavaThread "Unconstrained build operations Thread 44"        [_thread_blocked, id=47324, stack(0x0000008894c00000,0x0000008894d00000) (1024K)]
  0x000002437e7b38d0 JavaThread "Unconstrained build operations Thread 45"        [_thread_blocked, id=47280, stack(0x0000008894d00000,0x0000008894e00000) (1024K)]
  0x000002437e7b0ae0 JavaThread "Unconstrained build operations Thread 46"        [_thread_blocked, id=46916, stack(0x0000008894e00000,0x0000008894f00000) (1024K)]
  0x000002437e7b1170 JavaThread "Unconstrained build operations Thread 47"        [_thread_blocked, id=46076, stack(0x0000008894f00000,0x0000008895000000) (1024K)]
  0x000002437dee3820 JavaThread "Unconstrained build operations Thread 48"        [_thread_blocked, id=47908, stack(0x0000008895000000,0x0000008895100000) (1024K)]
  0x0000024374c63680 JavaThread "Unconstrained build operations Thread 49"        [_thread_blocked, id=44584, stack(0x0000008895100000,0x0000008895200000) (1024K)]
  0x0000024374c67190 JavaThread "Unconstrained build operations Thread 50"        [_thread_blocked, id=7968, stack(0x0000008895200000,0x0000008895300000) (1024K)]
  0x0000024374c63d10 JavaThread "Unconstrained build operations Thread 51"        [_thread_blocked, id=45624, stack(0x0000008895300000,0x0000008895400000) (1024K)]
  0x0000024374c67820 JavaThread "Unconstrained build operations Thread 52"        [_thread_blocked, id=47100, stack(0x0000008895400000,0x0000008895500000) (1024K)]
  0x0000024374c68540 JavaThread "Unconstrained build operations Thread 53"        [_thread_blocked, id=43916, stack(0x0000008895500000,0x0000008895600000) (1024K)]
  0x0000024374c68bd0 JavaThread "Unconstrained build operations Thread 54"        [_thread_blocked, id=47332, stack(0x0000008895600000,0x0000008895700000) (1024K)]
  0x0000024374c69260 JavaThread "Unconstrained build operations Thread 55"        [_thread_blocked, id=17804, stack(0x0000008895700000,0x0000008895800000) (1024K)]
  0x0000024374c698f0 JavaThread "Unconstrained build operations Thread 56"        [_thread_blocked, id=47900, stack(0x0000008895800000,0x0000008895900000) (1024K)]
  0x000002430050a250 JavaThread "Unconstrained build operations Thread 57"        [_thread_blocked, id=45948, stack(0x0000008895900000,0x0000008895a00000) (1024K)]
  0x000002430050fe30 JavaThread "Unconstrained build operations Thread 58"        [_thread_blocked, id=47484, stack(0x0000008895a00000,0x0000008895b00000) (1024K)]
  0x000002437bede360 JavaThread "C2 CompilerThread2"         daemon [_thread_blocked, id=48084, stack(0x0000008895b00000,0x0000008895c00000) (1024K)]
  0x000002437d963280 JavaThread "Unconstrained build operations Thread 59"        [_thread_blocked, id=45916, stack(0x0000008895c00000,0x0000008895d00000) (1024K)]
  0x000002437d962bf0 JavaThread "Unconstrained build operations Thread 60"        [_thread_blocked, id=42548, stack(0x0000008895d00000,0x0000008895e00000) (1024K)]
  0x000002437d963fa0 JavaThread "Unconstrained build operations Thread 61"        [_thread_blocked, id=47616, stack(0x0000008895e00000,0x0000008895f00000) (1024K)]
  0x000002437d963910 JavaThread "Unconstrained build operations Thread 62"        [_thread_blocked, id=46668, stack(0x0000008895f00000,0x0000008896000000) (1024K)]
  0x000002437d961840 JavaThread "Unconstrained build operations Thread 63"        [_thread_blocked, id=14304, stack(0x0000008896000000,0x0000008896100000) (1024K)]
  0x000002437d966700 JavaThread "Unconstrained build operations Thread 64"        [_thread_blocked, id=48012, stack(0x0000008896100000,0x0000008896200000) (1024K)]
  0x000002437d967ab0 JavaThread "Unconstrained build operations Thread 65"        [_thread_blocked, id=46584, stack(0x0000008896200000,0x0000008896300000) (1024K)]
  0x000002437d9659e0 JavaThread "Unconstrained build operations Thread 66"        [_thread_blocked, id=47620, stack(0x0000008896300000,0x0000008896400000) (1024K)]
  0x000002437d966d90 JavaThread "Unconstrained build operations Thread 67"        [_thread_blocked, id=45064, stack(0x0000008896400000,0x0000008896500000) (1024K)]
  0x000002437d9687d0 JavaThread "Unconstrained build operations Thread 68"        [_thread_blocked, id=47792, stack(0x0000008896500000,0x0000008896600000) (1024K)]
  0x000002437d965350 JavaThread "Unconstrained build operations Thread 69"        [_thread_blocked, id=47800, stack(0x0000008896600000,0x0000008896700000) (1024K)]
Total: 127

Other Threads:
=>0x000002437486d4c0 VMThread "VM Thread"                           [id=48088, stack(0x000000888dd00000,0x000000888de00000) (1024K)]
  0x00000243747fc730 WatcherThread "VM Periodic Task Thread"        [id=28908, stack(0x000000888dc00000,0x000000888dd00000) (1024K)]
  0x000002435cd690e0 WorkerThread "GC Thread#0"                     [id=47712, stack(0x000000888d700000,0x000000888d800000) (1024K)]
  0x0000024379558450 WorkerThread "GC Thread#1"                     [id=48116, stack(0x000000888e900000,0x000000888ea00000) (1024K)]
  0x00000243795587f0 WorkerThread "GC Thread#2"                     [id=47796, stack(0x000000888ea00000,0x000000888eb00000) (1024K)]
  0x0000024379558b90 WorkerThread "GC Thread#3"                     [id=2356, stack(0x000000888eb00000,0x000000888ec00000) (1024K)]
  0x0000024379558f30 WorkerThread "GC Thread#4"                     [id=47972, stack(0x000000888ec00000,0x000000888ed00000) (1024K)]
  0x00000243795592d0 WorkerThread "GC Thread#5"                     [id=46680, stack(0x000000888ed00000,0x000000888ee00000) (1024K)]
  0x000002437b31b2c0 WorkerThread "GC Thread#6"                     [id=43376, stack(0x000000888f800000,0x000000888f900000) (1024K)]
  0x000002437b31cc20 WorkerThread "GC Thread#7"                     [id=47036, stack(0x000000888f900000,0x000000888fa00000) (1024K)]
  0x000002437b31bda0 WorkerThread "GC Thread#8"                     [id=32444, stack(0x000000888fa00000,0x000000888fb00000) (1024K)]
  0x000002437b31c140 WorkerThread "GC Thread#9"                     [id=42504, stack(0x000000888fb00000,0x000000888fc00000) (1024K)]
  0x000002435cd79fd0 ConcurrentGCThread "G1 Main Marker"            [id=43448, stack(0x000000888d800000,0x000000888d900000) (1024K)]
  0x000002435cd7b820 WorkerThread "G1 Conc#0"                       [id=28248, stack(0x000000888d900000,0x000000888da00000) (1024K)]
  0x000002437b31c4e0 WorkerThread "G1 Conc#1"                       [id=46612, stack(0x000000888fc00000,0x000000888fd00000) (1024K)]
  0x000002437b31c880 WorkerThread "G1 Conc#2"                       [id=47896, stack(0x000000888fd00000,0x000000888fe00000) (1024K)]
  0x000002437474d310 ConcurrentGCThread "G1 Refine#0"               [id=47892, stack(0x000000888da00000,0x000000888db00000) (1024K)]
  0x000002437474dd90 ConcurrentGCThread "G1 Service"                [id=39108, stack(0x000000888db00000,0x000000888dc00000) (1024K)]
Total: 18

Threads with active compile tasks:
C2 CompilerThread0  24036 14964       4       com.android.utils.XmlUtils::append (597 bytes)
C2 CompilerThread1  24036 14911       4       com.android.ide.common.resources.NodeUtils::duplicateNode (315 bytes)
C2 CompilerThread2  24036 14898       4       com.android.ide.common.resources.NodeUtils::updateNamespace (167 bytes)
Total: 3

VM state: at safepoint (normal execution)

VM Mutex/Monitor currently owned by a thread:  ([mutex/lock_event])
[0x00007ffaab5a8690] Threads_lock - owner thread: 0x000002437486d4c0
[0x00007ffaab5a8790] Heap_lock - owner thread: 0x000002435cd79fd0

Heap address: 0x0000000080000000, size: 2048 MB, Compressed Oops mode: 32-bit

CDS archive(s) not mapped
Compressed class space mapped at: 0x0000000100000000-0x000000011a000000, reserved size: 436207616
Narrow klass base: 0x0000000000000000, Narrow klass shift: 3, Narrow klass range: 0x11a000000

GC Precious Log:
 CardTable entry size: 512
 Card Set container configuration: InlinePtr #cards 5 size 8 Array Of Cards #cards 12 size 40 Howl #buckets 4 coarsen threshold 1843 Howl Bitmap #cards 512 size 80 coarsen threshold 460 Card regions per heap region 1 cards per card region 2048
 CPUs: 12 total, 12 available
 Memory: 16068M
 Large Page Support: Disabled
 NUMA Support: Disabled
 Compressed Oops: Enabled (32-bit)
 Heap Region Size: 1M
 Heap Min Capacity: 8M
 Heap Initial Capacity: 252M
 Heap Max Capacity: 2G
 Pre-touch: Disabled
 Parallel Workers: 10
 Concurrent Workers: 3
 Concurrent Refinement Workers: 10
 Periodic GC: Disabled

Heap:
 garbage-first heap   total 264192K, used 178212K [0x0000000080000000, 0x0000000100000000)
  region size 1024K, 16 young (16384K), 13 survivors (13312K)
 Metaspace       used 121558K, committed 123840K, reserved 557056K
  class space    used 16912K, committed 17984K, reserved 425984K

Heap Regions: E=young(eden), S=young(survivor), O=old, HS=humongous(starts), HC=humongous(continues), CS=collection set, F=free, TAMS=top-at-mark-start, PB=parsable bottom
|   0|0x0000000080000000, 0x0000000080100000, 0x0000000080100000|100%|HS|  |TAMS 0x0000000080100000| PB 0x0000000080000000| Complete 
|   1|0x0000000080100000, 0x0000000080200000, 0x0000000080200000|100%|HC|  |TAMS 0x0000000080200000| PB 0x0000000080100000| Complete 
|   2|0x0000000080200000, 0x0000000080300000, 0x0000000080300000|100%|HC|  |TAMS 0x0000000080300000| PB 0x0000000080200000| Complete 
|   3|0x0000000080300000, 0x0000000080400000, 0x0000000080400000|100%|HC|  |TAMS 0x0000000080400000| PB 0x0000000080300000| Complete 
|   4|0x0000000080400000, 0x0000000080500000, 0x0000000080500000|100%| O|  |TAMS 0x0000000080500000| PB 0x0000000080500000| Untracked 
|   5|0x0000000080500000, 0x0000000080600000, 0x0000000080600000|100%| O|  |TAMS 0x0000000080600000| PB 0x0000000080600000| Untracked 
|   6|0x0000000080600000, 0x0000000080700000, 0x0000000080700000|100%| O|  |TAMS 0x0000000080700000| PB 0x0000000080700000| Untracked 
|   7|0x0000000080700000, 0x0000000080800000, 0x0000000080800000|100%|HS|  |TAMS 0x0000000080800000| PB 0x0000000080700000| Complete 
|   8|0x0000000080800000, 0x0000000080900000, 0x0000000080900000|100%| O|  |TAMS 0x0000000080900000| PB 0x0000000080900000| Untracked 
|   9|0x0000000080900000, 0x0000000080a00000, 0x0000000080a00000|100%| O|  |TAMS 0x0000000080a00000| PB 0x0000000080a00000| Untracked 
|  10|0x0000000080a00000, 0x0000000080b00000, 0x0000000080b00000|100%| O|  |TAMS 0x0000000080b00000| PB 0x0000000080b00000| Untracked 
|  11|0x0000000080b00000, 0x0000000080c00000, 0x0000000080c00000|100%| O|  |TAMS 0x0000000080c00000| PB 0x0000000080c00000| Untracked 
|  12|0x0000000080c00000, 0x0000000080d00000, 0x0000000080d00000|100%| O|  |TAMS 0x0000000080d00000| PB 0x0000000080d00000| Untracked 
|  13|0x0000000080d00000, 0x0000000080e00000, 0x0000000080e00000|100%| O|  |TAMS 0x0000000080e00000| PB 0x0000000080e00000| Untracked 
|  14|0x0000000080e00000, 0x0000000080f00000, 0x0000000080f00000|100%| O|  |TAMS 0x0000000080f00000| PB 0x0000000080f00000| Untracked 
|  15|0x0000000080f00000, 0x0000000081000000, 0x0000000081000000|100%| O|  |TAMS 0x0000000081000000| PB 0x0000000081000000| Untracked 
|  16|0x0000000081000000, 0x0000000081100000, 0x0000000081100000|100%| O|  |TAMS 0x0000000081100000| PB 0x0000000081100000| Untracked 
|  17|0x0000000081100000, 0x0000000081200000, 0x0000000081200000|100%| O|  |TAMS 0x0000000081200000| PB 0x0000000081200000| Untracked 
|  18|0x0000000081200000, 0x0000000081300000, 0x0000000081300000|100%| O|  |TAMS 0x0000000081300000| PB 0x0000000081300000| Untracked 
|  19|0x0000000081300000, 0x0000000081400000, 0x0000000081400000|100%| O|  |TAMS 0x0000000081400000| PB 0x0000000081400000| Untracked 
|  20|0x0000000081400000, 0x0000000081500000, 0x0000000081500000|100%| O|  |TAMS 0x0000000081500000| PB 0x0000000081500000| Untracked 
|  21|0x0000000081500000, 0x0000000081600000, 0x0000000081600000|100%| O|  |TAMS 0x0000000081600000| PB 0x0000000081600000| Untracked 
|  22|0x0000000081600000, 0x0000000081700000, 0x0000000081700000|100%| O|  |TAMS 0x0000000081700000| PB 0x0000000081700000| Updating 
|  23|0x0000000081700000, 0x0000000081800000, 0x0000000081800000|100%| O|  |TAMS 0x0000000081800000| PB 0x0000000081800000| Untracked 
|  24|0x0000000081800000, 0x0000000081900000, 0x0000000081900000|100%| O|  |TAMS 0x0000000081900000| PB 0x0000000081900000| Untracked 
|  25|0x0000000081900000, 0x0000000081a00000, 0x0000000081a00000|100%| O|  |TAMS 0x0000000081a00000| PB 0x0000000081a00000| Updating 
|  26|0x0000000081a00000, 0x0000000081b00000, 0x0000000081b00000|100%| O|  |TAMS 0x0000000081b00000| PB 0x0000000081b00000| Untracked 
|  27|0x0000000081b00000, 0x0000000081c00000, 0x0000000081c00000|100%| O|  |TAMS 0x0000000081c00000| PB 0x0000000081c00000| Untracked 
|  28|0x0000000081c00000, 0x0000000081d00000, 0x0000000081d00000|100%| O|  |TAMS 0x0000000081d00000| PB 0x0000000081d00000| Updating 
|  29|0x0000000081d00000, 0x0000000081e00000, 0x0000000081e00000|100%| O|  |TAMS 0x0000000081e00000| PB 0x0000000081e00000| Updating 
|  30|0x0000000081e00000, 0x0000000081f00000, 0x0000000081f00000|100%| O|  |TAMS 0x0000000081f00000| PB 0x0000000081f00000| Untracked 
|  31|0x0000000081f00000, 0x0000000082000000, 0x0000000082000000|100%| O|  |TAMS 0x0000000082000000| PB 0x0000000082000000| Untracked 
|  32|0x0000000082000000, 0x0000000082100000, 0x0000000082100000|100%| O|  |TAMS 0x0000000082100000| PB 0x0000000082100000| Untracked 
|  33|0x0000000082100000, 0x0000000082200000, 0x0000000082200000|100%| O|  |TAMS 0x0000000082200000| PB 0x0000000082200000| Untracked 
|  34|0x0000000082200000, 0x0000000082300000, 0x0000000082300000|100%|HS|  |TAMS 0x0000000082300000| PB 0x0000000082200000| Complete 
|  35|0x0000000082300000, 0x0000000082400000, 0x0000000082400000|100%| O|  |TAMS 0x0000000082400000| PB 0x0000000082400000| Untracked 
|  36|0x0000000082400000, 0x0000000082500000, 0x0000000082500000|100%| O|  |TAMS 0x0000000082500000| PB 0x0000000082500000| Updating 
|  37|0x0000000082500000, 0x0000000082600000, 0x0000000082600000|100%| O|  |TAMS 0x0000000082600000| PB 0x0000000082600000| Updating 
|  38|0x0000000082600000, 0x0000000082700000, 0x0000000082700000|100%| O|  |TAMS 0x0000000082700000| PB 0x0000000082700000| Untracked 
|  39|0x0000000082700000, 0x0000000082800000, 0x0000000082800000|100%| O|  |TAMS 0x0000000082800000| PB 0x0000000082800000| Untracked 
|  40|0x0000000082800000, 0x0000000082900000, 0x0000000082900000|100%| O|  |TAMS 0x0000000082900000| PB 0x0000000082900000| Untracked 
|  41|0x0000000082900000, 0x0000000082a00000, 0x0000000082a00000|100%| O|  |TAMS 0x0000000082a00000| PB 0x0000000082a00000| Untracked 
|  42|0x0000000082a00000, 0x0000000082b00000, 0x0000000082b00000|100%| O|  |TAMS 0x0000000082b00000| PB 0x0000000082b00000| Untracked 
|  43|0x0000000082b00000, 0x0000000082c00000, 0x0000000082c00000|100%| O|  |TAMS 0x0000000082c00000| PB 0x0000000082c00000| Updating 
|  44|0x0000000082c00000, 0x0000000082d00000, 0x0000000082d00000|100%| O|  |TAMS 0x0000000082d00000| PB 0x0000000082d00000| Untracked 
|  45|0x0000000082d00000, 0x0000000082e00000, 0x0000000082e00000|100%| O|  |TAMS 0x0000000082e00000| PB 0x0000000082e00000| Untracked 
|  46|0x0000000082e00000, 0x0000000082f00000, 0x0000000082f00000|100%|HS|  |TAMS 0x0000000082f00000| PB 0x0000000082e00000| Complete 
|  47|0x0000000082f00000, 0x0000000083000000, 0x0000000083000000|100%| O|  |TAMS 0x0000000083000000| PB 0x0000000083000000| Updating 
|  48|0x0000000083000000, 0x0000000083100000, 0x0000000083100000|100%| O|  |TAMS 0x0000000083100000| PB 0x0000000083100000| Untracked 
|  49|0x0000000083100000, 0x0000000083200000, 0x0000000083200000|100%|HS|  |TAMS 0x0000000083200000| PB 0x0000000083100000| Complete 
|  50|0x0000000083200000, 0x0000000083300000, 0x0000000083300000|100%|HS|  |TAMS 0x0000000083300000| PB 0x0000000083200000| Complete 
|  51|0x0000000083300000, 0x0000000083400000, 0x0000000083400000|100%|HC|  |TAMS 0x0000000083400000| PB 0x0000000083300000| Complete 
|  52|0x0000000083400000, 0x0000000083500000, 0x0000000083500000|100%|HS|  |TAMS 0x0000000083500000| PB 0x0000000083400000| Complete 
|  53|0x0000000083500000, 0x0000000083600000, 0x0000000083600000|100%| O|  |TAMS 0x0000000083600000| PB 0x0000000083600000| Untracked 
|  54|0x0000000083600000, 0x0000000083700000, 0x0000000083700000|100%|HS|  |TAMS 0x0000000083700000| PB 0x0000000083600000| Complete 
|  55|0x0000000083700000, 0x0000000083800000, 0x0000000083800000|100%|HS|  |TAMS 0x0000000083800000| PB 0x0000000083700000| Complete 
|  56|0x0000000083800000, 0x0000000083900000, 0x0000000083900000|100%| O|  |TAMS 0x0000000083900000| PB 0x0000000083900000| Untracked 
|  57|0x0000000083900000, 0x0000000083a00000, 0x0000000083a00000|100%|HS|  |TAMS 0x0000000083a00000| PB 0x0000000083900000| Complete 
|  58|0x0000000083a00000, 0x0000000083b00000, 0x0000000083b00000|100%|HC|  |TAMS 0x0000000083b00000| PB 0x0000000083a00000| Complete 
|  59|0x0000000083b00000, 0x0000000083c00000, 0x0000000083c00000|100%| O|  |TAMS 0x0000000083c00000| PB 0x0000000083c00000| Untracked 
|  60|0x0000000083c00000, 0x0000000083d00000, 0x0000000083d00000|100%| O|  |TAMS 0x0000000083d00000| PB 0x0000000083d00000| Untracked 
|  61|0x0000000083d00000, 0x0000000083e00000, 0x0000000083e00000|100%| O|  |TAMS 0x0000000083e00000| PB 0x0000000083e00000| Updating 
|  62|0x0000000083e00000, 0x0000000083f00000, 0x0000000083f00000|100%| O|  |TAMS 0x0000000083f00000| PB 0x0000000083f00000| Untracked 
|  63|0x0000000083f00000, 0x0000000084000000, 0x0000000084000000|100%| O|  |TAMS 0x0000000084000000| PB 0x0000000084000000| Untracked 
|  64|0x0000000084000000, 0x0000000084100000, 0x0000000084100000|100%| O|  |TAMS 0x0000000084100000| PB 0x0000000084100000| Untracked 
|  65|0x0000000084100000, 0x0000000084200000, 0x0000000084200000|100%| O|  |TAMS 0x0000000084200000| PB 0x0000000084200000| Untracked 
|  66|0x0000000084200000, 0x0000000084300000, 0x0000000084300000|100%| O|  |TAMS 0x0000000084300000| PB 0x0000000084300000| Untracked 
|  67|0x0000000084300000, 0x0000000084400000, 0x0000000084400000|100%|HS|  |TAMS 0x0000000084400000| PB 0x0000000084300000| Complete 
|  68|0x0000000084400000, 0x0000000084500000, 0x0000000084500000|100%| O|  |TAMS 0x0000000084500000| PB 0x0000000084500000| Untracked 
|  69|0x0000000084500000, 0x0000000084600000, 0x0000000084600000|100%| O|  |TAMS 0x0000000084600000| PB 0x0000000084600000| Untracked 
|  70|0x0000000084600000, 0x0000000084700000, 0x0000000084700000|100%| O|  |TAMS 0x0000000084700000| PB 0x0000000084700000| Updating 
|  71|0x0000000084700000, 0x0000000084800000, 0x0000000084800000|100%| O|  |TAMS 0x0000000084800000| PB 0x0000000084800000| Untracked 
|  72|0x0000000084800000, 0x0000000084900000, 0x0000000084900000|100%| O|  |TAMS 0x0000000084900000| PB 0x0000000084900000| Untracked 
|  73|0x0000000084900000, 0x0000000084a00000, 0x0000000084a00000|100%| O|  |TAMS 0x0000000084a00000| PB 0x0000000084a00000| Untracked 
|  74|0x0000000084a00000, 0x0000000084b00000, 0x0000000084b00000|100%| O|  |TAMS 0x0000000084b00000| PB 0x0000000084b00000| Untracked 
|  75|0x0000000084b00000, 0x0000000084c00000, 0x0000000084c00000|100%| O|  |TAMS 0x0000000084c00000| PB 0x0000000084c00000| Untracked 
|  76|0x0000000084c00000, 0x0000000084d00000, 0x0000000084d00000|100%| O|  |TAMS 0x0000000084d00000| PB 0x0000000084d00000| Untracked 
|  77|0x0000000084d00000, 0x0000000084e00000, 0x0000000084e00000|100%| O|  |TAMS 0x0000000084e00000| PB 0x0000000084e00000| Untracked 
|  78|0x0000000084e00000, 0x0000000084f00000, 0x0000000084f00000|100%| O|  |TAMS 0x0000000084f00000| PB 0x0000000084f00000| Untracked 
|  79|0x0000000084f00000, 0x0000000085000000, 0x0000000085000000|100%| O|  |TAMS 0x0000000085000000| PB 0x0000000085000000| Updating 
|  80|0x0000000085000000, 0x0000000085100000, 0x0000000085100000|100%| O|  |TAMS 0x0000000085100000| PB 0x0000000085100000| Untracked 
|  81|0x0000000085100000, 0x0000000085200000, 0x0000000085200000|100%| O|  |TAMS 0x0000000085200000| PB 0x0000000085200000| Updating 
|  82|0x0000000085200000, 0x0000000085300000, 0x0000000085300000|100%| O|  |TAMS 0x0000000085300000| PB 0x0000000085300000| Untracked 
|  83|0x0000000085300000, 0x0000000085400000, 0x0000000085400000|100%| O|  |TAMS 0x0000000085400000| PB 0x0000000085400000| Untracked 
|  84|0x0000000085400000, 0x0000000085500000, 0x0000000085500000|100%| O|  |TAMS 0x0000000085500000| PB 0x0000000085500000| Untracked 
|  85|0x0000000085500000, 0x0000000085600000, 0x0000000085600000|100%| O|  |TAMS 0x0000000085600000| PB 0x0000000085600000| Updating 
|  86|0x0000000085600000, 0x0000000085700000, 0x0000000085700000|100%| O|  |TAMS 0x0000000085700000| PB 0x0000000085700000| Updating 
|  87|0x0000000085700000, 0x0000000085800000, 0x0000000085800000|100%| O|  |TAMS 0x0000000085800000| PB 0x0000000085800000| Untracked 
|  88|0x0000000085800000, 0x0000000085900000, 0x0000000085900000|100%| O|  |TAMS 0x0000000085900000| PB 0x0000000085900000| Untracked 
|  89|0x0000000085900000, 0x0000000085a00000, 0x0000000085a00000|100%| O|  |TAMS 0x0000000085a00000| PB 0x0000000085a00000| Untracked 
|  90|0x0000000085a00000, 0x0000000085b00000, 0x0000000085b00000|100%| O|  |TAMS 0x0000000085b00000| PB 0x0000000085b00000| Untracked 
|  91|0x0000000085b00000, 0x0000000085c00000, 0x0000000085c00000|100%| O|  |TAMS 0x0000000085c00000| PB 0x0000000085c00000| Untracked 
|  92|0x0000000085c00000, 0x0000000085d00000, 0x0000000085d00000|100%| O|  |TAMS 0x0000000085d00000| PB 0x0000000085d00000| Untracked 
|  93|0x0000000085d00000, 0x0000000085e00000, 0x0000000085e00000|100%| O|  |TAMS 0x0000000085e00000| PB 0x0000000085e00000| Untracked 
|  94|0x0000000085e00000, 0x0000000085f00000, 0x0000000085f00000|100%| O|  |TAMS 0x0000000085f00000| PB 0x0000000085f00000| Untracked 
|  95|0x0000000085f00000, 0x0000000086000000, 0x0000000086000000|100%| O|  |TAMS 0x0000000086000000| PB 0x0000000086000000| Untracked 
|  96|0x0000000086000000, 0x0000000086100000, 0x0000000086100000|100%| O|  |TAMS 0x0000000086100000| PB 0x0000000086100000| Untracked 
|  97|0x0000000086100000, 0x0000000086200000, 0x0000000086200000|100%| O|  |TAMS 0x0000000086200000| PB 0x0000000086200000| Untracked 
|  98|0x0000000086200000, 0x0000000086300000, 0x0000000086300000|100%| O|  |TAMS 0x0000000086300000| PB 0x0000000086300000| Untracked 
|  99|0x0000000086300000, 0x0000000086400000, 0x0000000086400000|100%| O|  |TAMS 0x0000000086300000| PB 0x0000000086300000| Untracked 
| 100|0x0000000086400000, 0x0000000086500000, 0x0000000086500000|100%| O|  |TAMS 0x0000000086500000| PB 0x0000000086500000| Untracked 
| 101|0x0000000086500000, 0x0000000086600000, 0x0000000086600000|100%| O|  |TAMS 0x0000000086600000| PB 0x0000000086600000| Untracked 
| 102|0x0000000086600000, 0x0000000086700000, 0x0000000086700000|100%| O|  |TAMS 0x0000000086700000| PB 0x0000000086700000| Untracked 
| 103|0x0000000086700000, 0x0000000086800000, 0x0000000086800000|100%| O|  |TAMS 0x0000000086800000| PB 0x0000000086800000| Untracked 
| 104|0x0000000086800000, 0x0000000086900000, 0x0000000086900000|100%| O|  |TAMS 0x0000000086800000| PB 0x0000000086800000| Untracked 
| 105|0x0000000086900000, 0x0000000086a00000, 0x0000000086a00000|100%| O|  |TAMS 0x0000000086900000| PB 0x0000000086900000| Untracked 
| 106|0x0000000086a00000, 0x0000000086b00000, 0x0000000086b00000|100%| O|  |TAMS 0x0000000086a00000| PB 0x0000000086a00000| Untracked 
| 107|0x0000000086b00000, 0x0000000086c00000, 0x0000000086c00000|100%| O|  |TAMS 0x0000000086c00000| PB 0x0000000086c00000| Untracked 
| 108|0x0000000086c00000, 0x0000000086d00000, 0x0000000086d00000|100%|HS|  |TAMS 0x0000000086c00000| PB 0x0000000086c00000| Complete 
| 109|0x0000000086d00000, 0x0000000086e00000, 0x0000000086e00000|100%|HS|  |TAMS 0x0000000086d00000| PB 0x0000000086d00000| Complete 
| 110|0x0000000086e00000, 0x0000000086f00000, 0x0000000086f00000|100%|HC|  |TAMS 0x0000000086e00000| PB 0x0000000086e00000| Complete 
| 111|0x0000000086f00000, 0x0000000087000000, 0x0000000087000000|100%| O|  |TAMS 0x0000000086f00000| PB 0x0000000086f00000| Untracked 
| 112|0x0000000087000000, 0x0000000087100000, 0x0000000087100000|100%| O|  |TAMS 0x0000000087000000| PB 0x0000000087000000| Untracked 
| 113|0x0000000087100000, 0x0000000087200000, 0x0000000087200000|100%| O|  |TAMS 0x0000000087100000| PB 0x0000000087100000| Untracked 
| 114|0x0000000087200000, 0x0000000087300000, 0x0000000087300000|100%| O|  |TAMS 0x0000000087200000| PB 0x0000000087200000| Untracked 
| 115|0x0000000087300000, 0x0000000087400000, 0x0000000087400000|100%| O|  |TAMS 0x0000000087300000| PB 0x0000000087300000| Untracked 
| 116|0x0000000087400000, 0x0000000087500000, 0x0000000087500000|100%| O|  |TAMS 0x0000000087400000| PB 0x0000000087400000| Untracked 
| 117|0x0000000087500000, 0x0000000087600000, 0x0000000087600000|100%| O|  |TAMS 0x0000000087500000| PB 0x0000000087500000| Untracked 
| 118|0x0000000087600000, 0x0000000087700000, 0x0000000087700000|100%| O|  |TAMS 0x0000000087600000| PB 0x0000000087600000| Untracked 
| 119|0x0000000087700000, 0x0000000087800000, 0x0000000087800000|100%| O|  |TAMS 0x0000000087700000| PB 0x0000000087700000| Untracked 
| 120|0x0000000087800000, 0x0000000087900000, 0x0000000087900000|100%| O|  |TAMS 0x0000000087800000| PB 0x0000000087800000| Untracked 
| 121|0x0000000087900000, 0x0000000087a00000, 0x0000000087a00000|100%|HS|  |TAMS 0x0000000087900000| PB 0x0000000087900000| Complete 
| 122|0x0000000087a00000, 0x0000000087b00000, 0x0000000087b00000|100%|HC|  |TAMS 0x0000000087a00000| PB 0x0000000087a00000| Complete 
| 123|0x0000000087b00000, 0x0000000087c00000, 0x0000000087c00000|100%|HC|  |TAMS 0x0000000087b00000| PB 0x0000000087b00000| Complete 
| 124|0x0000000087c00000, 0x0000000087d00000, 0x0000000087d00000|100%|HC|  |TAMS 0x0000000087c00000| PB 0x0000000087c00000| Complete 
| 125|0x0000000087d00000, 0x0000000087e00000, 0x0000000087e00000|100%|HS|  |TAMS 0x0000000087d00000| PB 0x0000000087d00000| Complete 
| 126|0x0000000087e00000, 0x0000000087f00000, 0x0000000087f00000|100%|HC|  |TAMS 0x0000000087e00000| PB 0x0000000087e00000| Complete 
| 127|0x0000000087f00000, 0x0000000088000000, 0x0000000088000000|100%|HC|  |TAMS 0x0000000087f00000| PB 0x0000000087f00000| Complete 
| 128|0x0000000088000000, 0x0000000088100000, 0x0000000088100000|100%|HC|  |TAMS 0x0000000088000000| PB 0x0000000088000000| Complete 
| 129|0x0000000088100000, 0x0000000088200000, 0x0000000088200000|100%|HC|  |TAMS 0x0000000088100000| PB 0x0000000088100000| Complete 
| 130|0x0000000088200000, 0x0000000088200000, 0x0000000088300000|  0%| F|  |TAMS 0x0000000088200000| PB 0x0000000088200000| Untracked 
| 131|0x0000000088300000, 0x0000000088400000, 0x0000000088400000|100%| O|  |TAMS 0x0000000088300000| PB 0x0000000088300000| Untracked 
| 132|0x0000000088400000, 0x000000008843ef28, 0x0000000088500000| 24%| O|  |TAMS 0x0000000088400000| PB 0x0000000088400000| Updating 
| 133|0x0000000088500000, 0x0000000088600000, 0x0000000088600000|100%|HS|  |TAMS 0x0000000088500000| PB 0x0000000088500000| Complete 
| 134|0x0000000088600000, 0x0000000088700000, 0x0000000088700000|100%|HC|  |TAMS 0x0000000088600000| PB 0x0000000088600000| Complete 
| 135|0x0000000088700000, 0x0000000088800000, 0x0000000088800000|100%|HC|  |TAMS 0x0000000088700000| PB 0x0000000088700000| Complete 
| 136|0x0000000088800000, 0x0000000088900000, 0x0000000088900000|100%|HC|  |TAMS 0x0000000088800000| PB 0x0000000088800000| Complete 
| 137|0x0000000088900000, 0x0000000088a00000, 0x0000000088a00000|100%|HC|  |TAMS 0x0000000088900000| PB 0x0000000088900000| Complete 
| 138|0x0000000088a00000, 0x0000000088b00000, 0x0000000088b00000|100%|HC|  |TAMS 0x0000000088a00000| PB 0x0000000088a00000| Complete 
| 139|0x0000000088b00000, 0x0000000088c00000, 0x0000000088c00000|100%|HC|  |TAMS 0x0000000088b00000| PB 0x0000000088b00000| Complete 
| 140|0x0000000088c00000, 0x0000000088d00000, 0x0000000088d00000|100%|HC|  |TAMS 0x0000000088c00000| PB 0x0000000088c00000| Complete 
| 141|0x0000000088d00000, 0x0000000088d00000, 0x0000000088e00000|  0%| F|  |TAMS 0x0000000088d00000| PB 0x0000000088d00000| Untracked 
| 142|0x0000000088e00000, 0x0000000088e00000, 0x0000000088f00000|  0%| F|  |TAMS 0x0000000088e00000| PB 0x0000000088e00000| Untracked 
| 143|0x0000000088f00000, 0x0000000088f00000, 0x0000000089000000|  0%| F|  |TAMS 0x0000000088f00000| PB 0x0000000088f00000| Untracked 
| 144|0x0000000089000000, 0x0000000089000000, 0x0000000089100000|  0%| F|  |TAMS 0x0000000089000000| PB 0x0000000089000000| Untracked 
| 145|0x0000000089100000, 0x0000000089100000, 0x0000000089200000|  0%| F|  |TAMS 0x0000000089100000| PB 0x0000000089100000| Untracked 
| 146|0x0000000089200000, 0x0000000089200000, 0x0000000089300000|  0%| F|  |TAMS 0x0000000089200000| PB 0x0000000089200000| Untracked 
| 147|0x0000000089300000, 0x0000000089300000, 0x0000000089400000|  0%| F|  |TAMS 0x0000000089300000| PB 0x0000000089300000| Untracked 
| 148|0x0000000089400000, 0x0000000089400000, 0x0000000089500000|  0%| F|  |TAMS 0x0000000089400000| PB 0x0000000089400000| Untracked 
| 149|0x0000000089500000, 0x0000000089500000, 0x0000000089600000|  0%| F|  |TAMS 0x0000000089500000| PB 0x0000000089500000| Untracked 
| 150|0x0000000089600000, 0x0000000089600000, 0x0000000089700000|  0%| F|  |TAMS 0x0000000089600000| PB 0x0000000089600000| Untracked 
| 151|0x0000000089700000, 0x0000000089700000, 0x0000000089800000|  0%| F|  |TAMS 0x0000000089700000| PB 0x0000000089700000| Untracked 
| 152|0x0000000089800000, 0x0000000089800000, 0x0000000089900000|  0%| F|  |TAMS 0x0000000089800000| PB 0x0000000089800000| Untracked 
| 153|0x0000000089900000, 0x0000000089900000, 0x0000000089a00000|  0%| F|  |TAMS 0x0000000089900000| PB 0x0000000089900000| Untracked 
| 154|0x0000000089a00000, 0x0000000089a00000, 0x0000000089b00000|  0%| F|  |TAMS 0x0000000089a00000| PB 0x0000000089a00000| Untracked 
| 155|0x0000000089b00000, 0x0000000089b00000, 0x0000000089c00000|  0%| F|  |TAMS 0x0000000089b00000| PB 0x0000000089b00000| Untracked 
| 156|0x0000000089c00000, 0x0000000089c00000, 0x0000000089d00000|  0%| F|  |TAMS 0x0000000089c00000| PB 0x0000000089c00000| Untracked 
| 157|0x0000000089d00000, 0x0000000089d00000, 0x0000000089e00000|  0%| F|  |TAMS 0x0000000089d00000| PB 0x0000000089d00000| Untracked 
| 158|0x0000000089e00000, 0x0000000089e00000, 0x0000000089f00000|  0%| F|  |TAMS 0x0000000089e00000| PB 0x0000000089e00000| Untracked 
| 159|0x0000000089f00000, 0x0000000089f00000, 0x000000008a000000|  0%| F|  |TAMS 0x0000000089f00000| PB 0x0000000089f00000| Untracked 
| 160|0x000000008a000000, 0x000000008a000000, 0x000000008a100000|  0%| F|  |TAMS 0x000000008a000000| PB 0x000000008a000000| Untracked 
| 161|0x000000008a100000, 0x000000008a100000, 0x000000008a200000|  0%| F|  |TAMS 0x000000008a100000| PB 0x000000008a100000| Untracked 
| 162|0x000000008a200000, 0x000000008a200000, 0x000000008a300000|  0%| F|  |TAMS 0x000000008a200000| PB 0x000000008a200000| Untracked 
| 163|0x000000008a300000, 0x000000008a300000, 0x000000008a400000|  0%| F|  |TAMS 0x000000008a300000| PB 0x000000008a300000| Untracked 
| 164|0x000000008a400000, 0x000000008a400000, 0x000000008a500000|  0%| F|  |TAMS 0x000000008a400000| PB 0x000000008a400000| Untracked 
| 165|0x000000008a500000, 0x000000008a500000, 0x000000008a600000|  0%| F|  |TAMS 0x000000008a500000| PB 0x000000008a500000| Untracked 
| 166|0x000000008a600000, 0x000000008a600000, 0x000000008a700000|  0%| F|  |TAMS 0x000000008a600000| PB 0x000000008a600000| Untracked 
| 167|0x000000008a700000, 0x000000008a700000, 0x000000008a800000|  0%| F|  |TAMS 0x000000008a700000| PB 0x000000008a700000| Untracked 
| 168|0x000000008a800000, 0x000000008a800000, 0x000000008a900000|  0%| F|  |TAMS 0x000000008a800000| PB 0x000000008a800000| Untracked 
| 169|0x000000008a900000, 0x000000008a900000, 0x000000008aa00000|  0%| F|  |TAMS 0x000000008a900000| PB 0x000000008a900000| Untracked 
| 170|0x000000008aa00000, 0x000000008aa00000, 0x000000008ab00000|  0%| F|  |TAMS 0x000000008aa00000| PB 0x000000008aa00000| Untracked 
| 171|0x000000008ab00000, 0x000000008ab00000, 0x000000008ac00000|  0%| F|  |TAMS 0x000000008ab00000| PB 0x000000008ab00000| Untracked 
| 172|0x000000008ac00000, 0x000000008ac00000, 0x000000008ad00000|  0%| F|  |TAMS 0x000000008ac00000| PB 0x000000008ac00000| Untracked 
| 173|0x000000008ad00000, 0x000000008ad00000, 0x000000008ae00000|  0%| F|  |TAMS 0x000000008ad00000| PB 0x000000008ad00000| Untracked 
| 174|0x000000008ae00000, 0x000000008ae00000, 0x000000008af00000|  0%| F|  |TAMS 0x000000008ae00000| PB 0x000000008ae00000| Untracked 
| 175|0x000000008af00000, 0x000000008af00000, 0x000000008b000000|  0%| F|  |TAMS 0x000000008af00000| PB 0x000000008af00000| Untracked 
| 176|0x000000008b000000, 0x000000008b000000, 0x000000008b100000|  0%| F|  |TAMS 0x000000008b000000| PB 0x000000008b000000| Untracked 
| 177|0x000000008b100000, 0x000000008b100000, 0x000000008b200000|  0%| F|  |TAMS 0x000000008b100000| PB 0x000000008b100000| Untracked 
| 178|0x000000008b200000, 0x000000008b200000, 0x000000008b300000|  0%| F|  |TAMS 0x000000008b200000| PB 0x000000008b200000| Untracked 
| 179|0x000000008b300000, 0x000000008b300000, 0x000000008b400000|  0%| F|  |TAMS 0x000000008b300000| PB 0x000000008b300000| Untracked 
| 180|0x000000008b400000, 0x000000008b400000, 0x000000008b500000|  0%| F|  |TAMS 0x000000008b400000| PB 0x000000008b400000| Untracked 
| 181|0x000000008b500000, 0x000000008b500000, 0x000000008b600000|  0%| F|  |TAMS 0x000000008b500000| PB 0x000000008b500000| Untracked 
| 182|0x000000008b600000, 0x000000008b600000, 0x000000008b700000|  0%| F|  |TAMS 0x000000008b600000| PB 0x000000008b600000| Untracked 
| 183|0x000000008b700000, 0x000000008b700000, 0x000000008b800000|  0%| F|  |TAMS 0x000000008b700000| PB 0x000000008b700000| Untracked 
| 184|0x000000008b800000, 0x000000008b800000, 0x000000008b900000|  0%| F|  |TAMS 0x000000008b800000| PB 0x000000008b800000| Untracked 
| 185|0x000000008b900000, 0x000000008b900000, 0x000000008ba00000|  0%| F|  |TAMS 0x000000008b900000| PB 0x000000008b900000| Untracked 
| 186|0x000000008ba00000, 0x000000008ba00000, 0x000000008bb00000|  0%| F|  |TAMS 0x000000008ba00000| PB 0x000000008ba00000| Untracked 
| 187|0x000000008bb00000, 0x000000008bb00000, 0x000000008bc00000|  0%| F|  |TAMS 0x000000008bb00000| PB 0x000000008bb00000| Untracked 
| 188|0x000000008bc00000, 0x000000008bc00000, 0x000000008bd00000|  0%| F|  |TAMS 0x000000008bc00000| PB 0x000000008bc00000| Untracked 
| 189|0x000000008bd00000, 0x000000008bd00000, 0x000000008be00000|  0%| F|  |TAMS 0x000000008bd00000| PB 0x000000008bd00000| Untracked 
| 190|0x000000008be00000, 0x000000008be00000, 0x000000008bf00000|  0%| F|  |TAMS 0x000000008be00000| PB 0x000000008be00000| Untracked 
| 191|0x000000008bf00000, 0x000000008bf00000, 0x000000008c000000|  0%| F|  |TAMS 0x000000008bf00000| PB 0x000000008bf00000| Untracked 
| 192|0x000000008c000000, 0x000000008c000000, 0x000000008c100000|  0%| F|  |TAMS 0x000000008c000000| PB 0x000000008c000000| Untracked 
| 193|0x000000008c100000, 0x000000008c100000, 0x000000008c200000|  0%| F|  |TAMS 0x000000008c100000| PB 0x000000008c100000| Untracked 
| 194|0x000000008c200000, 0x000000008c200000, 0x000000008c300000|  0%| F|  |TAMS 0x000000008c200000| PB 0x000000008c200000| Untracked 
| 195|0x000000008c300000, 0x000000008c300000, 0x000000008c400000|  0%| F|  |TAMS 0x000000008c300000| PB 0x000000008c300000| Untracked 
| 196|0x000000008c400000, 0x000000008c400000, 0x000000008c500000|  0%| F|  |TAMS 0x000000008c400000| PB 0x000000008c400000| Untracked 
| 197|0x000000008c500000, 0x000000008c5ca4b8, 0x000000008c600000| 79%| S|CS|TAMS 0x000000008c500000| PB 0x000000008c500000| Complete 
| 198|0x000000008c600000, 0x000000008c700000, 0x000000008c700000|100%| S|CS|TAMS 0x000000008c600000| PB 0x000000008c600000| Complete 
| 199|0x000000008c700000, 0x000000008c800000, 0x000000008c800000|100%| S|CS|TAMS 0x000000008c700000| PB 0x000000008c700000| Complete 
| 200|0x000000008c800000, 0x000000008c900000, 0x000000008c900000|100%| S|CS|TAMS 0x000000008c800000| PB 0x000000008c800000| Complete 
| 201|0x000000008c900000, 0x000000008ca00000, 0x000000008ca00000|100%| S|CS|TAMS 0x000000008c900000| PB 0x000000008c900000| Complete 
| 202|0x000000008ca00000, 0x000000008cb00000, 0x000000008cb00000|100%| S|CS|TAMS 0x000000008ca00000| PB 0x000000008ca00000| Complete 
| 203|0x000000008cb00000, 0x000000008cc00000, 0x000000008cc00000|100%| S|CS|TAMS 0x000000008cb00000| PB 0x000000008cb00000| Complete 
| 204|0x000000008cc00000, 0x000000008cd00000, 0x000000008cd00000|100%| S|CS|TAMS 0x000000008cc00000| PB 0x000000008cc00000| Complete 
| 205|0x000000008cd00000, 0x000000008ce00000, 0x000000008ce00000|100%| S|CS|TAMS 0x000000008cd00000| PB 0x000000008cd00000| Complete 
| 206|0x000000008ce00000, 0x000000008cf00000, 0x000000008cf00000|100%| S|CS|TAMS 0x000000008ce00000| PB 0x000000008ce00000| Complete 
| 207|0x000000008cf00000, 0x000000008d000000, 0x000000008d000000|100%| S|CS|TAMS 0x000000008cf00000| PB 0x000000008cf00000| Complete 
| 208|0x000000008d000000, 0x000000008d100000, 0x000000008d100000|100%| S|CS|TAMS 0x000000008d000000| PB 0x000000008d000000| Complete 
| 209|0x000000008d100000, 0x000000008d200000, 0x000000008d200000|100%| S|CS|TAMS 0x000000008d100000| PB 0x000000008d100000| Complete 
| 210|0x000000008d200000, 0x000000008d200000, 0x000000008d300000|  0%| F|  |TAMS 0x000000008d200000| PB 0x000000008d200000| Untracked 
| 211|0x000000008d300000, 0x000000008d300000, 0x000000008d400000|  0%| F|  |TAMS 0x000000008d300000| PB 0x000000008d300000| Untracked 
| 212|0x000000008d400000, 0x000000008d400000, 0x000000008d500000|  0%| F|  |TAMS 0x000000008d400000| PB 0x000000008d400000| Untracked 
| 213|0x000000008d500000, 0x000000008d500000, 0x000000008d600000|  0%| F|  |TAMS 0x000000008d500000| PB 0x000000008d500000| Untracked 
| 214|0x000000008d600000, 0x000000008d600000, 0x000000008d700000|  0%| F|  |TAMS 0x000000008d600000| PB 0x000000008d600000| Untracked 
| 215|0x000000008d700000, 0x000000008d700000, 0x000000008d800000|  0%| F|  |TAMS 0x000000008d700000| PB 0x000000008d700000| Untracked 
| 216|0x000000008d800000, 0x000000008d800000, 0x000000008d900000|  0%| F|  |TAMS 0x000000008d800000| PB 0x000000008d800000| Untracked 
| 217|0x000000008d900000, 0x000000008d900000, 0x000000008da00000|  0%| F|  |TAMS 0x000000008d900000| PB 0x000000008d900000| Untracked 
| 218|0x000000008da00000, 0x000000008da00000, 0x000000008db00000|  0%| F|  |TAMS 0x000000008da00000| PB 0x000000008da00000| Untracked 
| 219|0x000000008db00000, 0x000000008db00000, 0x000000008dc00000|  0%| F|  |TAMS 0x000000008db00000| PB 0x000000008db00000| Untracked 
| 220|0x000000008dc00000, 0x000000008dc00000, 0x000000008dd00000|  0%| F|  |TAMS 0x000000008dc00000| PB 0x000000008dc00000| Untracked 
| 221|0x000000008dd00000, 0x000000008dd00000, 0x000000008de00000|  0%| F|  |TAMS 0x000000008dd00000| PB 0x000000008dd00000| Untracked 
| 241|0x000000008f100000, 0x000000008f100000, 0x000000008f200000|  0%| F|  |TAMS 0x000000008f100000| PB 0x000000008f100000| Untracked 
| 242|0x000000008f200000, 0x000000008f200000, 0x000000008f300000|  0%| F|  |TAMS 0x000000008f200000| PB 0x000000008f200000| Untracked 
| 243|0x000000008f300000, 0x000000008f300000, 0x000000008f400000|  0%| F|  |TAMS 0x000000008f300000| PB 0x000000008f300000| Untracked 
| 244|0x000000008f400000, 0x000000008f400000, 0x000000008f500000|  0%| F|  |TAMS 0x000000008f400000| PB 0x000000008f400000| Untracked 
| 245|0x000000008f500000, 0x000000008f500000, 0x000000008f600000|  0%| F|  |TAMS 0x000000008f500000| PB 0x000000008f500000| Untracked 
| 246|0x000000008f600000, 0x000000008f600000, 0x000000008f700000|  0%| F|  |TAMS 0x000000008f600000| PB 0x000000008f600000| Untracked 
| 247|0x000000008f700000, 0x000000008f700000, 0x000000008f800000|  0%| F|  |TAMS 0x000000008f700000| PB 0x000000008f700000| Untracked 
| 248|0x000000008f800000, 0x000000008f800000, 0x000000008f900000|  0%| F|  |TAMS 0x000000008f800000| PB 0x000000008f800000| Untracked 
| 249|0x000000008f900000, 0x000000008f900000, 0x000000008fa00000|  0%| F|  |TAMS 0x000000008f900000| PB 0x000000008f900000| Untracked 
| 251|0x000000008fb00000, 0x000000008fb00000, 0x000000008fc00000|  0%| F|  |TAMS 0x000000008fb00000| PB 0x000000008fb00000| Untracked 
|2022|0x00000000fe600000, 0x00000000fe700000, 0x00000000fe700000|100%| O|  |TAMS 0x00000000fe685de0| PB 0x00000000fe685de0| Updating 
|2023|0x00000000fe700000, 0x00000000fe800000, 0x00000000fe800000|100%| O|  |TAMS 0x00000000fe800000| PB 0x00000000fe800000| Updating 
|2024|0x00000000fe800000, 0x00000000fe900000, 0x00000000fe900000|100%| O|  |TAMS 0x00000000fe900000| PB 0x00000000fe900000| Untracked 
|2025|0x00000000fe900000, 0x00000000fea00000, 0x00000000fea00000|100%| O|  |TAMS 0x00000000fea00000| PB 0x00000000fea00000| Untracked 
|2026|0x00000000fea00000, 0x00000000feb00000, 0x00000000feb00000|100%| O|  |TAMS 0x00000000feb00000| PB 0x00000000feb00000| Untracked 
|2027|0x00000000feb00000, 0x00000000fec00000, 0x00000000fec00000|100%| O|  |TAMS 0x00000000fec00000| PB 0x00000000fec00000| Untracked 
|2028|0x00000000fec00000, 0x00000000fed00000, 0x00000000fed00000|100%| O|  |TAMS 0x00000000fed00000| PB 0x00000000fed00000| Untracked 
|2029|0x00000000fed00000, 0x00000000fee00000, 0x00000000fee00000|100%| O|  |TAMS 0x00000000fee00000| PB 0x00000000fee00000| Untracked 
|2030|0x00000000fee00000, 0x00000000fef00000, 0x00000000fef00000|100%| O|  |TAMS 0x00000000fef00000| PB 0x00000000fef00000| Untracked 
|2031|0x00000000fef00000, 0x00000000ff000000, 0x00000000ff000000|100%| O|  |TAMS 0x00000000ff000000| PB 0x00000000ff000000| Untracked 
|2032|0x00000000ff000000, 0x00000000ff100000, 0x00000000ff100000|100%| O|  |TAMS 0x00000000ff100000| PB 0x00000000ff100000| Untracked 
|2033|0x00000000ff100000, 0x00000000ff200000, 0x00000000ff200000|100%| O|  |TAMS 0x00000000ff200000| PB 0x00000000ff200000| Untracked 
|2034|0x00000000ff200000, 0x00000000ff300000, 0x00000000ff300000|100%| O|  |TAMS 0x00000000ff300000| PB 0x00000000ff300000| Untracked 
|2035|0x00000000ff300000, 0x00000000ff400000, 0x00000000ff400000|100%| O|  |TAMS 0x00000000ff400000| PB 0x00000000ff400000| Untracked 
|2036|0x00000000ff400000, 0x00000000ff500000, 0x00000000ff500000|100%| O|  |TAMS 0x00000000ff500000| PB 0x00000000ff500000| Untracked 
|2037|0x00000000ff500000, 0x00000000ff500000, 0x00000000ff600000|  0%| F|  |TAMS 0x00000000ff500000| PB 0x00000000ff500000| Untracked 
|2038|0x00000000ff600000, 0x00000000ff600000, 0x00000000ff700000|  0%| F|  |TAMS 0x00000000ff600000| PB 0x00000000ff600000| Untracked 
|2039|0x00000000ff700000, 0x00000000ff800000, 0x00000000ff800000|100%| O|  |TAMS 0x00000000ff800000| PB 0x00000000ff800000| Untracked 
|2040|0x00000000ff800000, 0x00000000ff900000, 0x00000000ff900000|100%| O|  |TAMS 0x00000000ff900000| PB 0x00000000ff900000| Updating 
|2041|0x00000000ff900000, 0x00000000ff900000, 0x00000000ffa00000|  0%| F|  |TAMS 0x00000000ff900000| PB 0x00000000ff900000| Untracked 
|2042|0x00000000ffa00000, 0x00000000ffa72640, 0x00000000ffb00000| 44%| E|  |TAMS 0x00000000ffa00000| PB 0x00000000ffa00000| Complete 
|2043|0x00000000ffb00000, 0x00000000ffc00000, 0x00000000ffc00000|100%| E|CS|TAMS 0x00000000ffb00000| PB 0x00000000ffb00000| Complete 
|2044|0x00000000ffc00000, 0x00000000ffd00000, 0x00000000ffd00000|100%| O|  |TAMS 0x00000000ffd00000| PB 0x00000000ffd00000| Untracked 
|2045|0x00000000ffd00000, 0x00000000ffe00000, 0x00000000ffe00000|100%| E|CS|TAMS 0x00000000ffd00000| PB 0x00000000ffd00000| Complete 
|2046|0x00000000ffe00000, 0x00000000fff00000, 0x00000000fff00000|100%| O|  |TAMS 0x00000000fff00000| PB 0x00000000fff00000| Updating 
|2047|0x00000000fff00000, 0x0000000100000000, 0x0000000100000000|100%| O|  |TAMS 0x0000000100000000| PB 0x0000000100000000| Untracked 

Card table byte_map: [0x000002436f7d0000,0x000002436fbd0000] _byte_map_base: 0x000002436f3d0000

Marking Bits: (CMBitMap*) 0x000002435cd696f0
 Bits: [0x000002436fbd0000, 0x0000024371bd0000)

Polling page: 0x000002435abb0000

Metaspace:

Usage:
  Non-class:    102.19 MB used.
      Class:     16.52 MB used.
       Both:    118.71 MB used.

Virtual space:
  Non-class space:      128.00 MB reserved,     103.38 MB ( 81%) committed,  2 nodes.
      Class space:      416.00 MB reserved,      17.56 MB (  4%) committed,  1 nodes.
             Both:      544.00 MB reserved,     120.94 MB ( 22%) committed. 

Chunk freelists:
   Non-Class:  8.23 MB
       Class:  14.45 MB
        Both:  22.69 MB

MaxMetaspaceSize: 512.00 MB
CompressedClassSpaceSize: 416.00 MB
Initial GC threshold: 21.00 MB
Current GC threshold: 195.00 MB
CDS: off
 - commit_granule_bytes: 65536.
 - commit_granule_words: 8192.
 - virtual_space_node_default_size: 8388608.
 - enlarge_chunks_in_place: 1.
 - use_allocation_guard: 0.


Internal statistics:

num_allocs_failed_limit: 11.
num_arena_births: 4572.
num_arena_deaths: 0.
num_vsnodes_births: 3.
num_vsnodes_deaths: 0.
num_space_committed: 1933.
num_space_uncommitted: 0.
num_chunks_returned_to_freelist: 11.
num_chunks_taken_from_freelist: 9723.
num_chunk_merges: 11.
num_chunk_splits: 6360.
num_chunks_enlarged: 3985.
num_inconsistent_stats: 0.

CodeHeap 'non-profiled nmethods': size=120000Kb used=8587Kb max_used=8720Kb free=111412Kb
 bounds [0x0000024367940000, 0x00000243681d0000, 0x000002436ee70000]
CodeHeap 'profiled nmethods': size=120000Kb used=22303Kb max_used=22841Kb free=97696Kb
 bounds [0x000002435fe70000, 0x00000243614d0000, 0x00000243673a0000]
CodeHeap 'non-nmethods': size=5760Kb used=2029Kb max_used=2125Kb free=3730Kb
 bounds [0x00000243673a0000, 0x0000024367610000, 0x0000024367940000]
CodeCache: size=245760Kb, used=32919Kb, max_used=33686Kb, free=212838Kb
 total_blobs=13076, nmethods=12167, adapters=811, full_count=0
Compilation: enabled, stopped_count=0, restarted_count=0

Compilation events (20 events):
Event: 21.912 Thread 0x000002437499ded0 14955 %     3       java.lang.StringUTF16::lastIndexOf @ 17 (47 bytes)
Event: 21.912 Thread 0x000002437499ded0 nmethod 14955% 0x00000243614bb190 code [0x00000243614bb360, 0x00000243614bb710]
Event: 21.914 Thread 0x000002437499ded0 14956       3       java.lang.StringUTF16::lastIndexOf (47 bytes)
Event: 21.914 Thread 0x000002437499ded0 nmethod 14956 0x00000243614bb890 code [0x00000243614bba60, 0x00000243614bbd88]
Event: 21.922 Thread 0x000002437499ded0 14959 %     3       com.google.common.base.CharMatcher::countIn @ 4 (39 bytes)
Event: 21.923 Thread 0x000002437499ded0 nmethod 14959% 0x00000243614bbf10 code [0x00000243614bc100, 0x00000243614bc618]
Event: 21.929 Thread 0x0000024374993d40 nmethod 14953 0x00000243681c1e90 code [0x00000243681c20e0, 0x00000243681c2da8]
Event: 21.929 Thread 0x0000024374993d40 14958       4       com.android.utils.XmlUtils::toXmlTextValue (65 bytes)
Event: 21.933 Thread 0x000002437499ded0 14962       2       com.android.utils.XmlUtils::appendXmlAttributeValue (153 bytes)
Event: 21.935 Thread 0x000002437499ded0 nmethod 14962 0x00000243614bc790 code [0x00000243614bc9c0, 0x00000243614bcea8]
Event: 21.935 Thread 0x000002437499ded0 14963       3       com.google.common.base.CharMatcher::countIn (39 bytes)
Event: 21.935 Thread 0x000002437499ded0 nmethod 14963 0x00000243614bd310 code [0x00000243614bd500, 0x00000243614bd958]
Event: 21.938 Thread 0x0000024374993d40 nmethod 14958 0x00000243681c3410 code [0x00000243681c35a0, 0x00000243681c38c8]
Event: 21.938 Thread 0x0000024374993d40 14949       4       com.android.utils.XmlUtils$PositionAwareStringBuilder::append (45 bytes)
Event: 21.941 Thread 0x000002437499ded0 14965       3       com.android.utils.XmlUtils::toXmlAttributeValue (89 bytes)
Event: 21.942 Thread 0x000002437499ded0 nmethod 14965 0x00000243614bda90 code [0x00000243614bdd40, 0x00000243614bea88]
Event: 21.944 Thread 0x0000024374993d40 nmethod 14949 0x00000243681c3a90 code [0x00000243681c3c80, 0x00000243681c4050]
Event: 21.944 Thread 0x0000024374993d40 14964       4       com.android.utils.XmlUtils::append (597 bytes)
Event: 21.987 Thread 0x000002437499ded0 14969       3       com.android.utils.XmlUtils::toXmlTextValue (65 bytes)
Event: 21.988 Thread 0x000002437499ded0 nmethod 14969 0x00000243614bf090 code [0x00000243614bf340, 0x00000243614bffc8]

GC Heap History (20 events):
Event: 18.911 GC heap before
{Heap before GC invocations=47 (full 0):
 garbage-first heap   total 188416K, used 171739K [0x0000000080000000, 0x0000000100000000)
  region size 1024K, 68 young (69632K), 9 survivors (9216K)
 Metaspace       used 116593K, committed 118912K, reserved 557056K
  class space    used 16270K, committed 17408K, reserved 425984K
}
Event: 18.918 GC heap after
{Heap after GC invocations=48 (full 0):
 garbage-first heap   total 188416K, used 112372K [0x0000000080000000, 0x0000000100000000)
  region size 1024K, 6 young (6144K), 6 survivors (6144K)
 Metaspace       used 116593K, committed 118912K, reserved 557056K
  class space    used 16270K, committed 17408K, reserved 425984K
}
Event: 19.003 GC heap before
{Heap before GC invocations=48 (full 0):
 garbage-first heap   total 188416K, used 171764K [0x0000000080000000, 0x0000000100000000)
  region size 1024K, 65 young (66560K), 6 survivors (6144K)
 Metaspace       used 116609K, committed 118912K, reserved 557056K
  class space    used 16271K, committed 17408K, reserved 425984K
}
Event: 19.007 GC heap after
{Heap after GC invocations=49 (full 0):
 garbage-first heap   total 188416K, used 114245K [0x0000000080000000, 0x0000000100000000)
  region size 1024K, 4 young (4096K), 4 survivors (4096K)
 Metaspace       used 116609K, committed 118912K, reserved 557056K
  class space    used 16271K, committed 17408K, reserved 425984K
}
Event: 19.112 GC heap before
{Heap before GC invocations=49 (full 0):
 garbage-first heap   total 188416K, used 172613K [0x0000000080000000, 0x0000000100000000)
  region size 1024K, 62 young (63488K), 4 survivors (4096K)
 Metaspace       used 116615K, committed 118912K, reserved 557056K
  class space    used 16271K, committed 17408K, reserved 425984K
}
Event: 19.115 GC heap after
{Heap after GC invocations=50 (full 0):
 garbage-first heap   total 188416K, used 114680K [0x0000000080000000, 0x0000000100000000)
  region size 1024K, 4 young (4096K), 4 survivors (4096K)
 Metaspace       used 116615K, committed 118912K, reserved 557056K
  class space    used 16271K, committed 17408K, reserved 425984K
}
Event: 19.212 GC heap before
{Heap before GC invocations=50 (full 0):
 garbage-first heap   total 191488K, used 174072K [0x0000000080000000, 0x0000000100000000)
  region size 1024K, 63 young (64512K), 4 survivors (4096K)
 Metaspace       used 116620K, committed 118912K, reserved 557056K
  class space    used 16271K, committed 17408K, reserved 425984K
}
Event: 19.214 GC heap after
{Heap after GC invocations=51 (full 0):
 garbage-first heap   total 191488K, used 115464K [0x0000000080000000, 0x0000000100000000)
  region size 1024K, 5 young (5120K), 5 survivors (5120K)
 Metaspace       used 116620K, committed 118912K, reserved 557056K
  class space    used 16271K, committed 17408K, reserved 425984K
}
Event: 19.361 GC heap before
{Heap before GC invocations=52 (full 0):
 garbage-first heap   total 191488K, used 177928K [0x0000000080000000, 0x0000000100000000)
  region size 1024K, 67 young (68608K), 5 survivors (5120K)
 Metaspace       used 116621K, committed 118912K, reserved 557056K
  class space    used 16271K, committed 17408K, reserved 425984K
}
Event: 19.365 GC heap after
{Heap after GC invocations=53 (full 0):
 garbage-first heap   total 246784K, used 116296K [0x0000000080000000, 0x0000000100000000)
  region size 1024K, 6 young (6144K), 6 survivors (6144K)
 Metaspace       used 116621K, committed 118912K, reserved 557056K
  class space    used 16271K, committed 17408K, reserved 425984K
}
Event: 19.751 GC heap before
{Heap before GC invocations=53 (full 0):
 garbage-first heap   total 246784K, used 225864K [0x0000000080000000, 0x0000000100000000)
  region size 1024K, 113 young (115712K), 6 survivors (6144K)
 Metaspace       used 116764K, committed 119040K, reserved 557056K
  class space    used 16277K, committed 17408K, reserved 425984K
}
Event: 19.758 GC heap after
{Heap after GC invocations=54 (full 0):
 garbage-first heap   total 246784K, used 116774K [0x0000000080000000, 0x0000000100000000)
  region size 1024K, 8 young (8192K), 8 survivors (8192K)
 Metaspace       used 116764K, committed 119040K, reserved 557056K
  class space    used 16277K, committed 17408K, reserved 425984K
}
Event: 20.384 GC heap before
{Heap before GC invocations=54 (full 0):
 garbage-first heap   total 246784K, used 200742K [0x0000000080000000, 0x0000000100000000)
  region size 1024K, 91 young (93184K), 8 survivors (8192K)
 Metaspace       used 117452K, committed 119744K, reserved 557056K
  class space    used 16429K, committed 17536K, reserved 425984K
}
Event: 20.388 GC heap after
{Heap after GC invocations=55 (full 0):
 garbage-first heap   total 246784K, used 118581K [0x0000000080000000, 0x0000000100000000)
  region size 1024K, 10 young (10240K), 10 survivors (10240K)
 Metaspace       used 117452K, committed 119744K, reserved 557056K
  class space    used 16429K, committed 17536K, reserved 425984K
}
Event: 20.563 GC heap before
{Heap before GC invocations=56 (full 0):
 garbage-first heap   total 246784K, used 225077K [0x0000000080000000, 0x0000000100000000)
  region size 1024K, 114 young (116736K), 10 survivors (10240K)
 Metaspace       used 117489K, committed 119808K, reserved 557056K
  class space    used 16430K, committed 17536K, reserved 425984K
}
Event: 20.568 GC heap after
{Heap after GC invocations=57 (full 0):
 garbage-first heap   total 246784K, used 120035K [0x0000000080000000, 0x0000000100000000)
  region size 1024K, 10 young (10240K), 10 survivors (10240K)
 Metaspace       used 117489K, committed 119808K, reserved 557056K
  class space    used 16430K, committed 17536K, reserved 425984K
}
Event: 21.474 GC heap before
{Heap before GC invocations=57 (full 0):
 garbage-first heap   total 246784K, used 228579K [0x0000000080000000, 0x0000000100000000)
  region size 1024K, 114 young (116736K), 10 survivors (10240K)
 Metaspace       used 119692K, committed 121984K, reserved 557056K
  class space    used 16666K, committed 17792K, reserved 425984K
}
Event: 21.486 GC heap after
{Heap after GC invocations=58 (full 0):
 garbage-first heap   total 264192K, used 141847K [0x0000000080000000, 0x0000000100000000)
  region size 1024K, 15 young (15360K), 15 survivors (15360K)
 Metaspace       used 119692K, committed 121984K, reserved 557056K
  class space    used 16666K, committed 17792K, reserved 425984K
}
Event: 21.898 GC heap before
{Heap before GC invocations=58 (full 0):
 garbage-first heap   total 264192K, used 166423K [0x0000000080000000, 0x0000000100000000)
  region size 1024K, 41 young (41984K), 15 survivors (15360K)
 Metaspace       used 121535K, committed 123776K, reserved 557056K
  class space    used 16907K, committed 17984K, reserved 425984K
}
Event: 21.909 GC heap after
{Heap after GC invocations=59 (full 0):
 garbage-first heap   total 264192K, used 155684K [0x0000000080000000, 0x0000000100000000)
  region size 1024K, 13 young (13312K), 13 survivors (13312K)
 Metaspace       used 121535K, committed 123776K, reserved 557056K
  class space    used 16907K, committed 17984K, reserved 425984K
}

Dll operation events (3 events):
Event: 0.008 Loaded shared library C:\Program Files\Android\Android Studio\jbr\bin\java.dll
Event: 0.014 Loaded shared library C:\Program Files\Android\Android Studio\jbr\bin\zip.dll
Event: 0.620 Loaded shared library C:\Program Files\Android\Android Studio\jbr\bin\verify.dll

Deoptimization events (20 events):
Event: 21.884 Thread 0x000002437dee4bd0 Uncommon trap: trap_request=0xffffff6e fr.pc=0x00000243679d81b8 relative=0x0000000000000198
Event: 21.884 Thread 0x000002437dee4bd0 Uncommon trap: reason=loop_limit_check action=maybe_recompile pc=0x00000243679d81b8 method=java.lang.StringLatin1.lastIndexOf([BII)I @ 19 c2
Event: 21.884 Thread 0x000002437dee4bd0 DEOPT PACKING pc=0x00000243679d81b8 sp=0x0000008893afa230
Event: 21.884 Thread 0x000002437dee4bd0 DEOPT UNPACKING pc=0x00000243673f43a2 sp=0x0000008893afa158 mode 2
Event: 21.891 Thread 0x000002437dee4bd0 DEOPT PACKING pc=0x00000243614aa279 sp=0x0000008893afa260
Event: 21.891 Thread 0x000002437dee4bd0 DEOPT UNPACKING pc=0x00000243673f4b42 sp=0x0000008893af9760 mode 0
Event: 21.893 Thread 0x000002437dee4bd0 DEOPT PACKING pc=0x00000243614aa279 sp=0x0000008893afa100
Event: 21.893 Thread 0x000002437dee4bd0 DEOPT UNPACKING pc=0x00000243673f4b42 sp=0x0000008893af9600 mode 0
Event: 21.910 Thread 0x000002437dee4bd0 DEOPT PACKING pc=0x00000243614b0b37 sp=0x0000008893af9fa0
Event: 21.910 Thread 0x000002437dee4bd0 DEOPT UNPACKING pc=0x00000243673f4b42 sp=0x0000008893af94a0 mode 0
Event: 21.914 Thread 0x000002437dee4bd0 DEOPT PACKING pc=0x00000243614b2f79 sp=0x0000008893af9f50
Event: 21.914 Thread 0x000002437dee4bd0 DEOPT UNPACKING pc=0x00000243673f4b42 sp=0x0000008893af93e8 mode 0
Event: 21.940 Thread 0x000002437dee4bd0 Uncommon trap: trap_request=0xffffff45 fr.pc=0x00000243681c27a4 relative=0x00000000000006c4
Event: 21.940 Thread 0x000002437dee4bd0 Uncommon trap: reason=unstable_if action=reinterpret pc=0x00000243681c27a4 method=com.android.utils.XmlUtils.toXmlAttributeValue(Ljava/lang/String;)Ljava/lang/String; @ 27 c2
Event: 21.940 Thread 0x000002437dee4bd0 DEOPT PACKING pc=0x00000243681c27a4 sp=0x0000008893afa140
Event: 21.940 Thread 0x000002437dee4bd0 DEOPT UNPACKING pc=0x00000243673f43a2 sp=0x0000008893afa100 mode 2
Event: 21.987 Thread 0x000002437dee4bd0 Uncommon trap: trap_request=0xffffff45 fr.pc=0x00000243681c3848 relative=0x00000000000002a8
Event: 21.987 Thread 0x000002437dee4bd0 Uncommon trap: reason=unstable_if action=reinterpret pc=0x00000243681c3848 method=com.android.utils.XmlUtils.toXmlTextValue(Ljava/lang/String;)Ljava/lang/String; @ 27 c2
Event: 21.987 Thread 0x000002437dee4bd0 DEOPT PACKING pc=0x00000243681c3848 sp=0x0000008893afa030
Event: 21.987 Thread 0x000002437dee4bd0 DEOPT UNPACKING pc=0x00000243673f43a2 sp=0x0000008893af9fa0 mode 2

Classes loaded (20 events):
Event: 21.555 Loading class com/sun/org/apache/xml/internal/dtm/ref/DTMNodeListBase done
Event: 21.555 Loading class com/sun/org/apache/xml/internal/dtm/ref/DTMNodeList done
Event: 21.555 Loading class com/sun/org/apache/xpath/internal/axes/NodeSequence$IteratorCache
Event: 21.555 Loading class com/sun/org/apache/xpath/internal/axes/NodeSequence$IteratorCache done
Event: 21.555 Loading class com/sun/org/apache/xml/internal/dtm/ref/DTMDefaultBaseTraversers$ChildTraverser
Event: 21.556 Loading class com/sun/org/apache/xml/internal/dtm/ref/DTMDefaultBaseTraversers$ChildTraverser done
Event: 21.556 Loading class com/sun/org/apache/xerces/internal/dom/DeferredElementImpl
Event: 21.556 Loading class com/sun/org/apache/xerces/internal/dom/DeferredElementImpl done
Event: 21.556 Loading class com/sun/org/apache/xerces/internal/dom/DeferredAttrImpl
Event: 21.556 Loading class com/sun/org/apache/xerces/internal/dom/DeferredAttrImpl done
Event: 21.557 Loading class com/sun/org/apache/xml/internal/utils/XMLCharacterRecognizer
Event: 21.557 Loading class com/sun/org/apache/xml/internal/utils/XMLCharacterRecognizer done
Event: 21.564 Loading class java/nio/file/StandardCopyOption
Event: 21.564 Loading class java/nio/file/StandardCopyOption done
Event: 21.569 Loading class sun/nio/fs/WindowsFileCopy
Event: 21.570 Loading class sun/nio/fs/WindowsFileCopy done
Event: 21.708 Loading class com/sun/org/apache/xerces/internal/dom/DeferredCommentImpl
Event: 21.708 Loading class com/sun/org/apache/xerces/internal/dom/CommentImpl
Event: 21.708 Loading class com/sun/org/apache/xerces/internal/dom/CommentImpl done
Event: 21.710 Loading class com/sun/org/apache/xerces/internal/dom/DeferredCommentImpl done

Classes unloaded (0 events):
No events

Classes redefined (0 events):
No events

Internal exceptions (20 events):
Event: 21.693 Thread 0x000002437dee4bd0 Exception <a 'sun/nio/fs/WindowsException'{0x000000008f51d1d8}> (0x000000008f51d1d8) 
thrown [s\src\hotspot\share\prims\jni.cpp, line 537]
Event: 21.694 Thread 0x000002437dee4bd0 Exception <a 'sun/nio/fs/WindowsException'{0x000000008f527b90}> (0x000000008f527b90) 
thrown [s\src\hotspot\share\prims\jni.cpp, line 537]
Event: 21.694 Thread 0x000002437dee4bd0 Exception <a 'sun/nio/fs/WindowsException'{0x000000008f542b18}> (0x000000008f542b18) 
thrown [s\src\hotspot\share\prims\jni.cpp, line 537]
Event: 21.695 Thread 0x000002437dee4bd0 Exception <a 'sun/nio/fs/WindowsException'{0x000000008f54e6e0}> (0x000000008f54e6e0) 
thrown [s\src\hotspot\share\prims\jni.cpp, line 537]
Event: 21.704 Thread 0x000002437dee4bd0 Exception <a 'sun/nio/fs/WindowsException'{0x000000008f588458}> (0x000000008f588458) 
thrown [s\src\hotspot\share\prims\jni.cpp, line 537]
Event: 21.707 Thread 0x000002437dee4bd0 Exception <a 'sun/nio/fs/WindowsException'{0x000000008f5a2ed8}> (0x000000008f5a2ed8) 
thrown [s\src\hotspot\share\prims\jni.cpp, line 537]
Event: 21.712 Thread 0x000002437dee4bd0 Exception <a 'sun/nio/fs/WindowsException'{0x000000008f5f5fd0}> (0x000000008f5f5fd0) 
thrown [s\src\hotspot\share\prims\jni.cpp, line 537]
Event: 21.713 Thread 0x000002437dee4bd0 Exception <a 'sun/nio/fs/WindowsException'{0x000000008f5fae60}> (0x000000008f5fae60) 
thrown [s\src\hotspot\share\prims\jni.cpp, line 537]
Event: 21.713 Thread 0x000002437dee4bd0 Exception <a 'sun/nio/fs/WindowsException'{0x000000008f5fc298}> (0x000000008f5fc298) 
thrown [s\src\hotspot\share\prims\jni.cpp, line 537]
Event: 21.722 Thread 0x000002437dee4bd0 Exception <a 'sun/nio/fs/WindowsException'{0x000000008f448fd8}> (0x000000008f448fd8) 
thrown [s\src\hotspot\share\prims\jni.cpp, line 537]
Event: 21.746 Thread 0x000002437dee4bd0 Exception <a 'sun/nio/fs/WindowsException'{0x000000008f4ecaa8}> (0x000000008f4ecaa8) 
thrown [s\src\hotspot\share\prims\jni.cpp, line 537]
Event: 21.746 Thread 0x000002437dee4bd0 Exception <a 'sun/nio/fs/WindowsException'{0x000000008f4edc90}> (0x000000008f4edc90) 
thrown [s\src\hotspot\share\prims\jni.cpp, line 537]
Event: 21.746 Thread 0x000002437dee4bd0 Exception <a 'sun/nio/fs/WindowsException'{0x000000008f4ef418}> (0x000000008f4ef418) 
thrown [s\src\hotspot\share\prims\jni.cpp, line 537]
Event: 21.746 Thread 0x000002437dee4bd0 Exception <a 'sun/nio/fs/WindowsException'{0x000000008f4f0608}> (0x000000008f4f0608) 
thrown [s\src\hotspot\share\prims\jni.cpp, line 537]
Event: 21.882 Thread 0x000002437dee4bd0 Exception <a 'sun/nio/fs/WindowsException'{0x000000008d4ed180}> (0x000000008d4ed180) 
thrown [s\src\hotspot\share\prims\jni.cpp, line 537]
Event: 21.997 Thread 0x000002437dee4bd0 Exception <a 'sun/nio/fs/WindowsException'{0x00000000ffa23440}> (0x00000000ffa23440) 
thrown [s\src\hotspot\share\prims\jni.cpp, line 537]
Event: 21.999 Thread 0x000002437dee4bd0 Exception <a 'sun/nio/fs/WindowsException'{0x00000000ffa2d2f8}> (0x00000000ffa2d2f8) 
thrown [s\src\hotspot\share\prims\jni.cpp, line 537]
Event: 22.001 Thread 0x000002437dee4bd0 Exception <a 'sun/nio/fs/WindowsException'{0x00000000ffa3d0d0}> (0x00000000ffa3d0d0) 
thrown [s\src\hotspot\share\prims\jni.cpp, line 537]
Event: 22.002 Thread 0x000002437dee4bd0 Exception <a 'sun/nio/fs/WindowsException'{0x00000000ffa47728}> (0x00000000ffa47728) 
thrown [s\src\hotspot\share\prims\jni.cpp, line 537]
Event: 22.004 Thread 0x000002437dee4bd0 Exception <a 'sun/nio/fs/WindowsException'{0x00000000ffa591d0}> (0x00000000ffa591d0) 
thrown [s\src\hotspot\share\prims\jni.cpp, line 537]

ZGC Phase Switch (0 events):
No events

VM Operations (20 events):
Event: 20.568 Executing VM operation: G1CollectForAllocation (G1 Evacuation Pause) done
Event: 20.832 Executing VM operation: HandshakeAllThreads (Deoptimize)
Event: 20.833 Executing VM operation: HandshakeAllThreads (Deoptimize) done
Event: 20.835 Executing VM operation: HandshakeAllThreads (Deoptimize)
Event: 20.835 Executing VM operation: HandshakeAllThreads (Deoptimize) done
Event: 21.137 Executing VM operation: HandshakeAllThreads (Deoptimize)
Event: 21.137 Executing VM operation: HandshakeAllThreads (Deoptimize) done
Event: 21.269 Executing VM operation: ICBufferFull
Event: 21.269 Executing VM operation: ICBufferFull done
Event: 21.320 Executing VM operation: HandshakeAllThreads (Deoptimize)
Event: 21.320 Executing VM operation: HandshakeAllThreads (Deoptimize) done
Event: 21.474 Executing VM operation: G1CollectForAllocation (G1 Evacuation Pause)
Event: 21.486 Executing VM operation: G1CollectForAllocation (G1 Evacuation Pause) done
Event: 21.549 Executing VM operation: HandshakeAllThreads (Deoptimize)
Event: 21.549 Executing VM operation: HandshakeAllThreads (Deoptimize) done
Event: 21.710 Executing VM operation: HandshakeAllThreads (Deoptimize)
Event: 21.710 Executing VM operation: HandshakeAllThreads (Deoptimize) done
Event: 21.898 Executing VM operation: G1TryInitiateConcMark (G1 Humongous Allocation)
Event: 21.909 Executing VM operation: G1TryInitiateConcMark (G1 Humongous Allocation) done
Event: 22.005 Executing VM operation: G1PauseRemark

Memory protections (0 events):
No events

Nmethod flushes (20 events):
Event: 22.009 Thread 0x000002437486d4c0 flushing  nmethod 0x000002436007c490
Event: 22.009 Thread 0x000002437486d4c0 flushing  nmethod 0x0000024361233990
Event: 22.009 Thread 0x000002437486d4c0 flushing  nmethod 0x0000024361236190
Event: 22.009 Thread 0x000002437486d4c0 flushing  nmethod 0x000002436123a910
Event: 22.009 Thread 0x000002437486d4c0 flushing  nmethod 0x0000024367d75b10
Event: 22.009 Thread 0x000002437486d4c0 flushing  nmethod 0x0000024367db1590
Event: 22.009 Thread 0x000002437486d4c0 flushing  nmethod 0x0000024367fa2a10
Event: 22.009 Thread 0x000002437486d4c0 flushing  nmethod 0x0000024368036090
Event: 22.009 Thread 0x000002437486d4c0 flushing  nmethod 0x000002435fed2b10
Event: 22.009 Thread 0x000002437486d4c0 flushing  nmethod 0x00000243605b5b90
Event: 22.009 Thread 0x000002437486d4c0 flushing  nmethod 0x00000243609a6810
Event: 22.009 Thread 0x000002437486d4c0 flushing  nmethod 0x00000243609aa310
Event: 22.009 Thread 0x000002437486d4c0 flushing  nmethod 0x00000243609ac210
Event: 22.009 Thread 0x000002437486d4c0 flushing  nmethod 0x0000024360a2b910
Event: 22.009 Thread 0x000002437486d4c0 flushing  nmethod 0x0000024360a32b10
Event: 22.009 Thread 0x000002437486d4c0 flushing  nmethod 0x0000024360a39990
Event: 22.009 Thread 0x000002437486d4c0 flushing  nmethod 0x0000024360a3b410
Event: 22.009 Thread 0x000002437486d4c0 flushing  nmethod 0x0000024360b70190
Event: 22.009 Thread 0x000002437486d4c0 flushing  nmethod 0x0000024360b71310
Event: 22.009 Thread 0x000002437486d4c0 flushing  nmethod 0x0000024360b79310

Events (20 events):
Event: 19.812 Thread 0x000002437dee3190 Thread added: 0x0000024374c63d10
Event: 19.813 Thread 0x000002437dee3190 Thread added: 0x0000024374c67820
Event: 19.813 Thread 0x000002437dee3190 Thread added: 0x0000024374c68540
Event: 19.814 Thread 0x000002437dee3190 Thread added: 0x0000024374c68bd0
Event: 19.814 Thread 0x000002437dee3190 Thread added: 0x0000024374c69260
Event: 19.814 Thread 0x000002437dee3190 Thread added: 0x0000024374c698f0
Event: 19.814 Thread 0x000002437dee3190 Thread added: 0x000002430050a250
Event: 19.814 Thread 0x000002437dee3190 Thread added: 0x000002430050fe30
Event: 19.836 Thread 0x000002437e5edd70 Thread added: 0x000002437bede360
Event: 20.479 Thread 0x000002437dee4bd0 Thread added: 0x000002437d963280
Event: 20.480 Thread 0x000002437dee4bd0 Thread added: 0x000002437d962bf0
Event: 20.480 Thread 0x000002437dee4bd0 Thread added: 0x000002437d963fa0
Event: 20.481 Thread 0x000002437dee4bd0 Thread added: 0x000002437d963910
Event: 20.481 Thread 0x000002437dee4bd0 Thread added: 0x000002437d961840
Event: 20.481 Thread 0x000002437dee4bd0 Thread added: 0x000002437d966700
Event: 20.481 Thread 0x000002437dee4bd0 Thread added: 0x000002437d967ab0
Event: 20.482 Thread 0x000002437dee4bd0 Thread added: 0x000002437d9659e0
Event: 20.482 Thread 0x000002437dee4bd0 Thread added: 0x000002437d966d90
Event: 20.483 Thread 0x000002437dee4bd0 Thread added: 0x000002437d9687d0
Event: 20.483 Thread 0x000002437dee4bd0 Thread added: 0x000002437d965350


Dynamic libraries:
0x00007ff63fae0000 - 0x00007ff63faea000 	C:\Program Files\Android\Android Studio\jbr\bin\java.exe
0x00007ffb1d820000 - 0x00007ffb1da87000 	C:\WINDOWS\SYSTEM32\ntdll.dll
0x00007ffb1c3b0000 - 0x00007ffb1c479000 	C:\WINDOWS\System32\KERNEL32.DLL
0x00007ffb1a940000 - 0x00007ffb1ad34000 	C:\WINDOWS\System32\KERNELBASE.dll
0x00007ffb1a480000 - 0x00007ffb1a5cb000 	C:\WINDOWS\System32\ucrtbase.dll
0x00007ffb08ea0000 - 0x00007ffb08eb8000 	C:\Program Files\Android\Android Studio\jbr\bin\jli.dll
0x00007ffb08b80000 - 0x00007ffb08b9b000 	C:\Program Files\Android\Android Studio\jbr\bin\VCRUNTIME140.dll
0x00007ffb1c890000 - 0x00007ffb1ca55000 	C:\WINDOWS\System32\USER32.dll
0x00007ffb02e90000 - 0x00007ffb03123000 	C:\WINDOWS\WinSxS\amd64_microsoft.windows.common-controls_6595b64144ccf1df_6.0.26100.8115_none_3e075c82e3354f9c\COMCTL32.dll
0x00007ffb1a0f0000 - 0x00007ffb1a117000 	C:\WINDOWS\System32\win32u.dll
0x00007ffb1bdb0000 - 0x00007ffb1be59000 	C:\WINDOWS\System32\msvcrt.dll
0x00007ffb1c850000 - 0x00007ffb1c87b000 	C:\WINDOWS\System32\GDI32.dll
0x00007ffb1a350000 - 0x00007ffb1a47b000 	C:\WINDOWS\System32\gdi32full.dll
0x00007ffb1a120000 - 0x00007ffb1a1c3000 	C:\WINDOWS\System32\msvcp_win.dll
0x00007ffb1be60000 - 0x00007ffb1be92000 	C:\WINDOWS\System32\IMM32.DLL
0x00007ffb08be0000 - 0x00007ffb08bec000 	C:\Program Files\Android\Android Studio\jbr\bin\vcruntime140_1.dll
0x00007ffae9c70000 - 0x00007ffae9cfd000 	C:\Program Files\Android\Android Studio\jbr\bin\msvcp140.dll
0x00007ffaaa9f0000 - 0x00007ffaab686000 	C:\Program Files\Android\Android Studio\jbr\bin\server\jvm.dll
0x00007ffb1cc40000 - 0x00007ffb1ccf6000 	C:\WINDOWS\System32\ADVAPI32.dll
0x00007ffb1cee0000 - 0x00007ffb1cf87000 	C:\WINDOWS\System32\sechost.dll
0x00007ffb1c630000 - 0x00007ffb1c748000 	C:\WINDOWS\System32\RPCRT4.dll
0x00007ffb1b890000 - 0x00007ffb1b910000 	C:\WINDOWS\System32\WS2_32.dll
0x00007ffb19f70000 - 0x00007ffb19fce000 	C:\WINDOWS\SYSTEM32\POWRPROF.dll
0x00007ffb04820000 - 0x00007ffb0482b000 	C:\WINDOWS\SYSTEM32\VERSION.dll
0x00007ffb15140000 - 0x00007ffb15176000 	C:\WINDOWS\SYSTEM32\WINMM.dll
0x00007ffb19f30000 - 0x00007ffb19f44000 	C:\WINDOWS\SYSTEM32\UMPDC.dll
0x00007ffb18de0000 - 0x00007ffb18dfb000 	C:\WINDOWS\SYSTEM32\kernel.appcore.dll
0x00007ffb08b70000 - 0x00007ffb08b7a000 	C:\Program Files\Android\Android Studio\jbr\bin\jimage.dll
0x00007ffb17ec0000 - 0x00007ffb18102000 	C:\WINDOWS\SYSTEM32\DBGHELP.DLL
0x00007ffb1c020000 - 0x00007ffb1c3a2000 	C:\WINDOWS\System32\combase.dll
0x00007ffb1bf10000 - 0x00007ffb1bfe8000 	C:\WINDOWS\System32\OLEAUT32.dll
0x00007ffaffea0000 - 0x00007ffaffedb000 	C:\WINDOWS\SYSTEM32\dbgcore.DLL
0x00007ffb1a5d0000 - 0x00007ffb1a675000 	C:\WINDOWS\System32\bcryptPrimitives.dll
0x00007ffafab40000 - 0x00007ffafab4e000 	C:\Program Files\Android\Android Studio\jbr\bin\instrument.dll
0x00007ffb08b50000 - 0x00007ffb08b70000 	C:\Program Files\Android\Android Studio\jbr\bin\java.dll
0x00007ffb08b30000 - 0x00007ffb08b48000 	C:\Program Files\Android\Android Studio\jbr\bin\zip.dll
0x00007ffb1cfa0000 - 0x00007ffb1d707000 	C:\WINDOWS\System32\SHELL32.dll
0x00007ffb1a680000 - 0x00007ffb1a7ea000 	C:\WINDOWS\System32\wintypes.dll
0x00007ffb1ad40000 - 0x00007ffb1b5a8000 	C:\WINDOWS\System32\windows.storage.dll
0x00007ffb1ca60000 - 0x00007ffb1cb58000 	C:\WINDOWS\System32\SHCORE.dll
0x00007ffb1bea0000 - 0x00007ffb1bf06000 	C:\WINDOWS\System32\shlwapi.dll
0x00007ffb1a010000 - 0x00007ffb1a039000 	C:\WINDOWS\SYSTEM32\profapi.dll
0x00007ffb08b20000 - 0x00007ffb08b30000 	C:\Program Files\Android\Android Studio\jbr\bin\net.dll
0x00007ffb0fac0000 - 0x00007ffb0fbed000 	C:\WINDOWS\SYSTEM32\WINHTTP.dll
0x00007ffb193f0000 - 0x00007ffb1945c000 	C:\WINDOWS\system32\mswsock.dll
0x00007ffb08b00000 - 0x00007ffb08b16000 	C:\Program Files\Android\Android Studio\jbr\bin\nio.dll
0x00007ffafabd0000 - 0x00007ffafabe0000 	C:\Program Files\Android\Android Studio\jbr\bin\verify.dll
0x00007ffafab50000 - 0x00007ffafab77000 	C:\Users\DELL\.gradle\native\660c5614fbf4a5f2a75b1949f50a0caf5cd603558e7d8a26e50b933a0cfb79d1\windows-amd64\native-platform.dll
0x00007ffad1e20000 - 0x00007ffad1e97000 	C:\Users\DELL\.gradle\native\0.2.8\x86_64-windows-gnu\gradle-fileevents.dll
0x00007ffb03130000 - 0x00007ffb03139000 	C:\Program Files\Android\Android Studio\jbr\bin\management.dll
0x00007ffafabf0000 - 0x00007ffafabfb000 	C:\Program Files\Android\Android Studio\jbr\bin\management_ext.dll
0x00007ffb1cf90000 - 0x00007ffb1cf98000 	C:\WINDOWS\System32\PSAPI.DLL
0x00007ffb188d0000 - 0x00007ffb18902000 	C:\WINDOWS\SYSTEM32\IPHLPAPI.DLL
0x00007ffb1c880000 - 0x00007ffb1c88a000 	C:\WINDOWS\System32\NSI.dll
0x00007ffafabe0000 - 0x00007ffafabe9000 	C:\Program Files\Android\Android Studio\jbr\bin\extnet.dll
0x00007ffb196d0000 - 0x00007ffb196eb000 	C:\WINDOWS\SYSTEM32\CRYPTSP.dll
0x00007ffb18e00000 - 0x00007ffb18e39000 	C:\WINDOWS\system32\rsaenh.dll
0x00007ffb194a0000 - 0x00007ffb194d3000 	C:\WINDOWS\SYSTEM32\USERENV.dll
0x00007ffb19fe0000 - 0x00007ffb1a00a000 	C:\WINDOWS\SYSTEM32\bcrypt.dll
0x00007ffb196f0000 - 0x00007ffb196fc000 	C:\WINDOWS\SYSTEM32\CRYPTBASE.dll
0x00007ffaea100000 - 0x00007ffaea108000 	C:\WINDOWS\system32\wshunix.dll
0x00007ffb18fa0000 - 0x00007ffb18fd6000 	C:\WINDOWS\SYSTEM32\ntmarta.dll

JVMTI agents:
C:\Users\DELL\.gradle\wrapper\dists\gradle-9.3.1-bin\23ovyewtku6u96viwx3xl3oks\gradle-9.3.1\lib\agents\gradle-instrumentation-agent-9.3.1.jar path:C:\Program Files\Android\Android Studio\jbr\bin\instrument.dll, loaded, initialized, instrumentlib options:none

dbghelp: loaded successfully - version: 4.0.5 - missing functions: none
symbol engine: initialized successfully - sym options: 0x614 - pdb path: .;C:\Program Files\Android\Android Studio\jbr\bin;C:\WINDOWS\SYSTEM32;C:\WINDOWS\WinSxS\amd64_microsoft.windows.common-controls_6595b64144ccf1df_6.0.26100.8115_none_3e075c82e3354f9c;C:\Program Files\Android\Android Studio\jbr\bin\server;C:\Users\DELL\.gradle\native\660c5614fbf4a5f2a75b1949f50a0caf5cd603558e7d8a26e50b933a0cfb79d1\windows-amd64;C:\Users\DELL\.gradle\native\0.2.8\x86_64-windows-gnu

VM Arguments:
jvm_args: --add-opens=java.base/java.lang=ALL-UNNAMED --add-opens=java.base/java.lang.invoke=ALL-UNNAMED --add-opens=java.base/java.util=ALL-UNNAMED --add-opens=java.prefs/java.util.prefs=ALL-UNNAMED --add-exports=jdk.compiler/com.sun.tools.javac.api=ALL-UNNAMED --add-exports=jdk.compiler/com.sun.tools.javac.util=ALL-UNNAMED --add-opens=java.base/java.util=ALL-UNNAMED --add-opens=java.prefs/java.util.prefs=ALL-UNNAMED --add-opens=java.base/java.nio.charset=ALL-UNNAMED --add-opens=java.base/java.net=ALL-UNNAMED --add-opens=java.base/java.util.concurrent=ALL-UNNAMED --add-opens=java.base/java.util.concurrent.atomic=ALL-UNNAMED --add-opens=java.xml/javax.xml.namespace=ALL-UNNAMED --add-opens=java.base/java.time=ALL-UNNAMED -XX:MaxMetaspaceSize=512m -Xmx2048m -Dfile.encoding=UTF-8 -Duser.country=US -Duser.language=en -Duser.variant -javaagent:C:\Users\DELL\.gradle\wrapper\dists\gradle-9.3.1-bin\23ovyewtku6u96viwx3xl3oks\gradle-9.3.1\lib\agents\gradle-instrumentation-agent-9.3.1.jar 
java_command: org.gradle.launcher.daemon.bootstrap.GradleDaemon 9.3.1
java_class_path (initial): C:\Users\DELL\.gradle\wrapper\dists\gradle-9.3.1-bin\23ovyewtku6u96viwx3xl3oks\gradle-9.3.1\lib\gradle-daemon-main-9.3.1.jar
Launcher Type: SUN_STANDARD

[Global flags]
     intx CICompilerCount                          = 4                                         {product} {ergonomic}
   size_t CompressedClassSpaceSize                 = 436207616                                 {product} {ergonomic}
     uint ConcGCThreads                            = 3                                         {product} {ergonomic}
     uint G1ConcRefinementThreads                  = 10                                        {product} {ergonomic}
   size_t G1HeapRegionSize                         = 1048576                                   {product} {ergonomic}
    uintx GCDrainStackTargetSize                   = 64                                        {product} {ergonomic}
   size_t InitialHeapSize                          = 264241152                                 {product} {ergonomic}
   size_t MarkStackSize                            = 4194304                                   {product} {ergonomic}
   size_t MaxHeapSize                              = 2147483648                                {product} {command line}
   size_t MaxMetaspaceSize                         = 536870912                                 {product} {command line}
   size_t MaxNewSize                               = 1287651328                                {product} {ergonomic}
   size_t MinHeapDeltaBytes                        = 1048576                                   {product} {ergonomic}
   size_t MinHeapSize                              = 8388608                                   {product} {ergonomic}
    uintx NonNMethodCodeHeapSize                   = 5839372                                {pd product} {ergonomic}
    uintx NonProfiledCodeHeapSize                  = 122909434                              {pd product} {ergonomic}
    uintx ProfiledCodeHeapSize                     = 122909434                              {pd product} {ergonomic}
    uintx ReservedCodeCacheSize                    = 251658240                              {pd product} {ergonomic}
     bool SegmentedCodeCache                       = true                                      {product} {ergonomic}
   size_t SoftMaxHeapSize                          = 2147483648                             {manageable} {ergonomic}
     bool UseCompressedOops                        = true                           {product lp64_product} {ergonomic}
     bool UseG1GC                                  = true                                      {product} {ergonomic}
     bool UseLargePagesIndividualAllocation        = false                                  {pd product} {ergonomic}

Logging:
Log output configuration:
 #0: stdout all=warning uptime,level,tags foldmultilines=false
 #1: stderr all=off uptime,level,tags foldmultilines=false

Release file:
JAVA_VERSION="21.0.9" 
MODULES="java.base java.compiler java.datatransfer java.xml java.prefs java.desktop java.instrument java.logging java.management java.security.sasl java.naming java.rmi java.management.rmi java.net.http java.scripting java.security.jgss java.transaction.xa java.sql java.sql.rowset java.xml.crypto java.se java.smartcardio jdk.accessibility jdk.internal.jvmstat jdk.attach jdk.charsets jdk.internal.opt jdk.zipfs jdk.compiler jdk.crypto.ec jdk.crypto.cryptoki jdk.dynalink jdk.hotspot.agent jdk.httpserver jdk.internal.ed jdk.internal.le jdk.internal.vm.ci jdk.jartool jdk.javadoc jdk.jcmd jdk.jdeps jdk.jdwp.agent jdk.jdi jdk.jfr jdk.jlink jdk.jsobject jdk.localedata jdk.management jdk.management.agent jdk.management.jfr jdk.naming.dns jdk.naming.rmi jdk.net jdk.sctp jdk.security.auth jdk.security.jgss jdk.unsupported jdk.unsupported.desktop jdk.xml.dom" 
IMPLEMENTOR="JetBrains s.r.o." 
JAVA_RUNTIME_VERSION="21.0.9+-14787801-b1163.94" 
LIBC="default" 
OS_ARCH="x86_64" 
OS_NAME="Windows" 
SOURCE=".:git:0c757ddc9f2f" 

Environment Variables:
JAVA_HOME=C:\Program Files\Android\Android Studio\jbr
PATH=C:\Program Files (x86)\Common Files\Oracle\Java\java8path;C:\Program Files (x86)\Common Files\Oracle\Java\javapath;C:\Program Files\Microsoft MPI\Bin\;C:\WINDOWS\system32;C:\WINDOWS;C:\WINDOWS\System32\Wbem;C:\WINDOWS\System32\WindowsPowerShell\v1.0\;C:\WINDOWS\System32\OpenSSH\;C:\Program Files\dotnet\;C:\msys64\ucrt64\bin;C:\Program Files (x86)\Windows Kits\10\Windows Performance Toolkit\;C:\Program Files (x86)\Microsoft SQL Server\160\Tools\Binn\;C:\Program Files\Microsoft SQL Server\160\Tools\Binn\;C:\Program Files\Microsoft SQL Server\Client SDK\ODBC\170\Tools\Binn\;C:\Program Files\Microsoft SQL Server\160\DTS\Binn\;C:\Program Files (x86)\Microsoft SQL Server\160\DTS\Binn\;C:\Program Files\Microsoft SQL Server\170\DTS\Binn\;C:\Program Files\Git\cmd;C:\WINDOWS\system32\config\systemprofile\AppData\Local\Muse Hub\lib;C:\Program Files\PuTTY\;C:\Program Files\nodejs\;C:\Program Files\Void\bin;C:\Program Files\MySQL\MySQL Shell 8.0\bin\;C:\Users\DELL\AppData\Local\Programs\Python\Python310\Scripts\;C:\Users\DELL\AppData\Local\Programs\Python\Python310\;C:\Users\DELL\AppData\Local\Microsoft\WindowsApps;C:\Users\DELL\.dotnet\tools;C:\Users\DELL\AppData\Local\Programs\Microsoft VS Code\bin;C:\Users\DELL\AppData\Local\Pandoc\;C:\Users\DELL\AppData\Roaming\npm;C:\Program Files\MySQL\MySQL Server 8.0\bin;C:\Users\DELL\AppData\Local\Programs\cursor\resources\app\bin;C:\Users\DELL\AppData\Local\Programs\Antigravity\bin;C:\Users\DELL\AppData\Local\Microsoft\WindowsApps;C:\Program Files\Android\Android Studio\jbr\bin;
USERNAME=DELL
OS=Windows_NT
PROCESSOR_IDENTIFIER=Intel64 Family 6 Model 154 Stepping 4, GenuineIntel
TMP=C:\Users\DELL\AppData\Local\Temp
TEMP=C:\Users\DELL\AppData\Local\Temp




Periodic native trim disabled

JNI global refs:
JNI global refs: 30, weak refs: 3

JNI global refs memory usage: 835, weak refs: 833

Process memory usage:
Resident Set Size: 606824K (3% of 16454388K total physical memory with 593192K free physical memory)

OOME stack traces (most recent first):
Classloader memory used:
Loader org.gradle.internal.classloader.VisitableURLClassLoader                         : 43713K
Loader org.gradle.internal.classloader.VisitableURLClassLoader$InstrumentingVisitableURLClassLoader: 34805K
Loader bootstrap                                                                       : 30523K
Loader org.gradle.initialization.MixInLegacyTypesClassLoader                           : 11470K
Loader jdk.internal.loader.ClassLoaders$PlatformClassLoader                            : 437K
Loader jdk.internal.loader.ClassLoaders$AppClassLoader                                 : 231K
Loader jdk.internal.reflect.DelegatingClassLoader                                      : 189K
Loader org.gradle.groovy.scripts.internal.DefaultScriptCompilationHandler$ScriptClassLoader: 152K
Loader org.gradle.internal.classloader.VisitableURLClassLoader                         : 35808B

Classes loaded by more than one classloader:
Class com.google.common.base.PairwiseEquivalence                                      : loaded 2 times (x 83B)
Class com.google.common.base.Equivalence$Identity                                     : loaded 2 times (x 82B)
Class com.google.common.collect.RegularImmutableMap$KeySet                            : loaded 2 times (x 152B)
Class org.gradle.internal.classloader.FilteringClassLoader                            : loaded 2 times (x 105B)
Class com.google.common.io.FileWriteMode                                              : loaded 2 times (x 79B)
Class [Lcom.google.common.base.AbstractIterator$State;                                : loaded 2 times (x 69B)
Class com.google.common.base.CharMatcher$IsEither                                     : loaded 2 times (x 111B)
Class org.gradle.internal.classloader.ClassLoaderHierarchy                            : loaded 2 times (x 70B)
Class build_vum9lm4dgnnr9clfhb7twf98$_run_closure1                                    : loaded 2 times (x 139B)
Class com.google.common.collect.AbstractMapBasedMultimap$WrappedCollection            : loaded 2 times (x 124B)
Class com.google.common.collect.ImmutableEnumSet                                      : loaded 2 times (x 146B)
Class com.google.common.util.concurrent.ExecutionError                                : loaded 2 times (x 82B)
Class com.google.common.collect.ImmutableList$1                                       : loaded 2 times (x 97B)
Class org.gradle.api.internal.classpath.ManifestUtil                                  : loaded 2 times (x 71B)
Class com.google.common.collect.RegularImmutableMap                                   : loaded 2 times (x 121B)
Class com.google.common.collect.ImmutableMap$MapViewOfValuesAsSingletonSets           : loaded 2 times (x 126B)
Class com.google.common.collect.TransformedListIterator                               : loaded 2 times (x 93B)
Class [Lorg.objectweb.asm.Symbol;                                                     : loaded 2 times (x 69B)
Class org.objectweb.asm.ClassVisitor                                                  : loaded 2 times (x 88B)
Class com.google.common.collect.UnmodifiableListIterator                              : loaded 2 times (x 95B)
Class com.google.common.base.Platform$JdkPatternCompiler                              : loaded 2 times (x 75B)
Class org.objectweb.asm.MethodTooLargeException                                       : loaded 2 times (x 83B)
Class [Lcom.google.common.cache.CacheBuilder$OneWeigher;                              : loaded 2 times (x 69B)
Class com.google.common.base.Suppliers                                                : loaded 2 times (x 71B)
Class org.gradle.internal.classloader.DefaultClassLoaderFactory                       : loaded 2 times (x 82B)
Class com.google.common.base.CharMatcher$None                                         : loaded 2 times (x 112B)
Class org.gradle.internal.classloader.ClassLoaderVisitor                              : loaded 2 times (x 76B)
Class [Lcom.google.common.collect.ImmutableMapEntry;                                  : loaded 2 times (x 69B)
Class org.gradle.api.internal.classpath.EffectiveClassPath                            : loaded 2 times (x 90B)
Class [Lorg.apache.commons.io.StandardLineSeparator;                                  : loaded 2 times (x 69B)
Class org.apache.commons.io.output.StringBuilderWriter                                : loaded 2 times (x 100B)
Class com.google.common.collect.ListMultimap                                          : loaded 2 times (x 70B)
Class com.google.common.collect.ImmutableEnumMap                                      : loaded 2 times (x 126B)
Class com.google.common.base.Splitter                                                 : loaded 2 times (x 72B)
Class com.google.common.collect.Sets$1                                                : loaded 2 times (x 139B)
Class org.objectweb.asm.AnnotationVisitor                                             : loaded 2 times (x 78B)
Class org.gradle.api.internal.DefaultClassPathProvider                                : loaded 2 times (x 76B)
Class com.google.common.collect.Maps$ViewCachingAbstractMap                           : loaded 2 times (x 125B)
Class com.google.common.collect.Sets$2                                                : loaded 2 times (x 139B)
Class [Lorg.gradle.api.internal.ClassPathProvider;                                    : loaded 2 times (x 69B)
Class org.gradle.api.internal.ClassPathProvider                                       : loaded 2 times (x 70B)
Class com.google.common.base.AbstractIterator$State                                   : loaded 2 times (x 79B)
Class [Lorg.objectweb.asm.AnnotationVisitor;                                          : loaded 2 times (x 69B)
Class com.google.common.collect.Sets$3                                                : loaded 2 times (x 139B)
Class com.google.common.cache.LocalCache$LocalLoadingCache                            : loaded 2 times (x 134B)
Class org.gradle.internal.service.UnknownServiceException                             : loaded 2 times (x 83B)
Class com.google.common.collect.Sets$4                                                : loaded 2 times (x 139B)
Class org.objectweb.asm.ModuleVisitor                                                 : loaded 2 times (x 81B)
Class com.google.common.cache.LocalCache$Strength$1                                   : loaded 2 times (x 81B)
Class org.apache.commons.io.output.QueueOutputStream                                  : loaded 2 times (x 87B)
Class com.google.common.util.concurrent.SettableFuture                                : loaded 2 times (x 114B)
Class com.google.common.cache.LocalCache$Strength$2                                   : loaded 2 times (x 81B)
Class com.google.common.collect.TransformedIterator                                   : loaded 2 times (x 80B)
Class com.google.common.base.Splitter$1                                               : loaded 2 times (x 77B)
Class com.google.common.cache.LocalCache$Strength$3                                   : loaded 2 times (x 81B)
Class com.google.common.collect.MapDifference                                         : loaded 2 times (x 70B)
Class org.objectweb.asm.FieldWriter                                                   : loaded 2 times (x 78B)
Class com.google.common.cache.CacheBuilder$NullListener                               : loaded 2 times (x 82B)
Class org.gradle.internal.classpath.TransformedClassPath                              : loaded 2 times (x 96B)
Class org.gradle.internal.classloader.InstrumentingClassLoader                        : loaded 2 times (x 70B)
Class org.apache.commons.io.output.UnsynchronizedByteArrayOutputStream                : loaded 2 times (x 102B)
Class com.google.common.cache.CacheLoader$FunctionToCacheLoader                       : loaded 2 times (x 75B)
Class com.google.common.collect.Iterators$ArrayItr                                    : loaded 2 times (x 97B)
Class com.google.common.collect.ImmutableCollection$Builder                           : loaded 2 times (x 76B)
Class org.apache.commons.io.output.ByteArrayOutputStream                              : loaded 2 times (x 102B)
Class com.google.common.base.Joiner                                                   : loaded 2 times (x 79B)
Class com.google.common.base.MoreObjects                                              : loaded 2 times (x 71B)
Class com.google.common.collect.Platform                                              : loaded 2 times (x 71B)
Class [Lorg.objectweb.asm.Type;                                                       : loaded 2 times (x 69B)
Class com.google.common.collect.UnmodifiableIterator                                  : loaded 2 times (x 80B)
Class org.gradle.internal.service.ServiceLocator                                      : loaded 2 times (x 70B)
Class org.apache.commons.io.FileExistsException                                       : loaded 2 times (x 82B)
Class com.google.common.collect.SingletonImmutableBiMap                               : loaded 2 times (x 143B)
Class com.google.common.base.Ascii                                                    : loaded 2 times (x 71B)
Class com.google.common.cache.LocalCache$1                                            : loaded 2 times (x 89B)
Class com.google.common.collect.Iterators$SingletonIterator                           : loaded 2 times (x 81B)
Class com.google.common.collect.AbstractMapEntry                                      : loaded 2 times (x 81B)
Class settings_cqu13lbp78xniu3qlwonyc3q3                                              : loaded 2 times (x 171B)
Class com.google.common.collect.Sets$ImprovedAbstractSet                              : loaded 2 times (x 135B)
Class com.google.common.collect.ImmutableList$Builder                                 : loaded 2 times (x 77B)
Class com.google.common.collect.AbstractMultimap                                      : loaded 2 times (x 123B)
Class com.google.common.cache.LocalCache$2                                            : loaded 2 times (x 142B)
Class com.google.common.collect.RegularImmutableAsList                                : loaded 2 times (x 217B)
Class com.google.common.util.concurrent.AbstractFuture$Trusted                        : loaded 2 times (x 70B)
Class com.google.common.collect.Iterators                                             : loaded 2 times (x 71B)
Class com.google.common.io.ByteSink$AsCharSink                                        : loaded 2 times (x 80B)
Class com.google.common.collect.Lists$StringAsImmutableList                           : loaded 2 times (x 207B)
Class com.google.common.util.concurrent.UncheckedExecutionException                   : loaded 2 times (x 82B)
Class com.google.common.collect.AbstractMapBasedMultimap$KeySet$1                     : loaded 2 times (x 82B)
Class org.objectweb.asm.ClassWriter                                                   : loaded 2 times (x 106B)
Class com.google.common.base.CharMatcher$And                                          : loaded 2 times (x 112B)
Class com.google.common.cache.CacheLoader$UnsupportedLoadingOperationException        : loaded 2 times (x 82B)
Class org.gradle.internal.classloader.ClasspathUtil$1                                 : loaded 2 times (x 76B)
Class com.google.common.base.Objects                                                  : loaded 2 times (x 71B)
Class org.objectweb.asm.FieldVisitor                                                  : loaded 2 times (x 77B)
Class com.google.common.collect.IndexedImmutableSet                                   : loaded 2 times (x 152B)
Class com.google.common.collect.ImmutableMap$1                                        : loaded 2 times (x 81B)
Class com.google.common.collect.BiMap                                                 : loaded 2 times (x 70B)
Class org.gradle.api.internal.classpath.DefaultModuleRegistry$DefaultModule           : loaded 2 times (x 86B)
Class com.google.common.primitives.Ints                                               : loaded 2 times (x 71B)
Class com.google.common.collect.AbstractIterator                                      : loaded 2 times (x 82B)
Class com.google.common.collect.ObjectArrays                                          : loaded 2 times (x 71B)
Class com.google.common.math.MathPreconditions                                        : loaded 2 times (x 71B)
Class com.google.common.collect.Multiset                                              : loaded 2 times (x 70B)
Class com.google.common.collect.ArrayListMultimapGwtSerializationDependencies         : loaded 2 times (x 172B)
Class com.google.common.collect.AbstractIndexedListIterator                           : loaded 2 times (x 96B)
Class org.apache.commons.io.output.NullOutputStream                                   : loaded 2 times (x 85B)
Class com.google.common.collect.ImmutableMapEntrySet                                  : loaded 2 times (x 152B)
Class org.gradle.api.internal.classpath.Module                                        : loaded 2 times (x 70B)
Class com.google.common.cache.Weigher                                                 : loaded 2 times (x 70B)
Class org.gradle.api.internal.classpath.UnknownModuleException                        : loaded 2 times (x 82B)
Class com.google.common.base.Stopwatch                                                : loaded 2 times (x 72B)
Class com.google.common.cache.LocalCache$Strength                                     : loaded 2 times (x 81B)
Class com.google.common.cache.Cache                                                   : loaded 2 times (x 70B)
Class org.apache.commons.io.filefilter.IOFileFilter                                   : loaded 2 times (x 70B)
Class com.google.common.base.NullnessCasts                                            : loaded 2 times (x 71B)
Class com.google.common.util.concurrent.AbstractFuture$Cancellation                   : loaded 2 times (x 72B)
Class com.google.common.collect.ImmutableMap$Builder                                  : loaded 2 times (x 82B)
Class com.google.common.collect.AbstractMapBasedMultimap$WrappedCollection$WrappedIterator: loaded 2 times (x 84B)
Class com.google.common.cache.RemovalListener                                         : loaded 2 times (x 70B)
Class org.gradle.api.internal.DefaultClassPathRegistry                                : loaded 2 times (x 76B)
Class com.google.common.primitives.IntsMethodsForWeb                                  : loaded 2 times (x 71B)
Class com.google.common.collect.Multimap                                              : loaded 2 times (x 70B)
Class org.gradle.api.internal.ClassPathRegistry                                       : loaded 2 times (x 70B)
Class org.gradle.internal.classpath.DefaultClassPath$ImmutableUniqueList              : loaded 2 times (x 199B)
Class com.google.common.base.ExtraObjectsMethodsForWeb                                : loaded 2 times (x 71B)
Class org.apache.commons.io.IOUtils                                                   : loaded 2 times (x 71B)
Class com.google.common.io.ByteSink                                                   : loaded 2 times (x 76B)
Class com.google.common.cache.CacheBuilder                                            : loaded 2 times (x 72B)
Class com.google.common.collect.SingletonImmutableList                                : loaded 2 times (x 207B)
Class org.gradle.internal.classpath.ClassPath                                         : loaded 2 times (x 70B)
Class com.google.common.io.Files$FileByteSource                                       : loaded 2 times (x 85B)
Class com.google.common.base.JdkPattern                                               : loaded 2 times (x 75B)
Class com.google.common.collect.ImmutableList$ReverseImmutableList                    : loaded 2 times (x 209B)
Class org.objectweb.asm.SymbolTable$Entry                                             : loaded 2 times (x 74B)
Class org.objectweb.asm.Edge                                                          : loaded 2 times (x 72B)
Class com.google.common.base.Suppliers$SupplierOfInstance                             : loaded 2 times (x 79B)
Class com.google.common.collect.Iterators$1                                           : loaded 2 times (x 81B)
Class com.google.common.cache.LocalCache$ComputingValueReference                      : loaded 2 times (x 96B)
Class com.google.common.collect.SingletonImmutableSet                                 : loaded 2 times (x 146B)
Class com.google.common.collect.ImmutableMap$IteratorBasedImmutableMap                : loaded 2 times (x 126B)
Class build_vum9lm4dgnnr9clfhb7twf98                                                  : loaded 2 times (x 172B)
Class com.google.common.cache.LocalCache$Segment                                      : loaded 2 times (x 154B)
Class com.google.common.collect.AbstractListMultimap                                  : loaded 2 times (x 172B)
Class [Lorg.objectweb.asm.SymbolTable$Entry;                                          : loaded 2 times (x 69B)
Class com.google.common.cache.CacheLoader                                             : loaded 2 times (x 74B)
Class com.google.common.collect.Iterators$4                                           : loaded 2 times (x 82B)
Class com.google.common.collect.ImmutableBiMap                                        : loaded 2 times (x 143B)
Class org.gradle.api.internal.classpath.ModuleRegistry                                : loaded 2 times (x 70B)
Class org.gradle.internal.installation.GradleInstallation$1                           : loaded 2 times (x 75B)
Class com.google.common.base.Splitter$SplittingIterator                               : loaded 2 times (x 84B)
Class org.apache.commons.io.output.NullWriter                                         : loaded 2 times (x 99B)
Class com.google.common.collect.ImmutableSet$JdkBackedSetBuilderImpl                  : loaded 2 times (x 76B)
Class com.google.common.util.concurrent.internal.InternalFutureFailureAccess          : loaded 2 times (x 72B)
Class com.google.common.collect.Iterators$5                                           : loaded 2 times (x 82B)
Class com.google.common.base.CharMatcher$ForPredicate                                 : loaded 2 times (x 112B)
Class com.google.common.cache.LocalCache$LocalManualCache$1                           : loaded 2 times (x 75B)
Class com.google.common.base.CharMatcher$AnyOf                                        : loaded 2 times (x 112B)
Class com.google.common.collect.ImmutableCollection                                   : loaded 2 times (x 125B)
Class org.gradle.api.internal.classpath.DefaultModuleRegistry                         : loaded 2 times (x 86B)
Class com.google.common.collect.Lists                                                 : loaded 2 times (x 71B)
Class com.google.common.util.concurrent.ListenableFuture                              : loaded 2 times (x 70B)
Class com.google.common.cache.ReferenceEntry                                          : loaded 2 times (x 70B)
Class com.google.common.base.Converter                                                : loaded 2 times (x 90B)
Class com.google.common.collect.ImmutableSet$CachingAsList                            : loaded 2 times (x 148B)
Class com.google.common.collect.AbstractMapBasedMultimap                              : loaded 2 times (x 139B)
Class com.google.common.util.concurrent.AbstractFuture                                : loaded 2 times (x 106B)
Class com.google.common.base.FunctionalEquivalence                                    : loaded 2 times (x 83B)
Class com.google.common.collect.Iterators$9                                           : loaded 2 times (x 81B)
Class com.google.common.collect.ImmutableAsList                                       : loaded 2 times (x 209B)
Class org.objectweb.asm.RecordComponentVisitor                                        : loaded 2 times (x 77B)
Class com.google.common.cache.CacheLoader$SupplierToCacheLoader                       : loaded 2 times (x 75B)
Class com.google.common.collect.Maps$EntryTransformer                                 : loaded 2 times (x 70B)
Class org.gradle.internal.service.ServiceLookupException                              : loaded 2 times (x 82B)
Class [Lcom.google.common.cache.LocalCache$EntryFactory;                              : loaded 2 times (x 69B)
Class org.gradle.internal.classloader.ClassLoaderFactory                              : loaded 2 times (x 70B)
Class org.apache.commons.io.CloseableURLConnection                                    : loaded 2 times (x 116B)
Class com.google.common.base.CommonPattern                                            : loaded 2 times (x 74B)
Class com.google.common.base.CharMatcher$IsNot                                        : loaded 2 times (x 111B)
Class com.google.common.cache.LocalCache$LocalManualCache                             : loaded 2 times (x 99B)
Class org.gradle.internal.service.CachingServiceLocator                               : loaded 2 times (x 82B)
Class com.google.common.collect.AbstractMapBasedMultimap$KeySet                       : loaded 2 times (x 137B)
Class com.google.common.math.IntMath                                                  : loaded 2 times (x 71B)
Class com.google.common.collect.ImmutableMapEntry                                     : loaded 2 times (x 85B)
Class com.google.common.base.Equivalence                                              : loaded 2 times (x 82B)
Class com.google.common.base.Function                                                 : loaded 2 times (x 70B)
Class com.google.common.collect.ImmutableMapEntry$NonTerminalImmutableMapEntry        : loaded 2 times (x 85B)
Class org.apache.commons.io.output.AbstractByteArrayOutputStream                      : loaded 2 times (x 102B)
Class com.google.common.collect.IndexedImmutableSet$1                                 : loaded 2 times (x 213B)
Class com.google.common.cache.CacheBuilder$OneWeigher                                 : loaded 2 times (x 82B)
Class com.google.common.collect.RegularImmutableList                                  : loaded 2 times (x 213B)
Class org.gradle.internal.classloader.ClasspathUtil                                   : loaded 2 times (x 71B)
Class com.google.common.util.concurrent.Uninterruptibles                              : loaded 2 times (x 71B)
Class com.google.common.util.concurrent.LazyLogger                                    : loaded 2 times (x 72B)
Class com.google.common.collect.Maps                                                  : loaded 2 times (x 71B)
Class org.gradle.api.specs.Spec                                                       : loaded 2 times (x 70B)
Class org.apache.commons.io.file.PathFilter                                           : loaded 2 times (x 70B)
Class [Lcom.google.common.collect.ImmutableEntry;                                     : loaded 2 times (x 69B)
Class com.google.common.cache.LocalCache$LoadingValueReference                        : loaded 2 times (x 96B)
Class com.google.common.base.Platform                                                 : loaded 2 times (x 71B)
Class com.google.common.collect.AbstractMapBasedMultimap$WrappedList                  : loaded 2 times (x 205B)
Class [Lorg.objectweb.asm.AnnotationWriter;                                           : loaded 2 times (x 69B)
Class com.google.common.collect.Maps$8                                                : loaded 2 times (x 82B)
Class com.google.common.collect.Sets$SetView                                          : loaded 2 times (x 138B)
Class com.google.common.cache.LocalCache$StrongValueReference                         : loaded 2 times (x 90B)
Class com.google.common.graph.SuccessorsFunction                                      : loaded 2 times (x 70B)
Class org.objectweb.asm.Type                                                          : loaded 2 times (x 72B)
Class org.gradle.internal.classloader.VisitableURLClassLoader$InstrumentingVisitableURLClassLoader: loaded 2 times (x 123B)
Class org.apache.commons.io.FileUtils                                                 : loaded 2 times (x 71B)
Class com.google.common.io.Files$FileByteSink                                         : loaded 2 times (x 77B)
Class com.google.common.math.IntMath$1                                                : loaded 2 times (x 71B)
Class org.objectweb.asm.ByteVector                                                    : loaded 2 times (x 79B)
Class [Lcom.google.common.cache.CacheBuilder$NullListener;                            : loaded 2 times (x 69B)
Class org.gradle.internal.classloader.VisitableURLClassLoader$Spec                    : loaded 2 times (x 74B)
Class org.gradle.internal.classpath.DefaultClassPath                                  : loaded 2 times (x 90B)
Class com.google.common.base.AbstractIterator                                         : loaded 2 times (x 80B)
Class org.objectweb.asm.Symbol                                                        : loaded 2 times (x 73B)
Class com.google.common.io.Closer                                                     : loaded 2 times (x 78B)
Class com.google.common.base.CharMatcher$BitSetMatcher                                : loaded 2 times (x 112B)
Class com.google.common.collect.RegularImmutableMap$Values                            : loaded 2 times (x 207B)
Class com.google.common.collect.ImmutableSet                                          : loaded 2 times (x 145B)
Class org.gradle.internal.classloader.ClassLoaderSpec                                 : loaded 2 times (x 71B)
Class org.objectweb.asm.AnnotationWriter                                              : loaded 2 times (x 79B)
Class com.google.common.cache.CacheStats                                              : loaded 2 times (x 71B)
Class com.google.common.io.Closer$Suppressor                                          : loaded 2 times (x 70B)
Class com.google.common.io.LineProcessor                                              : loaded 2 times (x 70B)
Class org.objectweb.asm.RecordComponentWriter                                         : loaded 2 times (x 78B)
Class com.google.common.util.concurrent.AbstractFuture$Listener                       : loaded 2 times (x 72B)
Class com.google.common.base.CharMatcher$Or                                           : loaded 2 times (x 112B)
Class org.objectweb.asm.Attribute                                                     : loaded 2 times (x 77B)
Class com.google.common.base.Supplier                                                 : loaded 2 times (x 70B)
Class org.gradle.internal.classloader.VisitableURLClassLoader                         : loaded 2 times (x 117B)
Class org.gradle.internal.Cast                                                        : loaded 2 times (x 71B)
Class org.gradle.api.Action                                                           : loaded 2 times (x 70B)
Class com.google.common.base.Strings                                                  : loaded 2 times (x 71B)
Class com.google.common.collect.Sets                                                  : loaded 2 times (x 71B)
Class org.objectweb.asm.Handler                                                       : loaded 2 times (x 72B)
Class com.google.common.base.CharMatcher$FastMatcher                                  : loaded 2 times (x 111B)
Class com.google.common.base.Ticker                                                   : loaded 2 times (x 72B)
Class [Lcom.google.common.cache.LocalCache$Segment;                                   : loaded 2 times (x 69B)
Class com.google.common.base.Predicate                                                : loaded 2 times (x 70B)
Class [Lcom.google.common.cache.LocalCache$Strength;                                  : loaded 2 times (x 69B)
Class com.google.common.cache.CacheBuilder$1                                          : loaded 2 times (x 85B)
Class com.google.common.collect.ImmutableMap                                          : loaded 2 times (x 120B)
Class org.gradle.internal.classpath.DefaultClassPath$ImmutableUniqueList$Builder      : loaded 2 times (x 75B)
Class com.google.common.base.CharMatcher$NegatedFastMatcher                           : loaded 2 times (x 113B)
Class com.google.common.cache.LocalCache                                              : loaded 2 times (x 187B)
Class com.google.common.cache.CacheBuilder$2                                          : loaded 2 times (x 79B)
Class com.google.common.collect.ArrayListMultimap                                     : loaded 2 times (x 172B)
Class com.google.common.cache.CacheBuilder$3                                          : loaded 2 times (x 72B)
Class [Lcom.google.common.collect.AbstractMapEntry;                                   : loaded 2 times (x 69B)
Class com.google.common.collect.ImmutableEntry                                        : loaded 2 times (x 82B)
Class org.gradle.api.GradleException                                                  : loaded 2 times (x 82B)
Class org.apache.commons.io.StandardLineSeparator                                     : loaded 2 times (x 79B)
Class com.google.common.collect.CollectPreconditions                                  : loaded 2 times (x 71B)
Class [Lcom.google.common.io.FileWriteMode;                                           : loaded 2 times (x 69B)
Class com.google.common.collect.SortedMapDifference                                   : loaded 2 times (x 70B)
Class com.google.common.io.Files                                                      : loaded 2 times (x 71B)
Class com.google.common.cache.LocalCache$EntryFactory                                 : loaded 2 times (x 83B)
Class com.google.common.cache.LocalCache$AbstractReferenceEntry                       : loaded 2 times (x 107B)
Class org.gradle.internal.IoActions                                                   : loaded 2 times (x 71B)
Class org.objectweb.asm.SymbolTable                                                   : loaded 2 times (x 72B)
Class com.google.common.cache.CacheLoader$InvalidCacheLoadException                   : loaded 2 times (x 82B)
Class com.google.common.collect.ImmutableSet$RegularSetBuilderImpl                    : loaded 2 times (x 77B)
Class settings_cqu13lbp78xniu3qlwonyc3q3$_run_closure1                                : loaded 2 times (x 139B)
Class org.gradle.internal.classloader.SystemClassLoaderSpec                           : loaded 2 times (x 71B)
Class com.google.common.cache.LocalCache$StrongEntry                                  : loaded 2 times (x 108B)
Class com.google.common.util.concurrent.AbstractFuture$TrustedFuture                  : loaded 2 times (x 114B)
Class com.google.common.cache.LoadingCache                                            : loaded 2 times (x 70B)
Class org.objectweb.asm.MethodWriter                                                  : loaded 2 times (x 106B)
Class [Lcom.google.common.cache.Weigher;                                              : loaded 2 times (x 69B)
Class com.google.common.collect.RegularImmutableMap$BucketOverflowException           : loaded 2 times (x 82B)
Class com.google.common.collect.AbstractMapBasedMultimap$RandomAccessWrappedList      : loaded 2 times (x 205B)
Class com.google.common.collect.RegularImmutableBiMap                                 : loaded 2 times (x 149B)
Class com.google.common.base.CharMatcher$Negated                                      : loaded 2 times (x 113B)
Class com.google.common.base.CharMatcher$Is                                           : loaded 2 times (x 111B)
Class com.google.common.cache.LocalCache$ValueReference                               : loaded 2 times (x 70B)
Class com.google.common.base.PatternCompiler                                          : loaded 2 times (x 70B)
Class com.google.common.util.concurrent.AbstractFuture$Failure                        : loaded 2 times (x 72B)
Class com.google.common.base.Equivalence$Equals                                       : loaded 2 times (x 82B)
Class com.google.common.collect.Hashing                                               : loaded 2 times (x 71B)
Class com.google.common.base.Preconditions                                            : loaded 2 times (x 71B)
Class com.google.common.io.CharSink                                                   : loaded 2 times (x 79B)
Class com.google.common.base.Joiner$1                                                 : loaded 2 times (x 80B)
Class org.objectweb.asm.Label                                                         : loaded 2 times (x 73B)
Class org.objectweb.asm.CurrentFrame                                                  : loaded 2 times (x 73B)
Class org.objectweb.asm.ClassTooLargeException                                        : loaded 2 times (x 83B)
Class com.google.common.base.CharMatcher                                              : loaded 2 times (x 111B)
Class com.google.common.collect.PeekingIterator                                       : loaded 2 times (x 70B)
Class com.google.common.collect.Table                                                 : loaded 2 times (x 70B)
Class com.google.common.collect.Maps$IteratorBasedAbstractMap                         : loaded 2 times (x 125B)
Class com.google.common.base.Joiner$2                                                 : loaded 2 times (x 79B)
Class org.objectweb.asm.Frame                                                         : loaded 2 times (x 73B)
Class org.objectweb.asm.MethodVisitor                                                 : loaded 2 times (x 105B)
Class com.google.common.base.CharMatcher$NamedFastMatcher                             : loaded 2 times (x 112B)
Class com.google.common.base.CharMatcher$1                                            : loaded 2 times (x 113B)
Class com.google.common.cache.LocalCache$EntryFactory$1                               : loaded 2 times (x 83B)
Class [Lcom.google.common.cache.RemovalListener;                                      : loaded 2 times (x 69B)
Class com.google.common.cache.LocalCache$EntryFactory$2                               : loaded 2 times (x 83B)
Class org.gradle.api.internal.classpath.GlobalCacheRootsProvider                      : loaded 2 times (x 70B)
Class org.objectweb.asm.ModuleWriter                                                  : loaded 2 times (x 82B)
Class com.google.common.cache.LocalCache$EntryFactory$3                               : loaded 2 times (x 83B)
Class com.google.common.base.Ticker$1                                                 : loaded 2 times (x 72B)
Class com.google.common.collect.Maps$BiMapConverter                                   : loaded 2 times (x 90B)
Class com.google.common.collect.ImmutableMapEntrySet$RegularEntrySet                  : loaded 2 times (x 152B)
Class com.google.common.collect.ImmutableSet$Builder                                  : loaded 2 times (x 85B)
Class com.google.common.base.CharMatcher$InRange                                      : loaded 2 times (x 111B)
Class com.google.common.cache.LocalCache$EntryFactory$4                               : loaded 2 times (x 83B)
Class com.google.common.cache.LocalCache$EntryFactory$5                               : loaded 2 times (x 83B)
Class org.apache.commons.io.output.AppendableWriter                                   : loaded 2 times (x 100B)
Class com.google.common.cache.LocalCache$EntryFactory$6                               : loaded 2 times (x 83B)
Class org.gradle.internal.installation.CurrentGradleInstallationLocator               : loaded 2 times (x 71B)
Class org.apache.commons.io.output.ThresholdingOutputStream                           : loaded 2 times (x 95B)
Class com.google.common.collect.Maps$KeySet                                           : loaded 2 times (x 137B)
Class com.google.common.collect.ImmutableSet$EmptySetBuilderImpl                      : loaded 2 times (x 76B)
Class com.google.common.cache.LocalCache$EntryFactory$7                               : loaded 2 times (x 83B)
Class com.google.common.collect.ImmutableList                                         : loaded 2 times (x 206B)
Class org.gradle.internal.service.DefaultServiceLocator                               : loaded 2 times (x 83B)
Class com.google.common.collect.Maps$EntrySet                                         : loaded 2 times (x 136B)
Class com.google.common.cache.LocalCache$EntryFactory$8                               : loaded 2 times (x 83B)
Class com.google.common.collect.ImmutableSet$SetBuilderImpl                           : loaded 2 times (x 76B)
Class org.gradle.internal.installation.CurrentGradleInstallation                      : loaded 2 times (x 73B)
Class com.google.common.cache.CacheLoader$1                                           : loaded 2 times (x 75B)
Class com.google.common.collect.ImmutableList$SubList                                 : loaded 2 times (x 209B)
Class org.gradle.util.internal.GUtil                                                  : loaded 2 times (x 71B)
Class com.google.common.io.ByteSource                                                 : loaded 2 times (x 84B)
Class com.google.common.cache.AbstractCache$StatsCounter                              : loaded 2 times (x 70B)
Class com.google.common.collect.Iterators$MergingIterator                             : loaded 2 times (x 81B)
Class com.google.common.collect.RegularImmutableSet                                   : loaded 2 times (x 149B)
Class org.gradle.internal.installation.GradleInstallation                             : loaded 2 times (x 75B)
Class com.google.common.base.Splitter$Strategy                                        : loaded 2 times (x 70B)
Class com.google.common.collect.Iterables                                             : loaded 2 times (x 71B)

---------------  S Y S T E M  ---------------

OS:
 Windows 11 , 64 bit Build 26100 (10.0.26100.8246)
OS uptime: 0 days 8:07 hours

CPU: total 12 (initial active 12) (6 cores per cpu, 2 threads per core) family 6 model 154 stepping 4 microcode 0x43b, cx8, cmov, fxsr, ht, mmx, 3dnowpref, sse, sse2, sse3, ssse3, sse4.1, sse4.2, popcnt, lzcnt, tsc, tscinvbit, avx, avx2, aes, erms, clmul, bmi1, bmi2, adx, sha, fma, vzeroupper, clflush, clflushopt, clwb, serialize, rdtscp, rdpid, fsrm, f16c, pku, cet_ibt, cet_ss
Processor Information for the first 12 processors :
  Max Mhz: 1300, Current Mhz: 1300, Mhz Limit: 1300

Memory: 4k page, system-wide physical 16068M (579M free)
TotalPageFile size 31428M (AvailPageFile size 49M)
current process WorkingSet (physical memory assigned to process): 592M, peak: 594M
current process commit charge ("private bytes"): 629M, peak: 651M

vm_info: OpenJDK 64-Bit Server VM (21.0.9+-14787801-b1163.94) for windows-amd64 JRE (21.0.9+-14787801-b1163.94), built on 2026-01-27T21:15:44Z by "builder" with MS VC++ 16.10 / 16.11 (VS2019)

END.
