#
# There is insufficient memory for the Java Runtime Environment to continue.
# Native memory allocation (mmap) failed to map 597688320 bytes. Error detail: G1 virtual space
# Possible reasons:
#   The system is out of physical RAM or swap space
#   This process is running with CompressedOops enabled, and the Java Heap may be blocking the growth of the native heap
# Possible solutions:
#   Reduce memory load on the system
#   Increase physical memory or swap space
#   Check if swap backing store is full
#   Decrease Java heap size (-Xmx/-Xms)
#   Decrease number of Java threads
#   Decrease Java thread stack sizes (-Xss)
#   Set larger code cache with -XX:ReservedCodeCacheSize=
#   JVM is running with Zero Based Compressed Oops mode in which the Java heap is
#     placed in the first 32GB address space. The Java Heap base address is the
#     maximum limit for the native heap growth. Please use -XX:HeapBaseMinAddress
#     to set the Java Heap base and to place the Java Heap above 32GB virtual address.
# This output file may be truncated or incomplete.
#
#  Out of Memory Error (os_windows.cpp:3926), pid=10728, tid=13836
#
# JRE version: OpenJDK Runtime Environment JBR-21.0.10+1-1163.110-jcef (21.0.10+1) (build 21.0.10+1-b1163.110)
# Java VM: OpenJDK 64-Bit Server VM JBR-21.0.10+1-1163.110-jcef (21.0.10+1-b1163.110, mixed mode, sharing, tiered, compressed oops, compressed class ptrs, g1 gc, windows-amd64)
# No core dump will be written. Minidumps are not enabled by default on client versions of Windows
#

---------------  S U M M A R Y ------------

Command Line: --add-opens=java.base/java.lang=ALL-UNNAMED --add-opens=java.base/java.lang.invoke=ALL-UNNAMED --add-opens=java.base/java.util=ALL-UNNAMED --add-opens=java.prefs/java.util.prefs=ALL-UNNAMED --add-exports=jdk.compiler/com.sun.tools.javac.api=ALL-UNNAMED --add-exports=jdk.compiler/com.sun.tools.javac.util=ALL-UNNAMED --add-opens=java.base/java.util=ALL-UNNAMED --add-opens=java.prefs/java.util.prefs=ALL-UNNAMED --add-opens=java.base/java.nio.charset=ALL-UNNAMED --add-opens=java.base/java.net=ALL-UNNAMED --add-opens=java.base/java.util.concurrent=ALL-UNNAMED --add-opens=java.base/java.util.concurrent.atomic=ALL-UNNAMED --add-opens=java.xml/javax.xml.namespace=ALL-UNNAMED --add-opens=java.base/java.time=ALL-UNNAMED -XX:MaxMetaspaceSize=512m -XX:+UseG1GC -XX:+HeapDumpOnOutOfMemoryError -Xmx3072m -Dfile.encoding=UTF-8 -Duser.country=US -Duser.language=en -Duser.variant -javaagent:C:\Users\DELL\.gradle\wrapper\dists\gradle-9.3.1-bin\23ovyewtku6u96viwx3xl3oks\gradle-9.3.1\lib\agents\gradle-instrumentation-agent-9.3.1.jar org.gradle.launcher.daemon.bootstrap.GradleDaemon 9.3.1

Host: 12th Gen Intel(R) Core(TM) i5-1235U, 12 cores, 15G,  Windows 11 , 64 bit Build 26100 (10.0.26100.8246)
Time: Thu May 14 20:49:22 2026 SE Asia Standard Time elapsed time: 23.933336 seconds (0d 0h 0m 23s)

---------------  T H R E A D  ---------------

Current thread (0x0000012cffe56db0):  VMThread "VM Thread"          [id=13836, stack(0x0000001e0ce00000,0x0000001e0cf00000) (1024K)]

Stack: [0x0000001e0ce00000,0x0000001e0cf00000]
Native frames: (J=compiled Java code, j=interpreted, Vv=VM code, C=native code)
V  [jvm.dll+0x6ed099]  os::win32::platform_print_native_stack+0xd9  (os_windows_x86.cpp:236)
V  [jvm.dll+0x8cb76b]  VMError::report+0xd8b  (vmError.cpp:1018)
V  [jvm.dll+0x8cdf0a]  VMError::report_and_die+0x79a  (vmError.cpp:1886)
V  [jvm.dll+0x8ce5e3]  VMError::report_and_die+0x43  (vmError.cpp:1656)
V  [jvm.dll+0x28e1c6]  report_vm_out_of_memory+0x56  (debug.cpp:225)
V  [jvm.dll+0x6e9955]  os::pd_commit_memory_or_exit+0x75  (os_windows.cpp:3934)
V  [jvm.dll+0x6dd4ea]  os::commit_memory_or_exit+0x2a  (os.cpp:1957)
V  [jvm.dll+0x369b4e]  G1PageBasedVirtualSpace::commit+0xde  (g1PageBasedVirtualSpace.cpp:196)
V  [jvm.dll+0x371a1b]  G1RegionsLargerThanCommitSizeMapper::commit_regions+0x7b  (g1RegionToSpaceMapper.cpp:100)
V  [jvm.dll+0x3c3619]  HeapRegionManager::expand_any+0xa9  (heapRegionManager.cpp:344)
V  [jvm.dll+0x3c38bb]  HeapRegionManager::expand_by+0xcb  (heapRegionManager.cpp:361)
V  [jvm.dll+0x33ce67]  G1CollectedHeap::expand+0xb7  (g1CollectedHeap.cpp:1107)
V  [jvm.dll+0x33cef7]  G1CollectedHeap::expand_heap_after_young_collection+0x37  (g1CollectedHeap.cpp:2514)
V  [jvm.dll+0x3822f2]  G1YoungCollector::post_evacuate_collection_set+0x3f2  (g1YoungCollector.cpp:1008)
V  [jvm.dll+0x380a9e]  G1YoungCollector::collect+0x43e  (g1YoungCollector.cpp:1078)
V  [jvm.dll+0x33c5c1]  G1CollectedHeap::do_collection_pause_at_safepoint+0x111  (g1CollectedHeap.cpp:2526)
V  [jvm.dll+0x3800da]  VM_G1CollectForAllocation::doit+0x6a  (g1VMOperations.cpp:147)
V  [jvm.dll+0x8d439f]  VM_Operation::evaluate+0x10f  (vmOperations.cpp:77)
V  [jvm.dll+0x8d5a63]  VMThread::inner_execute+0x263  (vmThread.cpp:435)
V  [jvm.dll+0x8d5fd4]  VMThread::loop+0x264  (vmThread.cpp:502)
V  [jvm.dll+0x8d60d3]  VMThread::run+0x63  (vmThread.cpp:180)
V  [jvm.dll+0x87544d]  Thread::call_run+0xcd  (thread.cpp:231)
V  [jvm.dll+0x6eb7fd]  os::win32::thread_native_entry+0x7d  (os_windows.cpp:557)
C  [ucrtbase.dll+0x37b0]
C  [KERNEL32.DLL+0x2e8d7]
C  [ntdll.dll+0x8c3fc]

VM_Operation (0x0000001e12ff9430): G1CollectForAllocation, mode: safepoint, requested by thread 0x0000012cba6f6910


---------------  P R O C E S S  ---------------

Threads class SMR info:
_java_thread_list=0x0000012cbf555100, length=190, elements={
0x0000012cf7ce2890, 0x0000012cffe73700, 0x0000012cffe7c940, 0x0000012cffe7d3a0,
0x0000012cffe7de00, 0x0000012cae140080, 0x0000012cae16b730, 0x0000012cae16c590,
0x0000012cae16d320, 0x0000012cae170130, 0x0000012cae442650, 0x0000012cb382f720,
0x0000012cb4c87da0, 0x0000012cb4b347d0, 0x0000012cb4c39410, 0x0000012cb3ce0700,
0x0000012cb4b38ce0, 0x0000012cb4b38650, 0x0000012cb4b3b440, 0x0000012cb4b39370,
0x0000012cb4b39a00, 0x0000012cb4b3a090, 0x0000012cb4b3bad0, 0x0000012cb4b3a720,
0x0000012cb76ec730, 0x0000012cb76ea660, 0x0000012cb76eacf0, 0x0000012cb76ecdc0,
0x0000012cb76e9fd0, 0x0000012cb76ed450, 0x0000012cb76edae0, 0x0000012cb76ee170,
0x0000012cb76eb380, 0x0000012cb76f0240, 0x0000012cb76f0f60, 0x0000012cb76f15f0,
0x0000012cb76ee800, 0x0000012cb76eee90, 0x0000012cb76ef520, 0x0000012cb6d5c520,
0x0000012cb6d59dc0, 0x0000012cb6d5a450, 0x0000012cb6d5be90, 0x0000012cb6d590a0,
0x0000012cb6d5aae0, 0x0000012cb6d5b170, 0x0000012cb6d5b800, 0x0000012cb6d5cbb0,
0x0000012cb6d59730, 0x0000012cb6d5f310, 0x0000012cb6d5df60, 0x0000012cb6d5e5f0,
0x0000012cb6d5d8d0, 0x0000012cb6d5f9a0, 0x0000012cb6d5ec80, 0x0000012cb6d60030,
0x0000012cb6d5d240, 0x0000012cb39e5c90, 0x0000012cb39e3530, 0x0000012cb39e7040,
0x0000012cb39e4f70, 0x0000012cb39e5600, 0x0000012cb39e6320, 0x0000012cb39e69b0,
0x0000012cb39e3bc0, 0x0000012cb39e76d0, 0x0000012cb39e4250, 0x0000012cb39e7d60,
0x0000012cb39e48e0, 0x0000012cb39e8a80, 0x0000012cb39ea4c0, 0x0000012cb39eab50,
0x0000012cb39e83f0, 0x0000012cb39e9110, 0x0000012caeb5c9d0, 0x0000012caeb5dd80,
0x0000012caeb5b620, 0x0000012caeb5c340, 0x0000012caeb5fe50, 0x0000012caeb5d6f0,
0x0000012caeb61200, 0x0000012caeb625b0, 0x0000012cb39e97a0, 0x0000012cba6f9070,
0x0000012cba6f8350, 0x0000012cba6f6910, 0x0000012cba6f9d90, 0x0000012cba6f9700,
0x0000012cba6fa420, 0x0000012cba6f6fa0, 0x0000012cba6faab0, 0x0000012cba6f7630,
0x0000012cba6f89e0, 0x0000012cba6f7cc0, 0x0000012cba6fdf30, 0x0000012cba6fd8a0,
0x0000012cba6fc4f0, 0x0000012cba6fbe60, 0x0000012cba6fcb80, 0x0000012cba6fb140,
0x0000012cba6fd210, 0x0000012cba6fb7d0, 0x0000012cb6bb6810, 0x0000012cb6bb7530,
0x0000012cb6bb88e0, 0x0000012cb6bb5460, 0x0000012cb6bb8f70, 0x0000012cb6bb5af0,
0x0000012cb6bb9600, 0x0000012cb6bb6180, 0x0000012cb6bbbd60, 0x0000012cb6bb9c90,
0x0000012cb6bba320, 0x0000012cb6bbb040, 0x0000012cb6bbb6d0, 0x0000012caeb61f20,
0x0000012cb5b8e780, 0x0000012cb5b8f4a0, 0x0000012cb5b8fb30, 0x0000012cb5b8e0f0,
0x0000012cb5b901c0, 0x0000012cb5b8ee10, 0x0000012cb5b8cd40, 0x0000012cb5b90850,
0x0000012cb5b8da60, 0x0000012cb5b8d3d0, 0x0000012cb5b91c00, 0x0000012cb5b94360,
0x0000012cb5b90ee0, 0x0000012cb5b92290, 0x0000012cb5b92920, 0x0000012cb5b92fb0,
0x0000012cb5b91570, 0x0000012cb5b93640, 0x0000012cb5b93cd0, 0x0000012cb5b9e100,
0x0000012cb5b9f4b0, 0x0000012cb5b9e790, 0x0000012cb5ba01d0, 0x0000012cb5b9cd50,
0x0000012cb5b9ee20, 0x0000012cb5b9fb40, 0x0000012cb5b9d3e0, 0x0000012cb5b9da70,
0x0000012cba55dc40, 0x0000012cba55e960, 0x0000012cba55eff0, 0x0000012cba55f680,
0x0000012cba55c890, 0x0000012cba5603a0, 0x0000012cba55e2d0, 0x0000012cba55d5b0,
0x0000012cba55cf20, 0x0000012cba560a30, 0x0000012cba562b00, 0x0000012cba55fd10,
0x0000012cba563820, 0x0000012cba563190, 0x0000012cba5610c0, 0x0000012cba561750,
0x0000012cba561de0, 0x0000012cba562470, 0x0000012cb97183d0, 0x0000012cb9717d40,
0x0000012cb97190f0, 0x0000012cb9719e10, 0x0000012cb9718a60, 0x0000012cb9719780,
0x0000012cb9716990, 0x0000012cb971a4a0, 0x0000012cb971ab30, 0x0000012cb97176b0,
0x0000012cb971e640, 0x0000012cb971b1c0, 0x0000012cb971ecd0, 0x0000012cb971cc00,
0x0000012cb971b850, 0x0000012cb971d920, 0x0000012cb971f360, 0x0000012cb971bee0,
0x0000012cb971f9f0, 0x0000012cb971d290, 0x0000012cb971c570, 0x0000012cb9720080,
0x0000012cb9720710, 0x0000012cb9720da0, 0x0000012cb9721430, 0x0000012cb971dfb0,
0x0000012cb7426780, 0x0000012cb7426e50
}

Java Threads: ( => current thread )
  0x0000012cf7ce2890 JavaThread "main"                              [_thread_blocked, id=46840, stack(0x0000001e0c700000,0x0000001e0c800000) (1024K)]
  0x0000012cffe73700 JavaThread "Common-Cleaner"             daemon [_thread_blocked, id=59444, stack(0x0000001e0cf00000,0x0000001e0d000000) (1024K)]
  0x0000012cffe7c940 JavaThread "Reference Handler"          daemon [_thread_blocked, id=61716, stack(0x0000001e0d000000,0x0000001e0d100000) (1024K)]
  0x0000012cffe7d3a0 JavaThread "Finalizer"                  daemon [_thread_blocked, id=17292, stack(0x0000001e0d100000,0x0000001e0d200000) (1024K)]
  0x0000012cffe7de00 JavaThread "Signal Dispatcher"          daemon [_thread_blocked, id=40292, stack(0x0000001e0d200000,0x0000001e0d300000) (1024K)]
  0x0000012cae140080 JavaThread "Attach Listener"            daemon [_thread_blocked, id=50252, stack(0x0000001e0d300000,0x0000001e0d400000) (1024K)]
  0x0000012cae16b730 JavaThread "Service Thread"             daemon [_thread_blocked, id=63196, stack(0x0000001e0d400000,0x0000001e0d500000) (1024K)]
  0x0000012cae16c590 JavaThread "Monitor Deflation Thread"   daemon [_thread_blocked, id=57004, stack(0x0000001e0d500000,0x0000001e0d600000) (1024K)]
  0x0000012cae16d320 JavaThread "C2 CompilerThread0"         daemon [_thread_blocked, id=3648, stack(0x0000001e0d600000,0x0000001e0d700000) (1024K)]
  0x0000012cae170130 JavaThread "C1 CompilerThread0"         daemon [_thread_blocked, id=62180, stack(0x0000001e0d700000,0x0000001e0d800000) (1024K)]
  0x0000012cae442650 JavaThread "Notification Thread"        daemon [_thread_blocked, id=17724, stack(0x0000001e0d900000,0x0000001e0da00000) (1024K)]
  0x0000012cb382f720 JavaThread "Daemon health stats"               [_thread_blocked, id=51988, stack(0x0000001e0da00000,0x0000001e0db00000) (1024K)]
  0x0000012cb4c87da0 JavaThread "Incoming local TCP Connector on port 59452"        [_thread_in_native, id=60296, stack(0x0000001e0e100000,0x0000001e0e200000) (1024K)]
  0x0000012cb4b347d0 JavaThread "Daemon periodic checks"            [_thread_blocked, id=54224, stack(0x0000001e0e200000,0x0000001e0e300000) (1024K)]
  0x0000012cb4c39410 JavaThread "Daemon"                            [_thread_blocked, id=63212, stack(0x0000001e0e300000,0x0000001e0e400000) (1024K)]
  0x0000012cb3ce0700 JavaThread "Handler for socket connection from /127.0.0.1:59452 to /127.0.0.1:59453"        [_thread_in_native, id=61688, stack(0x0000001e0e400000,0x0000001e0e500000) (1024K)]
  0x0000012cb4b38ce0 JavaThread "Cancel handler"                    [_thread_blocked, id=61532, stack(0x0000001e0e500000,0x0000001e0e600000) (1024K)]
  0x0000012cb4b38650 JavaThread "Daemon worker"                     [_thread_blocked, id=62964, stack(0x0000001e0e600000,0x0000001e0e700000) (1024K)]
  0x0000012cb4b3b440 JavaThread "Asynchronous log dispatcher for DefaultDaemonConnection: socket connection from /127.0.0.1:59452 to /127.0.0.1:59453"        [_thread_blocked, id=62968, stack(0x0000001e0e700000,0x0000001e0e800000) (1024K)]
  0x0000012cb4b39370 JavaThread "Stdin handler"                     [_thread_blocked, id=33588, stack(0x0000001e0e800000,0x0000001e0e900000) (1024K)]
  0x0000012cb4b39a00 JavaThread "Daemon client event forwarder"        [_thread_blocked, id=30892, stack(0x0000001e0e900000,0x0000001e0ea00000) (1024K)]
  0x0000012cb4b3a090 JavaThread "Cache worker for journal cache (C:\Users\DELL\.gradle\caches\journal-1)"        [_thread_blocked, id=28352, stack(0x0000001e0ee00000,0x0000001e0ef00000) (1024K)]
  0x0000012cb4b3bad0 JavaThread "File lock request listener"        [_thread_in_native, id=63428, stack(0x0000001e0ef00000,0x0000001e0f000000) (1024K)]
  0x0000012cb4b3a720 JavaThread "Cache worker for file hash cache (C:\Users\DELL\.gradle\caches\9.3.1\fileHashes)"        [_thread_blocked, id=30736, stack(0x0000001e0f000000,0x0000001e0f100000) (1024K)]
  0x0000012cb76ec730 JavaThread "Cache worker for file hash cache (D:\MEox\UITer\DOAN\Mosco_Megre\Mosco\client\.gradle\9.3.1\fileHashes)"        [_thread_blocked, id=61492, stack(0x0000001e0f200000,0x0000001e0f300000) (1024K)]
  0x0000012cb76ea660 JavaThread "Cache worker for Build Output Cleanup Cache (D:\MEox\UITer\DOAN\Mosco_Megre\Mosco\client\.gradle\buildOutputCleanup)"        [_thread_blocked, id=35556, stack(0x0000001e0f300000,0x0000001e0f400000) (1024K)]
  0x0000012cb76eacf0 JavaThread "File watcher server"        daemon [_thread_blocked, id=50872, stack(0x0000001e0f400000,0x0000001e0f500000) (1024K)]
  0x0000012cb76ecdc0 JavaThread "File watcher consumer"      daemon [_thread_blocked, id=59712, stack(0x0000001e0f500000,0x0000001e0f600000) (1024K)]
  0x0000012cb76e9fd0 JavaThread "Cache worker for checksums cache (D:\MEox\UITer\DOAN\Mosco_Megre\Mosco\client\.gradle\9.3.1\checksums)"        [_thread_blocked, id=13932, stack(0x0000001e0f600000,0x0000001e0f700000) (1024K)]
  0x0000012cb76ed450 JavaThread "Cache worker for file content cache (C:\Users\DELL\.gradle\caches\9.3.1\fileContent)"        [_thread_blocked, id=33436, stack(0x0000001e0f700000,0x0000001e0f800000) (1024K)]
  0x0000012cb76edae0 JavaThread "Cache worker for cache directory md-supplier (C:\Users\DELL\.gradle\caches\9.3.1\md-supplier)"        [_thread_blocked, id=2312, stack(0x0000001e0f800000,0x0000001e0f900000) (1024K)]
  0x0000012cb76ee170 JavaThread "Cache worker for cache directory md-rule (C:\Users\DELL\.gradle\caches\9.3.1\md-rule)"        [_thread_blocked, id=61980, stack(0x0000001e0f900000,0x0000001e0fa00000) (1024K)]
  0x0000012cb76eb380 JavaThread "jar transforms"                    [_thread_blocked, id=52132, stack(0x0000001e0fb00000,0x0000001e0fc00000) (1024K)]
  0x0000012cb76f0240 JavaThread "Unconstrained build operations"        [_thread_blocked, id=27724, stack(0x0000001e0fc00000,0x0000001e0fd00000) (1024K)]
  0x0000012cb76f0f60 JavaThread "Unconstrained build operations Thread 2"        [_thread_blocked, id=62616, stack(0x0000001e0fd00000,0x0000001e0fe00000) (1024K)]
  0x0000012cb76f15f0 JavaThread "Unconstrained build operations Thread 3"        [_thread_blocked, id=60388, stack(0x0000001e0fe00000,0x0000001e0ff00000) (1024K)]
  0x0000012cb76ee800 JavaThread "jar transforms Thread 2"           [_thread_blocked, id=55544, stack(0x0000001e0ff00000,0x0000001e10000000) (1024K)]
  0x0000012cb76eee90 JavaThread "Problems report writer"            [_thread_blocked, id=40088, stack(0x0000001e10000000,0x0000001e10100000) (1024K)]
  0x0000012cb76ef520 JavaThread "jar transforms Thread 3"           [_thread_blocked, id=55016, stack(0x0000001e10100000,0x0000001e10200000) (1024K)]
  0x0000012cb6d5c520 JavaThread "Unconstrained build operations Thread 4"        [_thread_blocked, id=13760, stack(0x0000001e10200000,0x0000001e10300000) (1024K)]
  0x0000012cb6d59dc0 JavaThread "Unconstrained build operations Thread 5"        [_thread_blocked, id=26476, stack(0x0000001e10300000,0x0000001e10400000) (1024K)]
  0x0000012cb6d5a450 JavaThread "Unconstrained build operations Thread 6"        [_thread_blocked, id=416, stack(0x0000001e10400000,0x0000001e10500000) (1024K)]
  0x0000012cb6d5be90 JavaThread "Unconstrained build operations Thread 7"        [_thread_blocked, id=59032, stack(0x0000001e10500000,0x0000001e10600000) (1024K)]
  0x0000012cb6d590a0 JavaThread "Unconstrained build operations Thread 8"        [_thread_blocked, id=61208, stack(0x0000001e10600000,0x0000001e10700000) (1024K)]
  0x0000012cb6d5aae0 JavaThread "Unconstrained build operations Thread 9"        [_thread_blocked, id=62380, stack(0x0000001e10700000,0x0000001e10800000) (1024K)]
  0x0000012cb6d5b170 JavaThread "Unconstrained build operations Thread 10"        [_thread_blocked, id=60224, stack(0x0000001e10800000,0x0000001e10900000) (1024K)]
  0x0000012cb6d5b800 JavaThread "Unconstrained build operations Thread 11"        [_thread_blocked, id=61360, stack(0x0000001e10900000,0x0000001e10a00000) (1024K)]
  0x0000012cb6d5cbb0 JavaThread "Unconstrained build operations Thread 12"        [_thread_blocked, id=62560, stack(0x0000001e10a00000,0x0000001e10b00000) (1024K)]
  0x0000012cb6d59730 JavaThread "Unconstrained build operations Thread 13"        [_thread_blocked, id=52076, stack(0x0000001e10b00000,0x0000001e10c00000) (1024K)]
  0x0000012cb6d5f310 JavaThread "Unconstrained build operations Thread 14"        [_thread_blocked, id=50728, stack(0x0000001e10c00000,0x0000001e10d00000) (1024K)]
  0x0000012cb6d5df60 JavaThread "Unconstrained build operations Thread 15"        [_thread_blocked, id=35584, stack(0x0000001e10d00000,0x0000001e10e00000) (1024K)]
  0x0000012cb6d5e5f0 JavaThread "Unconstrained build operations Thread 16"        [_thread_blocked, id=56560, stack(0x0000001e10e00000,0x0000001e10f00000) (1024K)]
  0x0000012cb6d5d8d0 JavaThread "Unconstrained build operations Thread 17"        [_thread_blocked, id=59524, stack(0x0000001e10f00000,0x0000001e11000000) (1024K)]
  0x0000012cb6d5f9a0 JavaThread "Unconstrained build operations Thread 18"        [_thread_blocked, id=63076, stack(0x0000001e11000000,0x0000001e11100000) (1024K)]
  0x0000012cb6d5ec80 JavaThread "Unconstrained build operations Thread 19"        [_thread_blocked, id=63348, stack(0x0000001e11100000,0x0000001e11200000) (1024K)]
  0x0000012cb6d60030 JavaThread "Unconstrained build operations Thread 20"        [_thread_blocked, id=40560, stack(0x0000001e11200000,0x0000001e11300000) (1024K)]
  0x0000012cb6d5d240 JavaThread "Unconstrained build operations Thread 21"        [_thread_blocked, id=62308, stack(0x0000001e11300000,0x0000001e11400000) (1024K)]
  0x0000012cb39e5c90 JavaThread "Unconstrained build operations Thread 22"        [_thread_blocked, id=13264, stack(0x0000001e11400000,0x0000001e11500000) (1024K)]
  0x0000012cb39e3530 JavaThread "Unconstrained build operations Thread 23"        [_thread_blocked, id=52136, stack(0x0000001e11500000,0x0000001e11600000) (1024K)]
  0x0000012cb39e7040 JavaThread "Unconstrained build operations Thread 24"        [_thread_blocked, id=60532, stack(0x0000001e11600000,0x0000001e11700000) (1024K)]
  0x0000012cb39e4f70 JavaThread "Unconstrained build operations Thread 25"        [_thread_blocked, id=19548, stack(0x0000001e11700000,0x0000001e11800000) (1024K)]
  0x0000012cb39e5600 JavaThread "Unconstrained build operations Thread 26"        [_thread_blocked, id=57876, stack(0x0000001e11800000,0x0000001e11900000) (1024K)]
  0x0000012cb39e6320 JavaThread "Unconstrained build operations Thread 27"        [_thread_blocked, id=62272, stack(0x0000001e11900000,0x0000001e11a00000) (1024K)]
  0x0000012cb39e69b0 JavaThread "Unconstrained build operations Thread 28"        [_thread_blocked, id=59784, stack(0x0000001e11a00000,0x0000001e11b00000) (1024K)]
  0x0000012cb39e3bc0 JavaThread "Unconstrained build operations Thread 29"        [_thread_blocked, id=20648, stack(0x0000001e11b00000,0x0000001e11c00000) (1024K)]
  0x0000012cb39e76d0 JavaThread "Unconstrained build operations Thread 30"        [_thread_blocked, id=52352, stack(0x0000001e11c00000,0x0000001e11d00000) (1024K)]
  0x0000012cb39e4250 JavaThread "Unconstrained build operations Thread 31"        [_thread_blocked, id=62604, stack(0x0000001e11d00000,0x0000001e11e00000) (1024K)]
  0x0000012cb39e7d60 JavaThread "Unconstrained build operations Thread 32"        [_thread_blocked, id=51800, stack(0x0000001e11e00000,0x0000001e11f00000) (1024K)]
  0x0000012cb39e48e0 JavaThread "Unconstrained build operations Thread 33"        [_thread_blocked, id=43584, stack(0x0000001e11f00000,0x0000001e12000000) (1024K)]
  0x0000012cb39e8a80 JavaThread "Unconstrained build operations Thread 34"        [_thread_blocked, id=50492, stack(0x0000001e12000000,0x0000001e12100000) (1024K)]
  0x0000012cb39ea4c0 JavaThread "Unconstrained build operations Thread 35"        [_thread_blocked, id=62088, stack(0x0000001e12100000,0x0000001e12200000) (1024K)]
  0x0000012cb39eab50 JavaThread "Unconstrained build operations Thread 36"        [_thread_blocked, id=25268, stack(0x0000001e12200000,0x0000001e12300000) (1024K)]
  0x0000012cb39e83f0 JavaThread "jar transforms Thread 4"           [_thread_blocked, id=62824, stack(0x0000001e12300000,0x0000001e12400000) (1024K)]
  0x0000012cb39e9110 JavaThread "jar transforms Thread 5"           [_thread_blocked, id=62212, stack(0x0000001e12400000,0x0000001e12500000) (1024K)]
  0x0000012caeb5c9d0 JavaThread "Memory manager"                    [_thread_blocked, id=6688, stack(0x0000001e0fa00000,0x0000001e0fb00000) (1024K)]
  0x0000012caeb5dd80 JavaThread "build event listener"              [_thread_blocked, id=60244, stack(0x0000001e12600000,0x0000001e12700000) (1024K)]
  0x0000012caeb5b620 JavaThread "jar transforms Thread 6"           [_thread_blocked, id=62896, stack(0x0000001e12700000,0x0000001e12800000) (1024K)]
  0x0000012caeb5c340 JavaThread "pool-3-thread-1"                   [_thread_blocked, id=63092, stack(0x0000001e12500000,0x0000001e12600000) (1024K)]
  0x0000012caeb5fe50 JavaThread "build event listener"              [_thread_blocked, id=50372, stack(0x0000001e12800000,0x0000001e12900000) (1024K)]
  0x0000012caeb5d6f0 JavaThread "included builds"                   [_thread_blocked, id=60520, stack(0x0000001e12900000,0x0000001e12a00000) (1024K)]
  0x0000012caeb61200 JavaThread "Execution worker"                  [_thread_blocked, id=60840, stack(0x0000001e12a00000,0x0000001e12b00000) (1024K)]
  0x0000012caeb625b0 JavaThread "Execution worker Thread 2"         [_thread_blocked, id=22156, stack(0x0000001e12b00000,0x0000001e12c00000) (1024K)]
  0x0000012cb39e97a0 JavaThread "Execution worker Thread 3"         [_thread_blocked, id=59572, stack(0x0000001e12c00000,0x0000001e12d00000) (1024K)]
  0x0000012cba6f9070 JavaThread "Execution worker Thread 4"         [_thread_blocked, id=63400, stack(0x0000001e12d00000,0x0000001e12e00000) (1024K)]
  0x0000012cba6f8350 JavaThread "Execution worker Thread 5"         [_thread_blocked, id=63188, stack(0x0000001e12e00000,0x0000001e12f00000) (1024K)]
  0x0000012cba6f6910 JavaThread "Execution worker Thread 6"         [_thread_blocked, id=8792, stack(0x0000001e12f00000,0x0000001e13000000) (1024K)]
  0x0000012cba6f9d90 JavaThread "Execution worker Thread 7"         [_thread_blocked, id=26276, stack(0x0000001e13000000,0x0000001e13100000) (1024K)]
  0x0000012cba6f9700 JavaThread "Execution worker Thread 8"         [_thread_blocked, id=61848, stack(0x0000001e13100000,0x0000001e13200000) (1024K)]
  0x0000012cba6fa420 JavaThread "Execution worker Thread 9"         [_thread_blocked, id=55500, stack(0x0000001e13200000,0x0000001e13300000) (1024K)]
  0x0000012cba6f6fa0 JavaThread "Execution worker Thread 10"        [_thread_blocked, id=63204, stack(0x0000001e13300000,0x0000001e13400000) (1024K)]
  0x0000012cba6faab0 JavaThread "Execution worker Thread 11"        [_thread_blocked, id=37464, stack(0x0000001e13400000,0x0000001e13500000) (1024K)]
  0x0000012cba6f7630 JavaThread "Cache worker for execution history cache (D:\MEox\UITer\DOAN\Mosco_Megre\Mosco\client\.gradle\9.3.1\executionHistory)"        [_thread_blocked, id=56780, stack(0x0000001e13500000,0x0000001e13600000) (1024K)]
  0x0000012cba6f89e0 JavaThread "Unconstrained build operations Thread 37"        [_thread_blocked, id=28784, stack(0x0000001e13600000,0x0000001e13700000) (1024K)]
  0x0000012cba6f7cc0 JavaThread "Unconstrained build operations Thread 38"        [_thread_blocked, id=60736, stack(0x0000001e13700000,0x0000001e13800000) (1024K)]
  0x0000012cba6fdf30 JavaThread "Unconstrained build operations Thread 39"        [_thread_blocked, id=61968, stack(0x0000001e13800000,0x0000001e13900000) (1024K)]
  0x0000012cba6fd8a0 JavaThread "Unconstrained build operations Thread 40"        [_thread_blocked, id=13140, stack(0x0000001e13900000,0x0000001e13a00000) (1024K)]
  0x0000012cba6fc4f0 JavaThread "Unconstrained build operations Thread 41"        [_thread_blocked, id=54596, stack(0x0000001e13a00000,0x0000001e13b00000) (1024K)]
  0x0000012cba6fbe60 JavaThread "Unconstrained build operations Thread 42"        [_thread_blocked, id=62284, stack(0x0000001e13b00000,0x0000001e13c00000) (1024K)]
  0x0000012cba6fcb80 JavaThread "Unconstrained build operations Thread 43"        [_thread_blocked, id=57784, stack(0x0000001e13c00000,0x0000001e13d00000) (1024K)]
  0x0000012cba6fb140 JavaThread "Unconstrained build operations Thread 44"        [_thread_blocked, id=60604, stack(0x0000001e13d00000,0x0000001e13e00000) (1024K)]
  0x0000012cba6fd210 JavaThread "Unconstrained build operations Thread 45"        [_thread_blocked, id=58416, stack(0x0000001e13e00000,0x0000001e13f00000) (1024K)]
  0x0000012cba6fb7d0 JavaThread "Unconstrained build operations Thread 46"        [_thread_blocked, id=61780, stack(0x0000001e13f00000,0x0000001e14000000) (1024K)]
  0x0000012cb6bb6810 JavaThread "Unconstrained build operations Thread 47"        [_thread_blocked, id=59640, stack(0x0000001e14000000,0x0000001e14100000) (1024K)]
  0x0000012cb6bb7530 JavaThread "Unconstrained build operations Thread 48"        [_thread_blocked, id=61960, stack(0x0000001e14100000,0x0000001e14200000) (1024K)]
  0x0000012cb6bb88e0 JavaThread "Unconstrained build operations Thread 49"        [_thread_blocked, id=62052, stack(0x0000001e14200000,0x0000001e14300000) (1024K)]
  0x0000012cb6bb5460 JavaThread "Unconstrained build operations Thread 50"        [_thread_blocked, id=63208, stack(0x0000001e14300000,0x0000001e14400000) (1024K)]
  0x0000012cb6bb8f70 JavaThread "Unconstrained build operations Thread 51"        [_thread_blocked, id=63320, stack(0x0000001e14400000,0x0000001e14500000) (1024K)]
  0x0000012cb6bb5af0 JavaThread "Unconstrained build operations Thread 52"        [_thread_blocked, id=62580, stack(0x0000001e14500000,0x0000001e14600000) (1024K)]
  0x0000012cb6bb9600 JavaThread "Unconstrained build operations Thread 53"        [_thread_blocked, id=53956, stack(0x0000001e14600000,0x0000001e14700000) (1024K)]
  0x0000012cb6bb6180 JavaThread "Unconstrained build operations Thread 54"        [_thread_blocked, id=62296, stack(0x0000001e14700000,0x0000001e14800000) (1024K)]
  0x0000012cb6bbbd60 JavaThread "Unconstrained build operations Thread 55"        [_thread_blocked, id=63024, stack(0x0000001e14800000,0x0000001e14900000) (1024K)]
  0x0000012cb6bb9c90 JavaThread "Unconstrained build operations Thread 56"        [_thread_blocked, id=41272, stack(0x0000001e14900000,0x0000001e14a00000) (1024K)]
  0x0000012cb6bba320 JavaThread "Unconstrained build operations Thread 57"        [_thread_blocked, id=58832, stack(0x0000001e14a00000,0x0000001e14b00000) (1024K)]
  0x0000012cb6bbb040 JavaThread "Unconstrained build operations Thread 58"        [_thread_blocked, id=63304, stack(0x0000001e14b00000,0x0000001e14c00000) (1024K)]
  0x0000012cb6bbb6d0 JavaThread "Unconstrained build operations Thread 59"        [_thread_blocked, id=63004, stack(0x0000001e14c00000,0x0000001e14d00000) (1024K)]
  0x0000012caeb61f20 JavaThread "Unconstrained build operations Thread 60"        [_thread_blocked, id=59440, stack(0x0000001e14d00000,0x0000001e14e00000) (1024K)]
  0x0000012cb5b8e780 JavaThread "Unconstrained build operations Thread 61"        [_thread_blocked, id=58084, stack(0x0000001e14e00000,0x0000001e14f00000) (1024K)]
  0x0000012cb5b8f4a0 JavaThread "Unconstrained build operations Thread 62"        [_thread_blocked, id=61900, stack(0x0000001e14f00000,0x0000001e15000000) (1024K)]
  0x0000012cb5b8fb30 JavaThread "Unconstrained build operations Thread 63"        [_thread_blocked, id=38388, stack(0x0000001e15000000,0x0000001e15100000) (1024K)]
  0x0000012cb5b8e0f0 JavaThread "Unconstrained build operations Thread 64"        [_thread_blocked, id=56148, stack(0x0000001e15100000,0x0000001e15200000) (1024K)]
  0x0000012cb5b901c0 JavaThread "Unconstrained build operations Thread 65"        [_thread_blocked, id=3276, stack(0x0000001e15200000,0x0000001e15300000) (1024K)]
  0x0000012cb5b8ee10 JavaThread "Unconstrained build operations Thread 66"        [_thread_blocked, id=63416, stack(0x0000001e15300000,0x0000001e15400000) (1024K)]
  0x0000012cb5b8cd40 JavaThread "Unconstrained build operations Thread 67"        [_thread_blocked, id=61704, stack(0x0000001e15400000,0x0000001e15500000) (1024K)]
  0x0000012cb5b90850 JavaThread "Unconstrained build operations Thread 68"        [_thread_blocked, id=59592, stack(0x0000001e15500000,0x0000001e15600000) (1024K)]
  0x0000012cb5b8da60 JavaThread "Unconstrained build operations Thread 69"        [_thread_blocked, id=63084, stack(0x0000001e15600000,0x0000001e15700000) (1024K)]
  0x0000012cb5b8d3d0 JavaThread "Unconstrained build operations Thread 70"        [_thread_blocked, id=61144, stack(0x0000001e15700000,0x0000001e15800000) (1024K)]
  0x0000012cb5b91c00 JavaThread "Unconstrained build operations Thread 71"        [_thread_blocked, id=61504, stack(0x0000001e15800000,0x0000001e15900000) (1024K)]
  0x0000012cb5b94360 JavaThread "Unconstrained build operations Thread 72"        [_thread_blocked, id=59548, stack(0x0000001e15900000,0x0000001e15a00000) (1024K)]
  0x0000012cb5b90ee0 JavaThread "Unconstrained build operations Thread 73"        [_thread_blocked, id=8356, stack(0x0000001e15a00000,0x0000001e15b00000) (1024K)]
  0x0000012cb5b92290 JavaThread "Unconstrained build operations Thread 74"        [_thread_blocked, id=11616, stack(0x0000001e15b00000,0x0000001e15c00000) (1024K)]
  0x0000012cb5b92920 JavaThread "Unconstrained build operations Thread 75"        [_thread_blocked, id=53508, stack(0x0000001e15c00000,0x0000001e15d00000) (1024K)]
  0x0000012cb5b92fb0 JavaThread "Unconstrained build operations Thread 76"        [_thread_blocked, id=63264, stack(0x0000001e15d00000,0x0000001e15e00000) (1024K)]
  0x0000012cb5b91570 JavaThread "Unconstrained build operations Thread 77"        [_thread_blocked, id=60780, stack(0x0000001e15e00000,0x0000001e15f00000) (1024K)]
  0x0000012cb5b93640 JavaThread "Unconstrained build operations Thread 78"        [_thread_blocked, id=61120, stack(0x0000001e15f00000,0x0000001e16000000) (1024K)]
  0x0000012cb5b93cd0 JavaThread "Unconstrained build operations Thread 79"        [_thread_blocked, id=63172, stack(0x0000001e16000000,0x0000001e16100000) (1024K)]
  0x0000012cb5b9e100 JavaThread "Unconstrained build operations Thread 80"        [_thread_blocked, id=63268, stack(0x0000001e16100000,0x0000001e16200000) (1024K)]
  0x0000012cb5b9f4b0 JavaThread "Unconstrained build operations Thread 81"        [_thread_blocked, id=63360, stack(0x0000001e16200000,0x0000001e16300000) (1024K)]
  0x0000012cb5b9e790 JavaThread "Unconstrained build operations Thread 82"        [_thread_blocked, id=62476, stack(0x0000001e16300000,0x0000001e16400000) (1024K)]
  0x0000012cb5ba01d0 JavaThread "Unconstrained build operations Thread 83"        [_thread_blocked, id=32928, stack(0x0000001e16400000,0x0000001e16500000) (1024K)]
  0x0000012cb5b9cd50 JavaThread "Unconstrained build operations Thread 84"        [_thread_blocked, id=3096, stack(0x0000001e16500000,0x0000001e16600000) (1024K)]
  0x0000012cb5b9ee20 JavaThread "Unconstrained build operations Thread 85"        [_thread_blocked, id=60812, stack(0x0000001e16600000,0x0000001e16700000) (1024K)]
  0x0000012cb5b9fb40 JavaThread "Unconstrained build operations Thread 86"        [_thread_blocked, id=60452, stack(0x0000001e16700000,0x0000001e16800000) (1024K)]
  0x0000012cb5b9d3e0 JavaThread "Unconstrained build operations Thread 87"        [_thread_blocked, id=59760, stack(0x0000001e16800000,0x0000001e16900000) (1024K)]
  0x0000012cb5b9da70 JavaThread "Unconstrained build operations Thread 88"        [_thread_blocked, id=61692, stack(0x0000001e16900000,0x0000001e16a00000) (1024K)]
  0x0000012cba55dc40 JavaThread "Unconstrained build operations Thread 89"        [_thread_blocked, id=19584, stack(0x0000001e16a00000,0x0000001e16b00000) (1024K)]
  0x0000012cba55e960 JavaThread "Unconstrained build operations Thread 90"        [_thread_blocked, id=60488, stack(0x0000001e16b00000,0x0000001e16c00000) (1024K)]
  0x0000012cba55eff0 JavaThread "Unconstrained build operations Thread 91"        [_thread_blocked, id=13636, stack(0x0000001e16c00000,0x0000001e16d00000) (1024K)]
  0x0000012cba55f680 JavaThread "Unconstrained build operations Thread 92"        [_thread_blocked, id=10192, stack(0x0000001e16d00000,0x0000001e16e00000) (1024K)]
  0x0000012cba55c890 JavaThread "Unconstrained build operations Thread 93"        [_thread_blocked, id=26880, stack(0x0000001e16e00000,0x0000001e16f00000) (1024K)]
  0x0000012cba5603a0 JavaThread "Unconstrained build operations Thread 94"        [_thread_blocked, id=22416, stack(0x0000001e16f00000,0x0000001e17000000) (1024K)]
  0x0000012cba55e2d0 JavaThread "Unconstrained build operations Thread 95"        [_thread_blocked, id=54552, stack(0x0000001e17000000,0x0000001e17100000) (1024K)]
  0x0000012cba55d5b0 JavaThread "Unconstrained build operations Thread 96"        [_thread_blocked, id=58824, stack(0x0000001e17100000,0x0000001e17200000) (1024K)]
  0x0000012cba55cf20 JavaThread "Unconstrained build operations Thread 97"        [_thread_blocked, id=63448, stack(0x0000001e17200000,0x0000001e17300000) (1024K)]
  0x0000012cba560a30 JavaThread "Unconstrained build operations Thread 98"        [_thread_blocked, id=61756, stack(0x0000001e17300000,0x0000001e17400000) (1024K)]
  0x0000012cba562b00 JavaThread "Unconstrained build operations Thread 99"        [_thread_blocked, id=58924, stack(0x0000001e17400000,0x0000001e17500000) (1024K)]
  0x0000012cba55fd10 JavaThread "Unconstrained build operations Thread 100"        [_thread_blocked, id=63064, stack(0x0000001e17500000,0x0000001e17600000) (1024K)]
  0x0000012cba563820 JavaThread "Unconstrained build operations Thread 101"        [_thread_blocked, id=55528, stack(0x0000001e17600000,0x0000001e17700000) (1024K)]
  0x0000012cba563190 JavaThread "Unconstrained build operations Thread 102"        [_thread_blocked, id=63016, stack(0x0000001e17700000,0x0000001e17800000) (1024K)]
  0x0000012cba5610c0 JavaThread "Unconstrained build operations Thread 103"        [_thread_blocked, id=62800, stack(0x0000001e17800000,0x0000001e17900000) (1024K)]
  0x0000012cba561750 JavaThread "Unconstrained build operations Thread 104"        [_thread_blocked, id=62524, stack(0x0000001e17900000,0x0000001e17a00000) (1024K)]
  0x0000012cba561de0 JavaThread "Unconstrained build operations Thread 105"        [_thread_blocked, id=63012, stack(0x0000001e17a00000,0x0000001e17b00000) (1024K)]
  0x0000012cba562470 JavaThread "Unconstrained build operations Thread 106"        [_thread_blocked, id=63324, stack(0x0000001e17b00000,0x0000001e17c00000) (1024K)]
  0x0000012cb97183d0 JavaThread "Unconstrained build operations Thread 107"        [_thread_blocked, id=63176, stack(0x0000001e17c00000,0x0000001e17d00000) (1024K)]
  0x0000012cb9717d40 JavaThread "Unconstrained build operations Thread 108"        [_thread_blocked, id=60468, stack(0x0000001e17d00000,0x0000001e17e00000) (1024K)]
  0x0000012cb97190f0 JavaThread "Unconstrained build operations Thread 109"        [_thread_blocked, id=63020, stack(0x0000001e17e00000,0x0000001e17f00000) (1024K)]
  0x0000012cb9719e10 JavaThread "Unconstrained build operations Thread 110"        [_thread_blocked, id=59972, stack(0x0000001e17f00000,0x0000001e18000000) (1024K)]
  0x0000012cb9718a60 JavaThread "Unconstrained build operations Thread 111"        [_thread_blocked, id=62544, stack(0x0000001e18000000,0x0000001e18100000) (1024K)]
  0x0000012cb9719780 JavaThread "Unconstrained build operations Thread 112"        [_thread_blocked, id=60712, stack(0x0000001e18100000,0x0000001e18200000) (1024K)]
  0x0000012cb9716990 JavaThread "Unconstrained build operations Thread 113"        [_thread_blocked, id=63396, stack(0x0000001e18200000,0x0000001e18300000) (1024K)]
  0x0000012cb971a4a0 JavaThread "Unconstrained build operations Thread 114"        [_thread_blocked, id=38648, stack(0x0000001e18300000,0x0000001e18400000) (1024K)]
  0x0000012cb971ab30 JavaThread "Unconstrained build operations Thread 115"        [_thread_blocked, id=63068, stack(0x0000001e18400000,0x0000001e18500000) (1024K)]
  0x0000012cb97176b0 JavaThread "Unconstrained build operations Thread 116"        [_thread_blocked, id=61668, stack(0x0000001e18500000,0x0000001e18600000) (1024K)]
  0x0000012cb971e640 JavaThread "Unconstrained build operations Thread 117"        [_thread_blocked, id=61300, stack(0x0000001e18600000,0x0000001e18700000) (1024K)]
  0x0000012cb971b1c0 JavaThread "Unconstrained build operations Thread 118"        [_thread_blocked, id=61552, stack(0x0000001e18700000,0x0000001e18800000) (1024K)]
  0x0000012cb971ecd0 JavaThread "Unconstrained build operations Thread 119"        [_thread_blocked, id=62676, stack(0x0000001e18800000,0x0000001e18900000) (1024K)]
  0x0000012cb971cc00 JavaThread "Unconstrained build operations Thread 120"        [_thread_blocked, id=52524, stack(0x0000001e18900000,0x0000001e18a00000) (1024K)]
  0x0000012cb971b850 JavaThread "Cache worker for Java compile cache (C:\Users\DELL\.gradle\caches\9.3.1\javaCompile)"        [_thread_blocked, id=62820, stack(0x0000001e18a00000,0x0000001e18b00000) (1024K)]
  0x0000012cb971d920 JavaThread "Build operations"                  [_thread_blocked, id=61040, stack(0x0000001e18c00000,0x0000001e18d00000) (1024K)]
  0x0000012cb971f360 JavaThread "Build operations Thread 2"         [_thread_blocked, id=50956, stack(0x0000001e18d00000,0x0000001e18e00000) (1024K)]
  0x0000012cb971bee0 JavaThread "Build operations Thread 3"         [_thread_blocked, id=52272, stack(0x0000001e18e00000,0x0000001e18f00000) (1024K)]
  0x0000012cb971f9f0 JavaThread "Build operations Thread 4"         [_thread_blocked, id=61204, stack(0x0000001e18f00000,0x0000001e19000000) (1024K)]
  0x0000012cb971d290 JavaThread "Build operations Thread 5"         [_thread_blocked, id=61584, stack(0x0000001e19000000,0x0000001e19100000) (1024K)]
  0x0000012cb971c570 JavaThread "Build operations Thread 6"         [_thread_blocked, id=42728, stack(0x0000001e19100000,0x0000001e19200000) (1024K)]
  0x0000012cb9720080 JavaThread "Build operations Thread 7"         [_thread_blocked, id=60516, stack(0x0000001e19200000,0x0000001e19300000) (1024K)]
  0x0000012cb9720710 JavaThread "Build operations Thread 8"         [_thread_blocked, id=58692, stack(0x0000001e19300000,0x0000001e19400000) (1024K)]
  0x0000012cb9720da0 JavaThread "Build operations Thread 9"         [_thread_blocked, id=54392, stack(0x0000001e19400000,0x0000001e19500000) (1024K)]
  0x0000012cb9721430 JavaThread "Build operations Thread 10"        [_thread_blocked, id=62812, stack(0x0000001e19500000,0x0000001e19600000) (1024K)]
  0x0000012cb971dfb0 JavaThread "Build operations Thread 11"        [_thread_blocked, id=55880, stack(0x0000001e19600000,0x0000001e19700000) (1024K)]
  0x0000012cb7426780 JavaThread "C2 CompilerThread1"         daemon [_thread_blocked, id=54016, stack(0x0000001e0d800000,0x0000001e0d900000) (1024K)]
  0x0000012cb7426e50 JavaThread "C2 CompilerThread2"         daemon [_thread_blocked, id=63472, stack(0x0000001e18b00000,0x0000001e18c00000) (1024K)]
Total: 190

Other Threads:
=>0x0000012cffe56db0 VMThread "VM Thread"                           [id=13836, stack(0x0000001e0ce00000,0x0000001e0cf00000) (1024K)]
  0x0000012cffe467f0 WatcherThread "VM Periodic Task Thread"        [id=62256, stack(0x0000001e0cd00000,0x0000001e0ce00000) (1024K)]
  0x0000012cf7d36e90 WorkerThread "GC Thread#0"                     [id=63292, stack(0x0000001e0c800000,0x0000001e0c900000) (1024K)]
  0x0000012cae5eb280 WorkerThread "GC Thread#1"                     [id=55924, stack(0x0000001e0db00000,0x0000001e0dc00000) (1024K)]
  0x0000012cae5d8690 WorkerThread "GC Thread#2"                     [id=58828, stack(0x0000001e0dc00000,0x0000001e0dd00000) (1024K)]
  0x0000012cae5d8a40 WorkerThread "GC Thread#3"                     [id=63132, stack(0x0000001e0dd00000,0x0000001e0de00000) (1024K)]
  0x0000012cae8d93b0 WorkerThread "GC Thread#4"                     [id=13848, stack(0x0000001e0de00000,0x0000001e0df00000) (1024K)]
  0x0000012cae8d9760 WorkerThread "GC Thread#5"                     [id=51932, stack(0x0000001e0df00000,0x0000001e0e000000) (1024K)]
  0x0000012cb4c0d3a0 WorkerThread "GC Thread#6"                     [id=57396, stack(0x0000001e0ea00000,0x0000001e0eb00000) (1024K)]
  0x0000012cb4c10120 WorkerThread "GC Thread#7"                     [id=53228, stack(0x0000001e0eb00000,0x0000001e0ec00000) (1024K)]
  0x0000012cb4c113e0 WorkerThread "GC Thread#8"                     [id=58412, stack(0x0000001e0ec00000,0x0000001e0ed00000) (1024K)]
  0x0000012cb4c10c80 WorkerThread "GC Thread#9"                     [id=11128, stack(0x0000001e0ed00000,0x0000001e0ee00000) (1024K)]
  0x0000012cf7d44690 ConcurrentGCThread "G1 Main Marker"            [id=49788, stack(0x0000001e0c900000,0x0000001e0ca00000) (1024K)]
  0x0000012cf7d451a0 WorkerThread "G1 Conc#0"                       [id=62084, stack(0x0000001e0ca00000,0x0000001e0cb00000) (1024K)]
  0x0000012cb749ca00 WorkerThread "G1 Conc#1"                       [id=61636, stack(0x0000001e0e000000,0x0000001e0e100000) (1024K)]
  0x0000012cb749b3e0 WorkerThread "G1 Conc#2"                       [id=59024, stack(0x0000001e0f100000,0x0000001e0f200000) (1024K)]
  0x0000012cf7d9e780 ConcurrentGCThread "G1 Refine#0"               [id=62432, stack(0x0000001e0cb00000,0x0000001e0cc00000) (1024K)]
  0x0000012cffd0f0f0 ConcurrentGCThread "G1 Service"                [id=63220, stack(0x0000001e0cc00000,0x0000001e0cd00000) (1024K)]
Total: 18

Threads with active compile tasks:
C2 CompilerThread2  24090 16506 %     4       android.databinding.tool.reflection.SdkUtil$ApiChecker::buildFullLookup @ 124 (252 bytes)
Total: 1

VM state: at safepoint (normal execution)

VM Mutex/Monitor currently owned by a thread:  ([mutex/lock_event])
[0x00007ffe3a7d8db0] Threads_lock - owner thread: 0x0000012cffe56db0
[0x00007ffe3a7d8eb0] Heap_lock - owner thread: 0x0000012cba6f6910

Heap address: 0x0000000740000000, size: 3072 MB, Compressed Oops mode: Zero based, Oop shift amount: 3

CDS archive(s) mapped at: [0x0000012c92000000-0x0000012c93c20000-0x0000012c93c20000), size 29491200, SharedBaseAddress: 0x0000012c92000000, ArchiveRelocationMode: 1.
Compressed class space mapped at: 0x0000012c94000000-0x0000012cae000000, reserved size: 436207616
Narrow klass base: 0x0000012c92000000, Narrow klass shift: 0, Narrow klass range: 0x100000000

GC Precious Log:
 CardTable entry size: 512
 Card Set container configuration: InlinePtr #cards 4 size 8 Array Of Cards #cards 16 size 48 Howl #buckets 8 coarsen threshold 3686 Howl Bitmap #cards 512 size 80 coarsen threshold 460 Card regions per heap region 1 cards per card region 4096
 CPUs: 12 total, 12 available
 Memory: 16068M
 Large Page Support: Disabled
 NUMA Support: Disabled
 Compressed Oops: Enabled (Zero based)
 Heap Region Size: 2M
 Heap Min Capacity: 8M
 Heap Initial Capacity: 252M
 Heap Max Capacity: 3G
 Pre-touch: Disabled
 Parallel Workers: 10
 Concurrent Workers: 3
 Concurrent Refinement Workers: 10
 Periodic GC: Disabled

Heap:
 garbage-first heap   total 487424K, used 278528K [0x0000000740000000, 0x0000000800000000)
  region size 2048K, 3 young (6144K), 3 survivors (6144K)
 Metaspace       used 119064K, committed 121472K, reserved 557056K
  class space    used 16643K, committed 17792K, reserved 425984K

Heap Regions: E=young(eden), S=young(survivor), O=old, HS=humongous(starts), HC=humongous(continues), CS=collection set, F=free, TAMS=top-at-mark-start, PB=parsable bottom
|   0|0x0000000740000000, 0x0000000740200000, 0x0000000740200000|100%|HS|  |TAMS 0x0000000740200000| PB 0x0000000740000000| Complete 
|   1|0x0000000740200000, 0x0000000740400000, 0x0000000740400000|100%|HC|  |TAMS 0x0000000740400000| PB 0x0000000740200000| Complete 
|   2|0x0000000740400000, 0x0000000740600000, 0x0000000740600000|100%| O|  |TAMS 0x0000000740600000| PB 0x0000000740400000| Untracked 
|   3|0x0000000740600000, 0x0000000740800000, 0x0000000740800000|100%| O|  |TAMS 0x0000000740800000| PB 0x0000000740600000| Untracked 
|   4|0x0000000740800000, 0x0000000740a00000, 0x0000000740a00000|100%| O|  |TAMS 0x0000000740a00000| PB 0x0000000740800000| Untracked 
|   5|0x0000000740a00000, 0x0000000740c00000, 0x0000000740c00000|100%| O|  |TAMS 0x0000000740c00000| PB 0x0000000740a00000| Untracked 
|   6|0x0000000740c00000, 0x0000000740e00000, 0x0000000740e00000|100%| O|  |TAMS 0x0000000740e00000| PB 0x0000000740c00000| Untracked 
|   7|0x0000000740e00000, 0x0000000741000000, 0x0000000741000000|100%| O|  |TAMS 0x0000000741000000| PB 0x0000000740e00000| Untracked 
|   8|0x0000000741000000, 0x0000000741200000, 0x0000000741200000|100%| O|  |TAMS 0x0000000741200000| PB 0x0000000741000000| Untracked 
|   9|0x0000000741200000, 0x0000000741400000, 0x0000000741400000|100%| O|  |TAMS 0x0000000741400000| PB 0x0000000741200000| Untracked 
|  10|0x0000000741400000, 0x0000000741600000, 0x0000000741600000|100%| O|  |TAMS 0x0000000741600000| PB 0x0000000741400000| Untracked 
|  11|0x0000000741600000, 0x0000000741800000, 0x0000000741800000|100%| O|  |TAMS 0x0000000741800000| PB 0x0000000741600000| Untracked 
|  12|0x0000000741800000, 0x0000000741a00000, 0x0000000741a00000|100%| O|  |TAMS 0x0000000741a00000| PB 0x0000000741800000| Untracked 
|  13|0x0000000741a00000, 0x0000000741c00000, 0x0000000741c00000|100%| O|  |TAMS 0x0000000741c00000| PB 0x0000000741a00000| Untracked 
|  14|0x0000000741c00000, 0x0000000741e00000, 0x0000000741e00000|100%| O|  |TAMS 0x0000000741e00000| PB 0x0000000741c00000| Untracked 
|  15|0x0000000741e00000, 0x0000000742000000, 0x0000000742000000|100%| O|  |TAMS 0x0000000742000000| PB 0x0000000741e00000| Untracked 
|  16|0x0000000742000000, 0x0000000742200000, 0x0000000742200000|100%| O|  |TAMS 0x0000000742200000| PB 0x0000000742000000| Untracked 
|  17|0x0000000742200000, 0x0000000742400000, 0x0000000742400000|100%|HS|  |TAMS 0x0000000742400000| PB 0x0000000742200000| Complete 
|  18|0x0000000742400000, 0x0000000742600000, 0x0000000742600000|100%| O|  |TAMS 0x0000000742600000| PB 0x0000000742400000| Untracked 
|  19|0x0000000742600000, 0x0000000742800000, 0x0000000742800000|100%|HS|  |TAMS 0x0000000742800000| PB 0x0000000742600000| Complete 
|  20|0x0000000742800000, 0x0000000742a00000, 0x0000000742a00000|100%| O|  |TAMS 0x0000000742a00000| PB 0x0000000742800000| Untracked 
|  21|0x0000000742a00000, 0x0000000742c00000, 0x0000000742c00000|100%| O|  |TAMS 0x0000000742c00000| PB 0x0000000742a00000| Untracked 
|  22|0x0000000742c00000, 0x0000000742e00000, 0x0000000742e00000|100%| O|  |TAMS 0x0000000742e00000| PB 0x0000000742c00000| Untracked 
|  23|0x0000000742e00000, 0x0000000743000000, 0x0000000743000000|100%| O|  |TAMS 0x0000000743000000| PB 0x0000000742e00000| Untracked 
|  24|0x0000000743000000, 0x0000000743200000, 0x0000000743200000|100%| O|  |TAMS 0x0000000743200000| PB 0x0000000743000000| Untracked 
|  25|0x0000000743200000, 0x0000000743400000, 0x0000000743400000|100%| O|  |TAMS 0x0000000743400000| PB 0x0000000743200000| Untracked 
|  26|0x0000000743400000, 0x0000000743600000, 0x0000000743600000|100%| O|  |TAMS 0x0000000743600000| PB 0x0000000743400000| Untracked 
|  27|0x0000000743600000, 0x0000000743800000, 0x0000000743800000|100%| O|  |TAMS 0x0000000743800000| PB 0x0000000743600000| Untracked 
|  28|0x0000000743800000, 0x0000000743a00000, 0x0000000743a00000|100%| O|  |TAMS 0x0000000743a00000| PB 0x0000000743800000| Untracked 
|  29|0x0000000743a00000, 0x0000000743c00000, 0x0000000743c00000|100%| O|  |TAMS 0x0000000743c00000| PB 0x0000000743a00000| Untracked 
|  30|0x0000000743c00000, 0x0000000743e00000, 0x0000000743e00000|100%| O|  |TAMS 0x0000000743e00000| PB 0x0000000743c00000| Untracked 
|  31|0x0000000743e00000, 0x0000000744000000, 0x0000000744000000|100%| O|  |TAMS 0x0000000744000000| PB 0x0000000743e00000| Untracked 
|  32|0x0000000744000000, 0x0000000744200000, 0x0000000744200000|100%| O|  |TAMS 0x0000000744200000| PB 0x0000000744000000| Untracked 
|  33|0x0000000744200000, 0x0000000744400000, 0x0000000744400000|100%| O|  |TAMS 0x0000000744400000| PB 0x0000000744200000| Untracked 
|  34|0x0000000744400000, 0x0000000744600000, 0x0000000744600000|100%| O|  |TAMS 0x0000000744600000| PB 0x0000000744400000| Untracked 
|  35|0x0000000744600000, 0x0000000744800000, 0x0000000744800000|100%| O|  |TAMS 0x0000000744600000| PB 0x0000000744600000| Untracked 
|  36|0x0000000744800000, 0x0000000744a00000, 0x0000000744a00000|100%| O|  |TAMS 0x0000000744a00000| PB 0x0000000744800000| Untracked 
|  37|0x0000000744a00000, 0x0000000744c00000, 0x0000000744c00000|100%| O|  |TAMS 0x0000000744c00000| PB 0x0000000744a00000| Untracked 
|  38|0x0000000744c00000, 0x0000000744e00000, 0x0000000744e00000|100%| O|  |TAMS 0x0000000744e00000| PB 0x0000000744c00000| Untracked 
|  39|0x0000000744e00000, 0x0000000745000000, 0x0000000745000000|100%| O|  |TAMS 0x0000000745000000| PB 0x0000000744e00000| Untracked 
|  40|0x0000000745000000, 0x0000000745200000, 0x0000000745200000|100%| O|  |TAMS 0x0000000745200000| PB 0x0000000745000000| Untracked 
|  41|0x0000000745200000, 0x0000000745400000, 0x0000000745400000|100%| O|  |TAMS 0x0000000745400000| PB 0x0000000745200000| Untracked 
|  42|0x0000000745400000, 0x0000000745600000, 0x0000000745600000|100%| O|  |TAMS 0x0000000745600000| PB 0x0000000745400000| Untracked 
|  43|0x0000000745600000, 0x0000000745800000, 0x0000000745800000|100%|HS|  |TAMS 0x0000000745800000| PB 0x0000000745600000| Complete 
|  44|0x0000000745800000, 0x0000000745a00000, 0x0000000745a00000|100%| O|  |TAMS 0x0000000745a00000| PB 0x0000000745800000| Untracked 
|  45|0x0000000745a00000, 0x0000000745c00000, 0x0000000745c00000|100%| O|  |TAMS 0x0000000745c00000| PB 0x0000000745a00000| Untracked 
|  46|0x0000000745c00000, 0x0000000745e00000, 0x0000000745e00000|100%| O|  |TAMS 0x0000000745e00000| PB 0x0000000745c00000| Untracked 
|  47|0x0000000745e00000, 0x0000000746000000, 0x0000000746000000|100%| O|  |TAMS 0x0000000746000000| PB 0x0000000745e00000| Untracked 
|  48|0x0000000746000000, 0x0000000746200000, 0x0000000746200000|100%| O|  |TAMS 0x0000000746200000| PB 0x0000000746000000| Untracked 
|  49|0x0000000746200000, 0x0000000746400000, 0x0000000746400000|100%| O|  |TAMS 0x0000000746400000| PB 0x0000000746200000| Untracked 
|  50|0x0000000746400000, 0x0000000746600000, 0x0000000746600000|100%| O|  |TAMS 0x0000000746600000| PB 0x0000000746400000| Untracked 
|  51|0x0000000746600000, 0x0000000746800000, 0x0000000746800000|100%| O|  |TAMS 0x0000000746800000| PB 0x0000000746600000| Untracked 
|  52|0x0000000746800000, 0x0000000746a00000, 0x0000000746a00000|100%| O|  |TAMS 0x0000000746a00000| PB 0x0000000746800000| Untracked 
|  53|0x0000000746a00000, 0x0000000746c00000, 0x0000000746c00000|100%| O|  |TAMS 0x0000000746c00000| PB 0x0000000746a00000| Untracked 
|  54|0x0000000746c00000, 0x0000000746e00000, 0x0000000746e00000|100%| O|  |TAMS 0x0000000746e00000| PB 0x0000000746c00000| Untracked 
|  55|0x0000000746e00000, 0x0000000747000000, 0x0000000747000000|100%| O|  |TAMS 0x0000000747000000| PB 0x0000000746e00000| Untracked 
|  56|0x0000000747000000, 0x0000000747200000, 0x0000000747200000|100%| O|  |TAMS 0x0000000747197210| PB 0x0000000747000000| Untracked 
|  57|0x0000000747200000, 0x0000000747400000, 0x0000000747400000|100%| O|  |TAMS 0x0000000747200000| PB 0x0000000747200000| Untracked 
|  58|0x0000000747400000, 0x0000000747600000, 0x0000000747600000|100%| O|  |TAMS 0x0000000747400000| PB 0x0000000747400000| Untracked 
|  59|0x0000000747600000, 0x0000000747800000, 0x0000000747800000|100%| O|  |TAMS 0x0000000747600000| PB 0x0000000747600000| Untracked 
|  60|0x0000000747800000, 0x0000000747a00000, 0x0000000747a00000|100%| O|  |TAMS 0x0000000747800000| PB 0x0000000747800000| Untracked 
|  61|0x0000000747a00000, 0x0000000747c00000, 0x0000000747c00000|100%| O|  |TAMS 0x0000000747a00000| PB 0x0000000747a00000| Untracked 
|  62|0x0000000747c00000, 0x0000000747e00000, 0x0000000747e00000|100%| O|  |TAMS 0x0000000747c00000| PB 0x0000000747c00000| Untracked 
|  63|0x0000000747e00000, 0x0000000748000000, 0x0000000748000000|100%| O|  |TAMS 0x0000000747e00000| PB 0x0000000747e00000| Untracked 
|  64|0x0000000748000000, 0x0000000748200000, 0x0000000748200000|100%| O|  |TAMS 0x0000000748000000| PB 0x0000000748000000| Untracked 
|  65|0x0000000748200000, 0x0000000748400000, 0x0000000748400000|100%| O|  |TAMS 0x0000000748200000| PB 0x0000000748200000| Untracked 
|  66|0x0000000748400000, 0x0000000748600000, 0x0000000748600000|100%| O|  |TAMS 0x0000000748400000| PB 0x0000000748400000| Untracked 
|  67|0x0000000748600000, 0x0000000748800000, 0x0000000748800000|100%| O|  |TAMS 0x0000000748600000| PB 0x0000000748600000| Untracked 
|  68|0x0000000748800000, 0x0000000748a00000, 0x0000000748a00000|100%| O|  |TAMS 0x0000000748800000| PB 0x0000000748800000| Untracked 
|  69|0x0000000748a00000, 0x0000000748c00000, 0x0000000748c00000|100%| O|  |TAMS 0x0000000748a00000| PB 0x0000000748a00000| Untracked 
|  70|0x0000000748c00000, 0x0000000748e00000, 0x0000000748e00000|100%| O|  |TAMS 0x0000000748c00000| PB 0x0000000748c00000| Untracked 
|  71|0x0000000748e00000, 0x0000000749000000, 0x0000000749000000|100%| O|  |TAMS 0x0000000748e00000| PB 0x0000000748e00000| Untracked 
|  72|0x0000000749000000, 0x0000000749200000, 0x0000000749200000|100%| O|  |TAMS 0x0000000749000000| PB 0x0000000749000000| Untracked 
|  73|0x0000000749200000, 0x0000000749400000, 0x0000000749400000|100%| O|  |TAMS 0x0000000749200000| PB 0x0000000749200000| Untracked 
|  74|0x0000000749400000, 0x0000000749600000, 0x0000000749600000|100%| O|  |TAMS 0x0000000749400000| PB 0x0000000749400000| Untracked 
|  75|0x0000000749600000, 0x0000000749800000, 0x0000000749800000|100%| O|  |TAMS 0x0000000749600000| PB 0x0000000749600000| Untracked 
|  76|0x0000000749800000, 0x0000000749a00000, 0x0000000749a00000|100%| O|  |TAMS 0x0000000749800000| PB 0x0000000749800000| Untracked 
|  77|0x0000000749a00000, 0x0000000749c00000, 0x0000000749c00000|100%| O|  |TAMS 0x0000000749a00000| PB 0x0000000749a00000| Untracked 
|  78|0x0000000749c00000, 0x0000000749e00000, 0x0000000749e00000|100%| O|  |TAMS 0x0000000749c00000| PB 0x0000000749c00000| Untracked 
|  79|0x0000000749e00000, 0x000000074a000000, 0x000000074a000000|100%| O|  |TAMS 0x0000000749e00000| PB 0x0000000749e00000| Untracked 
|  80|0x000000074a000000, 0x000000074a200000, 0x000000074a200000|100%| O|  |TAMS 0x000000074a000000| PB 0x000000074a000000| Untracked 
|  81|0x000000074a200000, 0x000000074a400000, 0x000000074a400000|100%| O|  |TAMS 0x000000074a200000| PB 0x000000074a200000| Untracked 
|  82|0x000000074a400000, 0x000000074a600000, 0x000000074a600000|100%| O|  |TAMS 0x000000074a400000| PB 0x000000074a400000| Untracked 
|  83|0x000000074a600000, 0x000000074a800000, 0x000000074a800000|100%| O|  |TAMS 0x000000074a600000| PB 0x000000074a600000| Untracked 
|  84|0x000000074a800000, 0x000000074aa00000, 0x000000074aa00000|100%| O|  |TAMS 0x000000074a800000| PB 0x000000074a800000| Untracked 
|  85|0x000000074aa00000, 0x000000074ac00000, 0x000000074ac00000|100%| O|  |TAMS 0x000000074aa00000| PB 0x000000074aa00000| Untracked 
|  86|0x000000074ac00000, 0x000000074ae00000, 0x000000074ae00000|100%| O|  |TAMS 0x000000074ac00000| PB 0x000000074ac00000| Untracked 
|  87|0x000000074ae00000, 0x000000074ae00000, 0x000000074b000000|  0%| F|  |TAMS 0x000000074ae00000| PB 0x000000074ae00000| Untracked 
|  88|0x000000074b000000, 0x000000074b000000, 0x000000074b200000|  0%| F|  |TAMS 0x000000074b000000| PB 0x000000074b000000| Untracked 
|  89|0x000000074b200000, 0x000000074b200000, 0x000000074b400000|  0%| F|  |TAMS 0x000000074b200000| PB 0x000000074b200000| Untracked 
|  90|0x000000074b400000, 0x000000074b400000, 0x000000074b600000|  0%| F|  |TAMS 0x000000074b400000| PB 0x000000074b400000| Untracked 
|  91|0x000000074b600000, 0x000000074b600000, 0x000000074b800000|  0%| F|  |TAMS 0x000000074b600000| PB 0x000000074b600000| Untracked 
|  92|0x000000074b800000, 0x000000074b800000, 0x000000074ba00000|  0%| F|  |TAMS 0x000000074b800000| PB 0x000000074b800000| Untracked 
|  93|0x000000074ba00000, 0x000000074bc00000, 0x000000074bc00000|100%| O|  |TAMS 0x000000074ba00000| PB 0x000000074ba00000| Untracked 
|  94|0x000000074bc00000, 0x000000074be00000, 0x000000074be00000|100%| O|  |TAMS 0x000000074bc00000| PB 0x000000074bc00000| Untracked 
|  95|0x000000074be00000, 0x000000074c000000, 0x000000074c000000|100%| O|  |TAMS 0x000000074be00000| PB 0x000000074be00000| Untracked 
|  96|0x000000074c000000, 0x000000074c200000, 0x000000074c200000|100%| O|  |TAMS 0x000000074c000000| PB 0x000000074c000000| Untracked 
|  97|0x000000074c200000, 0x000000074c400000, 0x000000074c400000|100%| O|  |TAMS 0x000000074c200000| PB 0x000000074c200000| Untracked 
|  98|0x000000074c400000, 0x000000074c400000, 0x000000074c600000|  0%| F|  |TAMS 0x000000074c400000| PB 0x000000074c400000| Untracked 
|  99|0x000000074c600000, 0x000000074c600000, 0x000000074c800000|  0%| F|  |TAMS 0x000000074c600000| PB 0x000000074c600000| Untracked 
| 100|0x000000074c800000, 0x000000074c800000, 0x000000074ca00000|  0%| F|  |TAMS 0x000000074c800000| PB 0x000000074c800000| Untracked 
| 101|0x000000074ca00000, 0x000000074ca00000, 0x000000074cc00000|  0%| F|  |TAMS 0x000000074ca00000| PB 0x000000074ca00000| Untracked 
| 102|0x000000074cc00000, 0x000000074cc00000, 0x000000074ce00000|  0%| F|  |TAMS 0x000000074cc00000| PB 0x000000074cc00000| Untracked 
| 103|0x000000074ce00000, 0x000000074ce00000, 0x000000074d000000|  0%| F|  |TAMS 0x000000074ce00000| PB 0x000000074ce00000| Untracked 
| 104|0x000000074d000000, 0x000000074d000000, 0x000000074d200000|  0%| F|  |TAMS 0x000000074d000000| PB 0x000000074d000000| Untracked 
| 105|0x000000074d200000, 0x000000074d200000, 0x000000074d400000|  0%| F|  |TAMS 0x000000074d200000| PB 0x000000074d200000| Untracked 
| 106|0x000000074d400000, 0x000000074d400000, 0x000000074d600000|  0%| F|  |TAMS 0x000000074d400000| PB 0x000000074d400000| Untracked 
| 107|0x000000074d600000, 0x000000074d600000, 0x000000074d800000|  0%| F|  |TAMS 0x000000074d600000| PB 0x000000074d600000| Untracked 
| 108|0x000000074d800000, 0x000000074d800000, 0x000000074da00000|  0%| F|  |TAMS 0x000000074d800000| PB 0x000000074d800000| Untracked 
| 109|0x000000074da00000, 0x000000074da00000, 0x000000074dc00000|  0%| F|  |TAMS 0x000000074da00000| PB 0x000000074da00000| Untracked 
| 110|0x000000074dc00000, 0x000000074dc00000, 0x000000074de00000|  0%| F|  |TAMS 0x000000074dc00000| PB 0x000000074dc00000| Untracked 
| 111|0x000000074de00000, 0x000000074de00000, 0x000000074e000000|  0%| F|  |TAMS 0x000000074de00000| PB 0x000000074de00000| Untracked 
| 112|0x000000074e000000, 0x000000074e000000, 0x000000074e200000|  0%| F|  |TAMS 0x000000074e000000| PB 0x000000074e000000| Untracked 
| 113|0x000000074e200000, 0x000000074e200000, 0x000000074e400000|  0%| F|  |TAMS 0x000000074e200000| PB 0x000000074e200000| Untracked 
| 114|0x000000074e400000, 0x000000074e400000, 0x000000074e600000|  0%| F|  |TAMS 0x000000074e400000| PB 0x000000074e400000| Untracked 
| 115|0x000000074e600000, 0x000000074e600000, 0x000000074e800000|  0%| F|  |TAMS 0x000000074e600000| PB 0x000000074e600000| Untracked 
| 116|0x000000074e800000, 0x000000074e800000, 0x000000074ea00000|  0%| F|  |TAMS 0x000000074e800000| PB 0x000000074e800000| Untracked 
| 117|0x000000074ea00000, 0x000000074ea00000, 0x000000074ec00000|  0%| F|  |TAMS 0x000000074ea00000| PB 0x000000074ea00000| Untracked 
| 118|0x000000074ec00000, 0x000000074ec00000, 0x000000074ee00000|  0%| F|  |TAMS 0x000000074ec00000| PB 0x000000074ec00000| Untracked 
| 119|0x000000074ee00000, 0x000000074ee00000, 0x000000074f000000|  0%| F|  |TAMS 0x000000074ee00000| PB 0x000000074ee00000| Untracked 
| 120|0x000000074f000000, 0x000000074f000000, 0x000000074f200000|  0%| F|  |TAMS 0x000000074f000000| PB 0x000000074f000000| Untracked 
| 121|0x000000074f200000, 0x000000074f200000, 0x000000074f400000|  0%| F|  |TAMS 0x000000074f200000| PB 0x000000074f200000| Untracked 
| 122|0x000000074f400000, 0x000000074f400000, 0x000000074f600000|  0%| F|  |TAMS 0x000000074f400000| PB 0x000000074f400000| Untracked 
| 123|0x000000074f600000, 0x000000074f600000, 0x000000074f800000|  0%| F|  |TAMS 0x000000074f600000| PB 0x000000074f600000| Untracked 
| 124|0x000000074f800000, 0x000000074f800000, 0x000000074fa00000|  0%| F|  |TAMS 0x000000074f800000| PB 0x000000074f800000| Untracked 
| 125|0x000000074fa00000, 0x000000074fa00000, 0x000000074fc00000|  0%| F|  |TAMS 0x000000074fa00000| PB 0x000000074fa00000| Untracked 
| 126|0x000000074fc00000, 0x000000074fc00000, 0x000000074fe00000|  0%| F|  |TAMS 0x000000074fc00000| PB 0x000000074fc00000| Untracked 
| 127|0x000000074fe00000, 0x000000074fe00000, 0x0000000750000000|  0%| F|  |TAMS 0x000000074fe00000| PB 0x000000074fe00000| Untracked 
| 128|0x0000000750000000, 0x0000000750000000, 0x0000000750200000|  0%| F|  |TAMS 0x0000000750000000| PB 0x0000000750000000| Untracked 
| 129|0x0000000750200000, 0x0000000750200000, 0x0000000750400000|  0%| F|  |TAMS 0x0000000750200000| PB 0x0000000750200000| Untracked 
| 130|0x0000000750400000, 0x0000000750400000, 0x0000000750600000|  0%| F|  |TAMS 0x0000000750400000| PB 0x0000000750400000| Untracked 
| 131|0x0000000750600000, 0x0000000750600000, 0x0000000750800000|  0%| F|  |TAMS 0x0000000750600000| PB 0x0000000750600000| Untracked 
| 132|0x0000000750800000, 0x0000000750800000, 0x0000000750a00000|  0%| F|  |TAMS 0x0000000750800000| PB 0x0000000750800000| Untracked 
| 133|0x0000000750a00000, 0x0000000750a00000, 0x0000000750c00000|  0%| F|  |TAMS 0x0000000750a00000| PB 0x0000000750a00000| Untracked 
| 134|0x0000000750c00000, 0x0000000750c00000, 0x0000000750e00000|  0%| F|  |TAMS 0x0000000750c00000| PB 0x0000000750c00000| Untracked 
| 135|0x0000000750e00000, 0x0000000750e00000, 0x0000000751000000|  0%| F|  |TAMS 0x0000000750e00000| PB 0x0000000750e00000| Untracked 
| 136|0x0000000751000000, 0x0000000751000000, 0x0000000751200000|  0%| F|  |TAMS 0x0000000751000000| PB 0x0000000751000000| Untracked 
| 137|0x0000000751200000, 0x0000000751200000, 0x0000000751400000|  0%| F|  |TAMS 0x0000000751200000| PB 0x0000000751200000| Untracked 
| 138|0x0000000751400000, 0x0000000751400000, 0x0000000751600000|  0%| F|  |TAMS 0x0000000751400000| PB 0x0000000751400000| Untracked 
| 139|0x0000000751600000, 0x0000000751600000, 0x0000000751800000|  0%| F|  |TAMS 0x0000000751600000| PB 0x0000000751600000| Untracked 
| 140|0x0000000751800000, 0x0000000751800000, 0x0000000751a00000|  0%| F|  |TAMS 0x0000000751800000| PB 0x0000000751800000| Untracked 
| 141|0x0000000751a00000, 0x0000000751a00000, 0x0000000751c00000|  0%| F|  |TAMS 0x0000000751a00000| PB 0x0000000751a00000| Untracked 
| 142|0x0000000751c00000, 0x0000000751c00000, 0x0000000751e00000|  0%| F|  |TAMS 0x0000000751c00000| PB 0x0000000751c00000| Untracked 
| 143|0x0000000751e00000, 0x0000000751e00000, 0x0000000752000000|  0%| F|  |TAMS 0x0000000751e00000| PB 0x0000000751e00000| Untracked 
| 144|0x0000000752000000, 0x0000000752000000, 0x0000000752200000|  0%| F|  |TAMS 0x0000000752000000| PB 0x0000000752000000| Untracked 
| 145|0x0000000752200000, 0x0000000752200000, 0x0000000752400000|  0%| F|  |TAMS 0x0000000752200000| PB 0x0000000752200000| Untracked 
| 146|0x0000000752400000, 0x0000000752400000, 0x0000000752600000|  0%| F|  |TAMS 0x0000000752400000| PB 0x0000000752400000| Untracked 
| 147|0x0000000752600000, 0x0000000752600000, 0x0000000752800000|  0%| F|  |TAMS 0x0000000752600000| PB 0x0000000752600000| Untracked 
| 148|0x0000000752800000, 0x0000000752800000, 0x0000000752a00000|  0%| F|  |TAMS 0x0000000752800000| PB 0x0000000752800000| Untracked 
| 149|0x0000000752a00000, 0x0000000752a00000, 0x0000000752c00000|  0%| F|  |TAMS 0x0000000752a00000| PB 0x0000000752a00000| Untracked 
| 150|0x0000000752c00000, 0x0000000752c00000, 0x0000000752e00000|  0%| F|  |TAMS 0x0000000752c00000| PB 0x0000000752c00000| Untracked 
| 151|0x0000000752e00000, 0x0000000752e00000, 0x0000000753000000|  0%| F|  |TAMS 0x0000000752e00000| PB 0x0000000752e00000| Untracked 
| 152|0x0000000753000000, 0x0000000753000000, 0x0000000753200000|  0%| F|  |TAMS 0x0000000753000000| PB 0x0000000753000000| Untracked 
| 153|0x0000000753200000, 0x0000000753200000, 0x0000000753400000|  0%| F|  |TAMS 0x0000000753200000| PB 0x0000000753200000| Untracked 
| 154|0x0000000753400000, 0x0000000753400000, 0x0000000753600000|  0%| F|  |TAMS 0x0000000753400000| PB 0x0000000753400000| Untracked 
| 155|0x0000000753600000, 0x0000000753600000, 0x0000000753800000|  0%| F|  |TAMS 0x0000000753600000| PB 0x0000000753600000| Untracked 
| 156|0x0000000753800000, 0x0000000753800000, 0x0000000753a00000|  0%| F|  |TAMS 0x0000000753800000| PB 0x0000000753800000| Untracked 
| 157|0x0000000753a00000, 0x0000000753a00000, 0x0000000753c00000|  0%| F|  |TAMS 0x0000000753a00000| PB 0x0000000753a00000| Untracked 
| 158|0x0000000753c00000, 0x0000000753c00000, 0x0000000753e00000|  0%| F|  |TAMS 0x0000000753c00000| PB 0x0000000753c00000| Untracked 
| 159|0x0000000753e00000, 0x0000000753e00000, 0x0000000754000000|  0%| F|  |TAMS 0x0000000753e00000| PB 0x0000000753e00000| Untracked 
| 160|0x0000000754000000, 0x0000000754000000, 0x0000000754200000|  0%| F|  |TAMS 0x0000000754000000| PB 0x0000000754000000| Untracked 
| 161|0x0000000754200000, 0x0000000754200000, 0x0000000754400000|  0%| F|  |TAMS 0x0000000754200000| PB 0x0000000754200000| Untracked 
| 162|0x0000000754400000, 0x0000000754400000, 0x0000000754600000|  0%| F|  |TAMS 0x0000000754400000| PB 0x0000000754400000| Untracked 
| 163|0x0000000754600000, 0x0000000754600000, 0x0000000754800000|  0%| F|  |TAMS 0x0000000754600000| PB 0x0000000754600000| Untracked 
| 164|0x0000000754800000, 0x0000000754800000, 0x0000000754a00000|  0%| F|  |TAMS 0x0000000754800000| PB 0x0000000754800000| Untracked 
| 165|0x0000000754a00000, 0x0000000754a00000, 0x0000000754c00000|  0%| F|  |TAMS 0x0000000754a00000| PB 0x0000000754a00000| Untracked 
| 166|0x0000000754c00000, 0x0000000754c00000, 0x0000000754e00000|  0%| F|  |TAMS 0x0000000754c00000| PB 0x0000000754c00000| Untracked 
| 167|0x0000000754e00000, 0x0000000754e00000, 0x0000000755000000|  0%| F|  |TAMS 0x0000000754e00000| PB 0x0000000754e00000| Untracked 
| 168|0x0000000755000000, 0x0000000755000000, 0x0000000755200000|  0%| F|  |TAMS 0x0000000755000000| PB 0x0000000755000000| Untracked 
| 169|0x0000000755200000, 0x0000000755200000, 0x0000000755400000|  0%| F|  |TAMS 0x0000000755200000| PB 0x0000000755200000| Untracked 
| 170|0x0000000755400000, 0x0000000755400000, 0x0000000755600000|  0%| F|  |TAMS 0x0000000755400000| PB 0x0000000755400000| Untracked 
| 171|0x0000000755600000, 0x0000000755600000, 0x0000000755800000|  0%| F|  |TAMS 0x0000000755600000| PB 0x0000000755600000| Untracked 
| 172|0x0000000755800000, 0x0000000755800000, 0x0000000755a00000|  0%| F|  |TAMS 0x0000000755800000| PB 0x0000000755800000| Untracked 
| 173|0x0000000755a00000, 0x0000000755a00000, 0x0000000755c00000|  0%| F|  |TAMS 0x0000000755a00000| PB 0x0000000755a00000| Untracked 
| 174|0x0000000755c00000, 0x0000000755c00000, 0x0000000755e00000|  0%| F|  |TAMS 0x0000000755c00000| PB 0x0000000755c00000| Untracked 
| 175|0x0000000755e00000, 0x0000000755e00000, 0x0000000756000000|  0%| F|  |TAMS 0x0000000755e00000| PB 0x0000000755e00000| Untracked 
| 176|0x0000000756000000, 0x0000000756000000, 0x0000000756200000|  0%| F|  |TAMS 0x0000000756000000| PB 0x0000000756000000| Untracked 
| 177|0x0000000756200000, 0x0000000756400000, 0x0000000756400000|100%| S|CS|TAMS 0x0000000756200000| PB 0x0000000756200000| Complete 
| 178|0x0000000756400000, 0x0000000756600000, 0x0000000756600000|100%| S|CS|TAMS 0x0000000756400000| PB 0x0000000756400000| Complete 
| 179|0x0000000756600000, 0x0000000756800000, 0x0000000756800000|100%| S|CS|TAMS 0x0000000756600000| PB 0x0000000756600000| Complete 
| 180|0x0000000756800000, 0x0000000756800000, 0x0000000756a00000|  0%| F|  |TAMS 0x0000000756800000| PB 0x0000000756800000| Untracked 
| 181|0x0000000756a00000, 0x0000000756a00000, 0x0000000756c00000|  0%| F|  |TAMS 0x0000000756a00000| PB 0x0000000756a00000| Untracked 
| 182|0x0000000756c00000, 0x0000000756c00000, 0x0000000756e00000|  0%| F|  |TAMS 0x0000000756c00000| PB 0x0000000756c00000| Untracked 
| 183|0x0000000756e00000, 0x0000000756e00000, 0x0000000757000000|  0%| F|  |TAMS 0x0000000756e00000| PB 0x0000000756e00000| Untracked 
| 184|0x0000000757000000, 0x0000000757000000, 0x0000000757200000|  0%| F|  |TAMS 0x0000000757000000| PB 0x0000000757000000| Untracked 
| 185|0x0000000757200000, 0x0000000757200000, 0x0000000757400000|  0%| F|  |TAMS 0x0000000757200000| PB 0x0000000757200000| Untracked 
| 186|0x0000000757400000, 0x0000000757400000, 0x0000000757600000|  0%| F|  |TAMS 0x0000000757400000| PB 0x0000000757400000| Untracked 
| 187|0x0000000757600000, 0x0000000757600000, 0x0000000757800000|  0%| F|  |TAMS 0x0000000757600000| PB 0x0000000757600000| Untracked 
| 188|0x0000000757800000, 0x0000000757800000, 0x0000000757a00000|  0%| F|  |TAMS 0x0000000757800000| PB 0x0000000757800000| Untracked 
| 189|0x0000000757a00000, 0x0000000757a00000, 0x0000000757c00000|  0%| F|  |TAMS 0x0000000757a00000| PB 0x0000000757a00000| Untracked 
| 190|0x0000000757c00000, 0x0000000757c00000, 0x0000000757e00000|  0%| F|  |TAMS 0x0000000757c00000| PB 0x0000000757c00000| Untracked 
| 191|0x0000000757e00000, 0x0000000757e00000, 0x0000000758000000|  0%| F|  |TAMS 0x0000000757e00000| PB 0x0000000757e00000| Untracked 
| 192|0x0000000758000000, 0x0000000758000000, 0x0000000758200000|  0%| F|  |TAMS 0x0000000758000000| PB 0x0000000758000000| Untracked 
| 193|0x0000000758200000, 0x0000000758200000, 0x0000000758400000|  0%| F|  |TAMS 0x0000000758200000| PB 0x0000000758200000| Untracked 
| 194|0x0000000758400000, 0x0000000758400000, 0x0000000758600000|  0%| F|  |TAMS 0x0000000758400000| PB 0x0000000758400000| Untracked 
| 195|0x0000000758600000, 0x0000000758600000, 0x0000000758800000|  0%| F|  |TAMS 0x0000000758600000| PB 0x0000000758600000| Untracked 
|1494|0x00000007fac00000, 0x00000007fae00000, 0x00000007fae00000|100%| O|  |TAMS 0x00000007fac00000| PB 0x00000007fac00000| Untracked 
|1495|0x00000007fae00000, 0x00000007fb000000, 0x00000007fb000000|100%| O|  |TAMS 0x00000007fae00000| PB 0x00000007fae00000| Untracked 
|1496|0x00000007fb000000, 0x00000007fb200000, 0x00000007fb200000|100%| O|  |TAMS 0x00000007fb000000| PB 0x00000007fb000000| Untracked 
|1497|0x00000007fb200000, 0x00000007fb400000, 0x00000007fb400000|100%| O|  |TAMS 0x00000007fb200000| PB 0x00000007fb200000| Untracked 
|1498|0x00000007fb400000, 0x00000007fb600000, 0x00000007fb600000|100%| O|  |TAMS 0x00000007fb400000| PB 0x00000007fb400000| Untracked 
|1499|0x00000007fb600000, 0x00000007fb800000, 0x00000007fb800000|100%| O|  |TAMS 0x00000007fb600000| PB 0x00000007fb600000| Untracked 
|1500|0x00000007fb800000, 0x00000007fba00000, 0x00000007fba00000|100%| O|  |TAMS 0x00000007fb800000| PB 0x00000007fb800000| Untracked 
|1501|0x00000007fba00000, 0x00000007fbc00000, 0x00000007fbc00000|100%| O|  |TAMS 0x00000007fba00000| PB 0x00000007fba00000| Untracked 
|1502|0x00000007fbc00000, 0x00000007fbe00000, 0x00000007fbe00000|100%| O|  |TAMS 0x00000007fbc00000| PB 0x00000007fbc00000| Untracked 
|1503|0x00000007fbe00000, 0x00000007fc000000, 0x00000007fc000000|100%| O|  |TAMS 0x00000007fbe00000| PB 0x00000007fbe00000| Untracked 
|1504|0x00000007fc000000, 0x00000007fc200000, 0x00000007fc200000|100%| O|  |TAMS 0x00000007fc000000| PB 0x00000007fc000000| Untracked 
|1505|0x00000007fc200000, 0x00000007fc400000, 0x00000007fc400000|100%| O|  |TAMS 0x00000007fc200000| PB 0x00000007fc200000| Untracked 
|1506|0x00000007fc400000, 0x00000007fc600000, 0x00000007fc600000|100%| O|  |TAMS 0x00000007fc400000| PB 0x00000007fc400000| Untracked 
|1507|0x00000007fc600000, 0x00000007fc800000, 0x00000007fc800000|100%| O|  |TAMS 0x00000007fc600000| PB 0x00000007fc600000| Untracked 
|1508|0x00000007fc800000, 0x00000007fca00000, 0x00000007fca00000|100%| O|  |TAMS 0x00000007fc800000| PB 0x00000007fc800000| Untracked 
|1509|0x00000007fca00000, 0x00000007fcc00000, 0x00000007fcc00000|100%| O|  |TAMS 0x00000007fca00000| PB 0x00000007fca00000| Untracked 
|1510|0x00000007fcc00000, 0x00000007fce00000, 0x00000007fce00000|100%| O|  |TAMS 0x00000007fcc00000| PB 0x00000007fcc00000| Untracked 
|1511|0x00000007fce00000, 0x00000007fd000000, 0x00000007fd000000|100%| O|  |TAMS 0x00000007fce00000| PB 0x00000007fce00000| Untracked 
|1512|0x00000007fd000000, 0x00000007fd200000, 0x00000007fd200000|100%| O|  |TAMS 0x00000007fd000000| PB 0x00000007fd000000| Untracked 
|1513|0x00000007fd200000, 0x00000007fd400000, 0x00000007fd400000|100%| O|  |TAMS 0x00000007fd200000| PB 0x00000007fd200000| Untracked 
|1514|0x00000007fd400000, 0x00000007fd600000, 0x00000007fd600000|100%| O|  |TAMS 0x00000007fd400000| PB 0x00000007fd400000| Untracked 
|1515|0x00000007fd600000, 0x00000007fd800000, 0x00000007fd800000|100%| O|  |TAMS 0x00000007fd600000| PB 0x00000007fd600000| Untracked 
|1516|0x00000007fd800000, 0x00000007fda00000, 0x00000007fda00000|100%| O|  |TAMS 0x00000007fd800000| PB 0x00000007fd800000| Untracked 
|1517|0x00000007fda00000, 0x00000007fdc00000, 0x00000007fdc00000|100%| O|  |TAMS 0x00000007fda00000| PB 0x00000007fda00000| Untracked 
|1518|0x00000007fdc00000, 0x00000007fde00000, 0x00000007fde00000|100%| O|  |TAMS 0x00000007fdc00000| PB 0x00000007fdc00000| Untracked 
|1519|0x00000007fde00000, 0x00000007fe000000, 0x00000007fe000000|100%| O|  |TAMS 0x00000007fde00000| PB 0x00000007fde00000| Untracked 
|1520|0x00000007fe000000, 0x00000007fe200000, 0x00000007fe200000|100%| O|  |TAMS 0x00000007fe000000| PB 0x00000007fe000000| Untracked 
|1521|0x00000007fe200000, 0x00000007fe400000, 0x00000007fe400000|100%| O|  |TAMS 0x00000007fe200000| PB 0x00000007fe200000| Untracked 
|1522|0x00000007fe400000, 0x00000007fe600000, 0x00000007fe600000|100%| O|  |TAMS 0x00000007fe400000| PB 0x00000007fe400000| Untracked 
|1523|0x00000007fe600000, 0x00000007fe800000, 0x00000007fe800000|100%| O|  |TAMS 0x00000007fe600000| PB 0x00000007fe600000| Untracked 
|1524|0x00000007fe800000, 0x00000007fea00000, 0x00000007fea00000|100%| O|  |TAMS 0x00000007fe800000| PB 0x00000007fe800000| Untracked 
|1525|0x00000007fea00000, 0x00000007fec00000, 0x00000007fec00000|100%| O|  |TAMS 0x00000007fea00000| PB 0x00000007fea00000| Untracked 
|1526|0x00000007fec00000, 0x00000007fee00000, 0x00000007fee00000|100%| O|  |TAMS 0x00000007fec00000| PB 0x00000007fec00000| Untracked 
|1527|0x00000007fee00000, 0x00000007ff000000, 0x00000007ff000000|100%| O|  |TAMS 0x00000007fee00000| PB 0x00000007fee00000| Untracked 
|1528|0x00000007ff000000, 0x00000007ff200000, 0x00000007ff200000|100%| O|  |TAMS 0x00000007ff200000| PB 0x00000007ff000000| Untracked 
|1529|0x00000007ff200000, 0x00000007ff400000, 0x00000007ff400000|100%| O|  |TAMS 0x00000007ff400000| PB 0x00000007ff200000| Untracked 
|1530|0x00000007ff400000, 0x00000007ff400000, 0x00000007ff600000|  0%| F|  |TAMS 0x00000007ff400000| PB 0x00000007ff400000| Untracked 
|1531|0x00000007ff600000, 0x00000007ff800000, 0x00000007ff800000|100%| O|  |TAMS 0x00000007ff800000| PB 0x00000007ff600000| Untracked 
|1532|0x00000007ff800000, 0x00000007ffa00000, 0x00000007ffa00000|100%| O|  |TAMS 0x00000007ffa00000| PB 0x00000007ff800000| Untracked 
|1533|0x00000007ffa00000, 0x00000007ffc00000, 0x00000007ffc00000|100%| O|  |TAMS 0x00000007ffc00000| PB 0x00000007ffa00000| Untracked 
|1534|0x00000007ffc00000, 0x00000007ffe00000, 0x00000007ffe00000|100%| O|  |TAMS 0x00000007ffe00000| PB 0x00000007ffc00000| Untracked 
|1535|0x00000007ffe00000, 0x0000000800000000, 0x0000000800000000|100%| O|  |TAMS 0x0000000800000000| PB 0x00000007ffe00000| Untracked 

Card table byte_map: [0x0000012cfcce0000,0x0000012cfd2e0000] _byte_map_base: 0x0000012cf92e0000

Marking Bits: (CMBitMap*) 0x0000012cf7d37db0
 Bits: [0x0000012c8f000000, 0x0000012c92000000)

Polling page: 0x0000012cf5ac0000

Metaspace:

Usage:
  Non-class:    100.02 MB used.
      Class:     16.25 MB used.
       Both:    116.27 MB used.

Virtual space:
  Non-class space:      128.00 MB reserved,     101.25 MB ( 79%) committed,  2 nodes.
      Class space:      416.00 MB reserved,      17.38 MB (  4%) committed,  1 nodes.
             Both:      544.00 MB reserved,     118.62 MB ( 22%) committed. 

Chunk freelists:
   Non-Class:  10.78 MB
       Class:  14.51 MB
        Both:  25.29 MB

MaxMetaspaceSize: 512.00 MB
CompressedClassSpaceSize: 416.00 MB
Initial GC threshold: 21.00 MB
Current GC threshold: 169.06 MB
CDS: on
 - commit_granule_bytes: 65536.
 - commit_granule_words: 8192.
 - virtual_space_node_default_size: 8388608.
 - enlarge_chunks_in_place: 1.
 - use_allocation_guard: 0.


Internal statistics:

num_allocs_failed_limit: 12.
num_arena_births: 4678.
num_arena_deaths: 0.
num_vsnodes_births: 3.
num_vsnodes_deaths: 0.
num_space_committed: 1896.
num_space_uncommitted: 0.
num_chunks_returned_to_freelist: 12.
num_chunks_taken_from_freelist: 10266.
num_chunk_merges: 12.
num_chunk_splits: 6836.
num_chunks_enlarged: 4392.
num_inconsistent_stats: 0.

CodeHeap 'non-profiled nmethods': size=120000Kb used=10876Kb max_used=10876Kb free=109123Kb
 bounds [0x0000012c87ad0000, 0x0000012c88570000, 0x0000012c8f000000]
CodeHeap 'profiled nmethods': size=120000Kb used=26959Kb max_used=26959Kb free=93040Kb
 bounds [0x0000012c80000000, 0x0000012c81a60000, 0x0000012c87530000]
CodeHeap 'non-nmethods': size=5760Kb used=2056Kb max_used=2108Kb free=3703Kb
 bounds [0x0000012c87530000, 0x0000012c877a0000, 0x0000012c87ad0000]
CodeCache: size=245760Kb, used=39891Kb, max_used=39943Kb, free=205866Kb
 total_blobs=14866, nmethods=13952, adapters=818, full_count=0
Compilation: enabled, stopped_count=0, restarted_count=0

Compilation events (20 events):
Event: 20.649 Thread 0x0000012cae16d320 nmethod 16439 0x0000012c88560390 code [0x0000012c885605e0, 0x0000012c885612e8]
Event: 20.649 Thread 0x0000012cae16d320 16496       4       com.google.gson.stream.JsonReader::hasNext (36 bytes)
Event: 20.650 Thread 0x0000012cae16d320 nmethod 16496 0x0000012c88561990 code [0x0000012c88561b20, 0x0000012c88561c20]
Event: 20.650 Thread 0x0000012cae16d320 16499       4       com.google.gson.stream.JsonReader::peek (144 bytes)
Event: 20.650 Thread 0x0000012cae16d320 nmethod 16499 0x0000012c88561d10 code [0x0000012c88561ec0, 0x0000012c88562020]
Event: 20.650 Thread 0x0000012cae16d320 16463       4       com.sun.tools.javac.util.Dependencies$DummyDependencies::pop (1 bytes)
Event: 20.650 Thread 0x0000012cae16d320 nmethod 16463 0x0000012c88562110 code [0x0000012c885622a0, 0x0000012c88562328]
Event: 20.651 Thread 0x0000012cb7426780 nmethod 16456 0x0000012c88562410 code [0x0000012c88562600, 0x0000012c88562ca0]
Event: 20.684 Thread 0x0000012cae170130 16503       3       com.sun.org.apache.xerces.internal.xni.XMLString::append (17 bytes)
Event: 20.685 Thread 0x0000012cae170130 nmethod 16503 0x0000012c81a51890 code [0x0000012c81a51a40, 0x0000012c81a51c28]
Event: 20.685 Thread 0x0000012cae170130 16504       3       com.sun.org.apache.xerces.internal.impl.XMLDocumentScannerImpl::refresh (71 bytes)
Event: 20.686 Thread 0x0000012cae170130 nmethod 16504 0x0000012c81a51d10 code [0x0000012c81a51f20, 0x0000012c81a528b8]
Event: 21.887 Thread 0x0000012cae170130 16505       3       javax.management.ObjectName::isPropertyListPattern (17 bytes)
Event: 21.887 Thread 0x0000012cae170130 nmethod 16505 0x0000012c81a52c10 code [0x0000012c81a52da0, 0x0000012c81a52f08]
Event: 21.894 Thread 0x0000012cb7426e50 nmethod 16401 0x0000012c88563190 code [0x0000012c88563ac0, 0x0000012c8856b040]
Event: 21.896 Thread 0x0000012cb7426e50 16506 %     4       android.databinding.tool.reflection.SdkUtil$ApiChecker::buildFullLookup @ 124 (252 bytes)
Event: 21.896 Thread 0x0000012cae170130 16507       3       org.gradle.internal.serialize.AbstractDecoder::readSmallInt (5 bytes)
Event: 21.897 Thread 0x0000012cae170130 nmethod 16507 0x0000012c81a52f90 code [0x0000012c81a53140, 0x0000012c81a53308]
Event: 21.897 Thread 0x0000012cae170130 16508       3       org.gradle.internal.serialize.InputStreamBackedDecoder::readLong (8 bytes)
Event: 21.897 Thread 0x0000012cae170130 nmethod 16508 0x0000012c81a53390 code [0x0000012c81a535a0, 0x0000012c81a53c28]

GC Heap History (20 events):
Event: 15.565 GC heap after
{Heap after GC invocations=37 (full 0):
 garbage-first heap   total 200704K, used 115039K [0x0000000740000000, 0x0000000800000000)
  region size 2048K, 3 young (6144K), 3 survivors (6144K)
 Metaspace       used 101628K, committed 103872K, reserved 557056K
  class space    used 14662K, committed 15744K, reserved 425984K
}
Event: 15.685 GC heap before
{Heap before GC invocations=38 (full 0):
 garbage-first heap   total 200704K, used 186719K [0x0000000740000000, 0x0000000800000000)
  region size 2048K, 38 young (77824K), 3 survivors (6144K)
 Metaspace       used 101631K, committed 103872K, reserved 557056K
  class space    used 14662K, committed 15744K, reserved 425984K
}
Event: 15.689 GC heap after
{Heap after GC invocations=39 (full 0):
 garbage-first heap   total 200704K, used 115812K [0x0000000740000000, 0x0000000800000000)
  region size 2048K, 3 young (6144K), 3 survivors (6144K)
 Metaspace       used 101631K, committed 103872K, reserved 557056K
  class space    used 14662K, committed 15744K, reserved 425984K
}
Event: 15.759 GC heap before
{Heap before GC invocations=39 (full 0):
 garbage-first heap   total 200704K, used 187492K [0x0000000740000000, 0x0000000800000000)
  region size 2048K, 38 young (77824K), 3 survivors (6144K)
 Metaspace       used 101638K, committed 103872K, reserved 557056K
  class space    used 14662K, committed 15744K, reserved 425984K
}
Event: 15.763 GC heap after
{Heap after GC invocations=40 (full 0):
 garbage-first heap   total 401408K, used 115000K [0x0000000740000000, 0x0000000800000000)
  region size 2048K, 3 young (6144K), 3 survivors (6144K)
 Metaspace       used 101638K, committed 103872K, reserved 557056K
  class space    used 14662K, committed 15744K, reserved 425984K
}
Event: 16.440 GC heap before
{Heap before GC invocations=40 (full 0):
 garbage-first heap   total 401408K, used 348472K [0x0000000740000000, 0x0000000800000000)
  region size 2048K, 117 young (239616K), 3 survivors (6144K)
 Metaspace       used 102140K, committed 104448K, reserved 557056K
  class space    used 14733K, committed 15808K, reserved 425984K
}
Event: 16.445 GC heap after
{Heap after GC invocations=41 (full 0):
 garbage-first heap   total 401408K, used 119659K [0x0000000740000000, 0x0000000800000000)
  region size 2048K, 6 young (12288K), 6 survivors (12288K)
 Metaspace       used 102140K, committed 104448K, reserved 557056K
  class space    used 14733K, committed 15808K, reserved 425984K
}
Event: 16.725 GC heap before
{Heap before GC invocations=41 (full 0):
 garbage-first heap   total 401408K, used 346987K [0x0000000740000000, 0x0000000800000000)
  region size 2048K, 117 young (239616K), 6 survivors (12288K)
 Metaspace       used 102318K, committed 104640K, reserved 557056K
  class space    used 14759K, committed 15872K, reserved 425984K
}
Event: 16.730 GC heap after
{Heap after GC invocations=42 (full 0):
 garbage-first heap   total 401408K, used 121315K [0x0000000740000000, 0x0000000800000000)
  region size 2048K, 6 young (12288K), 6 survivors (12288K)
 Metaspace       used 102318K, committed 104640K, reserved 557056K
  class space    used 14759K, committed 15872K, reserved 425984K
}
Event: 16.950 GC heap before
{Heap before GC invocations=42 (full 0):
 garbage-first heap   total 401408K, used 348643K [0x0000000740000000, 0x0000000800000000)
  region size 2048K, 117 young (239616K), 6 survivors (12288K)
 Metaspace       used 102341K, committed 104640K, reserved 557056K
  class space    used 14759K, committed 15872K, reserved 425984K
}
Event: 16.955 GC heap after
{Heap after GC invocations=43 (full 0):
 garbage-first heap   total 401408K, used 122336K [0x0000000740000000, 0x0000000800000000)
  region size 2048K, 7 young (14336K), 7 survivors (14336K)
 Metaspace       used 102341K, committed 104640K, reserved 557056K
  class space    used 14759K, committed 15872K, reserved 425984K
}
Event: 17.478 GC heap before
{Heap before GC invocations=43 (full 0):
 garbage-first heap   total 401408K, used 347616K [0x0000000740000000, 0x0000000800000000)
  region size 2048K, 117 young (239616K), 7 survivors (14336K)
 Metaspace       used 102612K, committed 104960K, reserved 557056K
  class space    used 14796K, committed 15936K, reserved 425984K
}
Event: 17.485 GC heap after
{Heap after GC invocations=44 (full 0):
 garbage-first heap   total 401408K, used 125413K [0x0000000740000000, 0x0000000800000000)
  region size 2048K, 8 young (16384K), 8 survivors (16384K)
 Metaspace       used 102612K, committed 104960K, reserved 557056K
  class space    used 14796K, committed 15936K, reserved 425984K
}
Event: 17.681 GC heap before
{Heap before GC invocations=44 (full 0):
 garbage-first heap   total 401408K, used 346597K [0x0000000740000000, 0x0000000800000000)
  region size 2048K, 117 young (239616K), 8 survivors (16384K)
 Metaspace       used 102640K, committed 104960K, reserved 557056K
  class space    used 14797K, committed 15936K, reserved 425984K
}
Event: 17.688 GC heap after
{Heap after GC invocations=45 (full 0):
 garbage-first heap   total 401408K, used 125601K [0x0000000740000000, 0x0000000800000000)
  region size 2048K, 8 young (16384K), 8 survivors (16384K)
 Metaspace       used 102640K, committed 104960K, reserved 557056K
  class space    used 14797K, committed 15936K, reserved 425984K
}
Event: 19.755 GC heap before
{Heap before GC invocations=45 (full 0):
 garbage-first heap   total 401408K, used 350881K [0x0000000740000000, 0x0000000800000000)
  region size 2048K, 117 young (239616K), 8 survivors (16384K)
 Metaspace       used 115184K, committed 117504K, reserved 557056K
  class space    used 16219K, committed 17344K, reserved 425984K
}
Event: 19.778 GC heap after
{Heap after GC invocations=46 (full 0):
 garbage-first heap   total 401408K, used 159324K [0x0000000740000000, 0x0000000800000000)
  region size 2048K, 15 young (30720K), 15 survivors (30720K)
 Metaspace       used 115184K, committed 117504K, reserved 557056K
  class space    used 16219K, committed 17344K, reserved 425984K
}
Event: 20.708 GC heap before
{Heap before GC invocations=46 (full 0):
 garbage-first heap   total 401408K, used 355932K [0x0000000740000000, 0x0000000800000000)
  region size 2048K, 111 young (227328K), 15 survivors (30720K)
 Metaspace       used 119064K, committed 121472K, reserved 557056K
  class space    used 16643K, committed 17792K, reserved 425984K
}
Event: 21.886 GC heap after
{Heap after GC invocations=47 (full 0):
 garbage-first heap   total 487424K, used 259955K [0x0000000740000000, 0x0000000800000000)
  region size 2048K, 14 young (28672K), 14 survivors (28672K)
 Metaspace       used 119064K, committed 121472K, reserved 557056K
  class space    used 16643K, committed 17792K, reserved 425984K
}
Event: 21.919 GC heap before
{Heap before GC invocations=47 (full 0):
 garbage-first heap   total 487424K, used 278387K [0x0000000740000000, 0x0000000800000000)
  region size 2048K, 23 young (47104K), 14 survivors (28672K)
 Metaspace       used 119064K, committed 121472K, reserved 557056K
  class space    used 16643K, committed 17792K, reserved 425984K
}

Dll operation events (4 events):
Event: 0.008 Loaded shared library C:\Users\DELL\.gradle\jdks\jetbrains_s_r_o_-21-amd64-windows.2\bin\java.dll
Event: 0.046 Loaded shared library C:\Users\DELL\.gradle\jdks\jetbrains_s_r_o_-21-amd64-windows.2\bin\jsvml.dll
Event: 0.064 Loaded shared library C:\Users\DELL\.gradle\jdks\jetbrains_s_r_o_-21-amd64-windows.2\bin\zip.dll
Event: 0.511 Loaded shared library C:\Users\DELL\.gradle\jdks\jetbrains_s_r_o_-21-amd64-windows.2\bin\verify.dll

Deoptimization events (20 events):
Event: 20.480 Thread 0x0000012cba6f6910 DEOPT PACKING pc=0x0000012c819f948c sp=0x0000001e12ff91b0
Event: 20.480 Thread 0x0000012cba6f6910 DEOPT UNPACKING pc=0x0000012c87584bc2 sp=0x0000001e12ff8650 mode 0
Event: 20.548 Thread 0x0000012cba6f6910 Uncommon trap: trap_request=0xffffffde fr.pc=0x0000012c884afd5c relative=0x00000000000001fc
Event: 20.548 Thread 0x0000012cba6f6910 Uncommon trap: reason=class_check action=maybe_recompile pc=0x0000012c884afd5c method=com.sun.org.apache.xerces.internal.impl.XMLDocumentScannerImpl.next()I @ 4 c2
Event: 20.548 Thread 0x0000012cba6f6910 DEOPT PACKING pc=0x0000012c884afd5c sp=0x0000001e12ff9590
Event: 20.548 Thread 0x0000012cba6f6910 DEOPT UNPACKING pc=0x0000012c87584422 sp=0x0000001e12ff94e8 mode 2
Event: 20.549 Thread 0x0000012cba6f6910 DEOPT PACKING pc=0x0000012c8196a6af sp=0x0000001e12ff9680
Event: 20.549 Thread 0x0000012cba6f6910 DEOPT UNPACKING pc=0x0000012c87584bc2 sp=0x0000001e12ff8ca8 mode 0
Event: 20.579 Thread 0x0000012cba6f6910 Uncommon trap: trap_request=0xffffff45 fr.pc=0x0000012c88519b40 relative=0x0000000000003020
Event: 20.579 Thread 0x0000012cba6f6910 Uncommon trap: reason=unstable_if action=reinterpret pc=0x0000012c88519b40 method=android.databinding.tool.reflection.SdkUtil$ApiChecker.buildFullLookup()V @ 49 c2
Event: 20.579 Thread 0x0000012cba6f6910 DEOPT PACKING pc=0x0000012c88519b40 sp=0x0000001e12ff97d0
Event: 20.579 Thread 0x0000012cba6f6910 DEOPT UNPACKING pc=0x0000012c87584422 sp=0x0000001e12ff97a8 mode 2
Event: 20.618 Thread 0x0000012cba6f6910 Uncommon trap: trap_request=0xffffffde fr.pc=0x0000012c88425cc0 relative=0x0000000000000180
Event: 20.618 Thread 0x0000012cba6f6910 Uncommon trap: reason=class_check action=maybe_recompile pc=0x0000012c88425cc0 method=com.sun.tools.javac.code.Symbol.complete()V @ 24 c2
Event: 20.618 Thread 0x0000012cba6f6910 DEOPT PACKING pc=0x0000012c88425cc0 sp=0x0000001e12ff9da0
Event: 20.618 Thread 0x0000012cba6f6910 DEOPT UNPACKING pc=0x0000012c87584422 sp=0x0000001e12ff9d50 mode 2
Event: 20.647 Thread 0x0000012cba6f6910 Uncommon trap: trap_request=0xffffffde fr.pc=0x0000012c884a1cb8 relative=0x0000000000001ef8
Event: 20.647 Thread 0x0000012cba6f6910 Uncommon trap: reason=class_check action=maybe_recompile pc=0x0000012c884a1cb8 method=com.sun.org.apache.xerces.internal.impl.XMLDocumentFragmentScannerImpl.scanStartElement()Z @ 439 c2
Event: 20.647 Thread 0x0000012cba6f6910 DEOPT PACKING pc=0x0000012c884a1cb8 sp=0x0000001e12ff9410
Event: 20.647 Thread 0x0000012cba6f6910 DEOPT UNPACKING pc=0x0000012c87584422 sp=0x0000001e12ff93d0 mode 2

Classes loaded (20 events):
Event: 20.040 Loading class org/w3c/dom/Text
Event: 20.040 Loading class org/w3c/dom/Text done
Event: 20.040 Loading class com/sun/org/apache/xerces/internal/dom/CharacterDataImpl
Event: 20.040 Loading class com/sun/org/apache/xerces/internal/dom/CharacterDataImpl done
Event: 20.040 Loading class com/sun/org/apache/xerces/internal/dom/TextImpl done
Event: 20.040 Loading class com/sun/org/apache/xerces/internal/dom/DeferredTextImpl done
Event: 20.041 Loading class com/sun/org/apache/xerces/internal/dom/CharacterDataImpl$1
Event: 20.041 Loading class com/sun/org/apache/xerces/internal/dom/CharacterDataImpl$1 done
Event: 20.046 Loading class com/sun/org/apache/xerces/internal/dom/AttributeMap
Event: 20.046 Loading class com/sun/org/apache/xerces/internal/dom/NamedNodeMapImpl
Event: 20.046 Loading class com/sun/org/apache/xerces/internal/dom/NamedNodeMapImpl done
Event: 20.046 Loading class com/sun/org/apache/xerces/internal/dom/AttributeMap done
Event: 20.046 Loading class com/sun/org/apache/xerces/internal/dom/DeferredAttrImpl
Event: 20.047 Loading class com/sun/org/apache/xerces/internal/dom/AttrImpl
Event: 20.047 Loading class com/sun/org/apache/xerces/internal/dom/AttrImpl done
Event: 20.047 Loading class com/sun/org/apache/xerces/internal/dom/DeferredAttrImpl done
Event: 20.342 Loading class java/io/FilterWriter
Event: 20.342 Loading class java/io/FilterWriter done
Event: 20.365 Loading class java/util/Collections$UnmodifiableList$1
Event: 20.366 Loading class java/util/Collections$UnmodifiableList$1 done

Classes unloaded (0 events):
No events

Classes redefined (0 events):
No events

Internal exceptions (20 events):
Event: 19.892 Thread 0x0000012cba6f6910 Implicit null exception at 0x0000012c884858b3 to 0x0000012c88485b94
Event: 20.051 Thread 0x0000012cba6f6910 Implicit null exception at 0x0000012c884c84ee to 0x0000012c884c8624
Event: 20.272 Thread 0x0000012cba6f6910 Implicit null exception at 0x0000012c8840f443 to 0x0000012c8840fea4
Event: 20.285 Thread 0x0000012cba6f6910 Exception <a 'java/lang/NoSuchMethodError'{0x0000000752d457e8}: 'int java.lang.invoke.Invokers$Holder.invokeExact_MT(java.lang.Object, java.lang.Object, java.lang.Object)'> (0x0000000752d457e8) 
thrown [s\src\hotspot\share\interpreter\linkResolver.cpp, line 784]
Event: 20.338 Thread 0x0000012cba6f6910 Exception <a 'java/lang/NoSuchMethodError'{0x0000000752884ac0}: 'int java.lang.invoke.DirectMethodHandle$Holder.invokeStatic(java.lang.Object, java.lang.Object, int, java.lang.Object)'> (0x0000000752884ac0) 
thrown [s\src\hotspot\share\interpreter\linkResolver.cpp, line 784]
Event: 20.341 Thread 0x0000012cba6f6910 Exception <a 'sun/nio/fs/WindowsException'{0x00000007528ab258}> (0x00000007528ab258) 
thrown [s\src\hotspot\share\prims\jni.cpp, line 537]
Event: 20.360 Thread 0x0000012cba6f6910 Implicit null exception at 0x0000012c88410d1d to 0x0000012c88411a1c
Event: 20.361 Thread 0x0000012cba6f6910 Exception <a 'sun/nio/fs/WindowsException'{0x00000007529dcf08}> (0x00000007529dcf08) 
thrown [s\src\hotspot\share\prims\jni.cpp, line 537]
Event: 20.361 Thread 0x0000012cba6f6910 Exception <a 'sun/nio/fs/WindowsException'{0x00000007529e0700}> (0x00000007529e0700) 
thrown [s\src\hotspot\share\prims\jni.cpp, line 537]
Event: 20.367 Thread 0x0000012cba6f6910 Exception <a 'sun/nio/fs/WindowsException'{0x0000000752676108}> (0x0000000752676108) 
thrown [s\src\hotspot\share\prims\jni.cpp, line 537]
Event: 20.369 Thread 0x0000012cba6f6910 Exception <a 'sun/nio/fs/WindowsException'{0x0000000752692448}> (0x0000000752692448) 
thrown [s\src\hotspot\share\prims\jni.cpp, line 537]
Event: 20.389 Thread 0x0000012cba6f6910 Exception <a 'sun/nio/fs/WindowsException'{0x00000007524221a8}> (0x00000007524221a8) 
thrown [s\src\hotspot\share\prims\jni.cpp, line 537]
Event: 20.392 Thread 0x0000012cba6f6910 Exception <a 'sun/nio/fs/WindowsException'{0x000000075244cc10}> (0x000000075244cc10) 
thrown [s\src\hotspot\share\prims\jni.cpp, line 537]
Event: 20.400 Thread 0x0000012cba6f6910 Implicit null exception at 0x0000012c883970ee to 0x0000012c88399644
Event: 20.422 Thread 0x0000012cba6f6910 Exception <a 'sun/nio/fs/WindowsException'{0x00000007524bba60}> (0x00000007524bba60) 
thrown [s\src\hotspot\share\prims\jni.cpp, line 537]
Event: 20.454 Thread 0x0000012cba6f6910 Implicit null exception at 0x0000012c8848b00d to 0x0000012c8848ccb8
Event: 20.617 Thread 0x0000012cba6f6910 Exception <a 'sun/nio/fs/WindowsException'{0x000000074e05b718}> (0x000000074e05b718) 
thrown [s\src\hotspot\share\prims\jni.cpp, line 537]
Event: 21.895 Thread 0x0000012cb4b347d0 Exception <a 'sun/nio/fs/WindowsException'{0x00000007575a92d0}> (0x00000007575a92d0) 
thrown [s\src\hotspot\share\prims\jni.cpp, line 537]
Event: 21.902 Thread 0x0000012cb4b347d0 Exception <a 'sun/nio/fs/WindowsException'{0x00000007571d98e8}> (0x00000007571d98e8) 
thrown [s\src\hotspot\share\prims\jni.cpp, line 537]
Event: 21.902 Thread 0x0000012cb4b347d0 Exception <a 'sun/nio/fs/WindowsException'{0x00000007571db328}> (0x00000007571db328) 
thrown [s\src\hotspot\share\prims\jni.cpp, line 537]

ZGC Phase Switch (0 events):
No events

VM Operations (20 events):
Event: 19.315 Executing non-safepoint VM operation: HandshakeAllThreads (Deoptimize) done
Event: 19.388 Executing safepoint VM operation: ICBufferFull
Event: 19.388 Executing safepoint VM operation: ICBufferFull done
Event: 19.468 Executing non-safepoint VM operation: HandshakeAllThreads (Deoptimize)
Event: 19.468 Executing non-safepoint VM operation: HandshakeAllThreads (Deoptimize) done
Event: 19.755 Executing safepoint VM operation: G1CollectForAllocation (G1 Evacuation Pause)
Event: 19.778 Executing safepoint VM operation: G1CollectForAllocation (G1 Evacuation Pause) done
Event: 19.835 Executing non-safepoint VM operation: HandshakeAllThreads (Deoptimize)
Event: 19.835 Executing non-safepoint VM operation: HandshakeAllThreads (Deoptimize) done
Event: 20.036 Executing non-safepoint VM operation: HandshakeAllThreads (Deoptimize)
Event: 20.037 Executing non-safepoint VM operation: HandshakeAllThreads (Deoptimize) done
Event: 20.039 Executing non-safepoint VM operation: HandshakeAllThreads (Deoptimize)
Event: 20.039 Executing non-safepoint VM operation: HandshakeAllThreads (Deoptimize) done
Event: 20.312 Executing non-safepoint VM operation: HandshakeAllThreads (Deoptimize)
Event: 20.312 Executing non-safepoint VM operation: HandshakeAllThreads (Deoptimize) done
Event: 20.431 Executing safepoint VM operation: ICBufferFull
Event: 20.431 Executing safepoint VM operation: ICBufferFull done
Event: 20.708 Executing safepoint VM operation: G1CollectForAllocation (G1 Evacuation Pause)
Event: 21.886 Executing safepoint VM operation: G1CollectForAllocation (G1 Evacuation Pause) done
Event: 21.919 Executing safepoint VM operation: G1CollectForAllocation (G1 Evacuation Pause)

Memory protections (0 events):
No events

Nmethod flushes (20 events):
Event: 15.624 Thread 0x0000012cffe56db0 flushing  nmethod 0x0000012c80513010
Event: 15.624 Thread 0x0000012cffe56db0 flushing  nmethod 0x0000012c80513690
Event: 15.624 Thread 0x0000012cffe56db0 flushing  nmethod 0x0000012c805ebf10
Event: 15.624 Thread 0x0000012cffe56db0 flushing  nmethod 0x0000012c80696690
Event: 15.624 Thread 0x0000012cffe56db0 flushing  nmethod 0x0000012c806ee010
Event: 15.624 Thread 0x0000012cffe56db0 flushing  nmethod 0x0000012c80777a90
Event: 15.624 Thread 0x0000012cffe56db0 flushing  nmethod 0x0000012c807dd590
Event: 15.624 Thread 0x0000012cffe56db0 flushing  nmethod 0x0000012c807e6390
Event: 15.624 Thread 0x0000012cffe56db0 flushing  nmethod 0x0000012c80850a90
Event: 15.624 Thread 0x0000012cffe56db0 flushing  nmethod 0x0000012c8089f690
Event: 15.624 Thread 0x0000012cffe56db0 flushing  nmethod 0x0000012c808a0310
Event: 15.624 Thread 0x0000012cffe56db0 flushing  nmethod 0x0000012c80a39610
Event: 15.624 Thread 0x0000012cffe56db0 flushing  nmethod 0x0000012c80a45410
Event: 15.624 Thread 0x0000012cffe56db0 flushing  nmethod 0x0000012c80a47290
Event: 15.624 Thread 0x0000012cffe56db0 flushing  nmethod 0x0000012c80ab8190
Event: 15.624 Thread 0x0000012cffe56db0 flushing  nmethod 0x0000012c80abea90
Event: 15.624 Thread 0x0000012cffe56db0 flushing  nmethod 0x0000012c80f38590
Event: 15.624 Thread 0x0000012cffe56db0 flushing  nmethod 0x0000012c8127ae90
Event: 15.624 Thread 0x0000012cffe56db0 flushing  nmethod 0x0000012c8127ba90
Event: 15.624 Thread 0x0000012cffe56db0 flushing  nmethod 0x0000012c8134ac90

Events (20 events):
Event: 17.354 Thread 0x0000012cba6f6910 Thread added: 0x0000012cb971b1c0
Event: 17.354 Thread 0x0000012cba6f6910 Thread added: 0x0000012cb971ecd0
Event: 17.354 Thread 0x0000012cba6f6910 Thread added: 0x0000012cb971cc00
Event: 17.821 Thread 0x0000012cba6f6910 Thread added: 0x0000012cb971b850
Event: 17.857 Thread 0x0000012cb4bcc8f0 Thread added: 0x0000012cb7428990
Event: 17.870 Thread 0x0000012cba6f6910 Thread added: 0x0000012cb971d920
Event: 17.870 Thread 0x0000012cba6f6910 Thread added: 0x0000012cb971f360
Event: 17.870 Thread 0x0000012cba6f6910 Thread added: 0x0000012cb971bee0
Event: 17.870 Thread 0x0000012cba6f6910 Thread added: 0x0000012cb971f9f0
Event: 17.870 Thread 0x0000012cba6f6910 Thread added: 0x0000012cb971d290
Event: 17.870 Thread 0x0000012cba6f6910 Thread added: 0x0000012cb971c570
Event: 17.870 Thread 0x0000012cba6f6910 Thread added: 0x0000012cb9720080
Event: 17.870 Thread 0x0000012cba6f6910 Thread added: 0x0000012cb9720710
Event: 17.871 Thread 0x0000012cba6f6910 Thread added: 0x0000012cb9720da0
Event: 17.871 Thread 0x0000012cba6f6910 Thread added: 0x0000012cb9721430
Event: 17.871 Thread 0x0000012cba6f6910 Thread added: 0x0000012cb971dfb0
Event: 18.496 Thread 0x0000012cb7428990 Thread exited: 0x0000012cb7428990
Event: 18.539 Thread 0x0000012cb4bcc8f0 Thread exited: 0x0000012cb4bcc8f0
Event: 18.775 Thread 0x0000012cae170130 Thread added: 0x0000012cb7426780
Event: 18.820 Thread 0x0000012cae170130 Thread added: 0x0000012cb7426e50


Dynamic libraries:
0x00007ff6c6730000 - 0x00007ff6c673a000 	C:\Users\DELL\.gradle\jdks\jetbrains_s_r_o_-21-amd64-windows.2\bin\java.exe
0x00007ffeb1740000 - 0x00007ffeb19a7000 	C:\WINDOWS\SYSTEM32\ntdll.dll
0x00007ffeb0700000 - 0x00007ffeb07c9000 	C:\WINDOWS\System32\KERNEL32.DLL
0x00007ffeaf010000 - 0x00007ffeaf404000 	C:\WINDOWS\System32\KERNELBASE.dll
0x00007ffeae010000 - 0x00007ffeae15b000 	C:\WINDOWS\System32\ucrtbase.dll
0x00007ffe9b930000 - 0x00007ffe9b948000 	C:\Users\DELL\.gradle\jdks\jetbrains_s_r_o_-21-amd64-windows.2\bin\jli.dll
0x00007ffeb0890000 - 0x00007ffeb0a55000 	C:\WINDOWS\System32\USER32.dll
0x00007ffe9b910000 - 0x00007ffe9b92e000 	C:\Users\DELL\.gradle\jdks\jetbrains_s_r_o_-21-amd64-windows.2\bin\VCRUNTIME140.dll
0x00007ffeae320000 - 0x00007ffeae347000 	C:\WINDOWS\System32\win32u.dll
0x00007ffeb0a60000 - 0x00007ffeb0a8b000 	C:\WINDOWS\System32\GDI32.dll
0x00007ffe952b0000 - 0x00007ffe95543000 	C:\WINDOWS\WinSxS\amd64_microsoft.windows.common-controls_6595b64144ccf1df_6.0.26100.8115_none_3e075c82e3354f9c\COMCTL32.dll
0x00007ffeae1f0000 - 0x00007ffeae31b000 	C:\WINDOWS\System32\gdi32full.dll
0x00007ffeafd30000 - 0x00007ffeafdd9000 	C:\WINDOWS\System32\msvcrt.dll
0x00007ffeae580000 - 0x00007ffeae623000 	C:\WINDOWS\System32\msvcp_win.dll
0x00007ffeb0a90000 - 0x00007ffeb0ac2000 	C:\WINDOWS\System32\IMM32.DLL
0x00007ffea63d0000 - 0x00007ffea63dc000 	C:\Users\DELL\.gradle\jdks\jetbrains_s_r_o_-21-amd64-windows.2\bin\vcruntime140_1.dll
0x00007ffe777e0000 - 0x00007ffe77869000 	C:\Users\DELL\.gradle\jdks\jetbrains_s_r_o_-21-amd64-windows.2\bin\msvcp140.dll
0x00007ffe39b00000 - 0x00007ffe3a8cc000 	C:\Users\DELL\.gradle\jdks\jetbrains_s_r_o_-21-amd64-windows.2\bin\server\jvm.dll
0x00007ffeafde0000 - 0x00007ffeafe96000 	C:\WINDOWS\System32\ADVAPI32.dll
0x00007ffeb07d0000 - 0x00007ffeb0877000 	C:\WINDOWS\System32\sechost.dll
0x00007ffeb1580000 - 0x00007ffeb1698000 	C:\WINDOWS\System32\RPCRT4.dll
0x00007ffeb1460000 - 0x00007ffeb14e0000 	C:\WINDOWS\System32\WS2_32.dll
0x00007ffeaac30000 - 0x00007ffeaac66000 	C:\WINDOWS\SYSTEM32\WINMM.dll
0x00007ffea2700000 - 0x00007ffea270b000 	C:\WINDOWS\SYSTEM32\VERSION.dll
0x00007ffeade90000 - 0x00007ffeadeee000 	C:\WINDOWS\SYSTEM32\POWRPROF.dll
0x00007ffeade50000 - 0x00007ffeade64000 	C:\WINDOWS\SYSTEM32\UMPDC.dll
0x00007ffeacda0000 - 0x00007ffeacdbb000 	C:\WINDOWS\SYSTEM32\kernel.appcore.dll
0x00007ffea26d0000 - 0x00007ffea26da000 	C:\Users\DELL\.gradle\jdks\jetbrains_s_r_o_-21-amd64-windows.2\bin\jimage.dll
0x00007ffeabbc0000 - 0x00007ffeabe02000 	C:\WINDOWS\SYSTEM32\DBGHELP.DLL
0x00007ffeb1010000 - 0x00007ffeb1392000 	C:\WINDOWS\System32\combase.dll
0x00007ffeafea0000 - 0x00007ffeaff78000 	C:\WINDOWS\System32\OLEAUT32.dll
0x00007ffe92a40000 - 0x00007ffe92a7b000 	C:\WINDOWS\SYSTEM32\dbgcore.DLL
0x00007ffeae4d0000 - 0x00007ffeae575000 	C:\WINDOWS\System32\bcryptPrimitives.dll
0x00007ffe9b900000 - 0x00007ffe9b910000 	C:\Users\DELL\.gradle\jdks\jetbrains_s_r_o_-21-amd64-windows.2\bin\instrument.dll
0x00007ffe9b8d0000 - 0x00007ffe9b8f1000 	C:\Users\DELL\.gradle\jdks\jetbrains_s_r_o_-21-amd64-windows.2\bin\java.dll
0x00007ffeaff90000 - 0x00007ffeb06f7000 	C:\WINDOWS\System32\SHELL32.dll
0x00007ffeaeea0000 - 0x00007ffeaf00a000 	C:\WINDOWS\System32\wintypes.dll
0x00007ffeae630000 - 0x00007ffeaee98000 	C:\WINDOWS\System32\windows.storage.dll
0x00007ffeb0f10000 - 0x00007ffeb1008000 	C:\WINDOWS\System32\SHCORE.dll
0x00007ffeb0e50000 - 0x00007ffeb0eb6000 	C:\WINDOWS\System32\shlwapi.dll
0x00007ffeadf30000 - 0x00007ffeadf59000 	C:\WINDOWS\SYSTEM32\profapi.dll
0x00007ffe69090000 - 0x00007ffe69167000 	C:\Users\DELL\.gradle\jdks\jetbrains_s_r_o_-21-amd64-windows.2\bin\jsvml.dll
0x00007ffe9b880000 - 0x00007ffe9b898000 	C:\Users\DELL\.gradle\jdks\jetbrains_s_r_o_-21-amd64-windows.2\bin\zip.dll
0x00007ffe9b7d0000 - 0x00007ffe9b7e1000 	C:\Users\DELL\.gradle\jdks\jetbrains_s_r_o_-21-amd64-windows.2\bin\net.dll
0x00007ffea4750000 - 0x00007ffea487d000 	C:\WINDOWS\SYSTEM32\WINHTTP.dll
0x00007ffead310000 - 0x00007ffead37c000 	C:\WINDOWS\system32\mswsock.dll
0x00007ffe9b600000 - 0x00007ffe9b616000 	C:\Users\DELL\.gradle\jdks\jetbrains_s_r_o_-21-amd64-windows.2\bin\nio.dll
0x00007ffe9b8c0000 - 0x00007ffe9b8d0000 	C:\Users\DELL\.gradle\jdks\jetbrains_s_r_o_-21-amd64-windows.2\bin\verify.dll
0x00007ffe6d4a0000 - 0x00007ffe6d4c7000 	C:\Users\DELL\.gradle\native\660c5614fbf4a5f2a75b1949f50a0caf5cd603558e7d8a26e50b933a0cfb79d1\windows-amd64\native-platform.dll
0x00007ffe3c170000 - 0x00007ffe3c1e7000 	C:\Users\DELL\.gradle\native\0.2.8\x86_64-windows-gnu\gradle-fileevents.dll
0x00007ffe9b5f0000 - 0x00007ffe9b5fa000 	C:\Users\DELL\.gradle\jdks\jetbrains_s_r_o_-21-amd64-windows.2\bin\management.dll
0x00007ffe97700000 - 0x00007ffe9770c000 	C:\Users\DELL\.gradle\jdks\jetbrains_s_r_o_-21-amd64-windows.2\bin\management_ext.dll
0x00007ffeb16c0000 - 0x00007ffeb16c8000 	C:\WINDOWS\System32\PSAPI.DLL
0x00007ffeac7a0000 - 0x00007ffeac7d2000 	C:\WINDOWS\SYSTEM32\IPHLPAPI.DLL
0x00007ffeafac0000 - 0x00007ffeafaca000 	C:\WINDOWS\System32\NSI.dll
0x00007ffe97420000 - 0x00007ffe97429000 	C:\Users\DELL\.gradle\jdks\jetbrains_s_r_o_-21-amd64-windows.2\bin\extnet.dll
0x00007ffead5f0000 - 0x00007ffead60b000 	C:\WINDOWS\SYSTEM32\CRYPTSP.dll
0x00007ffeacd00000 - 0x00007ffeacd39000 	C:\WINDOWS\system32\rsaenh.dll
0x00007ffead3c0000 - 0x00007ffead3f3000 	C:\WINDOWS\SYSTEM32\USERENV.dll
0x00007ffeadf00000 - 0x00007ffeadf2a000 	C:\WINDOWS\SYSTEM32\bcrypt.dll
0x00007ffead610000 - 0x00007ffead61c000 	C:\WINDOWS\SYSTEM32\CRYPTBASE.dll
0x00007ffe97410000 - 0x00007ffe9741e000 	C:\Users\DELL\.gradle\jdks\jetbrains_s_r_o_-21-amd64-windows.2\bin\sunmscapi.dll
0x00007ffeae350000 - 0x00007ffeae4c7000 	C:\WINDOWS\System32\CRYPT32.dll
0x00007ffead810000 - 0x00007ffead840000 	C:\WINDOWS\SYSTEM32\ncrypt.dll
0x00007ffead7c0000 - 0x00007ffead7ff000 	C:\WINDOWS\SYSTEM32\NTASN1.dll
0x00007ffe8d750000 - 0x00007ffe8d758000 	C:\WINDOWS\system32\wshunix.dll

JVMTI agents:
C:\Users\DELL\.gradle\wrapper\dists\gradle-9.3.1-bin\23ovyewtku6u96viwx3xl3oks\gradle-9.3.1\lib\agents\gradle-instrumentation-agent-9.3.1.jar path:C:\Users\DELL\.gradle\jdks\jetbrains_s_r_o_-21-amd64-windows.2\bin\instrument.dll, loaded, initialized, instrumentlib options:none

dbghelp: loaded successfully - version: 4.0.5 - missing functions: none
symbol engine: initialized successfully - sym options: 0x614 - pdb path: .;C:\Users\DELL\.gradle\jdks\jetbrains_s_r_o_-21-amd64-windows.2\bin;C:\WINDOWS\SYSTEM32;C:\WINDOWS\WinSxS\amd64_microsoft.windows.common-controls_6595b64144ccf1df_6.0.26100.8115_none_3e075c82e3354f9c;C:\Users\DELL\.gradle\jdks\jetbrains_s_r_o_-21-amd64-windows.2\bin\server;C:\Users\DELL\.gradle\native\660c5614fbf4a5f2a75b1949f50a0caf5cd603558e7d8a26e50b933a0cfb79d1\windows-amd64;C:\Users\DELL\.gradle\native\0.2.8\x86_64-windows-gnu

VM Arguments:
jvm_args: --add-opens=java.base/java.lang=ALL-UNNAMED --add-opens=java.base/java.lang.invoke=ALL-UNNAMED --add-opens=java.base/java.util=ALL-UNNAMED --add-opens=java.prefs/java.util.prefs=ALL-UNNAMED --add-exports=jdk.compiler/com.sun.tools.javac.api=ALL-UNNAMED --add-exports=jdk.compiler/com.sun.tools.javac.util=ALL-UNNAMED --add-opens=java.base/java.util=ALL-UNNAMED --add-opens=java.prefs/java.util.prefs=ALL-UNNAMED --add-opens=java.base/java.nio.charset=ALL-UNNAMED --add-opens=java.base/java.net=ALL-UNNAMED --add-opens=java.base/java.util.concurrent=ALL-UNNAMED --add-opens=java.base/java.util.concurrent.atomic=ALL-UNNAMED --add-opens=java.xml/javax.xml.namespace=ALL-UNNAMED --add-opens=java.base/java.time=ALL-UNNAMED -XX:MaxMetaspaceSize=512m -XX:+UseG1GC -XX:+HeapDumpOnOutOfMemoryError -Xmx3072m -Dfile.encoding=UTF-8 -Duser.country=US -Duser.language=en -Duser.variant -javaagent:C:\Users\DELL\.gradle\wrapper\dists\gradle-9.3.1-bin\23ovyewtku6u96viwx3xl3oks\gradle-9.3.1\lib\agents\gradle-instrumentation-agent-9.3.1.jar 
java_command: org.gradle.launcher.daemon.bootstrap.GradleDaemon 9.3.1
java_class_path (initial): C:\Users\DELL\.gradle\wrapper\dists\gradle-9.3.1-bin\23ovyewtku6u96viwx3xl3oks\gradle-9.3.1\lib\gradle-daemon-main-9.3.1.jar
Launcher Type: SUN_STANDARD

[Global flags]
     intx CICompilerCount                          = 4                                         {product} {ergonomic}
   size_t CompressedClassSpaceSize                 = 436207616                                 {product} {ergonomic}
     uint ConcGCThreads                            = 3                                         {product} {ergonomic}
     uint G1ConcRefinementThreads                  = 10                                        {product} {ergonomic}
   size_t G1HeapRegionSize                         = 2097152                                   {product} {ergonomic}
    uintx GCDrainStackTargetSize                   = 64                                        {product} {ergonomic}
     bool HeapDumpOnOutOfMemoryError               = true                                   {manageable} {command line}
   size_t InitialHeapSize                          = 264241152                                 {product} {ergonomic}
   size_t MarkStackSize                            = 4194304                                   {product} {ergonomic}
   size_t MaxHeapSize                              = 3221225472                                {product} {command line}
   size_t MaxMetaspaceSize                         = 536870912                                 {product} {command line}
   size_t MaxNewSize                               = 1931476992                                {product} {ergonomic}
   size_t MinHeapDeltaBytes                        = 2097152                                   {product} {ergonomic}
   size_t MinHeapSize                              = 8388608                                   {product} {ergonomic}
    uintx NonNMethodCodeHeapSize                   = 5839372                                {pd product} {ergonomic}
    uintx NonProfiledCodeHeapSize                  = 122909434                              {pd product} {ergonomic}
    uintx ProfiledCodeHeapSize                     = 122909434                              {pd product} {ergonomic}
    uintx ReservedCodeCacheSize                    = 251658240                              {pd product} {ergonomic}
     bool SegmentedCodeCache                       = true                                      {product} {ergonomic}
   size_t SoftMaxHeapSize                          = 3221225472                             {manageable} {ergonomic}
     bool UseCompressedOops                        = true                           {product lp64_product} {ergonomic}
     bool UseG1GC                                  = true                                      {product} {command line}
     bool UseLargePagesIndividualAllocation        = false                                  {pd product} {ergonomic}

Logging:
Log output configuration:
 #0: stdout all=warning uptime,level,tags foldmultilines=false
 #1: stderr all=off uptime,level,tags foldmultilines=false

Release file:
JAVA_VERSION="21.0.10" 
MODULES="java.base java.datatransfer java.xml java.prefs java.desktop gluegen.rt java.compiler java.instrument java.logging java.management java.security.sasl java.naming java.rmi java.management.rmi java.net.http java.scripting java.security.jgss java.transaction.xa java.sql java.sql.rowset java.xml.crypto java.se java.smartcardio jogl.all jcef jdk.accessibility jdk.internal.jvmstat jdk.attach jdk.charsets jdk.internal.opt jdk.zipfs jdk.compiler jdk.crypto.ec jdk.crypto.cryptoki jdk.crypto.mscapi jdk.dynalink jdk.internal.ed jdk.editpad jdk.hotspot.agent jdk.httpserver jdk.incubator.vector jdk.internal.le jdk.internal.vm.ci jdk.internal.vm.compiler jdk.internal.vm.compiler.management jdk.jartool jdk.javadoc jdk.jcmd jdk.management jdk.management.agent jdk.jconsole jdk.jdeps jdk.jdwp.agent jdk.jdi jdk.jfr jdk.jlink jdk.jpackage jdk.jshell jdk.jsobject jdk.jstatd jdk.localedata jdk.management.jfr jdk.naming.dns jdk.naming.rmi jdk.net jdk.nio.mapmode jdk.random jdk.sctp jdk.security.auth jdk.security.jgss jdk.unsupported jdk.unsupported.desktop jdk.xml.dom" 
IMPLEMENTOR="JetBrains s.r.o." 
IMPLEMENTOR_VERSION="JBRSDK-21.0.10+1-1163.110-jcef" 
JAVA_RUNTIME_VERSION="21.0.10+1-b1163.110" 
LIBC="default" 
OS_ARCH="x86_64" 
OS_NAME="Windows" 
SOURCE=".:git:c22232424a0f+ jcef_git:git:4a605f44671a" 
JCEF_VERSION="137.0.17.1107+ge397b56" 
JCEF_COMMIT_HASH="e397b569415d3c67b114495985454e5201955573" 

Environment Variables:
JAVA_HOME=C:\Program Files\Microsoft\jdk-21.0.11.10-hotspot\
PATH=C:\Program Files\Microsoft\jdk-21.0.11.10-hotspot\bin;C:\Program Files (x86)\Common Files\Oracle\Java\java8path;C:\Program Files (x86)\Common Files\Oracle\Java\javapath;C:\Program Files\Microsoft MPI\Bin\;C:\WINDOWS\system32;C:\WINDOWS;C:\WINDOWS\System32\Wbem;C:\WINDOWS\System32\WindowsPowerShell\v1.0\;C:\WINDOWS\System32\OpenSSH\;C:\Program Files\dotnet\;C:\msys64\ucrt64\bin;C:\Program Files (x86)\Windows Kits\10\Windows Performance Toolkit\;C:\Program Files (x86)\Microsoft SQL Server\160\Tools\Binn\;C:\Program Files\Microsoft SQL Server\160\Tools\Binn\;C:\Program Files\Microsoft SQL Server\Client SDK\ODBC\170\Tools\Binn\;C:\Program Files\Microsoft SQL Server\160\DTS\Binn\;C:\Program Files (x86)\Microsoft SQL Server\160\DTS\Binn\;C:\Program Files\Microsoft SQL Server\170\DTS\Binn\;C:\Program Files\Git\cmd;C:\WINDOWS\system32\config\systemprofile\AppData\Local\Muse Hub\lib;C:\Program Files\PuTTY\;C:\Program Files\nodejs\;C:\Program Files\Void\bin;C:\Program Files\Docker\Docker\resources\bin;C:\Program Files\MySQL\MySQL Shell 8.0\bin\;C:\Users\DELL\AppData\Local\Programs\Python\Python310\Scripts\;C:\Users\DELL\AppData\Local\Programs\Python\Python310\;C:\Users\DELL\AppData\Local\Microsoft\WindowsApps;C:\Users\DELL\.dotnet\tools;C:\Users\DELL\AppData\Local\Programs\Microsoft VS Code\bin;C:\Users\DELL\AppData\Local\Pandoc\;C:\Users\DELL\AppData\Roaming\npm;C:\Program Files\MySQL\MySQL Server 8.0\bin;C:\Users\DELL\AppData\Local\Programs\cursor\resources\app\bin;C:\Users\DELL\AppData\Local\Programs\Antigravity\bin;C:\Users\DELL\AppData\Local\Microsoft\WindowsApps;C:\Program Files\Microsoft\jdk-21.0.11.10-hotspot\\bin;
USERNAME=DELL
OS=Windows_NT
PROCESSOR_IDENTIFIER=Intel64 Family 6 Model 154 Stepping 4, GenuineIntel
TMP=C:\Users\DELL\AppData\Local\Temp
TEMP=C:\Users\DELL\AppData\Local\Temp




Periodic native trim disabled

JNI global refs:
JNI global refs: 28, weak refs: 0

JNI global refs memory usage: 835, weak refs: 833

Process memory usage:
Resident Set Size: 886088K (5% of 16454388K total physical memory with 1023376K free physical memory)

OOME stack traces (most recent first):
Classloader memory used:
Loader org.gradle.internal.classloader.VisitableURLClassLoader                         : 43981K
Loader org.gradle.internal.classloader.VisitableURLClassLoader$InstrumentingVisitableURLClassLoader: 32534K
Loader bootstrap                                                                       : 14775K
Loader org.gradle.initialization.MixInLegacyTypesClassLoader                           : 12097K
Loader jdk.internal.loader.ClassLoaders$AppClassLoader                                 : 8054K
Loader java.net.URLClassLoader                                                         : 6133K
Loader jdk.internal.loader.ClassLoaders$PlatformClassLoader                            : 775K
Loader jdk.internal.jrtfs.JrtFileSystemProvider$JrtFsLoader                            : 295K
Loader jdk.internal.reflect.DelegatingClassLoader                                      : 210K
Loader org.gradle.groovy.scripts.internal.DefaultScriptCompilationHandler$ScriptClassLoader: 152K
Loader org.gradle.internal.classloader.VisitableURLClassLoader                         : 55760B

Classes loaded by more than one classloader:
Class com.google.common.collect.RegularImmutableMap$KeySet                            : loaded 3 times (x 152B)
Class com.google.common.collect.ImmutableList$SubList                                 : loaded 3 times (x 209B)
Class org.apache.commons.io.output.ThresholdingOutputStream                           : loaded 3 times (x 95B)
Class com.google.common.collect.ImmutableList                                         : loaded 3 times (x 206B)
Class com.google.common.collect.Maps$KeySet                                           : loaded 3 times (x 137B)
Class org.apache.commons.io.output.AppendableWriter                                   : loaded 3 times (x 100B)
Class com.google.common.collect.Maps$BiMapConverter                                   : loaded 3 times (x 90B)
Class com.google.common.collect.ImmutableMapEntrySet$RegularEntrySet                  : loaded 3 times (x 152B)
Class com.google.common.base.Joiner$2                                                 : loaded 3 times (x 79B)
Class com.google.common.base.Joiner$1                                                 : loaded 3 times (x 80B)
Class com.google.common.collect.PeekingIterator                                       : loaded 3 times (x 70B)
Class com.google.common.base.Preconditions                                            : loaded 3 times (x 71B)
Class com.google.common.collect.Hashing                                               : loaded 3 times (x 71B)
Class com.google.common.collect.RegularImmutableBiMap                                 : loaded 3 times (x 149B)
Class com.google.common.collect.RegularImmutableMap$BucketOverflowException           : loaded 3 times (x 82B)
Class com.google.common.collect.SortedMapDifference                                   : loaded 3 times (x 70B)
Class org.apache.commons.io.StandardLineSeparator                                     : loaded 3 times (x 79B)
Class com.google.common.collect.CollectPreconditions                                  : loaded 3 times (x 71B)
Class com.google.common.collect.ImmutableEntry                                        : loaded 3 times (x 82B)
Class [Lcom.google.common.collect.AbstractMapEntry;                                   : loaded 3 times (x 69B)
Class com.google.common.collect.ImmutableList$1                                       : loaded 3 times (x 97B)
Class com.google.common.collect.ImmutableMap                                          : loaded 3 times (x 120B)
Class com.google.common.collect.ImmutableEnumSet                                      : loaded 3 times (x 146B)
Class com.google.common.base.Predicate                                                : loaded 3 times (x 70B)
Class com.google.common.collect.Sets                                                  : loaded 3 times (x 71B)
Class com.google.common.collect.ImmutableSet                                          : loaded 3 times (x 145B)
Class com.google.common.collect.RegularImmutableMap$Values                            : loaded 3 times (x 207B)
Class com.google.common.collect.Sets$SetView                                          : loaded 3 times (x 138B)
Class com.google.common.collect.Maps$8                                                : loaded 3 times (x 82B)
Class com.google.common.collect.RegularImmutableMap                                   : loaded 3 times (x 121B)
Class com.google.common.collect.ImmutableMap$MapViewOfValuesAsSingletonSets           : loaded 3 times (x 126B)
Class [Lcom.google.common.collect.ImmutableEntry;                                     : loaded 3 times (x 69B)
Class com.google.common.collect.Maps                                                  : loaded 3 times (x 71B)
Class org.apache.commons.io.output.AbstractByteArrayOutputStream                      : loaded 3 times (x 102B)
Class com.google.common.collect.RegularImmutableList                                  : loaded 3 times (x 213B)
Class com.google.common.base.Function                                                 : loaded 3 times (x 70B)
Class com.google.common.collect.UnmodifiableListIterator                              : loaded 3 times (x 95B)
Class com.google.common.collect.ImmutableMapEntry$NonTerminalImmutableMapEntry        : loaded 3 times (x 85B)
Class com.google.common.collect.ImmutableMapEntry                                     : loaded 3 times (x 85B)
Class org.apache.commons.io.CloseableURLConnection                                    : loaded 3 times (x 116B)
Class com.google.common.collect.Iterators$MergingIterator                             : loaded 3 times (x 81B)
Class com.google.common.collect.ImmutableAsList                                       : loaded 3 times (x 209B)
Class com.google.common.collect.Iterators$9                                           : loaded 3 times (x 81B)
Class com.google.common.base.Converter                                                : loaded 3 times (x 90B)
Class com.google.common.collect.Lists                                                 : loaded 3 times (x 71B)
Class com.google.common.collect.ImmutableSet$CachingAsList                            : loaded 3 times (x 148B)
Class com.google.common.collect.ImmutableCollection                                   : loaded 3 times (x 125B)
Class org.apache.commons.io.output.NullWriter                                         : loaded 3 times (x 99B)
Class com.google.common.collect.Iterators$5                                           : loaded 3 times (x 82B)
Class com.google.common.collect.ImmutableBiMap                                        : loaded 3 times (x 143B)
Class com.google.common.collect.Iterators$4                                           : loaded 3 times (x 82B)
Class com.google.common.collect.ImmutableMap$IteratorBasedImmutableMap                : loaded 3 times (x 126B)
Class com.google.common.collect.Iterators$1                                           : loaded 3 times (x 81B)
Class com.google.common.collect.ImmutableList$ReverseImmutableList                    : loaded 3 times (x 209B)
Class com.google.common.collect.SingletonImmutableList                                : loaded 3 times (x 207B)
Class org.apache.commons.io.IOUtils                                                   : loaded 3 times (x 71B)
Class com.google.common.collect.Multimap                                              : loaded 3 times (x 70B)
Class com.google.common.primitives.IntsMethodsForWeb                                  : loaded 3 times (x 71B)
Class com.google.common.collect.ImmutableMap$Builder                                  : loaded 3 times (x 82B)
Class [Lcom.google.common.collect.ImmutableMapEntry;                                  : loaded 3 times (x 69B)
Class org.apache.commons.io.output.NullOutputStream                                   : loaded 3 times (x 85B)
Class com.google.common.collect.ImmutableMapEntrySet                                  : loaded 3 times (x 152B)
Class com.google.common.collect.AbstractIndexedListIterator                           : loaded 3 times (x 96B)
Class com.google.common.collect.Multiset                                              : loaded 3 times (x 70B)
Class com.google.common.collect.ListMultimap                                          : loaded 3 times (x 70B)
Class [Lorg.apache.commons.io.StandardLineSeparator;                                  : loaded 3 times (x 69B)
Class org.apache.commons.io.output.StringBuilderWriter                                : loaded 3 times (x 100B)
Class com.google.common.primitives.Ints                                               : loaded 3 times (x 71B)
Class com.google.common.collect.ImmutableEnumMap                                      : loaded 3 times (x 126B)
Class com.google.common.collect.AbstractIterator                                      : loaded 3 times (x 82B)
Class com.google.common.collect.BiMap                                                 : loaded 3 times (x 70B)
Class com.google.common.collect.ImmutableMap$1                                        : loaded 3 times (x 81B)
Class com.google.common.collect.IndexedImmutableSet                                   : loaded 3 times (x 152B)
Class com.google.common.collect.Sets$1                                                : loaded 3 times (x 139B)
Class com.google.common.collect.Lists$StringAsImmutableList                           : loaded 3 times (x 207B)
Class com.google.common.collect.Iterators                                             : loaded 3 times (x 71B)
Class com.google.common.collect.RegularImmutableAsList                                : loaded 3 times (x 217B)
Class com.google.common.collect.ImmutableList$Builder                                 : loaded 3 times (x 77B)
Class com.google.common.collect.AbstractMultimap                                      : loaded 3 times (x 123B)
Class com.google.common.collect.Sets$ImprovedAbstractSet                              : loaded 3 times (x 135B)
Class com.google.common.collect.AbstractMapEntry                                      : loaded 3 times (x 81B)
Class com.google.common.collect.SingletonImmutableBiMap                               : loaded 3 times (x 143B)
Class com.google.common.collect.Iterators$SingletonIterator                           : loaded 3 times (x 81B)
Class com.google.common.collect.UnmodifiableIterator                                  : loaded 3 times (x 80B)
Class com.google.common.collect.Sets$2                                                : loaded 3 times (x 139B)
Class com.google.common.collect.Platform                                              : loaded 3 times (x 71B)
Class org.apache.commons.io.output.ByteArrayOutputStream                              : loaded 3 times (x 102B)
Class com.google.common.base.Joiner                                                   : loaded 3 times (x 79B)
Class org.apache.commons.io.output.UnsynchronizedByteArrayOutputStream                : loaded 3 times (x 102B)
Class com.google.common.collect.ImmutableCollection$Builder                           : loaded 3 times (x 76B)
Class com.google.common.collect.Iterators$ArrayItr                                    : loaded 3 times (x 97B)
Class com.google.common.collect.MapDifference                                         : loaded 3 times (x 70B)
Class com.google.common.collect.Sets$3                                                : loaded 3 times (x 139B)
Class org.apache.commons.io.output.QueueOutputStream                                  : loaded 3 times (x 87B)
Class com.google.common.collect.Sets$4                                                : loaded 3 times (x 139B)
Class com.google.common.cache.LocalCache$LocalLoadingCache                            : loaded 2 times (x 134B)
Class org.gradle.internal.service.UnknownServiceException                             : loaded 2 times (x 83B)
Class [Lorg.objectweb.asm.AnnotationVisitor;                                          : loaded 2 times (x 69B)
Class kotlin.jvm.functions.Function21                                                 : loaded 2 times (x 70B)
Class kotlin.reflect.jvm.internal.impl.name.ClassId                                   : loaded 2 times (x 72B)
Class android.databinding.tool.writer.JavaFileWriter                                  : loaded 2 times (x 74B)
Class org.objectweb.asm.ModuleVisitor                                                 : loaded 2 times (x 81B)
Class com.google.common.cache.LocalCache$Strength$1                                   : loaded 2 times (x 81B)
Class com.google.common.collect.Collections2$FilteredCollection                       : loaded 2 times (x 119B)
Class kotlin.jvm.functions.Function20                                                 : loaded 2 times (x 70B)
Class kotlin.jvm.functions.Function22                                                 : loaded 2 times (x 70B)
Class com.google.common.util.concurrent.SettableFuture                                : loaded 2 times (x 114B)
Class com.google.common.cache.LocalCache$Strength$2                                   : loaded 2 times (x 81B)
Class com.google.common.collect.TransformedIterator                                   : loaded 2 times (x 80B)
Class com.google.gson.internal.LinkedTreeMap$Node                                     : loaded 2 times (x 79B)
Class kotlin.collections.ArraysKt___ArraysJvmKt                                       : loaded 2 times (x 71B)
Class kotlin.reflect.KTypeParameter                                                   : loaded 2 times (x 70B)
Class kotlin.text.StringsKt__RegexExtensionsJVMKt                                     : loaded 2 times (x 71B)
Class kotlin.collections.CollectionsKt__CollectionsKt                                 : loaded 2 times (x 71B)
Class com.google.common.cache.LocalCache$Strength$3                                   : loaded 2 times (x 81B)
Class com.google.gson.LongSerializationPolicy                                         : loaded 2 times (x 80B)
Class android.databinding.tool.util.L$Client                                          : loaded 2 times (x 70B)
Class kotlin._Assertions                                                              : loaded 2 times (x 71B)
Class kotlin.text.Regex$Companion                                                     : loaded 2 times (x 71B)
Class org.objectweb.asm.FieldWriter                                                   : loaded 2 times (x 78B)
Class com.google.common.cache.CacheBuilder$NullListener                               : loaded 2 times (x 82B)
Class org.gradle.internal.classpath.TransformedClassPath                              : loaded 2 times (x 96B)
Class org.gradle.internal.classloader.InstrumentingClassLoader                        : loaded 2 times (x 70B)
Class jdk.internal.jrtfs.SystemImage$1                                                : loaded 2 times (x 78B)
Class kotlin.collections.CollectionsKt___CollectionsKt$asSequence$$inlined$Sequence$1 : loaded 2 times (x 75B)
Class com.google.common.collect.ImmutableListMultimap                                 : loaded 2 times (x 176B)
Class jdk.internal.jrtfs.SystemImage                                                  : loaded 2 times (x 74B)
Class org.gradle.api.internal.ClassPathProvider                                       : loaded 2 times (x 70B)
Class android.databinding.tool.util.L                                                 : loaded 2 times (x 71B)
Class kotlin.reflect.jvm.internal.impl.name.StandardClassIds                          : loaded 2 times (x 71B)
Class kotlin.enums.EnumEntriesList                                                    : loaded 2 times (x 223B)
Class kotlin.jvm.internal.FunctionReference                                           : loaded 2 times (x 122B)
Class kotlin.jvm.internal.FunctionBase                                                : loaded 2 times (x 70B)
Class com.google.common.cache.CacheLoader$FunctionToCacheLoader                       : loaded 2 times (x 75B)
Class jdk.internal.jrtfs.SystemImage$2                                                : loaded 2 times (x 76B)
Class [Lorg.gradle.api.internal.ClassPathProvider;                                    : loaded 2 times (x 69B)
Class com.google.common.collect.EmptyImmutableListMultimap                            : loaded 2 times (x 176B)
Class com.google.common.collect.BaseImmutableMultimap                                 : loaded 2 times (x 123B)
Class kotlin.text.StringsKt__StringNumberConversionsJVMKt                             : loaded 2 times (x 71B)
Class com.google.gson.internal.bind.DefaultDateTypeAdapter                            : loaded 2 times (x 74B)
Class com.google.gson.GsonBuilder                                                     : loaded 2 times (x 72B)
Class kotlin.reflect.jvm.internal.impl.name.FqNamesUtilKt                             : loaded 2 times (x 71B)
Class kotlin.reflect.jvm.internal.impl.name.StandardClassIdsKt                        : loaded 2 times (x 71B)
Class kotlin.comparisons.ComparisonsKt___ComparisonsJvmKt                             : loaded 2 times (x 71B)
Class kotlin.collections.CollectionsKt__IteratorsJVMKt                                : loaded 2 times (x 71B)
Class com.google.common.base.MoreObjects                                              : loaded 2 times (x 71B)
Class kotlin.reflect.jvm.internal.impl.builtins.jvm.JavaToKotlinClassMap$PlatformMutabilityMapping: loaded 2 times (x 72B)
Class com.google.gson.internal.Primitives                                             : loaded 2 times (x 71B)
Class com.google.gson.stream.JsonWriter                                               : loaded 2 times (x 98B)
Class kotlin.sequences.Sequence                                                       : loaded 2 times (x 70B)
Class kotlin.reflect.KProperty0                                                       : loaded 2 times (x 70B)
Class [Lorg.objectweb.asm.Type;                                                       : loaded 2 times (x 69B)
Class org.gradle.internal.service.ServiceLocator                                      : loaded 2 times (x 70B)
Class jdk.internal.jrtfs.JrtFileSystemProvider                                        : loaded 2 times (x 101B)
Class com.google.gson.FieldNamingStrategy                                             : loaded 2 times (x 70B)
Class com.google.gson.JsonArray                                                       : loaded 2 times (x 100B)
Class org.apache.commons.io.FilenameUtils                                             : loaded 2 times (x 71B)
Class org.apache.commons.io.FileExistsException                                       : loaded 2 times (x 82B)
Class com.google.gson.internal.bind.TypeAdapterRuntimeTypeWrapper                     : loaded 2 times (x 74B)
Class kotlin.sequences.TransformingSequence$iterator$1                                : loaded 2 times (x 79B)
Class android.databinding.tool.CompilerArguments$Type                                 : loaded 2 times (x 79B)
Class kotlin.Pair                                                                     : loaded 2 times (x 72B)
Class kotlin.reflect.KProperty1                                                       : loaded 2 times (x 70B)
Class kotlin.reflect.KClass                                                           : loaded 2 times (x 70B)
Class com.google.common.collect.HashBiMap$BiEntry                                     : loaded 2 times (x 83B)
Class com.google.common.base.Ascii                                                    : loaded 2 times (x 71B)
Class com.google.common.cache.LocalCache$1                                            : loaded 2 times (x 89B)
Class settings_cqu13lbp78xniu3qlwonyc3q3                                              : loaded 2 times (x 171B)
Class org.apache.commons.io.function.IOSupplier                                       : loaded 2 times (x 70B)
Class com.google.common.collect.Maps$ViewCachingAbstractMap                           : loaded 2 times (x 125B)
Class org.gradle.api.internal.DefaultClassPathProvider                                : loaded 2 times (x 76B)
Class org.objectweb.asm.AnnotationVisitor                                             : loaded 2 times (x 78B)
Class kotlin.io.CloseableKt                                                           : loaded 2 times (x 71B)
Class kotlin.reflect.KProperty2                                                       : loaded 2 times (x 70B)
Class kotlin.collections.CollectionsKt__MutableCollectionsKt                          : loaded 2 times (x 71B)
Class com.google.common.cache.LocalCache$2                                            : loaded 2 times (x 142B)
Class [Lkotlin.reflect.KCallable;                                                     : loaded 2 times (x 69B)
Class kotlin.io.FilesKt__FilePathComponentsKt                                         : loaded 2 times (x 71B)
Class com.google.gson.internal.bind.MapTypeAdapterFactory$Adapter                     : loaded 2 times (x 74B)
Class com.google.gson.internal.sql.SqlTimeTypeAdapter$1                               : loaded 2 times (x 75B)
Class kotlin.reflect.jvm.internal.impl.utils.CollectionsKt                            : loaded 2 times (x 71B)
Class kotlin.reflect.KCallable                                                        : loaded 2 times (x 70B)
Class kotlin.reflect.KProperty$Accessor                                               : loaded 2 times (x 70B)
Class kotlin.text.CharsKt                                                             : loaded 2 times (x 71B)
Class com.google.common.util.concurrent.AbstractFuture$Trusted                        : loaded 2 times (x 70B)
Class jdk.internal.jrtfs.JrtDirectoryStream$1                                         : loaded 2 times (x 83B)
Class jdk.internal.jimage.ImageLocation                                               : loaded 2 times (x 90B)
Class kotlin.reflect.jvm.internal.KCallableImpl                                       : loaded 2 times (x 105B)
Class com.google.gson.internal.bind.DefaultDateTypeAdapter$DateType                   : loaded 2 times (x 73B)
Class android.databinding.tool.CompilerArguments                                      : loaded 2 times (x 72B)
Class com.google.common.util.concurrent.UncheckedExecutionException                   : loaded 2 times (x 82B)
Class com.google.gson.internal.bind.ReflectiveTypeAdapterFactory$1                    : loaded 2 times (x 74B)
Class jdk.internal.jimage.ImageBufferCache$1                                          : loaded 2 times (x 83B)
Class kotlin.collections.EmptyList                                                    : loaded 2 times (x 174B)
Class com.google.gson.internal.bind.ReflectiveTypeAdapterFactory$2                    : loaded 2 times (x 79B)
Class kotlin.reflect.jvm.internal.ReflectionFactoryImpl                               : loaded 2 times (x 91B)
Class kotlin.collections.MapsKt__MapsJVMKt                                            : loaded 2 times (x 71B)
Class com.google.common.collect.AbstractMapBasedMultimap$KeySet$1                     : loaded 2 times (x 82B)
Class org.objectweb.asm.ClassWriter                                                   : loaded 2 times (x 106B)
Class com.google.common.base.CharMatcher$And                                          : loaded 2 times (x 112B)
Class com.google.common.cache.CacheLoader$UnsupportedLoadingOperationException        : loaded 2 times (x 82B)
Class org.gradle.internal.classloader.ClasspathUtil$1                                 : loaded 2 times (x 76B)
Class jdk.internal.jimage.ImageBufferCache$2                                          : loaded 2 times (x 91B)
Class com.google.gson.FieldNamingPolicy                                               : loaded 2 times (x 83B)
Class com.google.gson.FormattingStyle                                                 : loaded 2 times (x 78B)
Class com.google.gson.ToNumberStrategy                                                : loaded 2 times (x 70B)
Class com.google.gson.TypeAdapter                                                     : loaded 2 times (x 73B)
Class com.google.gson.internal.bind.TypeAdapters                                      : loaded 2 times (x 71B)
Class kotlin.reflect.jvm.internal.impl.builtins.StandardNames$FqNames                 : loaded 2 times (x 71B)
Class com.google.common.base.Objects                                                  : loaded 2 times (x 71B)
Class org.objectweb.asm.FieldVisitor                                                  : loaded 2 times (x 77B)
Class org.gradle.api.internal.classpath.DefaultModuleRegistry$DefaultModule           : loaded 2 times (x 86B)
Class kotlin.text.StringsKt__AppendableKt                                             : loaded 2 times (x 71B)
Class com.google.gson.internal.bind.TypeAdapters$34                                   : loaded 2 times (x 76B)
Class org.gradle.api.internal.classpath.EffectiveClassPath                            : loaded 2 times (x 90B)
Class kotlin.reflect.jvm.internal.KProperty1Impl                                      : loaded 2 times (x 128B)
Class kotlin.collections.ArraysKt__ArraysKt                                           : loaded 2 times (x 71B)
Class com.google.common.collect.ObjectArrays                                          : loaded 2 times (x 71B)
Class com.google.common.math.MathPreconditions                                        : loaded 2 times (x 71B)
Class com.google.common.collect.ArrayListMultimapGwtSerializationDependencies         : loaded 2 times (x 172B)
Class com.google.gson.internal.bind.TypeAdapters$33                                   : loaded 2 times (x 76B)
Class com.google.gson.internal.bind.ObjectTypeAdapter                                 : loaded 2 times (x 74B)
Class com.google.gson.internal.ObjectConstructor                                      : loaded 2 times (x 70B)
Class android.databinding.tool.util.LoggedErrorException                              : loaded 2 times (x 82B)
Class kotlin.collections.SetsKt__SetsJVMKt                                            : loaded 2 times (x 71B)
Class kotlin.reflect.jvm.internal.impl.builtins.jvm.JavaToKotlinClassMap              : loaded 2 times (x 71B)
Class kotlin.reflect.jvm.internal.KotlinReflectionInternalError                       : loaded 2 times (x 82B)
Class kotlin.Function                                                                 : loaded 2 times (x 70B)
Class org.gradle.api.internal.classpath.Module                                        : loaded 2 times (x 70B)
Class kotlin.internal.ProgressionUtilKt                                               : loaded 2 times (x 71B)
Class kotlin.reflect.jvm.internal.KClassifierImpl                                     : loaded 2 times (x 70B)
Class kotlin.reflect.KMutableProperty                                                 : loaded 2 times (x 70B)
Class com.google.common.cache.Weigher                                                 : loaded 2 times (x 70B)
Class org.gradle.api.internal.classpath.UnknownModuleException                        : loaded 2 times (x 82B)
Class jdk.internal.jimage.ImageHeader                                                 : loaded 2 times (x 71B)
Class com.google.gson.internal.LinkedTreeMap                                          : loaded 2 times (x 123B)
Class com.google.gson.stream.JsonReader$1                                             : loaded 2 times (x 72B)
Class kotlin.jvm.internal.PropertyReference                                           : loaded 2 times (x 115B)
Class com.google.common.base.Stopwatch                                                : loaded 2 times (x 72B)
Class com.google.common.cache.LocalCache$Strength                                     : loaded 2 times (x 81B)
Class com.google.common.cache.Cache                                                   : loaded 2 times (x 70B)
Class com.google.gson.internal.LinkedTreeMap$1                                        : loaded 2 times (x 91B)
Class com.google.common.collect.Maps$FilteredEntryMap                                 : loaded 2 times (x 128B)
Class org.apache.commons.io.filefilter.IOFileFilter                                   : loaded 2 times (x 70B)
Class com.google.common.util.concurrent.AbstractFuture$Cancellation                   : loaded 2 times (x 72B)
Class [Lcom.google.gson.ToNumberPolicy;                                               : loaded 2 times (x 69B)
Class com.google.gson.ToNumberPolicy                                                  : loaded 2 times (x 83B)
Class [Lkotlin.reflect.jvm.internal.impl.builtins.PrimitiveType;                      : loaded 2 times (x 69B)
Class kotlin.reflect.jvm.internal.impl.builtins.StandardNames                         : loaded 2 times (x 71B)
Class kotlin.reflect.jvm.internal.ReflectProperties$LazySoftVal                       : loaded 2 times (x 78B)
Class [Lkotlin.reflect.KAnnotatedElement;                                             : loaded 2 times (x 69B)
Class com.google.common.cache.RemovalListener                                         : loaded 2 times (x 70B)
Class org.gradle.api.internal.DefaultClassPathRegistry                                : loaded 2 times (x 76B)
Class com.google.common.collect.Maps$FilteredEntryMap$EntrySet$1                      : loaded 2 times (x 82B)
Class org.apache.commons.io.file.DeleteOption                                         : loaded 2 times (x 70B)
Class org.gradle.internal.classloader.ClassLoaderVisitor                              : loaded 2 times (x 76B)
Class com.google.common.collect.ImmutableMultimap$Keys                                : loaded 2 times (x 166B)
Class kotlin.collections.AbstractList$Companion                                       : loaded 2 times (x 71B)
Class kotlin.ranges.ClosedRange                                                       : loaded 2 times (x 70B)
Class kotlin.jvm.JvmClassMappingKt                                                    : loaded 2 times (x 71B)
Class kotlin.reflect.jvm.internal.KPropertyImpl                                       : loaded 2 times (x 115B)
Class kotlin.reflect.KProperty                                                        : loaded 2 times (x 70B)
Class kotlin.jvm.internal.Reflection                                                  : loaded 2 times (x 71B)
Class org.gradle.api.internal.ClassPathRegistry                                       : loaded 2 times (x 70B)
Class org.gradle.internal.classpath.DefaultClassPath$ImmutableUniqueList              : loaded 2 times (x 199B)
Class kotlin.sequences.SequencesKt___SequencesKt                                      : loaded 2 times (x 71B)
Class com.google.gson.internal.ConstructorConstructor$9                               : loaded 2 times (x 76B)
Class android.databinding.tool.util.Preconditions                                     : loaded 2 times (x 71B)
Class kotlin.reflect.jvm.internal.impl.resolve.jvm.JvmPrimitiveType                   : loaded 2 times (x 79B)
Class kotlin.text.StringsKt__StringsJVMKt                                             : loaded 2 times (x 71B)
Class com.google.common.base.ExtraObjectsMethodsForWeb                                : loaded 2 times (x 71B)
Class com.google.gson.internal.bind.TypeAdapters$32                                   : loaded 2 times (x 76B)
Class com.google.gson.internal.bind.ArrayTypeAdapter$1                                : loaded 2 times (x 75B)
Class com.google.gson.internal.bind.JsonTreeWriter                                    : loaded 2 times (x 98B)
Class kotlin.collections.SetsKt                                                       : loaded 2 times (x 71B)
Class kotlin.text.StringsKt__IndentKt                                                 : loaded 2 times (x 71B)
Class com.google.common.cache.CacheBuilder                                            : loaded 2 times (x 72B)
Class org.gradle.internal.classpath.ClassPath                                         : loaded 2 times (x 70B)
Class org.apache.commons.io.file.PathUtils                                            : loaded 2 times (x 71B)
Class [Lkotlin.reflect.jvm.internal.impl.name.FqName;                                 : loaded 2 times (x 69B)
Class kotlin.reflect.KFunction                                                        : loaded 2 times (x 70B)
Class com.google.common.base.JdkPattern                                               : loaded 2 times (x 75B)
Class com.google.gson.internal.JsonReaderInternalAccess                               : loaded 2 times (x 72B)
Class [Lkotlin.reflect.KDeclarationContainer;                                         : loaded 2 times (x 69B)
Class kotlin.collections.MapsKt__MapsKt                                               : loaded 2 times (x 71B)
Class kotlin.jvm.internal.Lambda                                                      : loaded 2 times (x 75B)
Class org.objectweb.asm.SymbolTable$Entry                                             : loaded 2 times (x 74B)
Class jdk.internal.jimage.ImageStringsReader                                          : loaded 2 times (x 80B)
Class [Lcom.google.common.collect.AbstractIterator$State;                             : loaded 2 times (x 69B)
Class com.google.gson.internal.bind.ReflectiveTypeAdapterFactory                      : loaded 2 times (x 75B)
Class com.google.gson.internal.sql.SqlTimestampTypeAdapter                            : loaded 2 times (x 76B)
Class org.objectweb.asm.Edge                                                          : loaded 2 times (x 72B)
Class com.google.common.base.Suppliers$SupplierOfInstance                             : loaded 2 times (x 79B)
Class kotlin.Metadata                                                                 : loaded 2 times (x 70B)
Class com.google.gson.internal.sql.SqlDateTypeAdapter$1                               : loaded 2 times (x 75B)
Class org.gradle.internal.classloader.DefaultClassLoaderFactory                       : loaded 2 times (x 82B)
Class kotlin.UninitializedPropertyAccessException                                     : loaded 2 times (x 82B)
Class com.google.common.cache.LocalCache$ComputingValueReference                      : loaded 2 times (x 96B)
Class com.google.common.collect.SingletonImmutableSet                                 : loaded 2 times (x 146B)
Class jdk.internal.jimage.ImageReader                                                 : loaded 2 times (x 75B)
Class com.google.gson.internal.ConstructorConstructor$18                              : loaded 2 times (x 75B)
Class kotlin.reflect.KProperty$Getter                                                 : loaded 2 times (x 70B)
Class build_vum9lm4dgnnr9clfhb7twf98                                                  : loaded 2 times (x 172B)
Class com.google.common.cache.LocalCache$Segment                                      : loaded 2 times (x 154B)
Class jdk.internal.jimage.ImageReader$SharedImageReader                               : loaded 2 times (x 95B)
Class com.google.common.base.Suppliers                                                : loaded 2 times (x 71B)
Class com.google.gson.internal.LinkedTreeMap$LinkedTreeMapIterator                    : loaded 2 times (x 80B)
Class [Lcom.google.common.cache.CacheBuilder$OneWeigher;                              : loaded 2 times (x 69B)
Class com.google.gson.internal.ConstructorConstructor$19                              : loaded 2 times (x 76B)
Class com.google.gson.internal.bind.ReflectiveTypeAdapterFactory$Adapter              : loaded 2 times (x 77B)
Class com.google.gson.internal.bind.TypeAdapters$10                                   : loaded 2 times (x 75B)
Class kotlin.SafePublicationLazyImpl                                                  : loaded 2 times (x 76B)
Class kotlin.reflect.jvm.internal.ReflectProperties                                   : loaded 2 times (x 71B)
Class com.google.common.collect.AbstractListMultimap                                  : loaded 2 times (x 172B)
Class [Lorg.objectweb.asm.SymbolTable$Entry;                                          : loaded 2 times (x 69B)
Class com.google.common.cache.CacheLoader                                             : loaded 2 times (x 74B)
Class org.gradle.api.internal.classpath.ModuleRegistry                                : loaded 2 times (x 70B)
Class org.gradle.internal.installation.GradleInstallation$1                           : loaded 2 times (x 75B)
Class org.objectweb.asm.MethodTooLargeException                                       : loaded 2 times (x 83B)
Class com.google.common.base.Platform$JdkPatternCompiler                              : loaded 2 times (x 75B)
Class com.google.gson.internal.bind.TypeAdapters$11                                   : loaded 2 times (x 75B)
Class [Lcom.google.gson.FieldNamingPolicy;                                            : loaded 2 times (x 69B)
Class com.google.common.collect.ImmutableSet$JdkBackedSetBuilderImpl                  : loaded 2 times (x 76B)
Class com.google.common.util.concurrent.internal.InternalFutureFailureAccess          : loaded 2 times (x 72B)
Class com.google.common.collect.ImmutableMultimap$Values                              : loaded 2 times (x 126B)
Class com.google.gson.internal.bind.TypeAdapters$12                                   : loaded 2 times (x 75B)
Class [Lcom.google.gson.ToNumberStrategy;                                             : loaded 2 times (x 69B)
Class kotlin.reflect.jvm.internal.KDeclarationContainerImpl                           : loaded 2 times (x 84B)
Class com.google.common.base.CharMatcher$ForPredicate                                 : loaded 2 times (x 112B)
Class com.google.common.cache.LocalCache$LocalManualCache$1                           : loaded 2 times (x 75B)
Class jdk.internal.jimage.ImageReader$Node                                            : loaded 2 times (x 84B)
Class kotlin.io.FilesKt__UtilsKt                                                      : loaded 2 times (x 71B)
Class com.google.gson.internal.bind.TypeAdapters$13                                   : loaded 2 times (x 75B)
Class [Lkotlin.reflect.KClass;                                                        : loaded 2 times (x 69B)
Class kotlin.collections.CollectionsKt__CollectionsJVMKt                              : loaded 2 times (x 71B)
Class com.google.common.base.CharMatcher$AnyOf                                        : loaded 2 times (x 112B)
Class org.gradle.api.internal.classpath.DefaultModuleRegistry                         : loaded 2 times (x 86B)
Class jdk.internal.jimage.BasicImageReader$1                                          : loaded 2 times (x 77B)
Class kotlin.reflect.jvm.internal.impl.name.FqName                                    : loaded 2 times (x 72B)
Class com.google.gson.JsonSyntaxException                                             : loaded 2 times (x 82B)
Class com.google.gson.internal.bind.NumberTypeAdapter$1                               : loaded 2 times (x 76B)
Class com.google.gson.internal.bind.TypeAdapters$1                                    : loaded 2 times (x 75B)
Class com.google.gson.internal.bind.TypeAdapters$14                                   : loaded 2 times (x 75B)
Class kotlin.sequences.SequencesKt                                                    : loaded 2 times (x 71B)
Class com.google.gson.internal.bind.TypeAdapters$31                                   : loaded 2 times (x 76B)
Class kotlin.reflect.jvm.internal.impl.name.SpecialNames                              : loaded 2 times (x 71B)
Class kotlin.collections.CollectionsKt__IteratorsKt                                   : loaded 2 times (x 71B)
Class com.google.common.util.concurrent.ListenableFuture                              : loaded 2 times (x 70B)
Class com.google.common.cache.ReferenceEntry                                          : loaded 2 times (x 70B)
Class com.google.gson.internal.bind.JsonAdapterAnnotationTypeAdapterFactory$DummyTypeAdapterFactory: loaded 2 times (x 75B)
Class org.objectweb.asm.ClassVisitor                                                  : loaded 2 times (x 88B)
Class com.google.gson.internal.bind.TypeAdapters$2                                    : loaded 2 times (x 75B)
Class com.google.gson.internal.bind.TypeAdapters$15                                   : loaded 2 times (x 75B)
Class com.google.gson.internal.sql.SqlTypesSupport$1                                  : loaded 2 times (x 74B)
Class com.google.gson.Strictness                                                      : loaded 2 times (x 79B)
Class kotlin.text.StringsKt                                                           : loaded 2 times (x 71B)
Class com.google.common.collect.AbstractMapBasedMultimap                              : loaded 2 times (x 139B)
Class com.google.common.util.concurrent.AbstractFuture                                : loaded 2 times (x 106B)
Class com.google.common.base.FunctionalEquivalence                                    : loaded 2 times (x 83B)
Class com.google.common.collect.ImmutableMultiset                                     : loaded 2 times (x 163B)
Class com.google.gson.internal.bind.TypeAdapters$16                                   : loaded 2 times (x 75B)
Class com.google.gson.internal.bind.TypeAdapters$3                                    : loaded 2 times (x 75B)
Class com.google.gson.internal.sql.SqlTypesSupport$2                                  : loaded 2 times (x 74B)
Class kotlin.LazyKt__LazyJVMKt                                                        : loaded 2 times (x 71B)
Class org.objectweb.asm.RecordComponentVisitor                                        : loaded 2 times (x 77B)
Class com.google.common.cache.CacheLoader$SupplierToCacheLoader                       : loaded 2 times (x 75B)
Class jdk.internal.jimage.decompressor.Decompressor                                   : loaded 2 times (x 72B)
Class jdk.internal.jimage.ImageReader$Resource                                        : loaded 2 times (x 84B)
Class kotlin.io.FilesKt__FileReadWriteKt                                              : loaded 2 times (x 71B)
Class [Lorg.objectweb.asm.Symbol;                                                     : loaded 2 times (x 69B)
Class com.google.gson.internal.bind.TypeAdapters$4                                    : loaded 2 times (x 75B)
Class [Lkotlin.Pair;                                                                  : loaded 2 times (x 69B)
Class com.google.common.collect.Maps$EntryTransformer                                 : loaded 2 times (x 70B)
Class kotlin.text.StringsKt__StringNumberConversionsKt                                : loaded 2 times (x 71B)
Class org.gradle.internal.service.ServiceLookupException                              : loaded 2 times (x 82B)
Class jdk.internal.jrtfs.JrtFileAttributes                                            : loaded 2 times (x 83B)
Class com.google.gson.annotations.JsonAdapter                                         : loaded 2 times (x 70B)
Class com.google.gson.internal.bind.SerializationDelegatingTypeAdapter                : loaded 2 times (x 74B)
Class com.google.gson.internal.bind.TypeAdapters$18                                   : loaded 2 times (x 75B)
Class com.google.gson.internal.bind.TypeAdapters$5                                    : loaded 2 times (x 75B)
Class com.google.common.collect.Lists$ReverseList                                     : loaded 2 times (x 200B)
Class [Lcom.google.common.cache.LocalCache$EntryFactory;                              : loaded 2 times (x 69B)
Class org.gradle.internal.classloader.ClassLoaderFactory                              : loaded 2 times (x 70B)
Class kotlin.sequences.TransformingSequence                                           : loaded 2 times (x 75B)
Class com.google.gson.internal.bind.ReflectiveTypeAdapterFactory$FieldReflectionAdapter: loaded 2 times (x 77B)
Class com.google.gson.internal.bind.TypeAdapters$19                                   : loaded 2 times (x 75B)
Class com.google.gson.internal.bind.TypeAdapters$6                                    : loaded 2 times (x 75B)
Class kotlin.reflect.jvm.internal.impl.builtins.PrimitiveType                         : loaded 2 times (x 79B)
Class com.google.common.base.CommonPattern                                            : loaded 2 times (x 74B)
Class com.google.common.base.CharMatcher$IsNot                                        : loaded 2 times (x 111B)
Class com.google.common.cache.LocalCache$LocalManualCache                             : loaded 2 times (x 99B)
Class org.gradle.internal.service.CachingServiceLocator                               : loaded 2 times (x 82B)
Class com.google.gson.internal.$Gson$Preconditions                                    : loaded 2 times (x 71B)
Class com.google.gson.annotations.SerializedName                                      : loaded 2 times (x 70B)
Class com.google.gson.internal.bind.TypeAdapters$7                                    : loaded 2 times (x 75B)
Class kotlin.jvm.internal.CallableReference                                           : loaded 2 times (x 106B)
Class com.google.common.collect.AbstractMapBasedMultimap$KeySet                       : loaded 2 times (x 137B)
Class com.google.common.math.IntMath                                                  : loaded 2 times (x 71B)
Class com.google.gson.TypeAdapterFactory                                              : loaded 2 times (x 70B)
Class com.google.gson.internal.bind.CollectionTypeAdapterFactory$Adapter              : loaded 2 times (x 74B)
Class com.google.gson.internal.bind.TypeAdapters$8                                    : loaded 2 times (x 75B)
Class kotlin.reflect.jvm.internal.impl.descriptors.runtime.structure.ReflectClassUtilKt: loaded 2 times (x 71B)
Class [Lcom.google.common.collect.HashBiMap$BiEntry;                                  : loaded 2 times (x 69B)
Class com.google.gson.internal.bind.JsonTreeReader                                    : loaded 2 times (x 98B)
Class com.google.common.collect.ImmutableMultimap                                     : loaded 2 times (x 147B)
Class com.google.gson.internal.bind.TypeAdapters$9                                    : loaded 2 times (x 75B)
Class org.apache.commons.io.function.IOFunction                                       : loaded 2 times (x 70B)
Class kotlin.enums.EnumEntries                                                        : loaded 2 times (x 70B)
Class com.google.common.base.Equivalence                                              : loaded 2 times (x 82B)
Class kotlin.jvm.internal.MutablePropertyReference2                                   : loaded 2 times (x 137B)
Class kotlin.reflect.jvm.internal.ReflectProperties$Val                               : loaded 2 times (x 74B)
Class com.google.gson.JsonParseException                                              : loaded 2 times (x 82B)
Class com.google.common.collect.IndexedImmutableSet$1                                 : loaded 2 times (x 213B)
Class com.google.common.cache.CacheBuilder$OneWeigher                                 : loaded 2 times (x 82B)
Class jdk.internal.jimage.ImageBufferCache                                            : loaded 2 times (x 71B)
Class jdk.internal.jrtfs.JrtPath                                                      : loaded 2 times (x 118B)
Class kotlin.reflect.jvm.internal.KDeclarationContainerImpl$Companion                 : loaded 2 times (x 71B)
Class org.gradle.internal.classloader.ClasspathUtil                                   : loaded 2 times (x 71B)
Class kotlin.jvm.internal.PropertyReference0                                          : loaded 2 times (x 127B)
Class com.google.common.util.concurrent.Uninterruptibles                              : loaded 2 times (x 71B)
Class android.databinding.tool.CompilerArguments$Companion                            : loaded 2 times (x 71B)
Class kotlin.reflect.full.IllegalCallableAccessException                              : loaded 2 times (x 82B)
Class kotlin.jvm.internal.DefaultConstructorMarker                                    : loaded 2 times (x 71B)
Class kotlin.jvm.internal.PropertyReference1                                          : loaded 2 times (x 127B)
Class com.google.common.util.concurrent.LazyLogger                                    : loaded 2 times (x 72B)
Class org.gradle.api.specs.Spec                                                       : loaded 2 times (x 70B)
Class jdk.internal.jimage.ImageReader$SharedImageReader$LocationVisitor               : loaded 2 times (x 70B)
Class com.google.gson.stream.MalformedJsonException                                   : loaded 2 times (x 82B)
Class org.apache.commons.io.file.PathFilter                                           : loaded 2 times (x 70B)
Class com.google.gson.internal.sql.SqlDateTypeAdapter                                 : loaded 2 times (x 74B)
Class kotlin.UnsafeLazyImpl                                                           : loaded 2 times (x 76B)
Class kotlin.LazyKt__LazyJVMKt$WhenMappings                                           : loaded 2 times (x 71B)
Class kotlin.jvm.internal.PropertyReference2                                          : loaded 2 times (x 127B)
Class kotlin.jvm.internal.MutablePropertyReference                                    : loaded 2 times (x 119B)
Class [Lkotlin.reflect.jvm.internal.impl.builtins.jvm.JavaToKotlinClassMap$PlatformMutabilityMapping;: loaded 2 times (x 69B)
Class kotlin.LazyThreadSafetyMode                                                     : loaded 2 times (x 79B)
Class kotlin.reflect.full.IllegalPropertyDelegateAccessException                      : loaded 2 times (x 82B)
Class javax.xml.bind.JAXBException                                                    : loaded 2 times (x 85B)
Class com.google.common.cache.LocalCache$LoadingValueReference                        : loaded 2 times (x 96B)
Class kotlin.collections.EmptyIterator                                                : loaded 2 times (x 89B)
Class com.google.gson.internal.bind.ReflectiveTypeAdapterFactory$RecordAdapter        : loaded 2 times (x 77B)
Class kotlin.text.StringsKt__RegexExtensionsKt                                        : loaded 2 times (x 71B)
Class kotlin.SynchronizedLazyImpl                                                     : loaded 2 times (x 76B)
Class com.google.common.base.Platform                                                 : loaded 2 times (x 71B)
Class jdk.internal.jimage.ImageReader$Directory                                       : loaded 2 times (x 84B)
Class com.google.gson.internal.reflect.ReflectionHelper$RecordNotSupportedHelper      : loaded 2 times (x 78B)
Class com.google.gson.internal.$Gson$Types                                            : loaded 2 times (x 71B)
Class com.google.gson.JsonIOException                                                 : loaded 2 times (x 82B)
Class kotlin.sequences.SequencesKt__SequencesJVMKt                                    : loaded 2 times (x 71B)
Class org.gradle.api.internal.classpath.ManifestUtil                                  : loaded 2 times (x 71B)
Class kotlin.collections.AbstractList                                                 : loaded 2 times (x 197B)
Class kotlin.collections.AbstractCollection                                           : loaded 2 times (x 117B)
Class [Lorg.objectweb.asm.AnnotationWriter;                                           : loaded 2 times (x 69B)
Class com.google.common.util.concurrent.ExecutionError                                : loaded 2 times (x 82B)
Class kotlin.text.Regex                                                               : loaded 2 times (x 72B)
Class kotlin.text.StringsKt__StringBuilderJVMKt                                       : loaded 2 times (x 71B)
Class kotlin.LazyKt__LazyKt                                                           : loaded 2 times (x 71B)
Class com.google.common.collect.Lists$ReverseList$1                                   : loaded 2 times (x 99B)
Class com.google.common.cache.LocalCache$StrongValueReference                         : loaded 2 times (x 90B)
Class [Lcom.google.gson.stream.JsonToken;                                             : loaded 2 times (x 69B)
Class com.google.gson.LongSerializationPolicy$1                                       : loaded 2 times (x 80B)
Class kotlin.jvm.internal.ReflectionFactory                                           : loaded 2 times (x 91B)
Class kotlin.UNINITIALIZED_VALUE                                                      : loaded 2 times (x 71B)
Class org.objectweb.asm.Type                                                          : loaded 2 times (x 72B)
Class org.gradle.internal.classloader.VisitableURLClassLoader$InstrumentingVisitableURLClassLoader: loaded 2 times (x 123B)
Class com.google.common.collect.Maps$FilteredEntryMap$EntrySet                        : loaded 2 times (x 152B)
Class org.apache.commons.io.FileUtils                                                 : loaded 2 times (x 71B)
Class com.google.gson.LongSerializationPolicy$2                                       : loaded 2 times (x 80B)
Class kotlin.sequences.SequencesKt__SequencesKt                                       : loaded 2 times (x 71B)
Class [Landroid.databinding.tool.CompilerArguments$Type;                              : loaded 2 times (x 69B)
Class [Lkotlin.reflect.jvm.internal.impl.resolve.jvm.JvmPrimitiveType;                : loaded 2 times (x 69B)
Class kotlin.collections.SetsKt___SetsKt                                              : loaded 2 times (x 71B)
Class kotlin.jvm.internal.ClassBasedDeclarationContainer                              : loaded 2 times (x 70B)
Class kotlin.comparisons.ComparisonsKt__ComparisonsKt                                 : loaded 2 times (x 71B)
Class kotlin.ranges.RangesKt__RangesKt                                                : loaded 2 times (x 71B)
Class com.google.common.math.IntMath$1                                                : loaded 2 times (x 71B)
Class org.objectweb.asm.ByteVector                                                    : loaded 2 times (x 79B)
Class [Lcom.google.common.cache.CacheBuilder$NullListener;                            : loaded 2 times (x 69B)
Class org.gradle.internal.classloader.VisitableURLClassLoader$Spec                    : loaded 2 times (x 74B)
Class org.gradle.internal.classpath.DefaultClassPath                                  : loaded 2 times (x 90B)
Class kotlin.sequences.FilteringSequence                                              : loaded 2 times (x 75B)
Class kotlin.comparisons.ComparisonsKt                                                : loaded 2 times (x 71B)
Class kotlin.comparisons.ComparisonsKt___ComparisonsKt                                : loaded 2 times (x 71B)
Class kotlin.text.CharsKt__CharJVMKt                                                  : loaded 2 times (x 71B)
Class org.objectweb.asm.Symbol                                                        : loaded 2 times (x 73B)
Class com.google.common.collect.Sets$FilteredSet                                      : loaded 2 times (x 137B)
Class build_vum9lm4dgnnr9clfhb7twf98$_run_closure1                                    : loaded 2 times (x 139B)
Class com.google.gson.reflect.TypeToken                                               : loaded 2 times (x 75B)
Class [Lcom.google.gson.Strictness;                                                   : loaded 2 times (x 69B)
Class kotlin.jvm.internal.MutablePropertyReference1                                   : loaded 2 times (x 137B)
Class kotlin.reflect.KType                                                            : loaded 2 times (x 70B)
Class com.google.common.base.CharMatcher$BitSetMatcher                                : loaded 2 times (x 112B)
Class org.gradle.internal.classloader.ClassLoaderSpec                                 : loaded 2 times (x 71B)
Class com.google.gson.internal.sql.SqlTimestampTypeAdapter$1                          : loaded 2 times (x 75B)
Class com.google.gson.JsonPrimitive                                                   : loaded 2 times (x 93B)
Class kotlin.reflect.jvm.internal.ReflectProperties$Val$1                             : loaded 2 times (x 71B)
Class kotlin.collections.CollectionsKt___CollectionsJvmKt                             : loaded 2 times (x 71B)
Class org.objectweb.asm.AnnotationWriter                                              : loaded 2 times (x 79B)
Class com.google.common.cache.CacheStats                                              : loaded 2 times (x 71B)
Class kotlin.Unit                                                                     : loaded 2 times (x 71B)
Class com.google.common.collect.ImmutableMultisetGwtSerializationDependencies         : loaded 2 times (x 125B)
Class [Lcom.google.gson.ReflectionAccessFilter$FilterResult;                          : loaded 2 times (x 69B)
Class com.google.gson.JsonElement                                                     : loaded 2 times (x 92B)
Class kotlin.sequences.SequencesKt___SequencesJvmKt                                   : loaded 2 times (x 71B)
Class kotlin.TuplesKt                                                                 : loaded 2 times (x 71B)
Class org.objectweb.asm.RecordComponentWriter                                         : loaded 2 times (x 78B)
Class com.google.common.util.concurrent.AbstractFuture$Listener                       : loaded 2 times (x 72B)
Class com.google.common.base.CharMatcher$Or                                           : loaded 2 times (x 112B)
Class com.google.common.collect.ForwardingSet                                         : loaded 2 times (x 151B)
Class com.google.gson.internal.bind.CollectionTypeAdapterFactory                      : loaded 2 times (x 75B)
Class kotlin.ranges.RangesKt                                                          : loaded 2 times (x 71B)
Class org.objectweb.asm.Attribute                                                     : loaded 2 times (x 77B)
Class com.google.common.base.Supplier                                                 : loaded 2 times (x 70B)
Class org.gradle.internal.classloader.VisitableURLClassLoader                         : loaded 2 times (x 117B)
Class kotlin.collections.ArraysUtilJVM                                                : loaded 2 times (x 71B)
Class kotlin.reflect.jvm.internal.KClassImpl                                          : loaded 2 times (x 115B)
Class kotlin.jvm.functions.Function0                                                  : loaded 2 times (x 70B)
Class org.gradle.internal.Cast                                                        : loaded 2 times (x 71B)
Class org.gradle.api.Action                                                           : loaded 2 times (x 70B)
Class com.google.gson.internal.bind.TreeTypeAdapter                                   : loaded 2 times (x 75B)
Class com.google.gson.internal.sql.SqlTimeTypeAdapter                                 : loaded 2 times (x 74B)
Class kotlin.jvm.internal.PropertyReference1Impl                                      : loaded 2 times (x 127B)
Class kotlin.jvm.functions.Function1                                                  : loaded 2 times (x 70B)
Class com.google.common.collect.HashBiMap                                             : loaded 2 times (x 143B)
Class com.google.common.base.Strings                                                  : loaded 2 times (x 71B)
Class org.objectweb.asm.Handler                                                       : loaded 2 times (x 72B)
Class com.google.common.base.CharMatcher$FastMatcher                                  : loaded 2 times (x 111B)
Class com.google.common.base.Ticker                                                   : loaded 2 times (x 72B)
Class kotlin.SafePublicationLazyImpl$Companion                                        : loaded 2 times (x 71B)
Class com.google.gson.internal.LinkedTreeMap$EntrySet                                 : loaded 2 times (x 136B)
Class com.google.gson.internal.bind.TypeAdapters$20                                   : loaded 2 times (x 75B)
Class com.google.gson.JsonObject                                                      : loaded 2 times (x 93B)
Class kotlin.jvm.functions.Function2                                                  : loaded 2 times (x 70B)
Class [Lcom.google.common.cache.LocalCache$Segment;                                   : loaded 2 times (x 69B)
Class [Lcom.google.common.cache.LocalCache$Strength;                                  : loaded 2 times (x 69B)
Class com.google.common.cache.CacheBuilder$1                                          : loaded 2 times (x 85B)
Class org.gradle.internal.classpath.DefaultClassPath$ImmutableUniqueList$Builder      : loaded 2 times (x 75B)
Class com.google.gson.stream.JsonToken                                                : loaded 2 times (x 79B)
Class com.google.gson.internal.bind.TypeAdapters$21                                   : loaded 2 times (x 75B)
Class com.google.gson.FieldNamingPolicy$1                                             : loaded 2 times (x 83B)
Class kotlin.jvm.functions.Function3                                                  : loaded 2 times (x 70B)
Class kotlin.reflect.jvm.internal.KDeclarationContainerImpl$Data                      : loaded 2 times (x 72B)
Class kotlin.collections.MapsKt___MapsJvmKt                                           : loaded 2 times (x 71B)
Class com.google.common.base.CharMatcher$NegatedFastMatcher                           : loaded 2 times (x 113B)
Class com.google.common.cache.LocalCache                                              : loaded 2 times (x 187B)
Class com.google.common.cache.CacheBuilder$2                                          : loaded 2 times (x 79B)
Class org.gradle.internal.classloader.ClassLoaderHierarchy                            : loaded 2 times (x 70B)
Class com.google.common.base.CharMatcher$IsEither                                     : loaded 2 times (x 111B)
Class kotlin.annotation.Target                                                        : loaded 2 times (x 70B)
Class com.google.gson.internal.bind.TypeAdapters$22                                   : loaded 2 times (x 75B)
Class com.google.gson.TypeAdapter$1                                                   : loaded 2 times (x 74B)
Class com.google.gson.FieldNamingPolicy$2                                             : loaded 2 times (x 83B)
Class com.google.gson.internal.Excluder$1                                             : loaded 2 times (x 74B)
Class kotlin.reflect.jvm.internal.impl.builtins.PrimitiveType$Companion               : loaded 2 times (x 71B)
Class kotlin.jvm.functions.Function4                                                  : loaded 2 times (x 70B)
Class kotlin.reflect.jvm.internal.KClassImpl$Data                                     : loaded 2 times (x 72B)
Class kotlin.collections.CollectionsKt___CollectionsKt                                : loaded 2 times (x 71B)
Class com.google.common.collect.ArrayListMultimap                                     : loaded 2 times (x 172B)
Class com.google.common.cache.CacheBuilder$3                                          : loaded 2 times (x 72B)
Class org.gradle.api.GradleException                                                  : loaded 2 times (x 82B)
Class jdk.internal.jimage.ImageStrings                                                : loaded 2 times (x 70B)
Class kotlin.collections.CollectionsKt__ReversedViewsKt                               : loaded 2 times (x 71B)
Class kotlin.jvm.internal.MutablePropertyReference0                                   : loaded 2 times (x 137B)
Class kotlin.annotation.Retention                                                     : loaded 2 times (x 70B)
Class com.google.gson.internal.bind.TypeAdapters$23                                   : loaded 2 times (x 75B)
Class com.google.gson.FieldNamingPolicy$3                                             : loaded 2 times (x 83B)
Class kotlin.jvm.functions.Function5                                                  : loaded 2 times (x 70B)
Class kotlin.reflect.KDeclarationContainer                                            : loaded 2 times (x 70B)
Class kotlin.text.StringsKt___StringsJvmKt                                            : loaded 2 times (x 71B)
Class com.google.common.collect.Maps$AbstractFilteredMap                              : loaded 2 times (x 127B)
Class kotlin.io.FilesKt                                                               : loaded 2 times (x 71B)
Class com.google.gson.internal.bind.TypeAdapters$34$1                                 : loaded 2 times (x 74B)
Class com.google.gson.internal.bind.TypeAdapters$24                                   : loaded 2 times (x 75B)
Class com.google.gson.FieldNamingPolicy$4                                             : loaded 2 times (x 83B)
Class kotlin.reflect.jvm.internal.impl.builtins.CompanionObjectMapping                : loaded 2 times (x 71B)
Class kotlin.jvm.functions.Function6                                                  : loaded 2 times (x 70B)
Class kotlin.collections.ArraysKt___ArraysKt                                          : loaded 2 times (x 71B)
Class kotlin.reflect.jvm.internal.KTypeParameterOwnerImpl                             : loaded 2 times (x 70B)
Class kotlin.collections.MapsKt___MapsKt                                              : loaded 2 times (x 71B)
Class com.google.gson.internal.LinkedTreeMap$EntrySet$1                               : loaded 2 times (x 81B)
Class com.google.gson.internal.bind.TypeAdapters$25                                   : loaded 2 times (x 75B)
Class com.google.gson.FieldNamingPolicy$5                                             : loaded 2 times (x 83B)
Class kotlin.jvm.functions.Function7                                                  : loaded 2 times (x 70B)
Class kotlin.reflect.jvm.internal.impl.name.Name                                      : loaded 2 times (x 75B)
Class kotlin.reflect.jvm.internal.KPropertyImpl$Companion                             : loaded 2 times (x 71B)
Class kotlin.collections.MapsKt__MapWithDefaultKt                                     : loaded 2 times (x 71B)
Class com.google.common.cache.LocalCache$EntryFactory                                 : loaded 2 times (x 83B)
Class com.google.gson.internal.bind.ArrayTypeAdapter                                  : loaded 2 times (x 74B)
Class com.google.gson.internal.bind.TypeAdapters$26                                   : loaded 2 times (x 75B)
Class com.google.gson.FieldNamingPolicy$6                                             : loaded 2 times (x 83B)
Class kotlin.jvm.functions.Function8                                                  : loaded 2 times (x 70B)
Class kotlin.reflect.jvm.internal.impl.name.FqNameUnsafe                              : loaded 2 times (x 72B)
Class kotlin.enums.EnumEntriesKt                                                      : loaded 2 times (x 71B)
Class kotlin.text.StringsKt___StringsKt                                               : loaded 2 times (x 71B)
Class kotlin.collections.CollectionsKt__MutableCollectionsJVMKt                       : loaded 2 times (x 71B)
Class com.google.common.cache.LocalCache$AbstractReferenceEntry                       : loaded 2 times (x 107B)
Class org.gradle.internal.IoActions                                                   : loaded 2 times (x 71B)
Class com.google.gson.internal.reflect.ReflectionHelper                               : loaded 2 times (x 71B)
Class com.google.gson.internal.bind.TypeAdapters$27                                   : loaded 2 times (x 75B)
Class com.google.gson.FieldNamingPolicy$7                                             : loaded 2 times (x 83B)
Class [Lkotlin.reflect.jvm.internal.impl.name.ClassId;                                : loaded 2 times (x 69B)
Class kotlin.jvm.functions.Function10                                                 : loaded 2 times (x 70B)
Class kotlin.jvm.functions.Function9                                                  : loaded 2 times (x 70B)
Class [Lkotlin.LazyThreadSafetyMode;                                                  : loaded 2 times (x 69B)
Class [Lkotlin.reflect.KClassifier;                                                   : loaded 2 times (x 69B)
Class kotlin.reflect.jvm.internal.EmptyContainerForLocal                              : loaded 2 times (x 84B)
Class org.objectweb.asm.SymbolTable                                                   : loaded 2 times (x 72B)
Class com.google.common.cache.CacheLoader$InvalidCacheLoadException                   : loaded 2 times (x 82B)
Class com.google.common.collect.ImmutableSet$RegularSetBuilderImpl                    : loaded 2 times (x 77B)
Class settings_cqu13lbp78xniu3qlwonyc3q3$_run_closure1                                : loaded 2 times (x 139B)
Class org.gradle.internal.classloader.SystemClassLoaderSpec                           : loaded 2 times (x 71B)
Class com.google.gson.internal.bind.TypeAdapters$EnumTypeAdapter                      : loaded 2 times (x 74B)
Class com.google.gson.internal.bind.TypeAdapters$28                                   : loaded 2 times (x 75B)
Class [Lcom.google.gson.LongSerializationPolicy;                                      : loaded 2 times (x 69B)
Class kotlin.jvm.functions.Function11                                                 : loaded 2 times (x 70B)
Class kotlin.reflect.KAnnotatedElement                                                : loaded 2 times (x 70B)
Class kotlin.jvm.internal.Intrinsics                                                  : loaded 2 times (x 71B)
Class com.google.common.cache.LocalCache$StrongEntry                                  : loaded 2 times (x 108B)
Class com.google.common.util.concurrent.AbstractFuture$TrustedFuture                  : loaded 2 times (x 114B)
Class com.google.common.cache.LoadingCache                                            : loaded 2 times (x 70B)
Class jdk.internal.jrtfs.JrtFileSystem                                                : loaded 2 times (x 102B)
Class kotlin.sequences.SequencesKt__SequenceBuilderKt                                 : loaded 2 times (x 71B)
Class com.google.gson.internal.bind.MapTypeAdapterFactory                             : loaded 2 times (x 75B)
Class com.google.gson.internal.bind.TypeAdapters$29                                   : loaded 2 times (x 75B)
Class com.google.gson.JsonNull                                                        : loaded 2 times (x 92B)
Class kotlin.jvm.functions.Function12                                                 : loaded 2 times (x 70B)
Class kotlin.collections.MapsKt                                                       : loaded 2 times (x 71B)
Class kotlin.collections.CollectionsKt__IterablesKt                                   : loaded 2 times (x 71B)
Class org.objectweb.asm.MethodWriter                                                  : loaded 2 times (x 106B)
Class [Lcom.google.common.cache.Weigher;                                              : loaded 2 times (x 69B)
Class com.google.common.collect.ImmutableMultimap$1                                   : loaded 2 times (x 82B)
Class kotlin.text.Charsets                                                            : loaded 2 times (x 71B)
Class kotlin.ranges.OpenEndRange                                                      : loaded 2 times (x 70B)
Class kotlin.jvm.functions.Function13                                                 : loaded 2 times (x 70B)
Class kotlin.KotlinNullPointerException                                               : loaded 2 times (x 83B)
Class com.google.common.collect.AbstractIterator$State                                : loaded 2 times (x 79B)
Class kotlin.io.FilesKt__FileTreeWalkKt                                               : loaded 2 times (x 71B)
Class com.google.common.collect.ImmutableMultimap$2                                   : loaded 2 times (x 81B)
Class com.google.gson.internal.bind.DefaultDateTypeAdapter$DateType$1                 : loaded 2 times (x 73B)
Class kotlin.jvm.functions.Function14                                                 : loaded 2 times (x 70B)
Class kotlin.ranges.RangesKt___RangesKt                                               : loaded 2 times (x 71B)
Class com.google.common.base.CharMatcher$Negated                                      : loaded 2 times (x 113B)
Class com.google.common.base.CharMatcher$Is                                           : loaded 2 times (x 111B)
Class com.google.common.cache.LocalCache$ValueReference                               : loaded 2 times (x 70B)
Class kotlin.sequences.FilteringSequence$iterator$1                                   : loaded 2 times (x 79B)
Class kotlin.jvm.internal.CollectionToArray                                           : loaded 2 times (x 71B)
Class com.google.gson.internal.LazilyParsedNumber                                     : loaded 2 times (x 78B)
Class kotlin.jvm.functions.Function15                                                 : loaded 2 times (x 70B)
Class kotlin.collections.ArraysKt                                                     : loaded 2 times (x 71B)
Class kotlin.text.CharsKt__CharKt                                                     : loaded 2 times (x 71B)
Class com.google.common.base.PatternCompiler                                          : loaded 2 times (x 70B)
Class com.google.common.util.concurrent.AbstractFuture$Failure                        : loaded 2 times (x 72B)
Class com.google.common.base.Equivalence$Equals                                       : loaded 2 times (x 82B)
Class jdk.internal.jimage.BasicImageReader                                            : loaded 2 times (x 95B)
Class org.gradle.internal.classloader.FilteringClassLoader                            : loaded 2 times (x 105B)
Class [Lorg.apache.commons.io.file.DeleteOption;                                      : loaded 2 times (x 69B)
Class com.google.gson.stream.JsonReader                                               : loaded 2 times (x 97B)
Class kotlin.collections.SetsKt__SetsKt                                               : loaded 2 times (x 71B)
Class kotlin.jvm.functions.Function16                                                 : loaded 2 times (x 70B)
Class kotlin.LazyKt                                                                   : loaded 2 times (x 71B)
Class org.objectweb.asm.Label                                                         : loaded 2 times (x 73B)
Class org.objectweb.asm.CurrentFrame                                                  : loaded 2 times (x 73B)
Class org.objectweb.asm.ClassTooLargeException                                        : loaded 2 times (x 83B)
Class com.google.common.base.CharMatcher                                              : loaded 2 times (x 111B)
Class com.google.common.base.Equivalence$Identity                                     : loaded 2 times (x 82B)
Class com.google.gson.internal.reflect.ReflectionHelper$RecordSupportedHelper         : loaded 2 times (x 78B)
Class kotlin.jvm.functions.Function17                                                 : loaded 2 times (x 70B)
Class kotlin.collections.ArraysKt__ArraysJVMKt                                        : loaded 2 times (x 71B)
Class com.google.common.collect.Maps$IteratorBasedAbstractMap                         : loaded 2 times (x 125B)
Class org.objectweb.asm.Frame                                                         : loaded 2 times (x 73B)
Class org.objectweb.asm.MethodVisitor                                                 : loaded 2 times (x 105B)
Class com.google.common.base.CharMatcher$1                                            : loaded 2 times (x 113B)
Class com.google.common.base.CharMatcher$NamedFastMatcher                             : loaded 2 times (x 112B)
Class com.google.common.cache.LocalCache$EntryFactory$1                               : loaded 2 times (x 83B)
Class [Lcom.google.common.cache.RemovalListener;                                      : loaded 2 times (x 69B)
Class com.google.gson.internal.bind.JsonAdapterAnnotationTypeAdapterFactory           : loaded 2 times (x 75B)
Class kotlin.jvm.functions.Function18                                                 : loaded 2 times (x 70B)
Class kotlin.jvm.internal.CallableReference$NoReceiver                                : loaded 2 times (x 71B)
Class kotlin.text.StringsKt__StringBuilderKt                                          : loaded 2 times (x 71B)
Class com.google.common.cache.LocalCache$EntryFactory$2                               : loaded 2 times (x 83B)
Class org.gradle.api.internal.classpath.GlobalCacheRootsProvider                      : loaded 2 times (x 70B)
Class com.google.common.base.PairwiseEquivalence                                      : loaded 2 times (x 83B)
Class com.google.gson.internal.$Gson$Types$ParameterizedTypeImpl                      : loaded 2 times (x 81B)
Class com.google.gson.internal.bind.NumberTypeAdapter                                 : loaded 2 times (x 74B)
Class kotlin.text.StringsKt__StringsKt                                                : loaded 2 times (x 71B)
Class kotlin.jvm.functions.Function19                                                 : loaded 2 times (x 70B)
Class kotlin.Lazy                                                                     : loaded 2 times (x 70B)
Class kotlin.NoWhenBranchMatchedException                                             : loaded 2 times (x 82B)
Class org.objectweb.asm.ModuleWriter                                                  : loaded 2 times (x 82B)
Class com.google.common.cache.LocalCache$EntryFactory$3                               : loaded 2 times (x 83B)
Class com.google.common.base.Ticker$1                                                 : loaded 2 times (x 72B)
Class com.google.gson.ToNumberPolicy$1                                                : loaded 2 times (x 83B)
Class [Lcom.google.gson.FieldNamingStrategy;                                          : loaded 2 times (x 69B)
Class com.google.gson.internal.Excluder                                               : loaded 2 times (x 75B)
Class com.google.common.collect.ImmutableSet$Builder                                  : loaded 2 times (x 85B)
Class com.google.common.base.CharMatcher$InRange                                      : loaded 2 times (x 111B)
Class com.google.common.cache.LocalCache$EntryFactory$4                               : loaded 2 times (x 83B)
Class com.google.gson.internal.ReflectionAccessFilterHelper                           : loaded 2 times (x 71B)
Class com.google.gson.internal.reflect.ReflectionHelper$RecordHelper                  : loaded 2 times (x 75B)
Class com.google.gson.ToNumberPolicy$2                                                : loaded 2 times (x 83B)
Class com.google.common.cache.LocalCache$EntryFactory$5                               : loaded 2 times (x 83B)
Class kotlin.NotImplementedError                                                      : loaded 2 times (x 82B)
Class com.google.gson.internal.bind.ReflectiveTypeAdapterFactory$FieldsData           : loaded 2 times (x 72B)
Class com.google.gson.ToNumberPolicy$3                                                : loaded 2 times (x 83B)
Class kotlin.jvm.internal.markers.KMappedMarker                                       : loaded 2 times (x 70B)
Class [Lkotlin.reflect.KProperty;                                                     : loaded 2 times (x 69B)
Class com.google.common.cache.LocalCache$EntryFactory$6                               : loaded 2 times (x 83B)
Class org.gradle.internal.installation.CurrentGradleInstallationLocator               : loaded 2 times (x 71B)
Class android.databinding.tool.processing.ScopedException                             : loaded 2 times (x 86B)
Class com.google.common.collect.ImmutableMultimap$Builder                             : loaded 2 times (x 86B)
Class com.google.gson.internal.bind.ObjectTypeAdapter$1                               : loaded 2 times (x 76B)
Class com.google.gson.Gson$FutureTypeAdapter                                          : loaded 2 times (x 76B)
Class com.google.gson.ToNumberPolicy$4                                                : loaded 2 times (x 83B)
Class com.google.common.collect.ImmutableSet$EmptySetBuilderImpl                      : loaded 2 times (x 76B)
Class com.google.common.cache.LocalCache$EntryFactory$7                               : loaded 2 times (x 83B)
Class org.gradle.internal.service.DefaultServiceLocator                               : loaded 2 times (x 83B)
Class jdk.internal.jrtfs.JrtDirectoryStream                                           : loaded 2 times (x 89B)
Class com.google.common.collect.ImmutableMultimap$EntryCollection                     : loaded 2 times (x 128B)
Class com.google.gson.internal.sql.SqlTypesSupport                                    : loaded 2 times (x 71B)
Class com.google.gson.Gson                                                            : loaded 2 times (x 72B)
Class kotlin.reflect.KMutableProperty0                                                : loaded 2 times (x 70B)
Class kotlin.reflect.KClassifier                                                      : loaded 2 times (x 70B)
Class com.google.common.cache.LocalCache$EntryFactory$8                               : loaded 2 times (x 83B)
Class com.google.common.collect.ImmutableSet$SetBuilderImpl                           : loaded 2 times (x 76B)
Class org.gradle.internal.installation.CurrentGradleInstallation                      : loaded 2 times (x 73B)
Class com.google.common.collect.ForwardingObject                                      : loaded 2 times (x 72B)
Class kotlin.io.TextStreamsKt                                                         : loaded 2 times (x 71B)
Class com.google.gson.internal.UnsafeAllocator                                        : loaded 2 times (x 72B)
Class com.google.gson.Gson$1                                                          : loaded 2 times (x 76B)
Class kotlin.reflect.KMutableProperty1                                                : loaded 2 times (x 70B)
Class com.google.common.cache.CacheLoader$1                                           : loaded 2 times (x 75B)
Class org.gradle.util.internal.GUtil                                                  : loaded 2 times (x 71B)
Class com.google.gson.internal.UnsafeAllocator$1                                      : loaded 2 times (x 73B)
Class com.google.gson.Gson$2                                                          : loaded 2 times (x 76B)
Class kotlin.reflect.KMutableProperty2                                                : loaded 2 times (x 70B)
Class kotlin.collections.CollectionsKt                                                : loaded 2 times (x 71B)
Class com.google.common.cache.AbstractCache$StatsCounter                              : loaded 2 times (x 70B)
Class com.google.gson.internal.bind.TypeAdapters$17                                   : loaded 2 times (x 75B)
Class com.google.gson.internal.UnsafeAllocator$2                                      : loaded 2 times (x 73B)
Class com.google.gson.internal.bind.ReflectiveTypeAdapterFactory$BoundField           : loaded 2 times (x 75B)
Class com.google.gson.Gson$3                                                          : loaded 2 times (x 75B)
Class kotlin.reflect.jvm.internal.RuntimeTypeMapper                                   : loaded 2 times (x 71B)
Class com.google.common.collect.RegularImmutableSet                                   : loaded 2 times (x 149B)
Class org.gradle.internal.installation.GradleInstallation                             : loaded 2 times (x 75B)
Class com.google.common.collect.ForwardingCollection                                  : loaded 2 times (x 130B)
Class com.google.gson.internal.UnsafeAllocator$3                                      : loaded 2 times (x 73B)
Class com.google.gson.internal.bind.DefaultDateTypeAdapter$1                          : loaded 2 times (x 75B)
Class com.google.gson.Gson$4                                                          : loaded 2 times (x 76B)
Class com.google.gson.internal.ConstructorConstructor                                 : loaded 2 times (x 72B)
Class com.google.common.collect.Iterables                                             : loaded 2 times (x 71B)
Class com.google.gson.internal.UnsafeAllocator$4                                      : loaded 2 times (x 72B)
Class com.google.gson.ReflectionAccessFilter$FilterResult                             : loaded 2 times (x 79B)
Class com.google.gson.Gson$5                                                          : loaded 2 times (x 76B)
Class kotlin.jvm.KotlinReflectionNotSupportedError                                    : loaded 2 times (x 82B)
Class com.google.common.collect.Lists$RandomAccessReverseList                         : loaded 2 times (x 200B)

---------------  S Y S T E M  ---------------

OS:
 Windows 11 , 64 bit Build 26100 (10.0.26100.8246)
OS uptime: 0 days 8:40 hours

CPU: total 12 (initial active 12) (6 cores per cpu, 2 threads per core) family 6 model 154 stepping 4 microcode 0x43b, cx8, cmov, fxsr, ht, mmx, 3dnowpref, sse, sse2, sse3, ssse3, sse4.1, sse4.2, popcnt, lzcnt, tsc, tscinvbit, avx, avx2, aes, erms, clmul, bmi1, bmi2, adx, sha, fma, vzeroupper, clflush, clflushopt, clwb, serialize, rdtscp, rdpid, fsrm, f16c, pku, cet_ibt, cet_ss
Processor Information for the first 12 processors :
  Max Mhz: 1300, Current Mhz: 1300, Mhz Limit: 1300

Memory: 4k page, system-wide physical 16068M (999M free)
TotalPageFile size 31428M (AvailPageFile size 49M)
current process WorkingSet (physical memory assigned to process): 866M, peak: 866M
current process commit charge ("private bytes"): 914M, peak: 1452M

vm_info: OpenJDK 64-Bit Server VM (21.0.10+1-b1163.110) for windows-amd64 JRE (21.0.10+1-b1163.110), built on 2026-03-06 by "builduser" with MS VC++ 17.14 (VS2022)

END.
