#
# There is insufficient memory for the Java Runtime Environment to continue.
# Native memory allocation (mmap) failed to map 94371840 bytes. Error detail: G1 virtual space
# Possible reasons:
#   The system is out of physical RAM or swap space
#   This process is running with CompressedOops enabled, and the Java Heap may be blocking the growth of the native heap
# Possible solutions:
#   Reduce memory load on the system
#   Increase physical memory or swap space
#   Check if swap backing store is full
#   Decrease Java heap size (-Xmx/-Xms)
#   Decrease number of Java threads
#   Decrease Java thread stack sizes (-Xss)
#   Set larger code cache with -XX:ReservedCodeCacheSize=
#   JVM is running with Unscaled Compressed Oops mode in which the Java heap is
#     placed in the first 4GB address space. The Java Heap base address is the
#     maximum limit for the native heap growth. Please use -XX:HeapBaseMinAddress
#     to set the Java Heap base and to place the Java Heap above 4GB virtual address.
# This output file may be truncated or incomplete.
#
#  Out of Memory Error (os_windows.cpp:3686), pid=50460, tid=59244
#
# JRE version: OpenJDK Runtime Environment Temurin-21.0.7+6 (21.0.7+6) (build 21.0.7+6-LTS)
# Java VM: OpenJDK 64-Bit Server VM Temurin-21.0.7+6 (21.0.7+6-LTS, mixed mode, sharing, tiered, compressed oops, compressed class ptrs, g1 gc, windows-amd64)
# No core dump will be written. Minidumps are not enabled by default on client versions of Windows
#

---------------  S U M M A R Y ------------

Command Line: --add-opens=java.base/java.lang=ALL-UNNAMED --add-opens=java.base/java.lang.invoke=ALL-UNNAMED --add-opens=java.base/java.util=ALL-UNNAMED --add-opens=java.prefs/java.util.prefs=ALL-UNNAMED --add-exports=jdk.compiler/com.sun.tools.javac.api=ALL-UNNAMED --add-exports=jdk.compiler/com.sun.tools.javac.util=ALL-UNNAMED --add-opens=java.base/java.util=ALL-UNNAMED --add-opens=java.prefs/java.util.prefs=ALL-UNNAMED --add-opens=java.base/java.nio.charset=ALL-UNNAMED --add-opens=java.base/java.net=ALL-UNNAMED --add-opens=java.base/java.util.concurrent=ALL-UNNAMED --add-opens=java.base/java.util.concurrent.atomic=ALL-UNNAMED --add-opens=java.xml/javax.xml.namespace=ALL-UNNAMED --add-opens=java.base/java.time=ALL-UNNAMED -Xmx1024m -Dfile.encoding=UTF-8 -Duser.country=US -Duser.language=en -Duser.variant -javaagent:C:\Users\DELL\.gradle\wrapper\dists\gradle-9.3.1-bin\23ovyewtku6u96viwx3xl3oks\gradle-9.3.1\lib\agents\gradle-instrumentation-agent-9.3.1.jar org.gradle.launcher.daemon.bootstrap.GradleDaemon 9.3.1

Host: 12th Gen Intel(R) Core(TM) i5-1235U, 12 cores, 15G,  Windows 11 , 64 bit Build 26100 (10.0.26100.7920)
Time: Fri Mar 27 23:35:21 2026 SE Asia Standard Time elapsed time: 39.919395 seconds (0d 0h 0m 39s)

---------------  T H R E A D  ---------------

Current thread (0x000001fa7c134140):  VMThread "VM Thread"          [id=59244, stack(0x000000900f400000,0x000000900f500000) (1024K)]

Stack: [0x000000900f400000,0x000000900f500000]
Native frames: (J=compiled Java code, j=interpreted, Vv=VM code, C=native code)
V  [jvm.dll+0x6ce119]
V  [jvm.dll+0x8a84a1]
V  [jvm.dll+0x8aa9ce]
V  [jvm.dll+0x8ab0b3]
V  [jvm.dll+0x27f8a6]
V  [jvm.dll+0x6ca945]
V  [jvm.dll+0x6bebea]
V  [jvm.dll+0x355eca]
V  [jvm.dll+0x35da96]
V  [jvm.dll+0x3af72e]
V  [jvm.dll+0x3af9d8]
V  [jvm.dll+0x32a05c]
V  [jvm.dll+0x32c8b6]
V  [jvm.dll+0x336aa8]
V  [jvm.dll+0x36bfcf]
V  [jvm.dll+0x8b0dcf]
V  [jvm.dll+0x8b2154]
V  [jvm.dll+0x8b2690]
V  [jvm.dll+0x8b2933]
V  [jvm.dll+0x851f6b]
V  [jvm.dll+0x6cc7dd]
C  [ucrtbase.dll+0x37b0]
C  [KERNEL32.DLL+0x2e8d7]
C  [ntdll.dll+0x8c48c]

VM_Operation (0x000000900efff9b0): G1PauseRemark, mode: safepoint, requested by thread 0x000001fa1e77b190


---------------  P R O C E S S  ---------------

Threads class SMR info:
_java_thread_list=0x000001fa071c4bc0, length=212, elements={
0x000001fa1eae2c40, 0x000001fa7c14be00, 0x000001fa7c14e860, 0x000001fa7c1542f0,
0x000001fa7c158d50, 0x000001fa7c17b7c0, 0x000001fa7c17c260, 0x000001fa7c187e60,
0x000001fa7c1a8910, 0x000001fa7c17c8f0, 0x000001fa7c17e330, 0x000001fa7c17d610,
0x000001fa7c17dca0, 0x000001fa7c17e9c0, 0x000001fa7c17f050, 0x000001fa7deb6d30,
0x000001fa7deb52f0, 0x000001fa7deb5980, 0x000001fa7deb73c0, 0x000001fa7deb8770,
0x000001fa7deb80e0, 0x000001fa7deb8e00, 0x000001fa7deb9490, 0x000001fa7deb6010,
0x000001fa7deb9b20, 0x000001fa7deb7a50, 0x000001fa7deb66a0, 0x000001fa7debb560,
0x000001fa7deba1b0, 0x000001fa7debbbf0, 0x000001fa7deba840, 0x000001fa7debaed0,
0x000001fa0596ead0, 0x000001fa0596fe80, 0x000001fa0596d720, 0x000001fa0596ddb0,
0x000001fa05970510, 0x000001fa0596f160, 0x000001fa0596f7f0, 0x000001fa0596e440,
0x000001fa0596d090, 0x000001fa059718c0, 0x000001fa05974020, 0x000001fa05971f50,
0x000001fa05973300, 0x000001fa05973990, 0x000001fa059725e0, 0x000001fa05970ba0,
0x000001fa05972c70, 0x000001fa059746b0, 0x000001fa05971230, 0x000001fa7f4030c0,
0x000001fa7f403750, 0x000001fa7f403de0, 0x000001fa7f404470, 0x000001fa7f401d10,
0x000001fa7f404b00, 0x000001fa7f401680, 0x000001fa7f405190, 0x000001fa7f402a30,
0x000001fa7f405820, 0x000001fa7f4023a0, 0x000001fa7f406540, 0x000001fa7f405eb0,
0x000001fa7f407260, 0x000001fa7f407f80, 0x000001fa7f406bd0, 0x000001fa7f4078f0,
0x000001fa7f408ca0, 0x000001fa7f408610, 0x000001fa7e22a1b0, 0x000001fa7e22c280,
0x000001fa7e229490, 0x000001fa7e228e00, 0x000001fa7e22c910, 0x000001fa7c17f6e0,
0x000001fa04336ea0, 0x000001fa7e22aed0, 0x000001fa7e22e9e0, 0x000001fa060d55d0,
0x000001fa060d62f0, 0x000001fa060d5c60, 0x000001fa04338250, 0x000001fa04336180,
0x000001fa08040d80, 0x000001fa08042e50, 0x000001fa08041410, 0x000001fa080434e0,
0x000001fa080406f0, 0x000001fa08041aa0, 0x000001fa08042130, 0x000001fa08040060,
0x000001fa08043b70, 0x000001fa08045c40, 0x000001fa08044f20, 0x000001fa08044200,
0x000001fa080427c0, 0x000001fa080455b0, 0x000001fa080462d0, 0x000001fa08047680,
0x000001fa08044890, 0x000001fa08046960, 0x000001fa08046ff0, 0x000001fa04faba40,
0x000001fa04faa690, 0x000001fa04fab3b0, 0x000001fa04faad20, 0x000001fa04fac0d0,
0x000001fa04fac760, 0x000001fa04fa92e0, 0x000001fa04facdf0, 0x000001fa04fa9970,
0x000001fa04fad480, 0x000001fa04faa000, 0x000001fa04fae830, 0x000001fa04fadb10,
0x000001fa04fae1a0, 0x000001fa04fb0270, 0x000001fa04faeec0, 0x000001fa04faf550,
0x000001fa04fafbe0, 0x000001fa060cf360, 0x000001fa060d0080, 0x000001fa060d1430,
0x000001fa060d2150, 0x000001fa060cecd0, 0x000001fa060d4f40, 0x000001fa060d27e0,
0x000001fa084e1920, 0x000001fa084e2cd0, 0x000001fa084e1fb0, 0x000001fa04406ab0,
0x000001fa04407140, 0x000001fa04984060, 0x000001fa049867c0, 0x000001fa04986e50,
0x000001fa04985410, 0x000001fa04986130, 0x000001fa04988070, 0x000001fa0d460cc0,
0x000001fa0d460630, 0x000001fa0d461350, 0x000001fa0d45ebf0, 0x000001fa0d45f280,
0x000001fa0d4619e0, 0x000001fa0d45f910, 0x000001fa0d45ffa0, 0x000001fa08a7e7c0,
0x000001fa08a7f4e0, 0x000001fa08a7ee50, 0x000001fa08a7e130, 0x000001fa06f8e590,
0x000001fa06f8f2b0, 0x000001fa06f8ec20, 0x000001fa06f8df00, 0x000001fa0484f2c0,
0x000001fa0484f950, 0x000001fa04850670, 0x000001fa0484ffe0, 0x000001fa0d2c32e0,
0x000001fa0d2c3970, 0x000001fa049846f0, 0x000001fa06334ef0, 0x000001fa06335c10,
0x000001fa06335580, 0x000001fa7e5f2390, 0x000001fa7e5f30b0, 0x000001fa7e5f1d00,
0x000001fa0d2c4000, 0x000001fa0d2c2c50, 0x000001fa7e5f2a20, 0x000001fa7e5f3dd0,
0x000001fa084e2640, 0x000001fa05b72d90, 0x000001fa05b72070, 0x000001fa05b72700,
0x000001fa05b73420, 0x000001fa06d01d90, 0x000001fa049874e0, 0x000001fa04984d80,
0x000001fa04985aa0, 0x000001fa06f88880, 0x000001fa06f881f0, 0x000001fa06f87b60,
0x000001fa06d00350, 0x000001fa085c1710, 0x000001fa075982b0, 0x000001fa07598940,
0x000001fa7e5f0fe0, 0x000001fa7e5f3740, 0x000001fa7e5f4460, 0x000001fa085c1080,
0x000001fa085c0360, 0x000001fa06f874d0, 0x000001fa7e5f1670, 0x000001fa0d45e560,
0x000001fa0728e2e0, 0x000001fa07597c20, 0x000001fa07598fd0, 0x000001fa0728f690,
0x000001fa063362a0, 0x000001fa7c2ae4f0, 0x000001fa7c2ade60, 0x000001fa04406420,
0x000001fa085c09f0, 0x000001fa0e4aac80, 0x000001fa0df88580, 0x000001fa0df87860,
0x000001fa0728f000, 0x000001fa0e4a98d0, 0x000001fa044077d0, 0x000001fa0d0387b0
}

Java Threads: ( => current thread )
  0x000001fa1eae2c40 JavaThread "main"                              [_thread_blocked, id=56220, stack(0x000000900e800000,0x000000900e900000) (1024K)]
  0x000001fa7c14be00 JavaThread "Reference Handler"          daemon [_thread_blocked, id=61000, stack(0x000000900f500000,0x000000900f600000) (1024K)]
  0x000001fa7c14e860 JavaThread "Finalizer"                  daemon [_thread_blocked, id=39016, stack(0x000000900f600000,0x000000900f700000) (1024K)]
  0x000001fa7c1542f0 JavaThread "Signal Dispatcher"          daemon [_thread_blocked, id=61904, stack(0x000000900f700000,0x000000900f800000) (1024K)]
  0x000001fa7c158d50 JavaThread "Attach Listener"            daemon [_thread_blocked, id=52124, stack(0x000000900f800000,0x000000900f900000) (1024K)]
  0x000001fa7c17b7c0 JavaThread "Service Thread"             daemon [_thread_blocked, id=61564, stack(0x000000900f900000,0x000000900fa00000) (1024K)]
  0x000001fa7c17c260 JavaThread "Monitor Deflation Thread"   daemon [_thread_blocked, id=57132, stack(0x000000900fa00000,0x000000900fb00000) (1024K)]
  0x000001fa7c187e60 JavaThread "C2 CompilerThread0"         daemon [_thread_blocked, id=61268, stack(0x000000900fb00000,0x000000900fc00000) (1024K)]
  0x000001fa7c1a8910 JavaThread "C1 CompilerThread0"         daemon [_thread_blocked, id=39044, stack(0x000000900fc00000,0x000000900fd00000) (1024K)]
  0x000001fa7c17c8f0 JavaThread "Common-Cleaner"             daemon [_thread_blocked, id=50900, stack(0x000000900fd00000,0x000000900fe00000) (1024K)]
  0x000001fa7c17e330 JavaThread "Notification Thread"        daemon [_thread_blocked, id=39340, stack(0x000000900fe00000,0x000000900ff00000) (1024K)]
  0x000001fa7c17d610 JavaThread "Daemon health stats"               [_thread_blocked, id=39668, stack(0x0000009010500000,0x0000009010600000) (1024K)]
  0x000001fa7c17dca0 JavaThread "Incoming local TCP Connector on port 53766"        [_thread_in_native, id=61788, stack(0x0000009010600000,0x0000009010700000) (1024K)]
  0x000001fa7c17e9c0 JavaThread "Daemon periodic checks"            [_thread_blocked, id=54500, stack(0x0000009010700000,0x0000009010800000) (1024K)]
  0x000001fa7c17f050 JavaThread "Daemon"                            [_thread_blocked, id=59184, stack(0x0000009010800000,0x0000009010900000) (1024K)]
  0x000001fa7deb6d30 JavaThread "Handler for socket connection from /127.0.0.1:53766 to /127.0.0.1:53767"        [_thread_in_native, id=24312, stack(0x0000009010900000,0x0000009010a00000) (1024K)]
  0x000001fa7deb52f0 JavaThread "Cancel handler"                    [_thread_blocked, id=60316, stack(0x0000009010a00000,0x0000009010b00000) (1024K)]
  0x000001fa7deb5980 JavaThread "Daemon worker"                     [_thread_blocked, id=55156, stack(0x0000009010b00000,0x0000009010c00000) (1024K)]
  0x000001fa7deb73c0 JavaThread "Asynchronous log dispatcher for DefaultDaemonConnection: socket connection from /127.0.0.1:53766 to /127.0.0.1:53767"        [_thread_blocked, id=62396, stack(0x0000009010c00000,0x0000009010d00000) (1024K)]
  0x000001fa7deb8770 JavaThread "Stdin handler"                     [_thread_blocked, id=58020, stack(0x0000009010d00000,0x0000009010e00000) (1024K)]
  0x000001fa7deb80e0 JavaThread "Daemon client event forwarder"        [_thread_blocked, id=52664, stack(0x0000009010e00000,0x0000009010f00000) (1024K)]
  0x000001fa7deb8e00 JavaThread "Cache worker for journal cache (C:\Users\DELL\.gradle\caches\journal-1)"        [_thread_blocked, id=54808, stack(0x0000009010f00000,0x0000009011000000) (1024K)]
  0x000001fa7deb9490 JavaThread "File lock request listener"        [_thread_in_native, id=61248, stack(0x0000009011000000,0x0000009011100000) (1024K)]
  0x000001fa7deb6010 JavaThread "Cache worker for file hash cache (C:\Users\DELL\.gradle\caches\9.3.1\fileHashes)"        [_thread_blocked, id=59820, stack(0x0000009011100000,0x0000009011200000) (1024K)]
  0x000001fa7deb9b20 JavaThread "Cache worker for file hash cache (D:\MEox\UITer\DOAN\Mosco\client\.gradle\9.3.1\fileHashes)"        [_thread_blocked, id=61288, stack(0x0000009011900000,0x0000009011a00000) (1024K)]
  0x000001fa7deb7a50 JavaThread "Cache worker for Build Output Cleanup Cache (D:\MEox\UITer\DOAN\Mosco\client\.gradle\buildOutputCleanup)"        [_thread_blocked, id=55500, stack(0x0000009011a00000,0x0000009011b00000) (1024K)]
  0x000001fa7deb66a0 JavaThread "File watcher server"        daemon [_thread_blocked, id=54840, stack(0x0000009011200000,0x0000009011300000) (1024K)]
  0x000001fa7debb560 JavaThread "File watcher consumer"      daemon [_thread_blocked, id=61836, stack(0x0000009011b00000,0x0000009011c00000) (1024K)]
  0x000001fa7deba1b0 JavaThread "Cache worker for checksums cache (D:\MEox\UITer\DOAN\Mosco\client\.gradle\9.3.1\checksums)"        [_thread_blocked, id=58336, stack(0x0000009011c00000,0x0000009011d00000) (1024K)]
  0x000001fa7debbbf0 JavaThread "Cache worker for file content cache (C:\Users\DELL\.gradle\caches\9.3.1\fileContent)"        [_thread_blocked, id=58932, stack(0x000000900ff00000,0x0000009010000000) (1024K)]
  0x000001fa7deba840 JavaThread "Cache worker for cache directory md-supplier (C:\Users\DELL\.gradle\caches\9.3.1\md-supplier)"        [_thread_blocked, id=61580, stack(0x0000009011d00000,0x0000009011e00000) (1024K)]
  0x000001fa7debaed0 JavaThread "Cache worker for cache directory md-rule (C:\Users\DELL\.gradle\caches\9.3.1\md-rule)"        [_thread_blocked, id=59824, stack(0x0000009011e00000,0x0000009011f00000) (1024K)]
  0x000001fa0596ead0 JavaThread "jar transforms"                    [_thread_blocked, id=51268, stack(0x0000009012000000,0x0000009012100000) (1024K)]
  0x000001fa0596fe80 JavaThread "Unconstrained build operations"        [_thread_blocked, id=39064, stack(0x0000009012100000,0x0000009012200000) (1024K)]
  0x000001fa0596d720 JavaThread "Unconstrained build operations Thread 2"        [_thread_blocked, id=24416, stack(0x0000009012200000,0x0000009012300000) (1024K)]
  0x000001fa0596ddb0 JavaThread "Unconstrained build operations Thread 3"        [_thread_blocked, id=39884, stack(0x0000009012300000,0x0000009012400000) (1024K)]
  0x000001fa05970510 JavaThread "jar transforms Thread 2"           [_thread_blocked, id=60376, stack(0x0000009012500000,0x0000009012600000) (1024K)]
  0x000001fa0596f160 JavaThread "jar transforms Thread 3"           [_thread_blocked, id=61568, stack(0x0000009012600000,0x0000009012700000) (1024K)]
  0x000001fa0596f7f0 JavaThread "Unconstrained build operations Thread 4"        [_thread_blocked, id=54996, stack(0x0000009012700000,0x0000009012800000) (1024K)]
  0x000001fa0596e440 JavaThread "Unconstrained build operations Thread 5"        [_thread_blocked, id=58340, stack(0x0000009012800000,0x0000009012900000) (1024K)]
  0x000001fa0596d090 JavaThread "Unconstrained build operations Thread 6"        [_thread_blocked, id=57468, stack(0x0000009012900000,0x0000009012a00000) (1024K)]
  0x000001fa059718c0 JavaThread "Unconstrained build operations Thread 7"        [_thread_blocked, id=38660, stack(0x0000009012a00000,0x0000009012b00000) (1024K)]
  0x000001fa05974020 JavaThread "Unconstrained build operations Thread 8"        [_thread_blocked, id=56768, stack(0x0000009012b00000,0x0000009012c00000) (1024K)]
  0x000001fa05971f50 JavaThread "Unconstrained build operations Thread 9"        [_thread_blocked, id=61060, stack(0x0000009012c00000,0x0000009012d00000) (1024K)]
  0x000001fa05973300 JavaThread "Unconstrained build operations Thread 10"        [_thread_blocked, id=59764, stack(0x0000009012d00000,0x0000009012e00000) (1024K)]
  0x000001fa05973990 JavaThread "Unconstrained build operations Thread 11"        [_thread_blocked, id=60188, stack(0x0000009012e00000,0x0000009012f00000) (1024K)]
  0x000001fa059725e0 JavaThread "Unconstrained build operations Thread 12"        [_thread_blocked, id=58400, stack(0x0000009012f00000,0x0000009013000000) (1024K)]
  0x000001fa05970ba0 JavaThread "Unconstrained build operations Thread 13"        [_thread_blocked, id=39760, stack(0x0000009013000000,0x0000009013100000) (1024K)]
  0x000001fa05972c70 JavaThread "Unconstrained build operations Thread 14"        [_thread_blocked, id=47464, stack(0x0000009013100000,0x0000009013200000) (1024K)]
  0x000001fa059746b0 JavaThread "Unconstrained build operations Thread 15"        [_thread_blocked, id=53820, stack(0x0000009013200000,0x0000009013300000) (1024K)]
  0x000001fa05971230 JavaThread "Unconstrained build operations Thread 16"        [_thread_blocked, id=44808, stack(0x0000009013300000,0x0000009013400000) (1024K)]
  0x000001fa7f4030c0 JavaThread "Unconstrained build operations Thread 17"        [_thread_blocked, id=52316, stack(0x0000009013400000,0x0000009013500000) (1024K)]
  0x000001fa7f403750 JavaThread "Unconstrained build operations Thread 18"        [_thread_blocked, id=61864, stack(0x0000009013500000,0x0000009013600000) (1024K)]
  0x000001fa7f403de0 JavaThread "Unconstrained build operations Thread 19"        [_thread_blocked, id=55668, stack(0x0000009013600000,0x0000009013700000) (1024K)]
  0x000001fa7f404470 JavaThread "Unconstrained build operations Thread 20"        [_thread_blocked, id=55872, stack(0x0000009013700000,0x0000009013800000) (1024K)]
  0x000001fa7f401d10 JavaThread "Unconstrained build operations Thread 21"        [_thread_blocked, id=45480, stack(0x0000009013800000,0x0000009013900000) (1024K)]
  0x000001fa7f404b00 JavaThread "Unconstrained build operations Thread 22"        [_thread_blocked, id=61916, stack(0x0000009013900000,0x0000009013a00000) (1024K)]
  0x000001fa7f401680 JavaThread "Unconstrained build operations Thread 23"        [_thread_blocked, id=43628, stack(0x0000009013a00000,0x0000009013b00000) (1024K)]
  0x000001fa7f405190 JavaThread "Unconstrained build operations Thread 24"        [_thread_blocked, id=29508, stack(0x0000009013b00000,0x0000009013c00000) (1024K)]
  0x000001fa7f402a30 JavaThread "Unconstrained build operations Thread 25"        [_thread_blocked, id=62148, stack(0x0000009013c00000,0x0000009013d00000) (1024K)]
  0x000001fa7f405820 JavaThread "Unconstrained build operations Thread 26"        [_thread_blocked, id=61900, stack(0x0000009013d00000,0x0000009013e00000) (1024K)]
  0x000001fa7f4023a0 JavaThread "Unconstrained build operations Thread 27"        [_thread_blocked, id=61776, stack(0x0000009013e00000,0x0000009013f00000) (1024K)]
  0x000001fa7f406540 JavaThread "Unconstrained build operations Thread 28"        [_thread_blocked, id=49648, stack(0x0000009013f00000,0x0000009014000000) (1024K)]
  0x000001fa7f405eb0 JavaThread "Unconstrained build operations Thread 29"        [_thread_blocked, id=60040, stack(0x0000009014000000,0x0000009014100000) (1024K)]
  0x000001fa7f407260 JavaThread "Unconstrained build operations Thread 30"        [_thread_blocked, id=62012, stack(0x0000009014100000,0x0000009014200000) (1024K)]
  0x000001fa7f407f80 JavaThread "Unconstrained build operations Thread 31"        [_thread_blocked, id=59892, stack(0x0000009014200000,0x0000009014300000) (1024K)]
  0x000001fa7f406bd0 JavaThread "Unconstrained build operations Thread 32"        [_thread_blocked, id=61832, stack(0x0000009014300000,0x0000009014400000) (1024K)]
  0x000001fa7f4078f0 JavaThread "Unconstrained build operations Thread 33"        [_thread_blocked, id=61708, stack(0x0000009014400000,0x0000009014500000) (1024K)]
  0x000001fa7f408ca0 JavaThread "Unconstrained build operations Thread 34"        [_thread_blocked, id=61908, stack(0x0000009014500000,0x0000009014600000) (1024K)]
  0x000001fa7f408610 JavaThread "Unconstrained build operations Thread 35"        [_thread_blocked, id=58844, stack(0x0000009014600000,0x0000009014700000) (1024K)]
  0x000001fa7e22a1b0 JavaThread "Unconstrained build operations Thread 36"        [_thread_blocked, id=51516, stack(0x0000009014700000,0x0000009014800000) (1024K)]
  0x000001fa7e22c280 JavaThread "jar transforms Thread 4"           [_thread_blocked, id=58004, stack(0x0000009012400000,0x0000009012500000) (1024K)]
  0x000001fa7e229490 JavaThread "jar transforms Thread 5"           [_thread_blocked, id=59160, stack(0x0000009014800000,0x0000009014900000) (1024K)]
  0x000001fa7e228e00 JavaThread "Memory manager"                    [_thread_blocked, id=62416, stack(0x0000009014900000,0x0000009014a00000) (1024K)]
  0x000001fa7e22c910 JavaThread "build event listener"              [_thread_blocked, id=47904, stack(0x0000009014a00000,0x0000009014b00000) (1024K)]
  0x000001fa7c17f6e0 JavaThread "jar transforms Thread 6"           [_thread_blocked, id=53748, stack(0x0000009014b00000,0x0000009014c00000) (1024K)]
  0x000001fa04336ea0 JavaThread "Problems report writer"            [_thread_blocked, id=60060, stack(0x0000009014c00000,0x0000009014d00000) (1024K)]
  0x000001fa7e22aed0 JavaThread "pool-3-thread-1"                   [_thread_blocked, id=62208, stack(0x0000009014d00000,0x0000009014e00000) (1024K)]
  0x000001fa7e22e9e0 JavaThread "build event listener"              [_thread_blocked, id=45968, stack(0x0000009014e00000,0x0000009014f00000) (1024K)]
  0x000001fa060d55d0 JavaThread "included builds"                   [_thread_blocked, id=39664, stack(0x0000009014f00000,0x0000009015000000) (1024K)]
  0x000001fa060d62f0 JavaThread "Execution worker"                  [_thread_blocked, id=60668, stack(0x0000009015000000,0x0000009015100000) (1024K)]
  0x000001fa060d5c60 JavaThread "Execution worker Thread 2"         [_thread_blocked, id=32108, stack(0x0000009015100000,0x0000009015200000) (1024K)]
  0x000001fa04338250 JavaThread "Execution worker Thread 3"         [_thread_blocked, id=61128, stack(0x0000009015200000,0x0000009015300000) (1024K)]
  0x000001fa04336180 JavaThread "Execution worker Thread 4"         [_thread_blocked, id=43596, stack(0x0000009015300000,0x0000009015400000) (1024K)]
  0x000001fa08040d80 JavaThread "Execution worker Thread 5"         [_thread_blocked, id=61536, stack(0x0000009015400000,0x0000009015500000) (1024K)]
  0x000001fa08042e50 JavaThread "Execution worker Thread 6"         [_thread_blocked, id=61484, stack(0x0000009015500000,0x0000009015600000) (1024K)]
  0x000001fa08041410 JavaThread "Execution worker Thread 7"         [_thread_blocked, id=61768, stack(0x0000009015600000,0x0000009015700000) (1024K)]
  0x000001fa080434e0 JavaThread "Execution worker Thread 8"         [_thread_blocked, id=60268, stack(0x0000009015700000,0x0000009015800000) (1024K)]
  0x000001fa080406f0 JavaThread "Execution worker Thread 9"         [_thread_blocked, id=56712, stack(0x0000009015800000,0x0000009015900000) (1024K)]
  0x000001fa08041aa0 JavaThread "Execution worker Thread 10"        [_thread_blocked, id=58796, stack(0x0000009015900000,0x0000009015a00000) (1024K)]
  0x000001fa08042130 JavaThread "Execution worker Thread 11"        [_thread_blocked, id=54252, stack(0x0000009015a00000,0x0000009015b00000) (1024K)]
  0x000001fa08040060 JavaThread "Cache worker for execution history cache (D:\MEox\UITer\DOAN\Mosco\client\.gradle\9.3.1\executionHistory)"        [_thread_blocked, id=56816, stack(0x0000009015b00000,0x0000009015c00000) (1024K)]
  0x000001fa08043b70 JavaThread "Unconstrained build operations Thread 37"        [_thread_blocked, id=57348, stack(0x0000009015c00000,0x0000009015d00000) (1024K)]
  0x000001fa08045c40 JavaThread "Unconstrained build operations Thread 38"        [_thread_blocked, id=61988, stack(0x0000009015d00000,0x0000009015e00000) (1024K)]
  0x000001fa08044f20 JavaThread "Unconstrained build operations Thread 39"        [_thread_blocked, id=58536, stack(0x0000009015e00000,0x0000009015f00000) (1024K)]
  0x000001fa08044200 JavaThread "Unconstrained build operations Thread 40"        [_thread_blocked, id=53064, stack(0x0000009015f00000,0x0000009016000000) (1024K)]
  0x000001fa080427c0 JavaThread "Unconstrained build operations Thread 41"        [_thread_blocked, id=58524, stack(0x0000009016000000,0x0000009016100000) (1024K)]
  0x000001fa080455b0 JavaThread "Unconstrained build operations Thread 42"        [_thread_blocked, id=61164, stack(0x0000009016100000,0x0000009016200000) (1024K)]
  0x000001fa080462d0 JavaThread "Unconstrained build operations Thread 43"        [_thread_blocked, id=55208, stack(0x0000009016200000,0x0000009016300000) (1024K)]
  0x000001fa08047680 JavaThread "Unconstrained build operations Thread 44"        [_thread_blocked, id=61892, stack(0x0000009016300000,0x0000009016400000) (1024K)]
  0x000001fa08044890 JavaThread "Unconstrained build operations Thread 45"        [_thread_blocked, id=60732, stack(0x0000009016400000,0x0000009016500000) (1024K)]
  0x000001fa08046960 JavaThread "Unconstrained build operations Thread 46"        [_thread_blocked, id=59456, stack(0x0000009016500000,0x0000009016600000) (1024K)]
  0x000001fa08046ff0 JavaThread "Unconstrained build operations Thread 47"        [_thread_blocked, id=8392, stack(0x0000009016600000,0x0000009016700000) (1024K)]
  0x000001fa04faba40 JavaThread "Unconstrained build operations Thread 48"        [_thread_blocked, id=61728, stack(0x0000009016700000,0x0000009016800000) (1024K)]
  0x000001fa04faa690 JavaThread "Unconstrained build operations Thread 49"        [_thread_blocked, id=56256, stack(0x0000009016800000,0x0000009016900000) (1024K)]
  0x000001fa04fab3b0 JavaThread "Unconstrained build operations Thread 50"        [_thread_blocked, id=60604, stack(0x0000009016900000,0x0000009016a00000) (1024K)]
  0x000001fa04faad20 JavaThread "Unconstrained build operations Thread 51"        [_thread_blocked, id=62308, stack(0x0000009016a00000,0x0000009016b00000) (1024K)]
  0x000001fa04fac0d0 JavaThread "Unconstrained build operations Thread 52"        [_thread_blocked, id=27412, stack(0x0000009016b00000,0x0000009016c00000) (1024K)]
  0x000001fa04fac760 JavaThread "Unconstrained build operations Thread 53"        [_thread_blocked, id=58088, stack(0x0000009016c00000,0x0000009016d00000) (1024K)]
  0x000001fa04fa92e0 JavaThread "Unconstrained build operations Thread 54"        [_thread_blocked, id=57104, stack(0x0000009016d00000,0x0000009016e00000) (1024K)]
  0x000001fa04facdf0 JavaThread "Unconstrained build operations Thread 55"        [_thread_blocked, id=62188, stack(0x0000009016e00000,0x0000009016f00000) (1024K)]
  0x000001fa04fa9970 JavaThread "Unconstrained build operations Thread 56"        [_thread_blocked, id=62028, stack(0x0000009016f00000,0x0000009017000000) (1024K)]
  0x000001fa04fad480 JavaThread "Unconstrained build operations Thread 57"        [_thread_blocked, id=59088, stack(0x0000009017000000,0x0000009017100000) (1024K)]
  0x000001fa04faa000 JavaThread "Unconstrained build operations Thread 58"        [_thread_blocked, id=47488, stack(0x0000009017100000,0x0000009017200000) (1024K)]
  0x000001fa04fae830 JavaThread "Unconstrained build operations Thread 59"        [_thread_blocked, id=60992, stack(0x0000009017200000,0x0000009017300000) (1024K)]
  0x000001fa04fadb10 JavaThread "Unconstrained build operations Thread 60"        [_thread_blocked, id=60540, stack(0x0000009017300000,0x0000009017400000) (1024K)]
  0x000001fa04fae1a0 JavaThread "Unconstrained build operations Thread 61"        [_thread_blocked, id=51300, stack(0x0000009017400000,0x0000009017500000) (1024K)]
  0x000001fa04fb0270 JavaThread "Unconstrained build operations Thread 62"        [_thread_blocked, id=54560, stack(0x0000009017500000,0x0000009017600000) (1024K)]
  0x000001fa04faeec0 JavaThread "Unconstrained build operations Thread 63"        [_thread_blocked, id=54820, stack(0x0000009017600000,0x0000009017700000) (1024K)]
  0x000001fa04faf550 JavaThread "Unconstrained build operations Thread 64"        [_thread_blocked, id=51568, stack(0x0000009017700000,0x0000009017800000) (1024K)]
  0x000001fa04fafbe0 JavaThread "Unconstrained build operations Thread 65"        [_thread_blocked, id=61644, stack(0x0000009017800000,0x0000009017900000) (1024K)]
  0x000001fa060cf360 JavaThread "Unconstrained build operations Thread 66"        [_thread_blocked, id=61104, stack(0x0000009017900000,0x0000009017a00000) (1024K)]
  0x000001fa060d0080 JavaThread "Unconstrained build operations Thread 67"        [_thread_blocked, id=58540, stack(0x0000009017a00000,0x0000009017b00000) (1024K)]
  0x000001fa060d1430 JavaThread "Unconstrained build operations Thread 68"        [_thread_blocked, id=61520, stack(0x0000009017b00000,0x0000009017c00000) (1024K)]
  0x000001fa060d2150 JavaThread "Unconstrained build operations Thread 69"        [_thread_blocked, id=60896, stack(0x0000009017c00000,0x0000009017d00000) (1024K)]
  0x000001fa060cecd0 JavaThread "Unconstrained build operations Thread 70"        [_thread_blocked, id=62388, stack(0x0000009017d00000,0x0000009017e00000) (1024K)]
  0x000001fa060d4f40 JavaThread "Unconstrained build operations Thread 71"        [_thread_blocked, id=60952, stack(0x0000009017e00000,0x0000009017f00000) (1024K)]
  0x000001fa060d27e0 JavaThread "Cache worker for Java compile cache (C:\Users\DELL\.gradle\caches\9.3.1\javaCompile)"        [_thread_blocked, id=34696, stack(0x0000009017f00000,0x0000009018000000) (1024K)]
  0x000001fa084e1920 JavaThread "Build operations"                  [_thread_blocked, id=42696, stack(0x0000009011f00000,0x0000009012000000) (1024K)]
  0x000001fa084e2cd0 JavaThread "Build operations Thread 2"         [_thread_blocked, id=55284, stack(0x0000009018000000,0x0000009018100000) (1024K)]
  0x000001fa084e1fb0 JavaThread "Build operations Thread 3"         [_thread_blocked, id=57200, stack(0x0000009018100000,0x0000009018200000) (1024K)]
  0x000001fa04406ab0 JavaThread "Build operations Thread 4"         [_thread_blocked, id=49248, stack(0x0000009018200000,0x0000009018300000) (1024K)]
  0x000001fa04407140 JavaThread "Build operations Thread 5"         [_thread_blocked, id=59580, stack(0x0000009018300000,0x0000009018400000) (1024K)]
  0x000001fa04984060 JavaThread "Build operations Thread 6"         [_thread_blocked, id=59536, stack(0x0000009018400000,0x0000009018500000) (1024K)]
  0x000001fa049867c0 JavaThread "Build operations Thread 7"         [_thread_blocked, id=46640, stack(0x0000009018500000,0x0000009018600000) (1024K)]
  0x000001fa04986e50 JavaThread "Build operations Thread 8"         [_thread_blocked, id=59548, stack(0x0000009018600000,0x0000009018700000) (1024K)]
  0x000001fa04985410 JavaThread "Build operations Thread 9"         [_thread_blocked, id=59552, stack(0x0000009018700000,0x0000009018800000) (1024K)]
  0x000001fa04986130 JavaThread "Build operations Thread 10"        [_thread_blocked, id=59544, stack(0x0000009018800000,0x0000009018900000) (1024K)]
  0x000001fa04988070 JavaThread "Build operations Thread 11"        [_thread_blocked, id=61356, stack(0x0000009018900000,0x0000009018a00000) (1024K)]
  0x000001fa0d460cc0 JavaThread "Unconstrained build operations Thread 72"        [_thread_blocked, id=56388, stack(0x0000009018b00000,0x0000009018c00000) (1024K)]
  0x000001fa0d460630 JavaThread "Unconstrained build operations Thread 73"        [_thread_blocked, id=59364, stack(0x0000009018c00000,0x0000009018d00000) (1024K)]
  0x000001fa0d461350 JavaThread "Unconstrained build operations Thread 74"        [_thread_blocked, id=23152, stack(0x0000009018d00000,0x0000009018e00000) (1024K)]
  0x000001fa0d45ebf0 JavaThread "Unconstrained build operations Thread 75"        [_thread_blocked, id=60556, stack(0x0000009018e00000,0x0000009018f00000) (1024K)]
  0x000001fa0d45f280 JavaThread "Unconstrained build operations Thread 76"        [_thread_blocked, id=49404, stack(0x0000009018f00000,0x0000009019000000) (1024K)]
  0x000001fa0d4619e0 JavaThread "Unconstrained build operations Thread 77"        [_thread_blocked, id=59688, stack(0x0000009019000000,0x0000009019100000) (1024K)]
  0x000001fa0d45f910 JavaThread "Unconstrained build operations Thread 78"        [_thread_blocked, id=19632, stack(0x0000009019100000,0x0000009019200000) (1024K)]
  0x000001fa0d45ffa0 JavaThread "Unconstrained build operations Thread 79"        [_thread_blocked, id=61748, stack(0x0000009019200000,0x0000009019300000) (1024K)]
  0x000001fa08a7e7c0 JavaThread "Unconstrained build operations Thread 80"        [_thread_blocked, id=56356, stack(0x0000009019300000,0x0000009019400000) (1024K)]
  0x000001fa08a7f4e0 JavaThread "Unconstrained build operations Thread 81"        [_thread_blocked, id=56708, stack(0x0000009019400000,0x0000009019500000) (1024K)]
  0x000001fa08a7ee50 JavaThread "Unconstrained build operations Thread 82"        [_thread_blocked, id=52356, stack(0x0000009019500000,0x0000009019600000) (1024K)]
  0x000001fa08a7e130 JavaThread "Unconstrained build operations Thread 83"        [_thread_blocked, id=51056, stack(0x0000009019600000,0x0000009019700000) (1024K)]
  0x000001fa06f8e590 JavaThread "Unconstrained build operations Thread 84"        [_thread_blocked, id=62176, stack(0x0000009019700000,0x0000009019800000) (1024K)]
  0x000001fa06f8f2b0 JavaThread "Unconstrained build operations Thread 85"        [_thread_blocked, id=49352, stack(0x0000009019800000,0x0000009019900000) (1024K)]
  0x000001fa06f8ec20 JavaThread "Unconstrained build operations Thread 86"        [_thread_blocked, id=36060, stack(0x0000009019900000,0x0000009019a00000) (1024K)]
  0x000001fa06f8df00 JavaThread "Unconstrained build operations Thread 87"        [_thread_blocked, id=62288, stack(0x0000009019a00000,0x0000009019b00000) (1024K)]
  0x000001fa0484f2c0 JavaThread "Unconstrained build operations Thread 88"        [_thread_blocked, id=59956, stack(0x0000009019b00000,0x0000009019c00000) (1024K)]
  0x000001fa0484f950 JavaThread "Unconstrained build operations Thread 89"        [_thread_blocked, id=50248, stack(0x0000009019c00000,0x0000009019d00000) (1024K)]
  0x000001fa04850670 JavaThread "Unconstrained build operations Thread 90"        [_thread_blocked, id=59648, stack(0x0000009019d00000,0x0000009019e00000) (1024K)]
  0x000001fa0484ffe0 JavaThread "Unconstrained build operations Thread 91"        [_thread_blocked, id=31136, stack(0x0000009019e00000,0x0000009019f00000) (1024K)]
  0x000001fa0d2c32e0 JavaThread "Unconstrained build operations Thread 92"        [_thread_blocked, id=57300, stack(0x0000009019f00000,0x000000901a000000) (1024K)]
  0x000001fa0d2c3970 JavaThread "Unconstrained build operations Thread 93"        [_thread_blocked, id=51428, stack(0x000000901a000000,0x000000901a100000) (1024K)]
  0x000001fa049846f0 JavaThread "WorkerExecutor Queue"              [_thread_blocked, id=59036, stack(0x000000901a100000,0x000000901a200000) (1024K)]
  0x000001fa06334ef0 JavaThread "Unconstrained build operations Thread 94"        [_thread_blocked, id=58824, stack(0x000000901a200000,0x000000901a300000) (1024K)]
  0x000001fa06335c10 JavaThread "Unconstrained build operations Thread 95"        [_thread_blocked, id=53632, stack(0x000000901a300000,0x000000901a400000) (1024K)]
  0x000001fa06335580 JavaThread "Unconstrained build operations Thread 96"        [_thread_blocked, id=61872, stack(0x000000901a400000,0x000000901a500000) (1024K)]
  0x000001fa7e5f2390 JavaThread "Unconstrained build operations Thread 97"        [_thread_blocked, id=55748, stack(0x000000901a500000,0x000000901a600000) (1024K)]
  0x000001fa7e5f30b0 JavaThread "Unconstrained build operations Thread 98"        [_thread_blocked, id=43064, stack(0x000000901a600000,0x000000901a700000) (1024K)]
  0x000001fa7e5f1d00 JavaThread "Unconstrained build operations Thread 99"        [_thread_blocked, id=53360, stack(0x000000901a700000,0x000000901a800000) (1024K)]
  0x000001fa0d2c4000 JavaThread "Unconstrained build operations Thread 100"        [_thread_blocked, id=12236, stack(0x000000901a800000,0x000000901a900000) (1024K)]
  0x000001fa0d2c2c50 JavaThread "Unconstrained build operations Thread 101"        [_thread_blocked, id=59744, stack(0x000000901a900000,0x000000901aa00000) (1024K)]
  0x000001fa7e5f2a20 JavaThread "Unconstrained build operations Thread 102"        [_thread_blocked, id=59176, stack(0x000000901aa00000,0x000000901ab00000) (1024K)]
  0x000001fa7e5f3dd0 JavaThread "Unconstrained build operations Thread 103"        [_thread_blocked, id=18112, stack(0x000000901ab00000,0x000000901ac00000) (1024K)]
  0x000001fa084e2640 JavaThread "Unconstrained build operations Thread 104"        [_thread_blocked, id=60780, stack(0x000000901ac00000,0x000000901ad00000) (1024K)]
  0x000001fa05b72d90 JavaThread "Unconstrained build operations Thread 105"        [_thread_blocked, id=49676, stack(0x000000901ad00000,0x000000901ae00000) (1024K)]
  0x000001fa05b72070 JavaThread "Unconstrained build operations Thread 106"        [_thread_blocked, id=48852, stack(0x000000901ae00000,0x000000901af00000) (1024K)]
  0x000001fa05b72700 JavaThread "Unconstrained build operations Thread 107"        [_thread_blocked, id=48124, stack(0x000000901af00000,0x000000901b000000) (1024K)]
  0x000001fa05b73420 JavaThread "Unconstrained build operations Thread 108"        [_thread_blocked, id=55216, stack(0x000000901b000000,0x000000901b100000) (1024K)]
  0x000001fa06d01d90 JavaThread "Unconstrained build operations Thread 109"        [_thread_blocked, id=40008, stack(0x000000901b100000,0x000000901b200000) (1024K)]
  0x000001fa049874e0 JavaThread "Unconstrained build operations Thread 110"        [_thread_blocked, id=39124, stack(0x000000901b200000,0x000000901b300000) (1024K)]
  0x000001fa04984d80 JavaThread "Unconstrained build operations Thread 111"        [_thread_blocked, id=56060, stack(0x000000901b300000,0x000000901b400000) (1024K)]
  0x000001fa04985aa0 JavaThread "Unconstrained build operations Thread 112"        [_thread_blocked, id=54816, stack(0x000000901b400000,0x000000901b500000) (1024K)]
  0x000001fa06f88880 JavaThread "Unconstrained build operations Thread 113"        [_thread_blocked, id=59508, stack(0x000000901b500000,0x000000901b600000) (1024K)]
  0x000001fa06f881f0 JavaThread "Unconstrained build operations Thread 114"        [_thread_blocked, id=62100, stack(0x000000901b600000,0x000000901b700000) (1024K)]
  0x000001fa06f87b60 JavaThread "Unconstrained build operations Thread 115"        [_thread_blocked, id=61492, stack(0x000000901b700000,0x000000901b800000) (1024K)]
  0x000001fa06d00350 JavaThread "WorkerExecutor Queue Thread 2"        [_thread_blocked, id=44488, stack(0x000000901b800000,0x000000901b900000) (1024K)]
  0x000001fa085c1710 JavaThread "WorkerExecutor Queue Thread 3"        [_thread_blocked, id=50796, stack(0x000000901b900000,0x000000901ba00000) (1024K)]
  0x000001fa075982b0 JavaThread "Unconstrained build operations Thread 116"        [_thread_blocked, id=55844, stack(0x000000901ba00000,0x000000901bb00000) (1024K)]
  0x000001fa07598940 JavaThread "Unconstrained build operations Thread 117"        [_thread_blocked, id=27428, stack(0x000000901bb00000,0x000000901bc00000) (1024K)]
  0x000001fa7e5f0fe0 JavaThread "Unconstrained build operations Thread 118"        [_thread_blocked, id=12608, stack(0x000000901bc00000,0x000000901bd00000) (1024K)]
  0x000001fa7e5f3740 JavaThread "Unconstrained build operations Thread 119"        [_thread_blocked, id=40272, stack(0x000000901bd00000,0x000000901be00000) (1024K)]
  0x000001fa7e5f4460 JavaThread "Unconstrained build operations Thread 120"        [_thread_blocked, id=40768, stack(0x000000901be00000,0x000000901bf00000) (1024K)]
  0x000001fa085c1080 JavaThread "WorkerExecutor Queue Thread 4"        [_thread_blocked, id=39112, stack(0x000000901bf00000,0x000000901c000000) (1024K)]
  0x000001fa085c0360 JavaThread "WorkerExecutor Queue Thread 5"        [_thread_blocked, id=39120, stack(0x000000901c000000,0x000000901c100000) (1024K)]
  0x000001fa06f874d0 JavaThread "WorkerExecutor Queue Thread 6"        [_thread_blocked, id=35132, stack(0x000000901c100000,0x000000901c200000) (1024K)]
  0x000001fa7e5f1670 JavaThread "WorkerExecutor Queue Thread 7"        [_thread_blocked, id=32636, stack(0x000000901c200000,0x000000901c300000) (1024K)]
  0x000001fa0d45e560 JavaThread "WorkerExecutor Queue Thread 8"        [_thread_blocked, id=58964, stack(0x000000901c300000,0x000000901c400000) (1024K)]
  0x000001fa0728e2e0 JavaThread "WorkerExecutor Queue Thread 9"        [_thread_blocked, id=39116, stack(0x000000901c400000,0x000000901c500000) (1024K)]
  0x000001fa07597c20 JavaThread "WorkerExecutor Queue Thread 10"        [_thread_blocked, id=48436, stack(0x000000901c500000,0x000000901c600000) (1024K)]
  0x000001fa07598fd0 JavaThread "WorkerExecutor Queue Thread 11"        [_thread_blocked, id=41696, stack(0x000000901c600000,0x000000901c700000) (1024K)]
  0x000001fa0728f690 JavaThread "WorkerExecutor Queue Thread 13"        [_thread_blocked, id=59836, stack(0x000000901c800000,0x000000901c900000) (1024K)]
  0x000001fa063362a0 JavaThread "ForkJoinPool-1-worker-1"    daemon [_thread_blocked, id=60696, stack(0x000000900e100000,0x000000900e200000) (1024K)]
  0x000001fa7c2ae4f0 JavaThread "ForkJoinPool-1-worker-2"    daemon [_thread_blocked, id=59888, stack(0x000000900e200000,0x000000900e300000) (1024K)]
  0x000001fa7c2ade60 JavaThread "ForkJoinPool-1-worker-3"    daemon [_thread_blocked, id=39696, stack(0x000000900e300000,0x000000900e400000) (1024K)]
  0x000001fa04406420 JavaThread "ForkJoinPool-1-worker-4"    daemon [_thread_blocked, id=11024, stack(0x000000901c700000,0x000000901c800000) (1024K)]
  0x000001fa085c09f0 JavaThread "ForkJoinPool-1-worker-6"    daemon [_thread_blocked, id=57028, stack(0x000000901c900000,0x000000901ca00000) (1024K)]
  0x000001fa0e4aac80 JavaThread "ForkJoinPool-1-worker-5"    daemon [_thread_blocked, id=57852, stack(0x000000901ca00000,0x000000901cb00000) (1024K)]
  0x000001fa0df88580 JavaThread "ForkJoinPool-1-worker-7"    daemon [_thread_blocked, id=58920, stack(0x000000901cb00000,0x000000901cc00000) (1024K)]
  0x000001fa0df87860 JavaThread "ForkJoinPool-1-worker-8"    daemon [_thread_blocked, id=61400, stack(0x000000901cc00000,0x000000901cd00000) (1024K)]
  0x000001fa0728f000 JavaThread "ForkJoinPool-1-worker-9"    daemon [_thread_blocked, id=31528, stack(0x000000901cd00000,0x000000901ce00000) (1024K)]
  0x000001fa0e4a98d0 JavaThread "ForkJoinPool-1-worker-10"   daemon [_thread_blocked, id=57556, stack(0x000000901ce00000,0x000000901cf00000) (1024K)]
  0x000001fa044077d0 JavaThread "ForkJoinPool-1-worker-11"   daemon [_thread_blocked, id=57260, stack(0x000000901cf00000,0x000000901d000000) (1024K)]
  0x000001fa0d0387b0 JavaThread "ForkJoinPool-1-worker-12"   daemon [_thread_blocked, id=50532, stack(0x000000901d000000,0x000000901d100000) (1024K)]
Total: 212

Other Threads:
=>0x000001fa7c134140 VMThread "VM Thread"                           [id=59244, stack(0x000000900f400000,0x000000900f500000) (1024K)]
  0x000001fa1e8de4b0 WatcherThread "VM Periodic Task Thread"        [id=61004, stack(0x000000900f300000,0x000000900f400000) (1024K)]
  0x000001fa1e753d50 WorkerThread "GC Thread#0"                     [id=60044, stack(0x000000900ee00000,0x000000900ef00000) (1024K)]
  0x000001fa7c134c20 WorkerThread "GC Thread#1"                     [id=60028, stack(0x0000009010000000,0x0000009010100000) (1024K)]
  0x000001fa7c133a00 WorkerThread "GC Thread#2"                     [id=51068, stack(0x0000009010100000,0x0000009010200000) (1024K)]
  0x000001fa7c134fc0 WorkerThread "GC Thread#3"                     [id=59936, stack(0x0000009010200000,0x0000009010300000) (1024K)]
  0x000001fa7c133da0 WorkerThread "GC Thread#4"                     [id=62348, stack(0x0000009010300000,0x0000009010400000) (1024K)]
  0x000001fa7c1344e0 WorkerThread "GC Thread#5"                     [id=61316, stack(0x0000009010400000,0x0000009010500000) (1024K)]
  0x000001fa7dde4220 WorkerThread "GC Thread#6"                     [id=57736, stack(0x0000009011300000,0x0000009011400000) (1024K)]
  0x000001fa7dde4960 WorkerThread "GC Thread#7"                     [id=60708, stack(0x0000009011400000,0x0000009011500000) (1024K)]
  0x000001fa7dde4d00 WorkerThread "GC Thread#8"                     [id=61952, stack(0x0000009011500000,0x0000009011600000) (1024K)]
  0x000001fa7dde50a0 WorkerThread "GC Thread#9"                     [id=51864, stack(0x0000009011600000,0x0000009011700000) (1024K)]
  0x000001fa1e77b190 ConcurrentGCThread "G1 Main Marker"            [id=56664, stack(0x000000900ef00000,0x000000900f000000) (1024K)]
  0x000001fa1e783b10 WorkerThread "G1 Conc#0"                       [id=60612, stack(0x000000900f000000,0x000000900f100000) (1024K)]
  0x000001fa7dde5440 WorkerThread "G1 Conc#1"                       [id=57240, stack(0x0000009011700000,0x0000009011800000) (1024K)]
  0x000001fa7dde3000 WorkerThread "G1 Conc#2"                       [id=62124, stack(0x0000009011800000,0x0000009011900000) (1024K)]
  0x000001fa1e8d2de0 ConcurrentGCThread "G1 Refine#0"               [id=61920, stack(0x000000900f100000,0x000000900f200000) (1024K)]
  0x000001fa1e8d3600 ConcurrentGCThread "G1 Service"                [id=60400, stack(0x000000900f200000,0x000000900f300000) (1024K)]
Total: 18

Threads with active compile tasks:
C2 CompilerThread0  39996 18994       4       java.lang.invoke.LambdaForm$DMH/0x000001fa3c678000::newInvokeSpecial (28 bytes)
Total: 1

VM state: at safepoint (normal execution)

VM Mutex/Monitor currently owned by a thread:  ([mutex/lock_event])
[0x00007ffa2ea6e308] Threads_lock - owner thread: 0x000001fa7c134140
[0x00007ffa2ea6e408] Heap_lock - owner thread: 0x000001fa1e77b190

Heap address: 0x00000000c0000000, size: 1024 MB, Compressed Oops mode: 32-bit

CDS archive(s) mapped at: [0x000001fa3b000000-0x000001fa3bc80000-0x000001fa3bc80000), size 13107200, SharedBaseAddress: 0x000001fa3b000000, ArchiveRelocationMode: 1.
Compressed class space mapped at: 0x000001fa3c000000-0x000001fa7c000000, reserved size: 1073741824
Narrow klass base: 0x000001fa3b000000, Narrow klass shift: 0, Narrow klass range: 0x100000000

GC Precious Log:
 CardTable entry size: 512
 Card Set container configuration: InlinePtr #cards 5 size 8 Array Of Cards #cards 12 size 40 Howl #buckets 4 coarsen threshold 1843 Howl Bitmap #cards 512 size 80 coarsen threshold 460 Card regions per heap region 1 cards per card region 2048
 CPUs: 12 total, 12 available
 Memory: 16068M
 Large Page Support: Disabled
 NUMA Support: Disabled
 Compressed Oops: Enabled (32-bit)
 Heap Region Size: 1M
 Heap Min Capacity: 8M
 Heap Initial Capacity: 252M
 Heap Max Capacity: 1G
 Pre-touch: Disabled
 Parallel Workers: 10
 Concurrent Workers: 3
 Concurrent Refinement Workers: 10
 Periodic GC: Disabled

Heap:
 garbage-first heap   total 551936K, used 393216K [0x00000000c0000000, 0x0000000100000000)
  region size 1024K, 13 young (13312K), 5 survivors (5120K)
 Metaspace       used 125615K, committed 128192K, reserved 1179648K
  class space    used 17116K, committed 18368K, reserved 1048576K

Heap Regions: E=young(eden), S=young(survivor), O=old, HS=humongous(starts), HC=humongous(continues), CS=collection set, F=free, TAMS=top-at-mark-start, PB=parsable bottom
|   0|0x00000000c0000000, 0x00000000c0100000, 0x00000000c0100000|100%|HS|  |TAMS 0x00000000c0100000| PB 0x00000000c0000000| Complete 
|   1|0x00000000c0100000, 0x00000000c0200000, 0x00000000c0200000|100%|HC|  |TAMS 0x00000000c0200000| PB 0x00000000c0100000| Complete 
|   2|0x00000000c0200000, 0x00000000c0300000, 0x00000000c0300000|100%|HC|  |TAMS 0x00000000c0300000| PB 0x00000000c0200000| Complete 
|   3|0x00000000c0300000, 0x00000000c0400000, 0x00000000c0400000|100%|HC|  |TAMS 0x00000000c0400000| PB 0x00000000c0300000| Complete 
|   4|0x00000000c0400000, 0x00000000c0500000, 0x00000000c0500000|100%| O|  |TAMS 0x00000000c0500000| PB 0x00000000c0500000| Untracked 
|   5|0x00000000c0500000, 0x00000000c0600000, 0x00000000c0600000|100%| O|  |TAMS 0x00000000c0600000| PB 0x00000000c0600000| Untracked 
|   6|0x00000000c0600000, 0x00000000c0700000, 0x00000000c0700000|100%| O|  |TAMS 0x00000000c0700000| PB 0x00000000c0700000| Updating 
|   7|0x00000000c0700000, 0x00000000c0800000, 0x00000000c0800000|100%|HS|  |TAMS 0x00000000c0800000| PB 0x00000000c0700000| Complete 
|   8|0x00000000c0800000, 0x00000000c0900000, 0x00000000c0900000|100%| O|  |TAMS 0x00000000c0900000| PB 0x00000000c0900000| Untracked 
|   9|0x00000000c0900000, 0x00000000c0a00000, 0x00000000c0a00000|100%| O|  |TAMS 0x00000000c0a00000| PB 0x00000000c0a00000| Untracked 
|  10|0x00000000c0a00000, 0x00000000c0b00000, 0x00000000c0b00000|100%| O|  |TAMS 0x00000000c0b00000| PB 0x00000000c0b00000| Updating 
|  11|0x00000000c0b00000, 0x00000000c0c00000, 0x00000000c0c00000|100%| O|  |TAMS 0x00000000c0c00000| PB 0x00000000c0c00000| Updating 
|  12|0x00000000c0c00000, 0x00000000c0d00000, 0x00000000c0d00000|100%| O|  |TAMS 0x00000000c0d00000| PB 0x00000000c0d00000| Untracked 
|  13|0x00000000c0d00000, 0x00000000c0e00000, 0x00000000c0e00000|100%| O|  |TAMS 0x00000000c0e00000| PB 0x00000000c0e00000| Untracked 
|  14|0x00000000c0e00000, 0x00000000c0f00000, 0x00000000c0f00000|100%| O|  |TAMS 0x00000000c0f00000| PB 0x00000000c0f00000| Untracked 
|  15|0x00000000c0f00000, 0x00000000c1000000, 0x00000000c1000000|100%| O|  |TAMS 0x00000000c1000000| PB 0x00000000c1000000| Untracked 
|  16|0x00000000c1000000, 0x00000000c1100000, 0x00000000c1100000|100%| O|  |TAMS 0x00000000c1100000| PB 0x00000000c1100000| Untracked 
|  17|0x00000000c1100000, 0x00000000c1200000, 0x00000000c1200000|100%| O|  |TAMS 0x00000000c1200000| PB 0x00000000c1200000| Untracked 
|  18|0x00000000c1200000, 0x00000000c1300000, 0x00000000c1300000|100%| O|  |TAMS 0x00000000c1300000| PB 0x00000000c1300000| Updating 
|  19|0x00000000c1300000, 0x00000000c1400000, 0x00000000c1400000|100%| O|  |TAMS 0x00000000c1400000| PB 0x00000000c1400000| Untracked 
|  20|0x00000000c1400000, 0x00000000c1500000, 0x00000000c1500000|100%| O|  |TAMS 0x00000000c1500000| PB 0x00000000c1500000| Untracked 
|  21|0x00000000c1500000, 0x00000000c1600000, 0x00000000c1600000|100%| O|  |TAMS 0x00000000c1600000| PB 0x00000000c1600000| Untracked 
|  22|0x00000000c1600000, 0x00000000c1700000, 0x00000000c1700000|100%| O|  |TAMS 0x00000000c1700000| PB 0x00000000c1700000| Untracked 
|  23|0x00000000c1700000, 0x00000000c1800000, 0x00000000c1800000|100%| O|  |TAMS 0x00000000c1800000| PB 0x00000000c1800000| Untracked 
|  24|0x00000000c1800000, 0x00000000c1900000, 0x00000000c1900000|100%| O|  |TAMS 0x00000000c1900000| PB 0x00000000c1900000| Untracked 
|  25|0x00000000c1900000, 0x00000000c1a00000, 0x00000000c1a00000|100%| O|  |TAMS 0x00000000c1a00000| PB 0x00000000c1a00000| Untracked 
|  26|0x00000000c1a00000, 0x00000000c1b00000, 0x00000000c1b00000|100%| O|  |TAMS 0x00000000c1b00000| PB 0x00000000c1b00000| Updating 
|  27|0x00000000c1b00000, 0x00000000c1c00000, 0x00000000c1c00000|100%| O|  |TAMS 0x00000000c1c00000| PB 0x00000000c1c00000| Untracked 
|  28|0x00000000c1c00000, 0x00000000c1d00000, 0x00000000c1d00000|100%| O|  |TAMS 0x00000000c1d00000| PB 0x00000000c1d00000| Untracked 
|  29|0x00000000c1d00000, 0x00000000c1e00000, 0x00000000c1e00000|100%| O|  |TAMS 0x00000000c1e00000| PB 0x00000000c1e00000| Updating 
|  30|0x00000000c1e00000, 0x00000000c1f00000, 0x00000000c1f00000|100%| O|  |TAMS 0x00000000c1f00000| PB 0x00000000c1f00000| Untracked 
|  31|0x00000000c1f00000, 0x00000000c2000000, 0x00000000c2000000|100%| O|  |TAMS 0x00000000c2000000| PB 0x00000000c2000000| Untracked 
|  32|0x00000000c2000000, 0x00000000c2100000, 0x00000000c2100000|100%| O|  |TAMS 0x00000000c2100000| PB 0x00000000c2100000| Untracked 
|  33|0x00000000c2100000, 0x00000000c2200000, 0x00000000c2200000|100%| O|  |TAMS 0x00000000c2200000| PB 0x00000000c2200000| Untracked 
|  34|0x00000000c2200000, 0x00000000c2300000, 0x00000000c2300000|100%| O|  |TAMS 0x00000000c2300000| PB 0x00000000c2300000| Updating 
|  35|0x00000000c2300000, 0x00000000c2400000, 0x00000000c2400000|100%| O|  |TAMS 0x00000000c2400000| PB 0x00000000c2400000| Untracked 
|  36|0x00000000c2400000, 0x00000000c2500000, 0x00000000c2500000|100%| O|  |TAMS 0x00000000c2500000| PB 0x00000000c2500000| Updating 
|  37|0x00000000c2500000, 0x00000000c2600000, 0x00000000c2600000|100%| O|  |TAMS 0x00000000c2600000| PB 0x00000000c2600000| Untracked 
|  38|0x00000000c2600000, 0x00000000c2700000, 0x00000000c2700000|100%| O|  |TAMS 0x00000000c2700000| PB 0x00000000c2700000| Untracked 
|  39|0x00000000c2700000, 0x00000000c2800000, 0x00000000c2800000|100%| O|  |TAMS 0x00000000c2800000| PB 0x00000000c2800000| Untracked 
|  40|0x00000000c2800000, 0x00000000c2900000, 0x00000000c2900000|100%| O|  |TAMS 0x00000000c2900000| PB 0x00000000c2900000| Updating 
|  41|0x00000000c2900000, 0x00000000c2a00000, 0x00000000c2a00000|100%| O|  |TAMS 0x00000000c2a00000| PB 0x00000000c2a00000| Updating 
|  42|0x00000000c2a00000, 0x00000000c2b00000, 0x00000000c2b00000|100%| O|  |TAMS 0x00000000c2b00000| PB 0x00000000c2b00000| Updating 
|  43|0x00000000c2b00000, 0x00000000c2c00000, 0x00000000c2c00000|100%| O|  |TAMS 0x00000000c2c00000| PB 0x00000000c2c00000| Untracked 
|  44|0x00000000c2c00000, 0x00000000c2d00000, 0x00000000c2d00000|100%| O|  |TAMS 0x00000000c2d00000| PB 0x00000000c2d00000| Untracked 
|  45|0x00000000c2d00000, 0x00000000c2e00000, 0x00000000c2e00000|100%| O|  |TAMS 0x00000000c2e00000| PB 0x00000000c2e00000| Untracked 
|  46|0x00000000c2e00000, 0x00000000c2f00000, 0x00000000c2f00000|100%| O|  |TAMS 0x00000000c2f00000| PB 0x00000000c2f00000| Untracked 
|  47|0x00000000c2f00000, 0x00000000c3000000, 0x00000000c3000000|100%| O|  |TAMS 0x00000000c3000000| PB 0x00000000c3000000| Untracked 
|  48|0x00000000c3000000, 0x00000000c3100000, 0x00000000c3100000|100%| O|  |TAMS 0x00000000c3100000| PB 0x00000000c3100000| Updating 
|  49|0x00000000c3100000, 0x00000000c3200000, 0x00000000c3200000|100%| O|  |TAMS 0x00000000c3200000| PB 0x00000000c3200000| Untracked 
|  50|0x00000000c3200000, 0x00000000c3300000, 0x00000000c3300000|100%|HS|  |TAMS 0x00000000c3300000| PB 0x00000000c3200000| Complete 
|  51|0x00000000c3300000, 0x00000000c3400000, 0x00000000c3400000|100%|HS|  |TAMS 0x00000000c3400000| PB 0x00000000c3300000| Complete 
|  52|0x00000000c3400000, 0x00000000c3500000, 0x00000000c3500000|100%|HS|  |TAMS 0x00000000c3500000| PB 0x00000000c3400000| Complete 
|  53|0x00000000c3500000, 0x00000000c3600000, 0x00000000c3600000|100%|HS|  |TAMS 0x00000000c3600000| PB 0x00000000c3500000| Complete 
|  54|0x00000000c3600000, 0x00000000c3700000, 0x00000000c3700000|100%|HC|  |TAMS 0x00000000c3700000| PB 0x00000000c3600000| Complete 
|  55|0x00000000c3700000, 0x00000000c3800000, 0x00000000c3800000|100%|HS|  |TAMS 0x00000000c3800000| PB 0x00000000c3700000| Complete 
|  56|0x00000000c3800000, 0x00000000c3900000, 0x00000000c3900000|100%| O|  |TAMS 0x00000000c3900000| PB 0x00000000c3900000| Untracked 
|  57|0x00000000c3900000, 0x00000000c3a00000, 0x00000000c3a00000|100%| O|  |TAMS 0x00000000c3a00000| PB 0x00000000c3a00000| Untracked 
|  58|0x00000000c3a00000, 0x00000000c3b00000, 0x00000000c3b00000|100%|HS|  |TAMS 0x00000000c3b00000| PB 0x00000000c3a00000| Complete 
|  59|0x00000000c3b00000, 0x00000000c3c00000, 0x00000000c3c00000|100%| O|  |TAMS 0x00000000c3c00000| PB 0x00000000c3c00000| Untracked 
|  60|0x00000000c3c00000, 0x00000000c3d00000, 0x00000000c3d00000|100%|HS|  |TAMS 0x00000000c3d00000| PB 0x00000000c3c00000| Complete 
|  61|0x00000000c3d00000, 0x00000000c3e00000, 0x00000000c3e00000|100%| O|  |TAMS 0x00000000c3e00000| PB 0x00000000c3e00000| Untracked 
|  62|0x00000000c3e00000, 0x00000000c3f00000, 0x00000000c3f00000|100%|HS|  |TAMS 0x00000000c3f00000| PB 0x00000000c3e00000| Complete 
|  63|0x00000000c3f00000, 0x00000000c4000000, 0x00000000c4000000|100%|HC|  |TAMS 0x00000000c4000000| PB 0x00000000c3f00000| Complete 
|  64|0x00000000c4000000, 0x00000000c4100000, 0x00000000c4100000|100%| O|  |TAMS 0x00000000c4100000| PB 0x00000000c4100000| Untracked 
|  65|0x00000000c4100000, 0x00000000c4200000, 0x00000000c4200000|100%| O|  |TAMS 0x00000000c4200000| PB 0x00000000c4200000| Untracked 
|  66|0x00000000c4200000, 0x00000000c4300000, 0x00000000c4300000|100%| O|  |TAMS 0x00000000c4300000| PB 0x00000000c4300000| Untracked 
|  67|0x00000000c4300000, 0x00000000c4400000, 0x00000000c4400000|100%| O|  |TAMS 0x00000000c4400000| PB 0x00000000c4400000| Untracked 
|  68|0x00000000c4400000, 0x00000000c4500000, 0x00000000c4500000|100%| O|  |TAMS 0x00000000c4500000| PB 0x00000000c4500000| Untracked 
|  69|0x00000000c4500000, 0x00000000c4600000, 0x00000000c4600000|100%| O|  |TAMS 0x00000000c4600000| PB 0x00000000c4600000| Untracked 
|  70|0x00000000c4600000, 0x00000000c4700000, 0x00000000c4700000|100%|HS|  |TAMS 0x00000000c4700000| PB 0x00000000c4600000| Complete 
|  71|0x00000000c4700000, 0x00000000c4800000, 0x00000000c4800000|100%| O|  |TAMS 0x00000000c4800000| PB 0x00000000c4800000| Untracked 
|  72|0x00000000c4800000, 0x00000000c4900000, 0x00000000c4900000|100%| O|  |TAMS 0x00000000c4900000| PB 0x00000000c4900000| Untracked 
|  73|0x00000000c4900000, 0x00000000c4a00000, 0x00000000c4a00000|100%| O|  |TAMS 0x00000000c4a00000| PB 0x00000000c4a00000| Untracked 
|  74|0x00000000c4a00000, 0x00000000c4b00000, 0x00000000c4b00000|100%| O|  |TAMS 0x00000000c4b00000| PB 0x00000000c4b00000| Untracked 
|  75|0x00000000c4b00000, 0x00000000c4c00000, 0x00000000c4c00000|100%| O|  |TAMS 0x00000000c4c00000| PB 0x00000000c4c00000| Untracked 
|  76|0x00000000c4c00000, 0x00000000c4d00000, 0x00000000c4d00000|100%| O|  |TAMS 0x00000000c4d00000| PB 0x00000000c4d00000| Untracked 
|  77|0x00000000c4d00000, 0x00000000c4e00000, 0x00000000c4e00000|100%| O|  |TAMS 0x00000000c4e00000| PB 0x00000000c4e00000| Untracked 
|  78|0x00000000c4e00000, 0x00000000c4f00000, 0x00000000c4f00000|100%| O|  |TAMS 0x00000000c4f00000| PB 0x00000000c4f00000| Untracked 
|  79|0x00000000c4f00000, 0x00000000c5000000, 0x00000000c5000000|100%| O|  |TAMS 0x00000000c5000000| PB 0x00000000c5000000| Updating 
|  80|0x00000000c5000000, 0x00000000c5100000, 0x00000000c5100000|100%| O|  |TAMS 0x00000000c5100000| PB 0x00000000c5100000| Updating 
|  81|0x00000000c5100000, 0x00000000c5200000, 0x00000000c5200000|100%| O|  |TAMS 0x00000000c5200000| PB 0x00000000c5200000| Untracked 
|  82|0x00000000c5200000, 0x00000000c5300000, 0x00000000c5300000|100%| O|  |TAMS 0x00000000c5300000| PB 0x00000000c5300000| Untracked 
|  83|0x00000000c5300000, 0x00000000c5400000, 0x00000000c5400000|100%| O|  |TAMS 0x00000000c5400000| PB 0x00000000c5400000| Untracked 
|  84|0x00000000c5400000, 0x00000000c5500000, 0x00000000c5500000|100%| O|  |TAMS 0x00000000c5500000| PB 0x00000000c5500000| Untracked 
|  85|0x00000000c5500000, 0x00000000c5600000, 0x00000000c5600000|100%| O|  |TAMS 0x00000000c5600000| PB 0x00000000c5600000| Untracked 
|  86|0x00000000c5600000, 0x00000000c5700000, 0x00000000c5700000|100%| O|  |TAMS 0x00000000c5700000| PB 0x00000000c5700000| Untracked 
|  87|0x00000000c5700000, 0x00000000c5800000, 0x00000000c5800000|100%| O|  |TAMS 0x00000000c5800000| PB 0x00000000c5800000| Updating 
|  88|0x00000000c5800000, 0x00000000c5900000, 0x00000000c5900000|100%| O|  |TAMS 0x00000000c5900000| PB 0x00000000c5900000| Updating 
|  89|0x00000000c5900000, 0x00000000c5a00000, 0x00000000c5a00000|100%| O|  |TAMS 0x00000000c5a00000| PB 0x00000000c5a00000| Untracked 
|  90|0x00000000c5a00000, 0x00000000c5b00000, 0x00000000c5b00000|100%| O|  |TAMS 0x00000000c5b00000| PB 0x00000000c5b00000| Untracked 
|  91|0x00000000c5b00000, 0x00000000c5c00000, 0x00000000c5c00000|100%| O|  |TAMS 0x00000000c5c00000| PB 0x00000000c5c00000| Untracked 
|  92|0x00000000c5c00000, 0x00000000c5d00000, 0x00000000c5d00000|100%| O|  |TAMS 0x00000000c5d00000| PB 0x00000000c5d00000| Untracked 
|  93|0x00000000c5d00000, 0x00000000c5e00000, 0x00000000c5e00000|100%| O|  |TAMS 0x00000000c5e00000| PB 0x00000000c5e00000| Updating 
|  94|0x00000000c5e00000, 0x00000000c5f00000, 0x00000000c5f00000|100%| O|  |TAMS 0x00000000c5f00000| PB 0x00000000c5f00000| Updating 
|  95|0x00000000c5f00000, 0x00000000c6000000, 0x00000000c6000000|100%| O|  |TAMS 0x00000000c6000000| PB 0x00000000c6000000| Untracked 
|  96|0x00000000c6000000, 0x00000000c6100000, 0x00000000c6100000|100%| O|  |TAMS 0x00000000c6100000| PB 0x00000000c6100000| Untracked 
|  97|0x00000000c6100000, 0x00000000c6200000, 0x00000000c6200000|100%| O|  |TAMS 0x00000000c6200000| PB 0x00000000c6200000| Untracked 
|  98|0x00000000c6200000, 0x00000000c6300000, 0x00000000c6300000|100%| O|  |TAMS 0x00000000c6300000| PB 0x00000000c6300000| Untracked 
|  99|0x00000000c6300000, 0x00000000c6400000, 0x00000000c6400000|100%| O|  |TAMS 0x00000000c6400000| PB 0x00000000c6400000| Updating 
| 100|0x00000000c6400000, 0x00000000c6500000, 0x00000000c6500000|100%| O|  |TAMS 0x00000000c6500000| PB 0x00000000c6500000| Untracked 
| 101|0x00000000c6500000, 0x00000000c6600000, 0x00000000c6600000|100%| O|  |TAMS 0x00000000c6600000| PB 0x00000000c6600000| Untracked 
| 102|0x00000000c6600000, 0x00000000c6700000, 0x00000000c6700000|100%| O|  |TAMS 0x00000000c6700000| PB 0x00000000c6700000| Updating 
| 103|0x00000000c6700000, 0x00000000c6800000, 0x00000000c6800000|100%| O|  |TAMS 0x00000000c6800000| PB 0x00000000c6800000| Updating 
| 104|0x00000000c6800000, 0x00000000c6900000, 0x00000000c6900000|100%| O|  |TAMS 0x00000000c6900000| PB 0x00000000c6900000| Untracked 
| 105|0x00000000c6900000, 0x00000000c6a00000, 0x00000000c6a00000|100%| O|  |TAMS 0x00000000c6a00000| PB 0x00000000c6a00000| Untracked 
| 106|0x00000000c6a00000, 0x00000000c6b00000, 0x00000000c6b00000|100%| O|  |TAMS 0x00000000c6b00000| PB 0x00000000c6b00000| Untracked 
| 107|0x00000000c6b00000, 0x00000000c6c00000, 0x00000000c6c00000|100%| O|  |TAMS 0x00000000c6c00000| PB 0x00000000c6c00000| Updating 
| 108|0x00000000c6c00000, 0x00000000c6c00000, 0x00000000c6d00000|  0%| F|  |TAMS 0x00000000c6c00000| PB 0x00000000c6c00000| Untracked 
| 109|0x00000000c6d00000, 0x00000000c6d00000, 0x00000000c6e00000|  0%| F|  |TAMS 0x00000000c6d00000| PB 0x00000000c6d00000| Untracked 
| 110|0x00000000c6e00000, 0x00000000c6f00000, 0x00000000c6f00000|100%| O|  |TAMS 0x00000000c6f00000| PB 0x00000000c6f00000| Untracked 
| 111|0x00000000c6f00000, 0x00000000c7000000, 0x00000000c7000000|100%| O|  |TAMS 0x00000000c7000000| PB 0x00000000c7000000| Untracked 
| 112|0x00000000c7000000, 0x00000000c7100000, 0x00000000c7100000|100%| O|  |TAMS 0x00000000c7100000| PB 0x00000000c7100000| Untracked 
| 113|0x00000000c7100000, 0x00000000c7200000, 0x00000000c7200000|100%| O|  |TAMS 0x00000000c7200000| PB 0x00000000c7200000| Untracked 
| 114|0x00000000c7200000, 0x00000000c7300000, 0x00000000c7300000|100%| O|  |TAMS 0x00000000c7300000| PB 0x00000000c7300000| Untracked 
| 115|0x00000000c7300000, 0x00000000c7400000, 0x00000000c7400000|100%| O|  |TAMS 0x00000000c7400000| PB 0x00000000c7400000| Untracked 
| 116|0x00000000c7400000, 0x00000000c7500000, 0x00000000c7500000|100%| O|  |TAMS 0x00000000c7400000| PB 0x00000000c7400000| Untracked 
| 117|0x00000000c7500000, 0x00000000c7600000, 0x00000000c7600000|100%| O|  |TAMS 0x00000000c7600000| PB 0x00000000c7600000| Untracked 
| 118|0x00000000c7600000, 0x00000000c7700000, 0x00000000c7700000|100%| O|  |TAMS 0x00000000c7700000| PB 0x00000000c7700000| Untracked 
| 119|0x00000000c7700000, 0x00000000c7800000, 0x00000000c7800000|100%| O|  |TAMS 0x00000000c7800000| PB 0x00000000c7800000| Untracked 
| 120|0x00000000c7800000, 0x00000000c7900000, 0x00000000c7900000|100%| O|  |TAMS 0x00000000c7900000| PB 0x00000000c7900000| Updating 
| 121|0x00000000c7900000, 0x00000000c7a00000, 0x00000000c7a00000|100%| O|  |TAMS 0x00000000c7a00000| PB 0x00000000c7a00000| Updating 
| 122|0x00000000c7a00000, 0x00000000c7b00000, 0x00000000c7b00000|100%| O|  |TAMS 0x00000000c7b00000| PB 0x00000000c7b00000| Untracked 
| 123|0x00000000c7b00000, 0x00000000c7c00000, 0x00000000c7c00000|100%| O|  |TAMS 0x00000000c7c00000| PB 0x00000000c7c00000| Untracked 
| 124|0x00000000c7c00000, 0x00000000c7d00000, 0x00000000c7d00000|100%| O|  |TAMS 0x00000000c7c00000| PB 0x00000000c7c00000| Untracked 
| 125|0x00000000c7d00000, 0x00000000c7e00000, 0x00000000c7e00000|100%| O|  |TAMS 0x00000000c7e00000| PB 0x00000000c7e00000| Updating 
| 126|0x00000000c7e00000, 0x00000000c7f00000, 0x00000000c7f00000|100%| O|  |TAMS 0x00000000c7f00000| PB 0x00000000c7f00000| Untracked 
| 127|0x00000000c7f00000, 0x00000000c8000000, 0x00000000c8000000|100%| O|  |TAMS 0x00000000c8000000| PB 0x00000000c8000000| Untracked 
| 128|0x00000000c8000000, 0x00000000c8100000, 0x00000000c8100000|100%| O|  |TAMS 0x00000000c8100000| PB 0x00000000c8100000| Updating 
| 129|0x00000000c8100000, 0x00000000c8200000, 0x00000000c8200000|100%| O|  |TAMS 0x00000000c8200000| PB 0x00000000c8200000| Untracked 
| 130|0x00000000c8200000, 0x00000000c8300000, 0x00000000c8300000|100%| O|  |TAMS 0x00000000c8200000| PB 0x00000000c8200000| Untracked 
| 131|0x00000000c8300000, 0x00000000c8400000, 0x00000000c8400000|100%| O|  |TAMS 0x00000000c8400000| PB 0x00000000c8400000| Untracked 
| 132|0x00000000c8400000, 0x00000000c8400000, 0x00000000c8500000|  0%| F|  |TAMS 0x00000000c8400000| PB 0x00000000c8400000| Untracked 
| 133|0x00000000c8500000, 0x00000000c8600000, 0x00000000c8600000|100%| O|  |TAMS 0x00000000c8600000| PB 0x00000000c8600000| Untracked 
| 134|0x00000000c8600000, 0x00000000c8700000, 0x00000000c8700000|100%| O|  |TAMS 0x00000000c8700000| PB 0x00000000c8700000| Updating 
| 135|0x00000000c8700000, 0x00000000c8800000, 0x00000000c8800000|100%| O|  |TAMS 0x00000000c8800000| PB 0x00000000c8800000| Updating 
| 136|0x00000000c8800000, 0x00000000c8900000, 0x00000000c8900000|100%| O|  |TAMS 0x00000000c8800000| PB 0x00000000c8800000| Untracked 
| 137|0x00000000c8900000, 0x00000000c8a00000, 0x00000000c8a00000|100%| O|  |TAMS 0x00000000c8a00000| PB 0x00000000c8a00000| Updating 
| 138|0x00000000c8a00000, 0x00000000c8b00000, 0x00000000c8b00000|100%| O|  |TAMS 0x00000000c8b00000| PB 0x00000000c8b00000| Updating 
| 139|0x00000000c8b00000, 0x00000000c8c00000, 0x00000000c8c00000|100%| O|  |TAMS 0x00000000c8c00000| PB 0x00000000c8c00000| Updating 
| 140|0x00000000c8c00000, 0x00000000c8d00000, 0x00000000c8d00000|100%| O|  |TAMS 0x00000000c8d00000| PB 0x00000000c8d00000| Updating 
| 141|0x00000000c8d00000, 0x00000000c8e00000, 0x00000000c8e00000|100%| O|  |TAMS 0x00000000c8e00000| PB 0x00000000c8e00000| Updating 
| 142|0x00000000c8e00000, 0x00000000c8f00000, 0x00000000c8f00000|100%| O|  |TAMS 0x00000000c8f00000| PB 0x00000000c8f00000| Untracked 
| 143|0x00000000c8f00000, 0x00000000c9000000, 0x00000000c9000000|100%| O|  |TAMS 0x00000000c9000000| PB 0x00000000c9000000| Untracked 
| 144|0x00000000c9000000, 0x00000000c9100000, 0x00000000c9100000|100%| O|  |TAMS 0x00000000c9100000| PB 0x00000000c9100000| Untracked 
| 145|0x00000000c9100000, 0x00000000c9200000, 0x00000000c9200000|100%| O|  |TAMS 0x00000000c9200000| PB 0x00000000c9200000| Untracked 
| 146|0x00000000c9200000, 0x00000000c9300000, 0x00000000c9300000|100%| O|  |TAMS 0x00000000c9300000| PB 0x00000000c9300000| Updating 
| 147|0x00000000c9300000, 0x00000000c9400000, 0x00000000c9400000|100%| O|  |TAMS 0x00000000c9400000| PB 0x00000000c9400000| Updating 
| 148|0x00000000c9400000, 0x00000000c9500000, 0x00000000c9500000|100%| O|  |TAMS 0x00000000c9400000| PB 0x00000000c9400000| Untracked 
| 149|0x00000000c9500000, 0x00000000c9600000, 0x00000000c9600000|100%| O|  |TAMS 0x00000000c9600000| PB 0x00000000c9600000| Untracked 
| 150|0x00000000c9600000, 0x00000000c9700000, 0x00000000c9700000|100%| O|  |TAMS 0x00000000c9700000| PB 0x00000000c9700000| Updating 
| 151|0x00000000c9700000, 0x00000000c9800000, 0x00000000c9800000|100%| O|  |TAMS 0x00000000c9800000| PB 0x00000000c9800000| Updating 
| 152|0x00000000c9800000, 0x00000000c9900000, 0x00000000c9900000|100%| O|  |TAMS 0x00000000c9900000| PB 0x00000000c9900000| Updating 
| 153|0x00000000c9900000, 0x00000000c9a00000, 0x00000000c9a00000|100%| O|  |TAMS 0x00000000c9a00000| PB 0x00000000c9a00000| Updating 
| 154|0x00000000c9a00000, 0x00000000c9b00000, 0x00000000c9b00000|100%|HS|  |TAMS 0x00000000c9b00000| PB 0x00000000c9a00000| Complete 
| 155|0x00000000c9b00000, 0x00000000c9c00000, 0x00000000c9c00000|100%|HC|  |TAMS 0x00000000c9c00000| PB 0x00000000c9b00000| Complete 
| 156|0x00000000c9c00000, 0x00000000c9d00000, 0x00000000c9d00000|100%|HS|  |TAMS 0x00000000c9d00000| PB 0x00000000c9c00000| Complete 
| 157|0x00000000c9d00000, 0x00000000c9e00000, 0x00000000c9e00000|100%|HS|  |TAMS 0x00000000c9e00000| PB 0x00000000c9d00000| Complete 
| 158|0x00000000c9e00000, 0x00000000c9f00000, 0x00000000c9f00000|100%|HS|  |TAMS 0x00000000c9f00000| PB 0x00000000c9e00000| Complete 
| 159|0x00000000c9f00000, 0x00000000ca000000, 0x00000000ca000000|100%|HS|  |TAMS 0x00000000ca000000| PB 0x00000000c9f00000| Complete 
| 160|0x00000000ca000000, 0x00000000ca100000, 0x00000000ca100000|100%|HS|  |TAMS 0x00000000ca100000| PB 0x00000000ca000000| Complete 
| 161|0x00000000ca100000, 0x00000000ca200000, 0x00000000ca200000|100%|HC|  |TAMS 0x00000000ca200000| PB 0x00000000ca100000| Complete 
| 162|0x00000000ca200000, 0x00000000ca300000, 0x00000000ca300000|100%|HS|  |TAMS 0x00000000ca300000| PB 0x00000000ca200000| Complete 
| 163|0x00000000ca300000, 0x00000000ca400000, 0x00000000ca400000|100%|HC|  |TAMS 0x00000000ca400000| PB 0x00000000ca300000| Complete 
| 164|0x00000000ca400000, 0x00000000ca500000, 0x00000000ca500000|100%|HS|  |TAMS 0x00000000ca500000| PB 0x00000000ca400000| Complete 
| 165|0x00000000ca500000, 0x00000000ca600000, 0x00000000ca600000|100%|HC|  |TAMS 0x00000000ca600000| PB 0x00000000ca500000| Complete 
| 166|0x00000000ca600000, 0x00000000ca700000, 0x00000000ca700000|100%|HS|  |TAMS 0x00000000ca700000| PB 0x00000000ca600000| Complete 
| 167|0x00000000ca700000, 0x00000000ca800000, 0x00000000ca800000|100%|HC|  |TAMS 0x00000000ca800000| PB 0x00000000ca700000| Complete 
| 168|0x00000000ca800000, 0x00000000ca900000, 0x00000000ca900000|100%|HS|  |TAMS 0x00000000ca900000| PB 0x00000000ca800000| Complete 
| 169|0x00000000ca900000, 0x00000000caa00000, 0x00000000caa00000|100%|HS|  |TAMS 0x00000000caa00000| PB 0x00000000ca900000| Complete 
| 170|0x00000000caa00000, 0x00000000cab00000, 0x00000000cab00000|100%|HC|  |TAMS 0x00000000cab00000| PB 0x00000000caa00000| Complete 
| 171|0x00000000cab00000, 0x00000000cac00000, 0x00000000cac00000|100%|HC|  |TAMS 0x00000000cac00000| PB 0x00000000cab00000| Complete 
| 172|0x00000000cac00000, 0x00000000cad00000, 0x00000000cad00000|100%|HS|  |TAMS 0x00000000cad00000| PB 0x00000000cac00000| Complete 
| 173|0x00000000cad00000, 0x00000000cae00000, 0x00000000cae00000|100%|HS|  |TAMS 0x00000000cae00000| PB 0x00000000cad00000| Complete 
| 174|0x00000000cae00000, 0x00000000caf00000, 0x00000000caf00000|100%|HC|  |TAMS 0x00000000caf00000| PB 0x00000000cae00000| Complete 
| 175|0x00000000caf00000, 0x00000000cb000000, 0x00000000cb000000|100%|HC|  |TAMS 0x00000000cb000000| PB 0x00000000caf00000| Complete 
| 176|0x00000000cb000000, 0x00000000cb100000, 0x00000000cb100000|100%|HS|  |TAMS 0x00000000cb100000| PB 0x00000000cb000000| Complete 
| 177|0x00000000cb100000, 0x00000000cb200000, 0x00000000cb200000|100%|HS|  |TAMS 0x00000000cb200000| PB 0x00000000cb100000| Complete 
| 178|0x00000000cb200000, 0x00000000cb200000, 0x00000000cb300000|  0%| F|  |TAMS 0x00000000cb200000| PB 0x00000000cb200000| Untracked 
| 179|0x00000000cb300000, 0x00000000cb300000, 0x00000000cb400000|  0%| F|  |TAMS 0x00000000cb300000| PB 0x00000000cb300000| Untracked 
| 180|0x00000000cb400000, 0x00000000cb400000, 0x00000000cb500000|  0%| F|  |TAMS 0x00000000cb400000| PB 0x00000000cb400000| Untracked 
| 181|0x00000000cb500000, 0x00000000cb600000, 0x00000000cb600000|100%| O|  |TAMS 0x00000000cb600000| PB 0x00000000cb600000| Untracked 
| 182|0x00000000cb600000, 0x00000000cb600000, 0x00000000cb700000|  0%| F|  |TAMS 0x00000000cb600000| PB 0x00000000cb600000| Untracked 
| 183|0x00000000cb700000, 0x00000000cb800000, 0x00000000cb800000|100%| O|  |TAMS 0x00000000cb800000| PB 0x00000000cb800000| Updating 
| 184|0x00000000cb800000, 0x00000000cb800000, 0x00000000cb900000|  0%| F|  |TAMS 0x00000000cb800000| PB 0x00000000cb800000| Untracked 
| 185|0x00000000cb900000, 0x00000000cba00000, 0x00000000cba00000|100%| O|  |TAMS 0x00000000cba00000| PB 0x00000000cba00000| Updating 
| 186|0x00000000cba00000, 0x00000000cbb00000, 0x00000000cbb00000|100%| O|  |TAMS 0x00000000cbb00000| PB 0x00000000cbb00000| Updating 
| 187|0x00000000cbb00000, 0x00000000cbc00000, 0x00000000cbc00000|100%| O|  |TAMS 0x00000000cbc00000| PB 0x00000000cbc00000| Updating 
| 188|0x00000000cbc00000, 0x00000000cbc00000, 0x00000000cbd00000|  0%| F|  |TAMS 0x00000000cbc00000| PB 0x00000000cbc00000| Untracked 
| 189|0x00000000cbd00000, 0x00000000cbd00000, 0x00000000cbe00000|  0%| F|  |TAMS 0x00000000cbd00000| PB 0x00000000cbd00000| Untracked 
| 190|0x00000000cbe00000, 0x00000000cbf00000, 0x00000000cbf00000|100%|HS|  |TAMS 0x00000000cbf00000| PB 0x00000000cbe00000| Complete 
| 191|0x00000000cbf00000, 0x00000000cc000000, 0x00000000cc000000|100%|HC|  |TAMS 0x00000000cc000000| PB 0x00000000cbf00000| Complete 
| 192|0x00000000cc000000, 0x00000000cc100000, 0x00000000cc100000|100%| O|  |TAMS 0x00000000cc100000| PB 0x00000000cc100000| Updating 
| 193|0x00000000cc100000, 0x00000000cc100000, 0x00000000cc200000|  0%| F|  |TAMS 0x00000000cc100000| PB 0x00000000cc100000| Untracked 
| 194|0x00000000cc200000, 0x00000000cc200000, 0x00000000cc300000|  0%| F|  |TAMS 0x00000000cc200000| PB 0x00000000cc200000| Untracked 
| 195|0x00000000cc300000, 0x00000000cc400000, 0x00000000cc400000|100%|HS|  |TAMS 0x00000000cc400000| PB 0x00000000cc300000| Complete 
| 196|0x00000000cc400000, 0x00000000cc500000, 0x00000000cc500000|100%|HC|  |TAMS 0x00000000cc500000| PB 0x00000000cc400000| Complete 
| 197|0x00000000cc500000, 0x00000000cc600000, 0x00000000cc600000|100%| O|  |TAMS 0x00000000cc600000| PB 0x00000000cc600000| Updating 
| 198|0x00000000cc600000, 0x00000000cc600000, 0x00000000cc700000|  0%| F|  |TAMS 0x00000000cc600000| PB 0x00000000cc600000| Untracked 
| 199|0x00000000cc700000, 0x00000000cc700000, 0x00000000cc800000|  0%| F|  |TAMS 0x00000000cc700000| PB 0x00000000cc700000| Untracked 
| 200|0x00000000cc800000, 0x00000000cc900000, 0x00000000cc900000|100%| O|  |TAMS 0x00000000cc900000| PB 0x00000000cc900000| Updating 
| 201|0x00000000cc900000, 0x00000000cca00000, 0x00000000cca00000|100%| O|  |TAMS 0x00000000cca00000| PB 0x00000000cca00000| Updating 
| 202|0x00000000cca00000, 0x00000000ccb00000, 0x00000000ccb00000|100%| O|  |TAMS 0x00000000ccb00000| PB 0x00000000ccb00000| Updating 
| 203|0x00000000ccb00000, 0x00000000ccb00000, 0x00000000ccc00000|  0%| F|  |TAMS 0x00000000ccb00000| PB 0x00000000ccb00000| Untracked 
| 204|0x00000000ccc00000, 0x00000000ccc00000, 0x00000000ccd00000|  0%| F|  |TAMS 0x00000000ccc00000| PB 0x00000000ccc00000| Untracked 
| 205|0x00000000ccd00000, 0x00000000cce00000, 0x00000000cce00000|100%| O|  |TAMS 0x00000000cce00000| PB 0x00000000cce00000| Updating 
| 206|0x00000000cce00000, 0x00000000cce00000, 0x00000000ccf00000|  0%| F|  |TAMS 0x00000000cce00000| PB 0x00000000cce00000| Untracked 
| 207|0x00000000ccf00000, 0x00000000cd000000, 0x00000000cd000000|100%| O|  |TAMS 0x00000000cd000000| PB 0x00000000cd000000| Updating 
| 208|0x00000000cd000000, 0x00000000cd100000, 0x00000000cd100000|100%| O|  |TAMS 0x00000000cd100000| PB 0x00000000cd100000| Updating 
| 209|0x00000000cd100000, 0x00000000cd200000, 0x00000000cd200000|100%| O|  |TAMS 0x00000000cd200000| PB 0x00000000cd200000| Updating 
| 210|0x00000000cd200000, 0x00000000cd300000, 0x00000000cd300000|100%| O|  |TAMS 0x00000000cd300000| PB 0x00000000cd300000| Updating 
| 211|0x00000000cd300000, 0x00000000cd400000, 0x00000000cd400000|100%| O|  |TAMS 0x00000000cd400000| PB 0x00000000cd400000| Updating 
| 212|0x00000000cd400000, 0x00000000cd500000, 0x00000000cd500000|100%| O|  |TAMS 0x00000000cd500000| PB 0x00000000cd500000| Updating 
| 213|0x00000000cd500000, 0x00000000cd500000, 0x00000000cd600000|  0%| F|  |TAMS 0x00000000cd500000| PB 0x00000000cd500000| Untracked 
| 214|0x00000000cd600000, 0x00000000cd600000, 0x00000000cd700000|  0%| F|  |TAMS 0x00000000cd600000| PB 0x00000000cd600000| Untracked 
| 215|0x00000000cd700000, 0x00000000cd700000, 0x00000000cd800000|  0%| F|  |TAMS 0x00000000cd700000| PB 0x00000000cd700000| Untracked 
| 216|0x00000000cd800000, 0x00000000cd900000, 0x00000000cd900000|100%| O|  |TAMS 0x00000000cd900000| PB 0x00000000cd900000| Untracked 
| 217|0x00000000cd900000, 0x00000000cd900000, 0x00000000cda00000|  0%| F|  |TAMS 0x00000000cd900000| PB 0x00000000cd900000| Untracked 
| 218|0x00000000cda00000, 0x00000000cdb00000, 0x00000000cdb00000|100%| O|  |TAMS 0x00000000cdb00000| PB 0x00000000cdb00000| Untracked 
| 219|0x00000000cdb00000, 0x00000000cdc00000, 0x00000000cdc00000|100%| O|  |TAMS 0x00000000cdc00000| PB 0x00000000cdc00000| Updating 
| 220|0x00000000cdc00000, 0x00000000cdd00000, 0x00000000cdd00000|100%| O|  |TAMS 0x00000000cdd00000| PB 0x00000000cdd00000| Updating 
| 221|0x00000000cdd00000, 0x00000000cde00000, 0x00000000cde00000|100%| O|  |TAMS 0x00000000cde00000| PB 0x00000000cde00000| Untracked 
| 222|0x00000000cde00000, 0x00000000cdf00000, 0x00000000cdf00000|100%| O|  |TAMS 0x00000000cdf00000| PB 0x00000000cdf00000| Updating 
| 223|0x00000000cdf00000, 0x00000000ce000000, 0x00000000ce000000|100%| O|  |TAMS 0x00000000ce000000| PB 0x00000000ce000000| Updating 
| 224|0x00000000ce000000, 0x00000000ce000000, 0x00000000ce100000|  0%| F|  |TAMS 0x00000000ce000000| PB 0x00000000ce000000| Untracked 
| 225|0x00000000ce100000, 0x00000000ce100000, 0x00000000ce200000|  0%| F|  |TAMS 0x00000000ce100000| PB 0x00000000ce100000| Untracked 
| 226|0x00000000ce200000, 0x00000000ce200000, 0x00000000ce300000|  0%| F|  |TAMS 0x00000000ce200000| PB 0x00000000ce200000| Untracked 
| 227|0x00000000ce300000, 0x00000000ce400000, 0x00000000ce400000|100%| O|  |TAMS 0x00000000ce400000| PB 0x00000000ce400000| Untracked 
| 228|0x00000000ce400000, 0x00000000ce400000, 0x00000000ce500000|  0%| F|  |TAMS 0x00000000ce400000| PB 0x00000000ce400000| Untracked 
| 229|0x00000000ce500000, 0x00000000ce600000, 0x00000000ce600000|100%| O|  |TAMS 0x00000000ce600000| PB 0x00000000ce600000| Untracked 
| 230|0x00000000ce600000, 0x00000000ce600000, 0x00000000ce700000|  0%| F|  |TAMS 0x00000000ce600000| PB 0x00000000ce600000| Untracked 
| 231|0x00000000ce700000, 0x00000000ce800000, 0x00000000ce800000|100%| O|  |TAMS 0x00000000ce800000| PB 0x00000000ce800000| Untracked 
| 232|0x00000000ce800000, 0x00000000ce900000, 0x00000000ce900000|100%| O|  |TAMS 0x00000000ce900000| PB 0x00000000ce900000| Updating 
| 233|0x00000000ce900000, 0x00000000cea00000, 0x00000000cea00000|100%| O|  |TAMS 0x00000000cea00000| PB 0x00000000cea00000| Updating 
| 234|0x00000000cea00000, 0x00000000ceb00000, 0x00000000ceb00000|100%| O|  |TAMS 0x00000000ceb00000| PB 0x00000000ceb00000| Updating 
| 235|0x00000000ceb00000, 0x00000000cec00000, 0x00000000cec00000|100%| O|  |TAMS 0x00000000cec00000| PB 0x00000000cec00000| Untracked 
| 236|0x00000000cec00000, 0x00000000ced00000, 0x00000000ced00000|100%| O|  |TAMS 0x00000000ced00000| PB 0x00000000ced00000| Updating 
| 237|0x00000000ced00000, 0x00000000cee00000, 0x00000000cee00000|100%| O|  |TAMS 0x00000000cee00000| PB 0x00000000cee00000| Untracked 
| 238|0x00000000cee00000, 0x00000000cef00000, 0x00000000cef00000|100%| O|  |TAMS 0x00000000cef00000| PB 0x00000000cef00000| Updating 
| 239|0x00000000cef00000, 0x00000000cf000000, 0x00000000cf000000|100%| O|  |TAMS 0x00000000cf000000| PB 0x00000000cf000000| Untracked 
| 240|0x00000000cf000000, 0x00000000cf100000, 0x00000000cf100000|100%| O|  |TAMS 0x00000000cf100000| PB 0x00000000cf100000| Untracked 
| 241|0x00000000cf100000, 0x00000000cf200000, 0x00000000cf200000|100%| O|  |TAMS 0x00000000cf200000| PB 0x00000000cf200000| Untracked 
| 242|0x00000000cf200000, 0x00000000cf300000, 0x00000000cf300000|100%| O|  |TAMS 0x00000000cf300000| PB 0x00000000cf300000| Updating 
| 243|0x00000000cf300000, 0x00000000cf400000, 0x00000000cf400000|100%| O|  |TAMS 0x00000000cf400000| PB 0x00000000cf400000| Updating 
| 244|0x00000000cf400000, 0x00000000cf500000, 0x00000000cf500000|100%| O|  |TAMS 0x00000000cf500000| PB 0x00000000cf500000| Updating 
| 245|0x00000000cf500000, 0x00000000cf600000, 0x00000000cf600000|100%| O|  |TAMS 0x00000000cf600000| PB 0x00000000cf600000| Updating 
| 246|0x00000000cf600000, 0x00000000cf700000, 0x00000000cf700000|100%| O|  |TAMS 0x00000000cf700000| PB 0x00000000cf700000| Updating 
| 247|0x00000000cf700000, 0x00000000cf800000, 0x00000000cf800000|100%| O|  |TAMS 0x00000000cf800000| PB 0x00000000cf800000| Updating 
| 248|0x00000000cf800000, 0x00000000cf900000, 0x00000000cf900000|100%| O|  |TAMS 0x00000000cf900000| PB 0x00000000cf900000| Updating 
| 249|0x00000000cf900000, 0x00000000cfa00000, 0x00000000cfa00000|100%| O|  |TAMS 0x00000000cfa00000| PB 0x00000000cfa00000| Updating 
| 250|0x00000000cfa00000, 0x00000000cfb00000, 0x00000000cfb00000|100%| O|  |TAMS 0x00000000cfb00000| PB 0x00000000cfb00000| Updating 
| 251|0x00000000cfb00000, 0x00000000cfc00000, 0x00000000cfc00000|100%| O|  |TAMS 0x00000000cfc00000| PB 0x00000000cfc00000| Updating 
| 252|0x00000000cfc00000, 0x00000000cfd00000, 0x00000000cfd00000|100%| O|  |TAMS 0x00000000cfd00000| PB 0x00000000cfd00000| Updating 
| 253|0x00000000cfd00000, 0x00000000cfe00000, 0x00000000cfe00000|100%| O|  |TAMS 0x00000000cfe00000| PB 0x00000000cfe00000| Updating 
| 254|0x00000000cfe00000, 0x00000000cff00000, 0x00000000cff00000|100%| O|  |TAMS 0x00000000cff00000| PB 0x00000000cff00000| Updating 
| 255|0x00000000cff00000, 0x00000000d0000000, 0x00000000d0000000|100%| O|  |TAMS 0x00000000d0000000| PB 0x00000000d0000000| Updating 
| 256|0x00000000d0000000, 0x00000000d0100000, 0x00000000d0100000|100%| O|  |TAMS 0x00000000d0100000| PB 0x00000000d0100000| Untracked 
| 257|0x00000000d0100000, 0x00000000d0200000, 0x00000000d0200000|100%| O|  |TAMS 0x00000000d0200000| PB 0x00000000d0200000| Updating 
| 258|0x00000000d0200000, 0x00000000d0300000, 0x00000000d0300000|100%| O|  |TAMS 0x00000000d0300000| PB 0x00000000d0300000| Untracked 
| 259|0x00000000d0300000, 0x00000000d0400000, 0x00000000d0400000|100%| O|  |TAMS 0x00000000d0400000| PB 0x00000000d0400000| Untracked 
| 260|0x00000000d0400000, 0x00000000d0500000, 0x00000000d0500000|100%| O|  |TAMS 0x00000000d0500000| PB 0x00000000d0500000| Untracked 
| 261|0x00000000d0500000, 0x00000000d0600000, 0x00000000d0600000|100%| O|  |TAMS 0x00000000d0600000| PB 0x00000000d0600000| Untracked 
| 262|0x00000000d0600000, 0x00000000d0700000, 0x00000000d0700000|100%| O|  |TAMS 0x00000000d0700000| PB 0x00000000d0700000| Untracked 
| 263|0x00000000d0700000, 0x00000000d0800000, 0x00000000d0800000|100%| O|  |TAMS 0x00000000d0800000| PB 0x00000000d0800000| Untracked 
| 264|0x00000000d0800000, 0x00000000d0900000, 0x00000000d0900000|100%| O|  |TAMS 0x00000000d0900000| PB 0x00000000d0900000| Untracked 
| 265|0x00000000d0900000, 0x00000000d0a00000, 0x00000000d0a00000|100%| O|  |TAMS 0x00000000d0a00000| PB 0x00000000d0a00000| Untracked 
| 266|0x00000000d0a00000, 0x00000000d0b00000, 0x00000000d0b00000|100%| O|  |TAMS 0x00000000d0b00000| PB 0x00000000d0b00000| Untracked 
| 267|0x00000000d0b00000, 0x00000000d0c00000, 0x00000000d0c00000|100%| O|  |TAMS 0x00000000d0c00000| PB 0x00000000d0c00000| Untracked 
| 268|0x00000000d0c00000, 0x00000000d0d00000, 0x00000000d0d00000|100%| O|  |TAMS 0x00000000d0d00000| PB 0x00000000d0d00000| Untracked 
| 269|0x00000000d0d00000, 0x00000000d0e00000, 0x00000000d0e00000|100%| O|  |TAMS 0x00000000d0e00000| PB 0x00000000d0e00000| Untracked 
| 270|0x00000000d0e00000, 0x00000000d0f00000, 0x00000000d0f00000|100%| O|  |TAMS 0x00000000d0f00000| PB 0x00000000d0f00000| Untracked 
| 271|0x00000000d0f00000, 0x00000000d1000000, 0x00000000d1000000|100%| O|  |TAMS 0x00000000d1000000| PB 0x00000000d1000000| Untracked 
| 272|0x00000000d1000000, 0x00000000d1100000, 0x00000000d1100000|100%| O|  |TAMS 0x00000000d1100000| PB 0x00000000d1100000| Untracked 
| 273|0x00000000d1100000, 0x00000000d1200000, 0x00000000d1200000|100%| O|  |TAMS 0x00000000d1200000| PB 0x00000000d1200000| Untracked 
| 274|0x00000000d1200000, 0x00000000d1300000, 0x00000000d1300000|100%| O|  |TAMS 0x00000000d1300000| PB 0x00000000d1300000| Untracked 
| 275|0x00000000d1300000, 0x00000000d1400000, 0x00000000d1400000|100%| O|  |TAMS 0x00000000d1400000| PB 0x00000000d1400000| Untracked 
| 276|0x00000000d1400000, 0x00000000d1400000, 0x00000000d1500000|  0%| F|  |TAMS 0x00000000d1400000| PB 0x00000000d1400000| Untracked 
| 277|0x00000000d1500000, 0x00000000d1600000, 0x00000000d1600000|100%|HS|  |TAMS 0x00000000d1600000| PB 0x00000000d1500000| Complete 
| 278|0x00000000d1600000, 0x00000000d1700000, 0x00000000d1700000|100%|HC|  |TAMS 0x00000000d1700000| PB 0x00000000d1600000| Complete 
| 279|0x00000000d1700000, 0x00000000d1700000, 0x00000000d1800000|  0%| F|  |TAMS 0x00000000d1700000| PB 0x00000000d1700000| Untracked 
| 280|0x00000000d1800000, 0x00000000d1900000, 0x00000000d1900000|100%|HS|  |TAMS 0x00000000d1900000| PB 0x00000000d1800000| Complete 
| 281|0x00000000d1900000, 0x00000000d1a00000, 0x00000000d1a00000|100%|HC|  |TAMS 0x00000000d1a00000| PB 0x00000000d1900000| Complete 
| 282|0x00000000d1a00000, 0x00000000d1b00000, 0x00000000d1b00000|100%| O|  |TAMS 0x00000000d1b00000| PB 0x00000000d1b00000| Untracked 
| 283|0x00000000d1b00000, 0x00000000d1c00000, 0x00000000d1c00000|100%| O|  |TAMS 0x00000000d1c00000| PB 0x00000000d1c00000| Untracked 
| 284|0x00000000d1c00000, 0x00000000d1d00000, 0x00000000d1d00000|100%| O|  |TAMS 0x00000000d1d00000| PB 0x00000000d1d00000| Updating 
| 285|0x00000000d1d00000, 0x00000000d1e00000, 0x00000000d1e00000|100%| O|  |TAMS 0x00000000d1e00000| PB 0x00000000d1e00000| Updating 
| 286|0x00000000d1e00000, 0x00000000d1f00000, 0x00000000d1f00000|100%| O|  |TAMS 0x00000000d1f00000| PB 0x00000000d1f00000| Untracked 
| 287|0x00000000d1f00000, 0x00000000d2000000, 0x00000000d2000000|100%| O|  |TAMS 0x00000000d2000000| PB 0x00000000d2000000| Untracked 
| 288|0x00000000d2000000, 0x00000000d2100000, 0x00000000d2100000|100%| O|  |TAMS 0x00000000d2100000| PB 0x00000000d2100000| Updating 
| 289|0x00000000d2100000, 0x00000000d2200000, 0x00000000d2200000|100%| O|  |TAMS 0x00000000d2200000| PB 0x00000000d2200000| Untracked 
| 290|0x00000000d2200000, 0x00000000d2300000, 0x00000000d2300000|100%| O|  |TAMS 0x00000000d2300000| PB 0x00000000d2300000| Untracked 
| 291|0x00000000d2300000, 0x00000000d2400000, 0x00000000d2400000|100%| O|  |TAMS 0x00000000d2400000| PB 0x00000000d2400000| Untracked 
| 292|0x00000000d2400000, 0x00000000d2500000, 0x00000000d2500000|100%| O|  |TAMS 0x00000000d2500000| PB 0x00000000d2500000| Untracked 
| 293|0x00000000d2500000, 0x00000000d2600000, 0x00000000d2600000|100%| O|  |TAMS 0x00000000d2600000| PB 0x00000000d2600000| Untracked 
| 294|0x00000000d2600000, 0x00000000d2700000, 0x00000000d2700000|100%| O|  |TAMS 0x00000000d2700000| PB 0x00000000d2700000| Untracked 
| 295|0x00000000d2700000, 0x00000000d2800000, 0x00000000d2800000|100%| O|  |TAMS 0x00000000d2800000| PB 0x00000000d2800000| Untracked 
| 296|0x00000000d2800000, 0x00000000d2900000, 0x00000000d2900000|100%| O|  |TAMS 0x00000000d2900000| PB 0x00000000d2900000| Untracked 
| 297|0x00000000d2900000, 0x00000000d2a00000, 0x00000000d2a00000|100%| O|  |TAMS 0x00000000d2a00000| PB 0x00000000d2a00000| Untracked 
| 298|0x00000000d2a00000, 0x00000000d2b00000, 0x00000000d2b00000|100%| O|  |TAMS 0x00000000d2b00000| PB 0x00000000d2b00000| Untracked 
| 299|0x00000000d2b00000, 0x00000000d2c00000, 0x00000000d2c00000|100%| O|  |TAMS 0x00000000d2c00000| PB 0x00000000d2c00000| Untracked 
| 300|0x00000000d2c00000, 0x00000000d2d00000, 0x00000000d2d00000|100%| O|  |TAMS 0x00000000d2d00000| PB 0x00000000d2d00000| Untracked 
| 301|0x00000000d2d00000, 0x00000000d2e00000, 0x00000000d2e00000|100%| O|  |TAMS 0x00000000d2e00000| PB 0x00000000d2e00000| Untracked 
| 302|0x00000000d2e00000, 0x00000000d2f00000, 0x00000000d2f00000|100%| O|  |TAMS 0x00000000d2f00000| PB 0x00000000d2f00000| Untracked 
| 303|0x00000000d2f00000, 0x00000000d3000000, 0x00000000d3000000|100%| O|  |TAMS 0x00000000d3000000| PB 0x00000000d3000000| Untracked 
| 304|0x00000000d3000000, 0x00000000d3100000, 0x00000000d3100000|100%| O|  |TAMS 0x00000000d3100000| PB 0x00000000d3100000| Untracked 
| 305|0x00000000d3100000, 0x00000000d3200000, 0x00000000d3200000|100%| O|  |TAMS 0x00000000d3200000| PB 0x00000000d3200000| Untracked 
| 306|0x00000000d3200000, 0x00000000d3300000, 0x00000000d3300000|100%| O|  |TAMS 0x00000000d3300000| PB 0x00000000d3300000| Untracked 
| 307|0x00000000d3300000, 0x00000000d3400000, 0x00000000d3400000|100%| O|  |TAMS 0x00000000d3400000| PB 0x00000000d3400000| Untracked 
| 308|0x00000000d3400000, 0x00000000d3500000, 0x00000000d3500000|100%| O|  |TAMS 0x00000000d3500000| PB 0x00000000d3500000| Updating 
| 309|0x00000000d3500000, 0x00000000d3600000, 0x00000000d3600000|100%| O|  |TAMS 0x00000000d3600000| PB 0x00000000d3600000| Updating 
| 310|0x00000000d3600000, 0x00000000d3700000, 0x00000000d3700000|100%| O|  |TAMS 0x00000000d3700000| PB 0x00000000d3700000| Updating 
| 311|0x00000000d3700000, 0x00000000d3800000, 0x00000000d3800000|100%| O|  |TAMS 0x00000000d3800000| PB 0x00000000d3800000| Updating 
| 312|0x00000000d3800000, 0x00000000d3900000, 0x00000000d3900000|100%| O|  |TAMS 0x00000000d3900000| PB 0x00000000d3900000| Updating 
| 313|0x00000000d3900000, 0x00000000d3a00000, 0x00000000d3a00000|100%| O|  |TAMS 0x00000000d3a00000| PB 0x00000000d3a00000| Updating 
| 314|0x00000000d3a00000, 0x00000000d3b00000, 0x00000000d3b00000|100%| O|  |TAMS 0x00000000d3b00000| PB 0x00000000d3b00000| Untracked 
| 315|0x00000000d3b00000, 0x00000000d3c00000, 0x00000000d3c00000|100%| O|  |TAMS 0x00000000d3c00000| PB 0x00000000d3c00000| Untracked 
| 316|0x00000000d3c00000, 0x00000000d3d00000, 0x00000000d3d00000|100%| O|  |TAMS 0x00000000d3d00000| PB 0x00000000d3d00000| Untracked 
| 317|0x00000000d3d00000, 0x00000000d3e00000, 0x00000000d3e00000|100%| O|  |TAMS 0x00000000d3e00000| PB 0x00000000d3e00000| Untracked 
| 318|0x00000000d3e00000, 0x00000000d3f00000, 0x00000000d3f00000|100%| O|  |TAMS 0x00000000d3f00000| PB 0x00000000d3f00000| Untracked 
| 319|0x00000000d3f00000, 0x00000000d4000000, 0x00000000d4000000|100%| O|  |TAMS 0x00000000d4000000| PB 0x00000000d4000000| Untracked 
| 320|0x00000000d4000000, 0x00000000d4100000, 0x00000000d4100000|100%| O|  |TAMS 0x00000000d4100000| PB 0x00000000d4100000| Untracked 
| 321|0x00000000d4100000, 0x00000000d4200000, 0x00000000d4200000|100%| O|  |TAMS 0x00000000d4200000| PB 0x00000000d4200000| Untracked 
| 322|0x00000000d4200000, 0x00000000d4300000, 0x00000000d4300000|100%| O|  |TAMS 0x00000000d4300000| PB 0x00000000d4300000| Untracked 
| 323|0x00000000d4300000, 0x00000000d4400000, 0x00000000d4400000|100%| O|  |TAMS 0x00000000d4400000| PB 0x00000000d4400000| Untracked 
| 324|0x00000000d4400000, 0x00000000d4500000, 0x00000000d4500000|100%| O|  |TAMS 0x00000000d4500000| PB 0x00000000d4500000| Untracked 
| 325|0x00000000d4500000, 0x00000000d4600000, 0x00000000d4600000|100%| O|  |TAMS 0x00000000d4600000| PB 0x00000000d4600000| Untracked 
| 326|0x00000000d4600000, 0x00000000d4700000, 0x00000000d4700000|100%| O|  |TAMS 0x00000000d4700000| PB 0x00000000d4700000| Updating 
| 327|0x00000000d4700000, 0x00000000d4800000, 0x00000000d4800000|100%| O|  |TAMS 0x00000000d4800000| PB 0x00000000d4800000| Untracked 
| 328|0x00000000d4800000, 0x00000000d4900000, 0x00000000d4900000|100%| O|  |TAMS 0x00000000d4900000| PB 0x00000000d4900000| Untracked 
| 329|0x00000000d4900000, 0x00000000d4a00000, 0x00000000d4a00000|100%| O|  |TAMS 0x00000000d4a00000| PB 0x00000000d4a00000| Untracked 
| 330|0x00000000d4a00000, 0x00000000d4b00000, 0x00000000d4b00000|100%| O|  |TAMS 0x00000000d4b00000| PB 0x00000000d4b00000| Untracked 
| 331|0x00000000d4b00000, 0x00000000d4c00000, 0x00000000d4c00000|100%| O|  |TAMS 0x00000000d4c00000| PB 0x00000000d4c00000| Untracked 
| 332|0x00000000d4c00000, 0x00000000d4d00000, 0x00000000d4d00000|100%| O|  |TAMS 0x00000000d4d00000| PB 0x00000000d4d00000| Untracked 
| 333|0x00000000d4d00000, 0x00000000d4e00000, 0x00000000d4e00000|100%| O|  |TAMS 0x00000000d4e00000| PB 0x00000000d4e00000| Updating 
| 334|0x00000000d4e00000, 0x00000000d4f00000, 0x00000000d4f00000|100%| O|  |TAMS 0x00000000d4f00000| PB 0x00000000d4f00000| Untracked 
| 335|0x00000000d4f00000, 0x00000000d5000000, 0x00000000d5000000|100%| O|  |TAMS 0x00000000d5000000| PB 0x00000000d5000000| Updating 
| 336|0x00000000d5000000, 0x00000000d5100000, 0x00000000d5100000|100%| O|  |TAMS 0x00000000d5100000| PB 0x00000000d5100000| Updating 
| 337|0x00000000d5100000, 0x00000000d5200000, 0x00000000d5200000|100%| O|  |TAMS 0x00000000d5200000| PB 0x00000000d5200000| Updating 
| 338|0x00000000d5200000, 0x00000000d5300000, 0x00000000d5300000|100%| O|  |TAMS 0x00000000d5300000| PB 0x00000000d5300000| Updating 
| 339|0x00000000d5300000, 0x00000000d5400000, 0x00000000d5400000|100%| O|  |TAMS 0x00000000d5400000| PB 0x00000000d5400000| Updating 
| 340|0x00000000d5400000, 0x00000000d5500000, 0x00000000d5500000|100%| O|  |TAMS 0x00000000d5500000| PB 0x00000000d5500000| Updating 
| 341|0x00000000d5500000, 0x00000000d5600000, 0x00000000d5600000|100%| O|  |TAMS 0x00000000d5500000| PB 0x00000000d5500000| Untracked 
| 342|0x00000000d5600000, 0x00000000d5700000, 0x00000000d5700000|100%| O|  |TAMS 0x00000000d5600000| PB 0x00000000d5600000| Untracked 
| 343|0x00000000d5700000, 0x00000000d5800000, 0x00000000d5800000|100%| O|  |TAMS 0x00000000d5700000| PB 0x00000000d5700000| Untracked 
| 344|0x00000000d5800000, 0x00000000d5900000, 0x00000000d5900000|100%| O|  |TAMS 0x00000000d5800000| PB 0x00000000d5800000| Untracked 
| 345|0x00000000d5900000, 0x00000000d5a00000, 0x00000000d5a00000|100%| O|  |TAMS 0x00000000d5900000| PB 0x00000000d5900000| Untracked 
| 346|0x00000000d5a00000, 0x00000000d5b00000, 0x00000000d5b00000|100%| O|  |TAMS 0x00000000d5a00000| PB 0x00000000d5a00000| Untracked 
| 347|0x00000000d5b00000, 0x00000000d5c00000, 0x00000000d5c00000|100%| O|  |TAMS 0x00000000d5b00000| PB 0x00000000d5b00000| Untracked 
| 348|0x00000000d5c00000, 0x00000000d5d00000, 0x00000000d5d00000|100%| O|  |TAMS 0x00000000d5c00000| PB 0x00000000d5c00000| Untracked 
| 349|0x00000000d5d00000, 0x00000000d5e00000, 0x00000000d5e00000|100%| O|  |TAMS 0x00000000d5d00000| PB 0x00000000d5d00000| Untracked 
| 350|0x00000000d5e00000, 0x00000000d5f00000, 0x00000000d5f00000|100%| O|  |TAMS 0x00000000d5e00000| PB 0x00000000d5e00000| Untracked 
| 351|0x00000000d5f00000, 0x00000000d5f00000, 0x00000000d6000000|  0%| F|  |TAMS 0x00000000d5f00000| PB 0x00000000d5f00000| Untracked 
| 352|0x00000000d6000000, 0x00000000d6000000, 0x00000000d6100000|  0%| F|  |TAMS 0x00000000d6000000| PB 0x00000000d6000000| Untracked 
| 353|0x00000000d6100000, 0x00000000d6100000, 0x00000000d6200000|  0%| F|  |TAMS 0x00000000d6100000| PB 0x00000000d6100000| Untracked 
| 354|0x00000000d6200000, 0x00000000d6200000, 0x00000000d6300000|  0%| F|  |TAMS 0x00000000d6200000| PB 0x00000000d6200000| Untracked 
| 355|0x00000000d6300000, 0x00000000d6300000, 0x00000000d6400000|  0%| F|  |TAMS 0x00000000d6300000| PB 0x00000000d6300000| Untracked 
| 356|0x00000000d6400000, 0x00000000d6400000, 0x00000000d6500000|  0%| F|  |TAMS 0x00000000d6400000| PB 0x00000000d6400000| Untracked 
| 357|0x00000000d6500000, 0x00000000d6500000, 0x00000000d6600000|  0%| F|  |TAMS 0x00000000d6500000| PB 0x00000000d6500000| Untracked 
| 358|0x00000000d6600000, 0x00000000d6600000, 0x00000000d6700000|  0%| F|  |TAMS 0x00000000d6600000| PB 0x00000000d6600000| Untracked 
| 359|0x00000000d6700000, 0x00000000d6700000, 0x00000000d6800000|  0%| F|  |TAMS 0x00000000d6700000| PB 0x00000000d6700000| Untracked 
| 360|0x00000000d6800000, 0x00000000d6800000, 0x00000000d6900000|  0%| F|  |TAMS 0x00000000d6800000| PB 0x00000000d6800000| Untracked 
| 361|0x00000000d6900000, 0x00000000d6900000, 0x00000000d6a00000|  0%| F|  |TAMS 0x00000000d6900000| PB 0x00000000d6900000| Untracked 
| 362|0x00000000d6a00000, 0x00000000d6a00000, 0x00000000d6b00000|  0%| F|  |TAMS 0x00000000d6a00000| PB 0x00000000d6a00000| Untracked 
| 363|0x00000000d6b00000, 0x00000000d6b00000, 0x00000000d6c00000|  0%| F|  |TAMS 0x00000000d6b00000| PB 0x00000000d6b00000| Untracked 
| 364|0x00000000d6c00000, 0x00000000d6c00000, 0x00000000d6d00000|  0%| F|  |TAMS 0x00000000d6c00000| PB 0x00000000d6c00000| Untracked 
| 365|0x00000000d6d00000, 0x00000000d6d00000, 0x00000000d6e00000|  0%| F|  |TAMS 0x00000000d6d00000| PB 0x00000000d6d00000| Untracked 
| 366|0x00000000d6e00000, 0x00000000d6e00000, 0x00000000d6f00000|  0%| F|  |TAMS 0x00000000d6e00000| PB 0x00000000d6e00000| Untracked 
| 367|0x00000000d6f00000, 0x00000000d6f00000, 0x00000000d7000000|  0%| F|  |TAMS 0x00000000d6f00000| PB 0x00000000d6f00000| Untracked 
| 368|0x00000000d7000000, 0x00000000d7000000, 0x00000000d7100000|  0%| F|  |TAMS 0x00000000d7000000| PB 0x00000000d7000000| Untracked 
| 369|0x00000000d7100000, 0x00000000d7100000, 0x00000000d7200000|  0%| F|  |TAMS 0x00000000d7100000| PB 0x00000000d7100000| Untracked 
| 370|0x00000000d7200000, 0x00000000d7200000, 0x00000000d7300000|  0%| F|  |TAMS 0x00000000d7200000| PB 0x00000000d7200000| Untracked 
| 371|0x00000000d7300000, 0x00000000d7300000, 0x00000000d7400000|  0%| F|  |TAMS 0x00000000d7300000| PB 0x00000000d7300000| Untracked 
| 372|0x00000000d7400000, 0x00000000d7400000, 0x00000000d7500000|  0%| F|  |TAMS 0x00000000d7400000| PB 0x00000000d7400000| Untracked 
| 373|0x00000000d7500000, 0x00000000d7500000, 0x00000000d7600000|  0%| F|  |TAMS 0x00000000d7500000| PB 0x00000000d7500000| Untracked 
| 374|0x00000000d7600000, 0x00000000d7600000, 0x00000000d7700000|  0%| F|  |TAMS 0x00000000d7600000| PB 0x00000000d7600000| Untracked 
| 375|0x00000000d7700000, 0x00000000d7700000, 0x00000000d7800000|  0%| F|  |TAMS 0x00000000d7700000| PB 0x00000000d7700000| Untracked 
| 376|0x00000000d7800000, 0x00000000d7800000, 0x00000000d7900000|  0%| F|  |TAMS 0x00000000d7800000| PB 0x00000000d7800000| Untracked 
| 377|0x00000000d7900000, 0x00000000d7900000, 0x00000000d7a00000|  0%| F|  |TAMS 0x00000000d7900000| PB 0x00000000d7900000| Untracked 
| 378|0x00000000d7a00000, 0x00000000d7a00000, 0x00000000d7b00000|  0%| F|  |TAMS 0x00000000d7a00000| PB 0x00000000d7a00000| Untracked 
| 379|0x00000000d7b00000, 0x00000000d7b00000, 0x00000000d7c00000|  0%| F|  |TAMS 0x00000000d7b00000| PB 0x00000000d7b00000| Untracked 
| 380|0x00000000d7c00000, 0x00000000d7c00000, 0x00000000d7d00000|  0%| F|  |TAMS 0x00000000d7c00000| PB 0x00000000d7c00000| Untracked 
| 381|0x00000000d7d00000, 0x00000000d7d00000, 0x00000000d7e00000|  0%| F|  |TAMS 0x00000000d7d00000| PB 0x00000000d7d00000| Untracked 
| 382|0x00000000d7e00000, 0x00000000d7e00000, 0x00000000d7f00000|  0%| F|  |TAMS 0x00000000d7e00000| PB 0x00000000d7e00000| Untracked 
| 383|0x00000000d7f00000, 0x00000000d7f00000, 0x00000000d8000000|  0%| F|  |TAMS 0x00000000d7f00000| PB 0x00000000d7f00000| Untracked 
| 384|0x00000000d8000000, 0x00000000d8000000, 0x00000000d8100000|  0%| F|  |TAMS 0x00000000d8000000| PB 0x00000000d8000000| Untracked 
| 385|0x00000000d8100000, 0x00000000d8100000, 0x00000000d8200000|  0%| F|  |TAMS 0x00000000d8100000| PB 0x00000000d8100000| Untracked 
| 386|0x00000000d8200000, 0x00000000d8200000, 0x00000000d8300000|  0%| F|  |TAMS 0x00000000d8200000| PB 0x00000000d8200000| Untracked 
| 387|0x00000000d8300000, 0x00000000d8300000, 0x00000000d8400000|  0%| F|  |TAMS 0x00000000d8300000| PB 0x00000000d8300000| Untracked 
| 388|0x00000000d8400000, 0x00000000d8400000, 0x00000000d8500000|  0%| F|  |TAMS 0x00000000d8400000| PB 0x00000000d8400000| Untracked 
| 389|0x00000000d8500000, 0x00000000d8500000, 0x00000000d8600000|  0%| F|  |TAMS 0x00000000d8500000| PB 0x00000000d8500000| Untracked 
| 390|0x00000000d8600000, 0x00000000d8600000, 0x00000000d8700000|  0%| F|  |TAMS 0x00000000d8600000| PB 0x00000000d8600000| Untracked 
| 391|0x00000000d8700000, 0x00000000d8700000, 0x00000000d8800000|  0%| F|  |TAMS 0x00000000d8700000| PB 0x00000000d8700000| Untracked 
| 392|0x00000000d8800000, 0x00000000d8800000, 0x00000000d8900000|  0%| F|  |TAMS 0x00000000d8800000| PB 0x00000000d8800000| Untracked 
| 393|0x00000000d8900000, 0x00000000d8900000, 0x00000000d8a00000|  0%| F|  |TAMS 0x00000000d8900000| PB 0x00000000d8900000| Untracked 
| 394|0x00000000d8a00000, 0x00000000d8a00000, 0x00000000d8b00000|  0%| F|  |TAMS 0x00000000d8a00000| PB 0x00000000d8a00000| Untracked 
| 395|0x00000000d8b00000, 0x00000000d8b00000, 0x00000000d8c00000|  0%| F|  |TAMS 0x00000000d8b00000| PB 0x00000000d8b00000| Untracked 
| 396|0x00000000d8c00000, 0x00000000d8c00000, 0x00000000d8d00000|  0%| F|  |TAMS 0x00000000d8c00000| PB 0x00000000d8c00000| Untracked 
| 397|0x00000000d8d00000, 0x00000000d8d00000, 0x00000000d8e00000|  0%| F|  |TAMS 0x00000000d8d00000| PB 0x00000000d8d00000| Untracked 
| 398|0x00000000d8e00000, 0x00000000d8e00000, 0x00000000d8f00000|  0%| F|  |TAMS 0x00000000d8e00000| PB 0x00000000d8e00000| Untracked 
| 399|0x00000000d8f00000, 0x00000000d8f00000, 0x00000000d9000000|  0%| F|  |TAMS 0x00000000d8f00000| PB 0x00000000d8f00000| Untracked 
| 400|0x00000000d9000000, 0x00000000d9000000, 0x00000000d9100000|  0%| F|  |TAMS 0x00000000d9000000| PB 0x00000000d9000000| Untracked 
| 401|0x00000000d9100000, 0x00000000d9100000, 0x00000000d9200000|  0%| F|  |TAMS 0x00000000d9100000| PB 0x00000000d9100000| Untracked 
| 402|0x00000000d9200000, 0x00000000d9200000, 0x00000000d9300000|  0%| F|  |TAMS 0x00000000d9200000| PB 0x00000000d9200000| Untracked 
| 403|0x00000000d9300000, 0x00000000d9300000, 0x00000000d9400000|  0%| F|  |TAMS 0x00000000d9300000| PB 0x00000000d9300000| Untracked 
| 404|0x00000000d9400000, 0x00000000d9400000, 0x00000000d9500000|  0%| F|  |TAMS 0x00000000d9400000| PB 0x00000000d9400000| Untracked 
| 405|0x00000000d9500000, 0x00000000d9500000, 0x00000000d9600000|  0%| F|  |TAMS 0x00000000d9500000| PB 0x00000000d9500000| Untracked 
| 406|0x00000000d9600000, 0x00000000d9600000, 0x00000000d9700000|  0%| F|  |TAMS 0x00000000d9600000| PB 0x00000000d9600000| Untracked 
| 407|0x00000000d9700000, 0x00000000d9700000, 0x00000000d9800000|  0%| F|  |TAMS 0x00000000d9700000| PB 0x00000000d9700000| Untracked 
| 408|0x00000000d9800000, 0x00000000d9800000, 0x00000000d9900000|  0%| F|  |TAMS 0x00000000d9800000| PB 0x00000000d9800000| Untracked 
| 409|0x00000000d9900000, 0x00000000d9900000, 0x00000000d9a00000|  0%| F|  |TAMS 0x00000000d9900000| PB 0x00000000d9900000| Untracked 
| 410|0x00000000d9a00000, 0x00000000d9a00000, 0x00000000d9b00000|  0%| F|  |TAMS 0x00000000d9a00000| PB 0x00000000d9a00000| Untracked 
| 411|0x00000000d9b00000, 0x00000000d9b00000, 0x00000000d9c00000|  0%| F|  |TAMS 0x00000000d9b00000| PB 0x00000000d9b00000| Untracked 
| 412|0x00000000d9c00000, 0x00000000d9c00000, 0x00000000d9d00000|  0%| F|  |TAMS 0x00000000d9c00000| PB 0x00000000d9c00000| Untracked 
| 413|0x00000000d9d00000, 0x00000000d9d00000, 0x00000000d9e00000|  0%| F|  |TAMS 0x00000000d9d00000| PB 0x00000000d9d00000| Untracked 
| 414|0x00000000d9e00000, 0x00000000d9f00000, 0x00000000d9f00000|100%| S|CS|TAMS 0x00000000d9e00000| PB 0x00000000d9e00000| Complete 
| 415|0x00000000d9f00000, 0x00000000da000000, 0x00000000da000000|100%| S|CS|TAMS 0x00000000d9f00000| PB 0x00000000d9f00000| Complete 
| 416|0x00000000da000000, 0x00000000da100000, 0x00000000da100000|100%| S|CS|TAMS 0x00000000da000000| PB 0x00000000da000000| Complete 
| 417|0x00000000da100000, 0x00000000da200000, 0x00000000da200000|100%| S|CS|TAMS 0x00000000da100000| PB 0x00000000da100000| Complete 
| 418|0x00000000da200000, 0x00000000da300000, 0x00000000da300000|100%| S|CS|TAMS 0x00000000da200000| PB 0x00000000da200000| Complete 
| 419|0x00000000da300000, 0x00000000da300000, 0x00000000da400000|  0%| F|  |TAMS 0x00000000da300000| PB 0x00000000da300000| Untracked 
| 420|0x00000000da400000, 0x00000000da400000, 0x00000000da500000|  0%| F|  |TAMS 0x00000000da400000| PB 0x00000000da400000| Untracked 
| 421|0x00000000da500000, 0x00000000da500000, 0x00000000da600000|  0%| F|  |TAMS 0x00000000da500000| PB 0x00000000da500000| Untracked 
| 422|0x00000000da600000, 0x00000000da600000, 0x00000000da700000|  0%| F|  |TAMS 0x00000000da600000| PB 0x00000000da600000| Untracked 
| 423|0x00000000da700000, 0x00000000da700000, 0x00000000da800000|  0%| F|  |TAMS 0x00000000da700000| PB 0x00000000da700000| Untracked 
| 424|0x00000000da800000, 0x00000000da800000, 0x00000000da900000|  0%| F|  |TAMS 0x00000000da800000| PB 0x00000000da800000| Untracked 
| 425|0x00000000da900000, 0x00000000da900000, 0x00000000daa00000|  0%| F|  |TAMS 0x00000000da900000| PB 0x00000000da900000| Untracked 
| 426|0x00000000daa00000, 0x00000000daa00000, 0x00000000dab00000|  0%| F|  |TAMS 0x00000000daa00000| PB 0x00000000daa00000| Untracked 
| 427|0x00000000dab00000, 0x00000000dab00000, 0x00000000dac00000|  0%| F|  |TAMS 0x00000000dab00000| PB 0x00000000dab00000| Untracked 
| 428|0x00000000dac00000, 0x00000000dac00000, 0x00000000dad00000|  0%| F|  |TAMS 0x00000000dac00000| PB 0x00000000dac00000| Untracked 
| 429|0x00000000dad00000, 0x00000000dad00000, 0x00000000dae00000|  0%| F|  |TAMS 0x00000000dad00000| PB 0x00000000dad00000| Untracked 
| 430|0x00000000dae00000, 0x00000000dae00000, 0x00000000daf00000|  0%| F|  |TAMS 0x00000000dae00000| PB 0x00000000dae00000| Untracked 
| 431|0x00000000daf00000, 0x00000000daf00000, 0x00000000db000000|  0%| F|  |TAMS 0x00000000daf00000| PB 0x00000000daf00000| Untracked 
| 432|0x00000000db000000, 0x00000000db000000, 0x00000000db100000|  0%| F|  |TAMS 0x00000000db000000| PB 0x00000000db000000| Untracked 
| 433|0x00000000db100000, 0x00000000db100000, 0x00000000db200000|  0%| F|  |TAMS 0x00000000db100000| PB 0x00000000db100000| Untracked 
| 434|0x00000000db200000, 0x00000000db200000, 0x00000000db300000|  0%| F|  |TAMS 0x00000000db200000| PB 0x00000000db200000| Untracked 
| 435|0x00000000db300000, 0x00000000db300000, 0x00000000db400000|  0%| F|  |TAMS 0x00000000db300000| PB 0x00000000db300000| Untracked 
| 436|0x00000000db400000, 0x00000000db400000, 0x00000000db500000|  0%| F|  |TAMS 0x00000000db400000| PB 0x00000000db400000| Untracked 
| 437|0x00000000db500000, 0x00000000db500000, 0x00000000db600000|  0%| F|  |TAMS 0x00000000db500000| PB 0x00000000db500000| Untracked 
| 438|0x00000000db600000, 0x00000000db600000, 0x00000000db700000|  0%| F|  |TAMS 0x00000000db600000| PB 0x00000000db600000| Untracked 
| 439|0x00000000db700000, 0x00000000db700000, 0x00000000db800000|  0%| F|  |TAMS 0x00000000db700000| PB 0x00000000db700000| Untracked 
| 440|0x00000000db800000, 0x00000000db800000, 0x00000000db900000|  0%| F|  |TAMS 0x00000000db800000| PB 0x00000000db800000| Untracked 
| 441|0x00000000db900000, 0x00000000db900000, 0x00000000dba00000|  0%| F|  |TAMS 0x00000000db900000| PB 0x00000000db900000| Untracked 
| 442|0x00000000dba00000, 0x00000000dba00000, 0x00000000dbb00000|  0%| F|  |TAMS 0x00000000dba00000| PB 0x00000000dba00000| Untracked 
| 443|0x00000000dbb00000, 0x00000000dbb00000, 0x00000000dbc00000|  0%| F|  |TAMS 0x00000000dbb00000| PB 0x00000000dbb00000| Untracked 
| 444|0x00000000dbc00000, 0x00000000dbc00000, 0x00000000dbd00000|  0%| F|  |TAMS 0x00000000dbc00000| PB 0x00000000dbc00000| Untracked 
| 445|0x00000000dbd00000, 0x00000000dbd00000, 0x00000000dbe00000|  0%| F|  |TAMS 0x00000000dbd00000| PB 0x00000000dbd00000| Untracked 
| 446|0x00000000dbe00000, 0x00000000dbe00000, 0x00000000dbf00000|  0%| F|  |TAMS 0x00000000dbe00000| PB 0x00000000dbe00000| Untracked 
| 447|0x00000000dbf00000, 0x00000000dbf00000, 0x00000000dc000000|  0%| F|  |TAMS 0x00000000dbf00000| PB 0x00000000dbf00000| Untracked 
| 448|0x00000000dc000000, 0x00000000dc000000, 0x00000000dc100000|  0%| F|  |TAMS 0x00000000dc000000| PB 0x00000000dc000000| Untracked 
| 449|0x00000000dc100000, 0x00000000dc100000, 0x00000000dc200000|  0%| F|  |TAMS 0x00000000dc100000| PB 0x00000000dc100000| Untracked 
| 450|0x00000000dc200000, 0x00000000dc200000, 0x00000000dc300000|  0%| F|  |TAMS 0x00000000dc200000| PB 0x00000000dc200000| Untracked 
| 451|0x00000000dc300000, 0x00000000dc300000, 0x00000000dc400000|  0%| F|  |TAMS 0x00000000dc300000| PB 0x00000000dc300000| Untracked 
| 452|0x00000000dc400000, 0x00000000dc400000, 0x00000000dc500000|  0%| F|  |TAMS 0x00000000dc400000| PB 0x00000000dc400000| Untracked 
| 453|0x00000000dc500000, 0x00000000dc500000, 0x00000000dc600000|  0%| F|  |TAMS 0x00000000dc500000| PB 0x00000000dc500000| Untracked 
| 454|0x00000000dc600000, 0x00000000dc600000, 0x00000000dc700000|  0%| F|  |TAMS 0x00000000dc600000| PB 0x00000000dc600000| Untracked 
| 455|0x00000000dc700000, 0x00000000dc700000, 0x00000000dc800000|  0%| F|  |TAMS 0x00000000dc700000| PB 0x00000000dc700000| Untracked 
| 456|0x00000000dc800000, 0x00000000dc800000, 0x00000000dc900000|  0%| F|  |TAMS 0x00000000dc800000| PB 0x00000000dc800000| Untracked 
| 457|0x00000000dc900000, 0x00000000dc900000, 0x00000000dca00000|  0%| F|  |TAMS 0x00000000dc900000| PB 0x00000000dc900000| Untracked 
| 458|0x00000000dca00000, 0x00000000dca00000, 0x00000000dcb00000|  0%| F|  |TAMS 0x00000000dca00000| PB 0x00000000dca00000| Untracked 
| 459|0x00000000dcb00000, 0x00000000dcb00000, 0x00000000dcc00000|  0%| F|  |TAMS 0x00000000dcb00000| PB 0x00000000dcb00000| Untracked 
| 460|0x00000000dcc00000, 0x00000000dcc00000, 0x00000000dcd00000|  0%| F|  |TAMS 0x00000000dcc00000| PB 0x00000000dcc00000| Untracked 
| 461|0x00000000dcd00000, 0x00000000dcd00000, 0x00000000dce00000|  0%| F|  |TAMS 0x00000000dcd00000| PB 0x00000000dcd00000| Untracked 
| 462|0x00000000dce00000, 0x00000000dce00000, 0x00000000dcf00000|  0%| F|  |TAMS 0x00000000dce00000| PB 0x00000000dce00000| Untracked 
| 463|0x00000000dcf00000, 0x00000000dcf00000, 0x00000000dd000000|  0%| F|  |TAMS 0x00000000dcf00000| PB 0x00000000dcf00000| Untracked 
| 464|0x00000000dd000000, 0x00000000dd000000, 0x00000000dd100000|  0%| F|  |TAMS 0x00000000dd000000| PB 0x00000000dd000000| Untracked 
| 465|0x00000000dd100000, 0x00000000dd100000, 0x00000000dd200000|  0%| F|  |TAMS 0x00000000dd100000| PB 0x00000000dd100000| Untracked 
| 466|0x00000000dd200000, 0x00000000dd200000, 0x00000000dd300000|  0%| F|  |TAMS 0x00000000dd200000| PB 0x00000000dd200000| Untracked 
| 467|0x00000000dd300000, 0x00000000dd300000, 0x00000000dd400000|  0%| F|  |TAMS 0x00000000dd300000| PB 0x00000000dd300000| Untracked 
| 468|0x00000000dd400000, 0x00000000dd400000, 0x00000000dd500000|  0%| F|  |TAMS 0x00000000dd400000| PB 0x00000000dd400000| Untracked 
| 469|0x00000000dd500000, 0x00000000dd500000, 0x00000000dd600000|  0%| F|  |TAMS 0x00000000dd500000| PB 0x00000000dd500000| Untracked 
| 470|0x00000000dd600000, 0x00000000dd600000, 0x00000000dd700000|  0%| F|  |TAMS 0x00000000dd600000| PB 0x00000000dd600000| Untracked 
| 471|0x00000000dd700000, 0x00000000dd700000, 0x00000000dd800000|  0%| F|  |TAMS 0x00000000dd700000| PB 0x00000000dd700000| Untracked 
| 472|0x00000000dd800000, 0x00000000dd800000, 0x00000000dd900000|  0%| F|  |TAMS 0x00000000dd800000| PB 0x00000000dd800000| Untracked 
| 473|0x00000000dd900000, 0x00000000dd900000, 0x00000000dda00000|  0%| F|  |TAMS 0x00000000dd900000| PB 0x00000000dd900000| Untracked 
| 474|0x00000000dda00000, 0x00000000dda00000, 0x00000000ddb00000|  0%| F|  |TAMS 0x00000000dda00000| PB 0x00000000dda00000| Untracked 
| 475|0x00000000ddb00000, 0x00000000ddb00000, 0x00000000ddc00000|  0%| F|  |TAMS 0x00000000ddb00000| PB 0x00000000ddb00000| Untracked 
| 476|0x00000000ddc00000, 0x00000000ddc00000, 0x00000000ddd00000|  0%| F|  |TAMS 0x00000000ddc00000| PB 0x00000000ddc00000| Untracked 
| 477|0x00000000ddd00000, 0x00000000ddd00000, 0x00000000dde00000|  0%| F|  |TAMS 0x00000000ddd00000| PB 0x00000000ddd00000| Untracked 
| 478|0x00000000dde00000, 0x00000000dde00000, 0x00000000ddf00000|  0%| F|  |TAMS 0x00000000dde00000| PB 0x00000000dde00000| Untracked 
| 479|0x00000000ddf00000, 0x00000000ddf00000, 0x00000000de000000|  0%| F|  |TAMS 0x00000000ddf00000| PB 0x00000000ddf00000| Untracked 
| 480|0x00000000de000000, 0x00000000de000000, 0x00000000de100000|  0%| F|  |TAMS 0x00000000de000000| PB 0x00000000de000000| Untracked 
| 481|0x00000000de100000, 0x00000000de100000, 0x00000000de200000|  0%| F|  |TAMS 0x00000000de100000| PB 0x00000000de100000| Untracked 
| 482|0x00000000de200000, 0x00000000de280000, 0x00000000de300000| 50%| E|  |TAMS 0x00000000de200000| PB 0x00000000de200000| Complete 
| 483|0x00000000de300000, 0x00000000de400000, 0x00000000de400000|100%| E|CS|TAMS 0x00000000de300000| PB 0x00000000de300000| Complete 
| 969|0x00000000fc900000, 0x00000000fca00000, 0x00000000fca00000|100%| O|  |TAMS 0x00000000fca00000| PB 0x00000000fca00000| Updating 
| 970|0x00000000fca00000, 0x00000000fcb00000, 0x00000000fcb00000|100%| O|  |TAMS 0x00000000fcb00000| PB 0x00000000fcb00000| Updating 
| 971|0x00000000fcb00000, 0x00000000fcc00000, 0x00000000fcc00000|100%| O|  |TAMS 0x00000000fcc00000| PB 0x00000000fcc00000| Updating 
| 972|0x00000000fcc00000, 0x00000000fcd00000, 0x00000000fcd00000|100%| O|  |TAMS 0x00000000fcd00000| PB 0x00000000fcd00000| Updating 
| 973|0x00000000fcd00000, 0x00000000fce00000, 0x00000000fce00000|100%| O|  |TAMS 0x00000000fce00000| PB 0x00000000fce00000| Untracked 
| 974|0x00000000fce00000, 0x00000000fcf00000, 0x00000000fcf00000|100%| O|  |TAMS 0x00000000fcf00000| PB 0x00000000fcf00000| Untracked 
| 975|0x00000000fcf00000, 0x00000000fd000000, 0x00000000fd000000|100%| O|  |TAMS 0x00000000fd000000| PB 0x00000000fd000000| Updating 
| 976|0x00000000fd000000, 0x00000000fd100000, 0x00000000fd100000|100%| O|  |TAMS 0x00000000fd100000| PB 0x00000000fd100000| Untracked 
| 977|0x00000000fd100000, 0x00000000fd200000, 0x00000000fd200000|100%| O|  |TAMS 0x00000000fd200000| PB 0x00000000fd200000| Untracked 
| 978|0x00000000fd200000, 0x00000000fd300000, 0x00000000fd300000|100%| O|  |TAMS 0x00000000fd300000| PB 0x00000000fd300000| Untracked 
| 979|0x00000000fd300000, 0x00000000fd400000, 0x00000000fd400000|100%| O|  |TAMS 0x00000000fd400000| PB 0x00000000fd400000| Untracked 
| 980|0x00000000fd400000, 0x00000000fd500000, 0x00000000fd500000|100%| O|  |TAMS 0x00000000fd500000| PB 0x00000000fd500000| Untracked 
| 981|0x00000000fd500000, 0x00000000fd600000, 0x00000000fd600000|100%| O|  |TAMS 0x00000000fd600000| PB 0x00000000fd600000| Untracked 
| 982|0x00000000fd600000, 0x00000000fd700000, 0x00000000fd700000|100%| O|  |TAMS 0x00000000fd700000| PB 0x00000000fd700000| Untracked 
| 983|0x00000000fd700000, 0x00000000fd800000, 0x00000000fd800000|100%| O|  |TAMS 0x00000000fd800000| PB 0x00000000fd800000| Untracked 
| 984|0x00000000fd800000, 0x00000000fd900000, 0x00000000fd900000|100%| O|  |TAMS 0x00000000fd900000| PB 0x00000000fd900000| Untracked 
| 985|0x00000000fd900000, 0x00000000fda00000, 0x00000000fda00000|100%| O|  |TAMS 0x00000000fda00000| PB 0x00000000fda00000| Untracked 
| 986|0x00000000fda00000, 0x00000000fdb00000, 0x00000000fdb00000|100%| O|  |TAMS 0x00000000fdb00000| PB 0x00000000fdb00000| Updating 
| 987|0x00000000fdb00000, 0x00000000fdc00000, 0x00000000fdc00000|100%| E|CS|TAMS 0x00000000fdb00000| PB 0x00000000fdb00000| Complete 
| 988|0x00000000fdc00000, 0x00000000fdd00000, 0x00000000fdd00000|100%| E|CS|TAMS 0x00000000fdc00000| PB 0x00000000fdc00000| Complete 
| 989|0x00000000fdd00000, 0x00000000fde00000, 0x00000000fde00000|100%| O|  |TAMS 0x00000000fde00000| PB 0x00000000fde00000| Untracked 
| 990|0x00000000fde00000, 0x00000000fdf00000, 0x00000000fdf00000|100%| O|  |TAMS 0x00000000fdf00000| PB 0x00000000fdf00000| Updating 
| 991|0x00000000fdf00000, 0x00000000fe000000, 0x00000000fe000000|100%| O|  |TAMS 0x00000000fe000000| PB 0x00000000fe000000| Updating 
| 992|0x00000000fe000000, 0x00000000fe100000, 0x00000000fe100000|100%| O|  |TAMS 0x00000000fe100000| PB 0x00000000fe100000| Updating 
| 993|0x00000000fe100000, 0x00000000fe200000, 0x00000000fe200000|100%| O|  |TAMS 0x00000000fe200000| PB 0x00000000fe200000| Updating 
| 994|0x00000000fe200000, 0x00000000fe300000, 0x00000000fe300000|100%| O|  |TAMS 0x00000000fe300000| PB 0x00000000fe300000| Updating 
| 995|0x00000000fe300000, 0x00000000fe400000, 0x00000000fe400000|100%| O|  |TAMS 0x00000000fe400000| PB 0x00000000fe400000| Updating 
| 996|0x00000000fe400000, 0x00000000fe500000, 0x00000000fe500000|100%| O|  |TAMS 0x00000000fe500000| PB 0x00000000fe500000| Updating 
| 997|0x00000000fe500000, 0x00000000fe600000, 0x00000000fe600000|100%| O|  |TAMS 0x00000000fe600000| PB 0x00000000fe600000| Updating 
| 998|0x00000000fe600000, 0x00000000fe700000, 0x00000000fe700000|100%| O|  |TAMS 0x00000000fe700000| PB 0x00000000fe700000| Updating 
| 999|0x00000000fe700000, 0x00000000fe800000, 0x00000000fe800000|100%| O|  |TAMS 0x00000000fe800000| PB 0x00000000fe800000| Updating 
|1000|0x00000000fe800000, 0x00000000fe900000, 0x00000000fe900000|100%| O|  |TAMS 0x00000000fe900000| PB 0x00000000fe900000| Updating 
|1001|0x00000000fe900000, 0x00000000fea00000, 0x00000000fea00000|100%| O|  |TAMS 0x00000000fea00000| PB 0x00000000fea00000| Updating 
|1002|0x00000000fea00000, 0x00000000feb00000, 0x00000000feb00000|100%| O|  |TAMS 0x00000000feb00000| PB 0x00000000feb00000| Updating 
|1003|0x00000000feb00000, 0x00000000fec00000, 0x00000000fec00000|100%| O|  |TAMS 0x00000000fec00000| PB 0x00000000fec00000| Updating 
|1004|0x00000000fec00000, 0x00000000fed00000, 0x00000000fed00000|100%| O|  |TAMS 0x00000000fed00000| PB 0x00000000fed00000| Updating 
|1005|0x00000000fed00000, 0x00000000fee00000, 0x00000000fee00000|100%| O|  |TAMS 0x00000000fee00000| PB 0x00000000fee00000| Updating 
|1006|0x00000000fee00000, 0x00000000fef00000, 0x00000000fef00000|100%| O|  |TAMS 0x00000000fef00000| PB 0x00000000fef00000| Updating 
|1007|0x00000000fef00000, 0x00000000ff000000, 0x00000000ff000000|100%| E|CS|TAMS 0x00000000fef00000| PB 0x00000000fef00000| Complete 
|1008|0x00000000ff000000, 0x00000000ff100000, 0x00000000ff100000|100%| O|  |TAMS 0x00000000ff100000| PB 0x00000000ff100000| Updating 
|1009|0x00000000ff100000, 0x00000000ff200000, 0x00000000ff200000|100%| O|  |TAMS 0x00000000ff200000| PB 0x00000000ff200000| Untracked 
|1010|0x00000000ff200000, 0x00000000ff300000, 0x00000000ff300000|100%| O|  |TAMS 0x00000000ff300000| PB 0x00000000ff300000| Untracked 
|1011|0x00000000ff300000, 0x00000000ff400000, 0x00000000ff400000|100%| O|  |TAMS 0x00000000ff400000| PB 0x00000000ff400000| Untracked 
|1012|0x00000000ff400000, 0x00000000ff500000, 0x00000000ff500000|100%| O|  |TAMS 0x00000000ff500000| PB 0x00000000ff500000| Untracked 
|1013|0x00000000ff500000, 0x00000000ff600000, 0x00000000ff600000|100%| O|  |TAMS 0x00000000ff600000| PB 0x00000000ff600000| Untracked 
|1014|0x00000000ff600000, 0x00000000ff700000, 0x00000000ff700000|100%| O|  |TAMS 0x00000000ff700000| PB 0x00000000ff700000| Untracked 
|1015|0x00000000ff700000, 0x00000000ff800000, 0x00000000ff800000|100%| O|  |TAMS 0x00000000ff800000| PB 0x00000000ff800000| Untracked 
|1016|0x00000000ff800000, 0x00000000ff900000, 0x00000000ff900000|100%| O|  |TAMS 0x00000000ff900000| PB 0x00000000ff900000| Updating 
|1017|0x00000000ff900000, 0x00000000ffa00000, 0x00000000ffa00000|100%| O|  |TAMS 0x00000000ffa00000| PB 0x00000000ffa00000| Updating 
|1018|0x00000000ffa00000, 0x00000000ffb00000, 0x00000000ffb00000|100%| O|  |TAMS 0x00000000ffb00000| PB 0x00000000ffb00000| Updating 
|1019|0x00000000ffb00000, 0x00000000ffc00000, 0x00000000ffc00000|100%| O|  |TAMS 0x00000000ffc00000| PB 0x00000000ffc00000| Untracked 
|1020|0x00000000ffc00000, 0x00000000ffd00000, 0x00000000ffd00000|100%| O|  |TAMS 0x00000000ffd00000| PB 0x00000000ffd00000| Updating 
|1021|0x00000000ffd00000, 0x00000000ffe00000, 0x00000000ffe00000|100%| E|CS|TAMS 0x00000000ffd00000| PB 0x00000000ffd00000| Complete 
|1022|0x00000000ffe00000, 0x00000000fff00000, 0x00000000fff00000|100%| E|CS|TAMS 0x00000000ffe00000| PB 0x00000000ffe00000| Complete 
|1023|0x00000000fff00000, 0x0000000100000000, 0x0000000100000000|100%| E|CS|TAMS 0x00000000fff00000| PB 0x00000000fff00000| Complete 

Card table byte_map: [0x000001fa36f00000,0x000001fa37100000] _byte_map_base: 0x000001fa36900000

Marking Bits: (CMBitMap*) 0x000001fa1e754100
 Bits: [0x000001fa37100000, 0x000001fa38100000)

Polling page: 0x000001fa1c8e0000

Metaspace:

Usage:
  Non-class:    105.96 MB used.
      Class:     16.72 MB used.
       Both:    122.67 MB used.

Virtual space:
  Non-class space:      128.00 MB reserved,     107.25 MB ( 84%) committed,  2 nodes.
      Class space:        1.00 GB reserved,      17.94 MB (  2%) committed,  1 nodes.
             Both:        1.12 GB reserved,     125.19 MB ( 11%) committed. 

Chunk freelists:
   Non-Class:  4.30 MB
       Class:  13.91 MB
        Both:  18.20 MB

MaxMetaspaceSize: unlimited
CompressedClassSpaceSize: 1.00 GB
Initial GC threshold: 21.00 MB
Current GC threshold: 201.06 MB
CDS: on
 - commit_granule_bytes: 65536.
 - commit_granule_words: 8192.
 - virtual_space_node_default_size: 8388608.
 - enlarge_chunks_in_place: 1.
 - use_allocation_guard: 0.


Internal statistics:

num_allocs_failed_limit: 6.
num_arena_births: 4674.
num_arena_deaths: 4.
num_vsnodes_births: 3.
num_vsnodes_deaths: 0.
num_space_committed: 2037.
num_space_uncommitted: 9.
num_chunks_returned_to_freelist: 107.
num_chunks_taken_from_freelist: 10408.
num_chunk_merges: 42.
num_chunk_splits: 6950.
num_chunks_enlarged: 4569.
num_inconsistent_stats: 0.

CodeHeap 'non-profiled nmethods': size=120000Kb used=10350Kb max_used=10643Kb free=109649Kb
 bounds [0x000001fa2ec10000, 0x000001fa2f680000, 0x000001fa36140000]
CodeHeap 'profiled nmethods': size=120000Kb used=29521Kb max_used=30513Kb free=90478Kb
 bounds [0x000001fa27140000, 0x000001fa28f10000, 0x000001fa2e670000]
CodeHeap 'non-nmethods': size=5760Kb used=2241Kb max_used=2293Kb free=3518Kb
 bounds [0x000001fa2e670000, 0x000001fa2e8e0000, 0x000001fa2ec10000]
 total_blobs=16699 nmethods=15765 adapters=837
 compilation: enabled
              stopped_count=0, restarted_count=0
 full_count=0

Compilation events (20 events):
Event: 37.807 Thread 0x000001fa7c1a8910 19720       3       com.android.tools.r8.graph.d6::a (54 bytes)
Event: 37.807 Thread 0x000001fa7c1a8910 nmethod 19720 0x000001fa28f06890 code [0x000001fa28f06a40, 0x000001fa28f06bb8]
Event: 37.810 Thread 0x000001fa7c187e60 nmethod 18986 0x000001fa2f66f710 code [0x000001fa2f66f8e0, 0x000001fa2f66fcc0]
Event: 37.810 Thread 0x000001fa7c187e60 18987       4       com.android.tools.r8.internal.hf4::a (25 bytes)
Event: 37.814 Thread 0x000001fa7c1a8910 19721       3       com.android.tools.r8.internal.jj4::a (633 bytes)
Event: 37.818 Thread 0x000001fa7c1a8910 nmethod 19721 0x000001fa28f06c90 code [0x000001fa28f07280, 0x000001fa28f0af50]
Event: 37.830 Thread 0x000001fa7c187e60 nmethod 18987 0x000001fa2f670090 code [0x000001fa2f6702c0, 0x000001fa2f670f40]
Event: 37.831 Thread 0x000001fa7c187e60 18988       4       java.util.concurrent.ForkJoinPool::submit (14 bytes)
Event: 37.838 Thread 0x000001fa7c187e60 nmethod 18988 0x000001fa2f671690 code [0x000001fa2f671860, 0x000001fa2f671c40]
Event: 37.838 Thread 0x000001fa7c187e60 18989       4       java.util.concurrent.ForkJoinPool::poolSubmit (73 bytes)
Event: 37.843 Thread 0x000001fa7c187e60 nmethod 18989 0x000001fa2f672010 code [0x000001fa2f6721c0, 0x000001fa2f6724d0]
Event: 37.843 Thread 0x000001fa7c187e60 19382       4       com.android.tools.r8.graph.k3$$Lambda/0x000001fa3d1055e8::apply (11 bytes)
Event: 37.844 Thread 0x000001fa7c187e60 nmethod 19382 0x000001fa2f672810 code [0x000001fa2f6729a0, 0x000001fa2f672a68]
Event: 37.844 Thread 0x000001fa7c187e60 19383       4       com.android.tools.r8.graph.k3$$Lambda/0x000001fa3d106ec0::apply (11 bytes)
Event: 37.845 Thread 0x000001fa7c187e60 nmethod 19383 0x000001fa2f672b90 code [0x000001fa2f672d20, 0x000001fa2f672de8]
Event: 37.845 Thread 0x000001fa7c187e60 19434       4       com.android.tools.r8.graph.ma::b (25 bytes)
Event: 37.902 Thread 0x000001fa7c187e60 nmethod 19434 0x000001fa2f672f10 code [0x000001fa2f673160, 0x000001fa2f673d88]
Event: 37.902 Thread 0x000001fa7c187e60 19697       4       com.android.tools.r8.internal.k0::hasNext (15 bytes)
Event: 37.903 Thread 0x000001fa7c187e60 nmethod 19697 0x000001fa2f674990 code [0x000001fa2f674b20, 0x000001fa2f674bb8]
Event: 37.903 Thread 0x000001fa7c187e60 18994       4       java.lang.invoke.LambdaForm$DMH/0x000001fa3c678000::newInvokeSpecial (28 bytes)

GC Heap History (20 events):
Event: 27.964 GC heap before
{Heap before GC invocations=54 (full 0):
 garbage-first heap   total 270336K, used 212651K [0x00000000c0000000, 0x0000000100000000)
  region size 1024K, 57 young (58368K), 6 survivors (6144K)
 Metaspace       used 113309K, committed 116224K, reserved 1179648K
  class space    used 15262K, committed 16576K, reserved 1048576K
}
Event: 27.972 GC heap after
{Heap after GC invocations=55 (full 0):
 garbage-first heap   total 270336K, used 167175K [0x00000000c0000000, 0x0000000100000000)
  region size 1024K, 7 young (7168K), 7 survivors (7168K)
 Metaspace       used 113309K, committed 116224K, reserved 1179648K
  class space    used 15262K, committed 16576K, reserved 1048576K
}
Event: 28.772 GC heap before
{Heap before GC invocations=55 (full 0):
 garbage-first heap   total 270336K, used 267527K [0x00000000c0000000, 0x0000000100000000)
  region size 1024K, 82 young (83968K), 7 survivors (7168K)
 Metaspace       used 114248K, committed 116800K, reserved 1179648K
  class space    used 15382K, committed 16640K, reserved 1048576K
}
Event: 28.785 GC heap after
{Heap after GC invocations=56 (full 0):
 garbage-first heap   total 291840K, used 186154K [0x00000000c0000000, 0x0000000100000000)
  region size 1024K, 11 young (11264K), 11 survivors (11264K)
 Metaspace       used 114248K, committed 116800K, reserved 1179648K
  class space    used 15382K, committed 16640K, reserved 1048576K
}
Event: 29.390 GC heap before
{Heap before GC invocations=56 (full 0):
 garbage-first heap   total 291840K, used 265002K [0x00000000c0000000, 0x0000000100000000)
  region size 1024K, 84 young (86016K), 11 survivors (11264K)
 Metaspace       used 117546K, committed 120128K, reserved 1179648K
  class space    used 15828K, committed 17088K, reserved 1048576K
}
Event: 29.398 GC heap after
{Heap after GC invocations=57 (full 0):
 garbage-first heap   total 291840K, used 195354K [0x00000000c0000000, 0x0000000100000000)
  region size 1024K, 7 young (7168K), 7 survivors (7168K)
 Metaspace       used 117546K, committed 120128K, reserved 1179648K
  class space    used 15828K, committed 17088K, reserved 1048576K
}
Event: 29.409 GC heap before
{Heap before GC invocations=57 (full 0):
 garbage-first heap   total 291840K, used 197402K [0x00000000c0000000, 0x0000000100000000)
  region size 1024K, 11 young (11264K), 7 survivors (7168K)
 Metaspace       used 117618K, committed 120192K, reserved 1179648K
  class space    used 15837K, committed 17088K, reserved 1048576K
}
Event: 29.413 GC heap after
{Heap after GC invocations=58 (full 0):
 garbage-first heap   total 291840K, used 197221K [0x00000000c0000000, 0x0000000100000000)
  region size 1024K, 2 young (2048K), 2 survivors (2048K)
 Metaspace       used 117618K, committed 120192K, reserved 1179648K
  class space    used 15837K, committed 17088K, reserved 1048576K
}
Event: 29.654 GC heap before
{Heap before GC invocations=59 (full 0):
 garbage-first heap   total 418816K, used 320101K [0x00000000c0000000, 0x0000000100000000)
  region size 1024K, 71 young (72704K), 2 survivors (2048K)
 Metaspace       used 117893K, committed 120448K, reserved 1179648K
  class space    used 15876K, committed 17152K, reserved 1048576K
}
Event: 29.660 GC heap after
{Heap after GC invocations=60 (full 0):
 garbage-first heap   total 418816K, used 227290K [0x00000000c0000000, 0x0000000100000000)
  region size 1024K, 9 young (9216K), 9 survivors (9216K)
 Metaspace       used 117893K, committed 120448K, reserved 1179648K
  class space    used 15876K, committed 17152K, reserved 1048576K
}
Event: 31.474 GC heap before
{Heap before GC invocations=60 (full 0):
 garbage-first heap   total 418816K, used 381914K [0x00000000c0000000, 0x0000000100000000)
  region size 1024K, 153 young (156672K), 9 survivors (9216K)
 Metaspace       used 120876K, committed 123392K, reserved 1179648K
  class space    used 16486K, committed 17728K, reserved 1048576K
}
Event: 31.524 GC heap after
{Heap after GC invocations=61 (full 0):
 garbage-first heap   total 440320K, used 275115K [0x00000000c0000000, 0x0000000100000000)
  region size 1024K, 20 young (20480K), 20 survivors (20480K)
 Metaspace       used 120876K, committed 123392K, reserved 1179648K
  class space    used 16486K, committed 17728K, reserved 1048576K
}
Event: 32.859 GC heap before
{Heap before GC invocations=61 (full 0):
 garbage-first heap   total 440320K, used 380587K [0x00000000c0000000, 0x0000000100000000)
  region size 1024K, 124 young (126976K), 20 survivors (20480K)
 Metaspace       used 120991K, committed 123520K, reserved 1179648K
  class space    used 16488K, committed 17728K, reserved 1048576K
}
Event: 32.923 GC heap after
{Heap after GC invocations=62 (full 0):
 garbage-first heap   total 457728K, used 330752K [0x00000000c0000000, 0x0000000100000000)
  region size 1024K, 16 young (16384K), 16 survivors (16384K)
 Metaspace       used 120991K, committed 123520K, reserved 1179648K
  class space    used 16488K, committed 17728K, reserved 1048576K
}
Event: 33.356 GC heap before
{Heap before GC invocations=63 (full 0):
 garbage-first heap   total 551936K, used 399360K [0x00000000c0000000, 0x0000000100000000)
  region size 1024K, 84 young (86016K), 16 survivors (16384K)
 Metaspace       used 120998K, committed 123520K, reserved 1179648K
  class space    used 16488K, committed 17728K, reserved 1048576K
}
Event: 34.359 GC heap after
{Heap after GC invocations=64 (full 0):
 garbage-first heap   total 551936K, used 367616K [0x00000000c0000000, 0x0000000100000000)
  region size 1024K, 11 young (11264K), 11 survivors (11264K)
 Metaspace       used 120998K, committed 123520K, reserved 1179648K
  class space    used 16488K, committed 17728K, reserved 1048576K
}
Event: 36.239 GC heap before
{Heap before GC invocations=64 (full 0):
 garbage-first heap   total 551936K, used 465920K [0x00000000c0000000, 0x0000000100000000)
  region size 1024K, 102 young (104448K), 11 survivors (11264K)
 Metaspace       used 122598K, committed 125184K, reserved 1179648K
  class space    used 16711K, committed 17984K, reserved 1048576K
}
Event: 36.274 GC heap after
{Heap after GC invocations=65 (full 0):
 garbage-first heap   total 551936K, used 407552K [0x00000000c0000000, 0x0000000100000000)
  region size 1024K, 13 young (13312K), 13 survivors (13312K)
 Metaspace       used 122598K, committed 125184K, reserved 1179648K
  class space    used 16711K, committed 17984K, reserved 1048576K
}
Event: 37.611 GC heap before
{Heap before GC invocations=65 (full 0):
 garbage-first heap   total 551936K, used 479232K [0x00000000c0000000, 0x0000000100000000)
  region size 1024K, 84 young (86016K), 13 survivors (13312K)
 Metaspace       used 125587K, committed 128128K, reserved 1179648K
  class space    used 17116K, committed 18368K, reserved 1048576K
}
Event: 37.625 GC heap after
{Heap after GC invocations=66 (full 0):
 garbage-first heap   total 551936K, used 414720K [0x00000000c0000000, 0x0000000100000000)
  region size 1024K, 5 young (5120K), 5 survivors (5120K)
 Metaspace       used 125587K, committed 128128K, reserved 1179648K
  class space    used 17116K, committed 18368K, reserved 1048576K
}

Dll operation events (15 events):
Event: 0.107 Loaded shared library C:\Users\DELL\.gradle\jdks\eclipse_adoptium-21-amd64-windows.2\bin\java.dll
Event: 0.138 Loaded shared library C:\Users\DELL\.gradle\jdks\eclipse_adoptium-21-amd64-windows.2\bin\jsvml.dll
Event: 0.174 Loaded shared library C:\Users\DELL\.gradle\jdks\eclipse_adoptium-21-amd64-windows.2\bin\zip.dll
Event: 0.180 Loaded shared library C:\Users\DELL\.gradle\jdks\eclipse_adoptium-21-amd64-windows.2\bin\instrument.dll
Event: 0.183 Loaded shared library C:\Users\DELL\.gradle\jdks\eclipse_adoptium-21-amd64-windows.2\bin\net.dll
Event: 0.185 Loaded shared library C:\Users\DELL\.gradle\jdks\eclipse_adoptium-21-amd64-windows.2\bin\nio.dll
Event: 0.188 Loaded shared library C:\Users\DELL\.gradle\jdks\eclipse_adoptium-21-amd64-windows.2\bin\zip.dll
Event: 0.386 Loaded shared library C:\Users\DELL\.gradle\jdks\eclipse_adoptium-21-amd64-windows.2\bin\jimage.dll
Event: 0.569 Loaded shared library C:\Users\DELL\.gradle\jdks\eclipse_adoptium-21-amd64-windows.2\bin\verify.dll
Event: 0.605 Loaded shared library C:\Users\DELL\.gradle\native\660c5614fbf4a5f2a75b1949f50a0caf5cd603558e7d8a26e50b933a0cfb79d1\windows-amd64\native-platform.dll
Event: 0.619 Loaded shared library C:\Users\DELL\.gradle\native\0.2.8\x86_64-windows-gnu\gradle-fileevents.dll
Event: 1.531 Loaded shared library C:\Users\DELL\.gradle\jdks\eclipse_adoptium-21-amd64-windows.2\bin\management.dll
Event: 1.534 Loaded shared library C:\Users\DELL\.gradle\jdks\eclipse_adoptium-21-amd64-windows.2\bin\management_ext.dll
Event: 1.628 Loaded shared library C:\Users\DELL\.gradle\jdks\eclipse_adoptium-21-amd64-windows.2\bin\extnet.dll
Event: 1.783 Loaded shared library C:\Users\DELL\.gradle\jdks\eclipse_adoptium-21-amd64-windows.2\bin\sunmscapi.dll

Deoptimization events (20 events):
Event: 37.577 Thread 0x000001fa0728f690 Uncommon trap: trap_request=0xffffffc6 fr.pc=0x000001fa2f6569c4 relative=0x0000000000000544
Event: 37.577 Thread 0x000001fa0728f690 Uncommon trap: reason=bimorphic_or_optimized_type_check action=maybe_recompile pc=0x000001fa2f6569c4 method=com.android.tools.r8.internal.sd4.a(Ljava/util/function/Function;Ljava/util/function/Predicate;)Lcom/android/tools/r8/internal/sd4; @ 16 c2
Event: 37.577 Thread 0x000001fa0728f690 DEOPT PACKING pc=0x000001fa2f6569c4 sp=0x000000901c8fc2e0
Event: 37.577 Thread 0x000001fa0728f690 DEOPT UNPACKING pc=0x000001fa2e6c46a2 sp=0x000000901c8fc278 mode 2
Event: 37.577 Thread 0x000001fa0728f690 Uncommon trap: trap_request=0xffffffc6 fr.pc=0x000001fa2f6569c4 relative=0x0000000000000544
Event: 37.577 Thread 0x000001fa0728f690 Uncommon trap: reason=bimorphic_or_optimized_type_check action=maybe_recompile pc=0x000001fa2f6569c4 method=com.android.tools.r8.internal.sd4.a(Ljava/util/function/Function;Ljava/util/function/Predicate;)Lcom/android/tools/r8/internal/sd4; @ 16 c2
Event: 37.577 Thread 0x000001fa0728f690 DEOPT PACKING pc=0x000001fa2f6569c4 sp=0x000000901c8fc2e0
Event: 37.577 Thread 0x000001fa0728f690 DEOPT UNPACKING pc=0x000001fa2e6c46a2 sp=0x000000901c8fc278 mode 2
Event: 37.578 Thread 0x000001fa0728f690 Uncommon trap: trap_request=0xffffffc6 fr.pc=0x000001fa2f6569c4 relative=0x0000000000000544
Event: 37.578 Thread 0x000001fa0728f690 Uncommon trap: reason=bimorphic_or_optimized_type_check action=maybe_recompile pc=0x000001fa2f6569c4 method=com.android.tools.r8.internal.sd4.a(Ljava/util/function/Function;Ljava/util/function/Predicate;)Lcom/android/tools/r8/internal/sd4; @ 16 c2
Event: 37.578 Thread 0x000001fa0728f690 DEOPT PACKING pc=0x000001fa2f6569c4 sp=0x000000901c8fbf00
Event: 37.578 Thread 0x000001fa0728f690 DEOPT UNPACKING pc=0x000001fa2e6c46a2 sp=0x000000901c8fbe98 mode 2
Event: 37.578 Thread 0x000001fa0728f690 Uncommon trap: trap_request=0xffffffc6 fr.pc=0x000001fa2f6569c4 relative=0x0000000000000544
Event: 37.578 Thread 0x000001fa0728f690 Uncommon trap: reason=bimorphic_or_optimized_type_check action=maybe_recompile pc=0x000001fa2f6569c4 method=com.android.tools.r8.internal.sd4.a(Ljava/util/function/Function;Ljava/util/function/Predicate;)Lcom/android/tools/r8/internal/sd4; @ 16 c2
Event: 37.578 Thread 0x000001fa0728f690 DEOPT PACKING pc=0x000001fa2f6569c4 sp=0x000000901c8fbf00
Event: 37.578 Thread 0x000001fa0728f690 DEOPT UNPACKING pc=0x000001fa2e6c46a2 sp=0x000000901c8fbe98 mode 2
Event: 37.727 Thread 0x000001fa0728f690 Uncommon trap: trap_request=0xffffff45 fr.pc=0x000001fa2f59de1c relative=0x0000000000000adc
Event: 37.727 Thread 0x000001fa0728f690 Uncommon trap: reason=unstable_if action=reinterpret pc=0x000001fa2f59de1c method=com.android.tools.r8.graph.k6.equals(Ljava/lang/Object;)Z @ 28 c2
Event: 37.727 Thread 0x000001fa0728f690 DEOPT PACKING pc=0x000001fa2f59de1c sp=0x000000901c8fc830
Event: 37.727 Thread 0x000001fa0728f690 DEOPT UNPACKING pc=0x000001fa2e6c46a2 sp=0x000000901c8fc560 mode 2

Classes loaded (20 events):
Event: 29.309 Loading class java/util/TreeMap$NavigableSubMap$SubMapIterator done
Event: 29.309 Loading class java/util/TreeMap$NavigableSubMap$SubMapKeyIterator done
Event: 29.356 Loading class java/nio/BufferUnderflowException
Event: 29.356 Loading class java/nio/BufferUnderflowException done
Event: 30.702 Loading class java/util/concurrent/ForkJoinTask$AdaptedCallable
Event: 30.703 Loading class java/util/concurrent/ForkJoinTask$AdaptedCallable done
Event: 30.868 Loading class java/util/AbstractList$RandomAccessSubList
Event: 30.868 Loading class java/util/AbstractList$SubList
Event: 30.870 Loading class java/util/AbstractList$SubList done
Event: 30.870 Loading class java/util/AbstractList$RandomAccessSubList done
Event: 30.871 Loading class java/util/AbstractList$SubList$1
Event: 30.871 Loading class java/util/AbstractList$SubList$1 done
Event: 31.251 Loading class java/nio/ShortBuffer
Event: 31.252 Loading class java/nio/ShortBuffer done
Event: 31.252 Loading class java/nio/HeapShortBuffer
Event: 31.252 Loading class java/nio/HeapShortBuffer done
Event: 36.113 Loading class java/util/IdentityHashMap$EntrySet
Event: 36.114 Loading class java/util/IdentityHashMap$EntrySet done
Event: 37.111 Loading class java/util/IdentityHashMap$ValueIterator
Event: 37.113 Loading class java/util/IdentityHashMap$ValueIterator done

Classes unloaded (20 events):
Event: 27.218 Thread 0x000001fa7c134140 Unloading class 0x000001fa3cf1d518 'kotlin/UNINITIALIZED_VALUE'
Event: 27.218 Thread 0x000001fa7c134140 Unloading class 0x000001fa3cf1d2f8 'kotlin/SynchronizedLazyImpl'
Event: 27.218 Thread 0x000001fa7c134140 Unloading class 0x000001fa3cf1d108 'kotlin/Lazy'
Event: 27.218 Thread 0x000001fa7c134140 Unloading class 0x000001fa3cf1ceb8 'kotlin/NoWhenBranchMatchedException'
Event: 27.218 Thread 0x000001fa7c134140 Unloading class 0x000001fa3cf1ccc0 'kotlin/LazyKt'
Event: 27.218 Thread 0x000001fa7c134140 Unloading class 0x000001fa3cf1cac8 'kotlin/LazyKt__LazyKt'
Event: 27.218 Thread 0x000001fa7c134140 Unloading class 0x000001fa3cf1c8d0 'kotlin/LazyKt__LazyJVMKt'
Event: 27.218 Thread 0x000001fa7c134140 Unloading class 0x000001fa3cf1c698 'androidx/room/compiler/processing/javac/JavacBasicAnnotationProcessor$xEnv$2'
Event: 27.218 Thread 0x000001fa7c134140 Unloading class 0x000001fa3cf1c4a8 'kotlin/jvm/functions/Function0'
Event: 27.218 Thread 0x000001fa7c134140 Unloading class 0x000001fa3cf1c250 'kotlin/KotlinNullPointerException'
Event: 27.218 Thread 0x000001fa7c134140 Unloading class 0x000001fa3cf1c000 'kotlin/UninitializedPropertyAccessException'
Event: 27.218 Thread 0x000001fa7c134140 Unloading class 0x000001fa3cf1bda8 'kotlin/jvm/internal/Intrinsics'
Event: 27.218 Thread 0x000001fa7c134140 Unloading class 0x000001fa3cf1bb78 'androidx/room/RoomProcessor$1'
Event: 27.218 Thread 0x000001fa7c134140 Unloading class 0x000001fa3cf1b960 'kotlin/jvm/internal/Lambda'
Event: 27.218 Thread 0x000001fa7c134140 Unloading class 0x000001fa3cf1b770 'kotlin/jvm/internal/FunctionBase'
Event: 27.218 Thread 0x000001fa7c134140 Unloading class 0x000001fa3cf1b580 'kotlin/jvm/functions/Function1'
Event: 27.218 Thread 0x000001fa7c134140 Unloading class 0x000001fa3cf1adf0 'kotlin/Function'
Event: 27.218 Thread 0x000001fa7c134140 Unloading class 0x000001fa3cf1b2c0 'androidx/room/RoomProcessor'
Event: 27.218 Thread 0x000001fa7c134140 Unloading class 0x000001fa3cf1b000 'androidx/room/compiler/processing/javac/JavacBasicAnnotationProcessor'
Event: 27.218 Thread 0x000001fa7c134140 Unloading class 0x000001fa3cf1ac00 'androidx/room/compiler/processing/XBasicAnnotationProcessor'

Classes redefined (0 events):
No events

Internal exceptions (20 events):
Event: 29.339 Thread 0x000001fa0728f690 Exception <a 'java/lang/IncompatibleClassChangeError'{0x00000000ccb19388}: Found class java.lang.Object, but interface was expected> (0x00000000ccb19388) 
thrown [s\src\hotspot\share\interpreter\linkResolver.cpp, line 840]
Event: 30.708 Thread 0x000001fa063362a0 Implicit null exception at 0x000001fa2f123695 to 0x000001fa2f12bf98
Event: 30.708 Thread 0x000001fa7c2ae4f0 Implicit null exception at 0x000001fa2f123695 to 0x000001fa2f12bf98
Event: 30.708 Thread 0x000001fa063362a0 Implicit null exception at 0x000001fa2ec42fa8 to 0x000001fa2ec43734
Event: 30.708 Thread 0x000001fa7c2ae4f0 Implicit null exception at 0x000001fa2ec42fa8 to 0x000001fa2ec43734
Event: 30.712 Thread 0x000001fa063362a0 Exception <a 'java/lang/IncompatibleClassChangeError'{0x00000000d1316a08}: Found class java.lang.Object, but interface was expected> (0x00000000d1316a08) 
thrown [s\src\hotspot\share\interpreter\linkResolver.cpp, line 840]
Event: 30.712 Thread 0x000001fa04406420 Exception <a 'java/lang/IncompatibleClassChangeError'{0x00000000d138c8d0}: Found class java.lang.Object, but interface was expected> (0x00000000d138c8d0) 
thrown [s\src\hotspot\share\interpreter\linkResolver.cpp, line 840]
Event: 30.712 Thread 0x000001fa085c09f0 Exception <a 'java/lang/IncompatibleClassChangeError'{0x00000000d13b9e50}: Found class java.lang.Object, but interface was expected> (0x00000000d13b9e50) 
thrown [s\src\hotspot\share\interpreter\linkResolver.cpp, line 840]
Event: 30.718 Thread 0x000001fa0728f000 Implicit null exception at 0x000001fa2ef81c28 to 0x000001fa2ef81ce8
Event: 30.726 Thread 0x000001fa04406420 Implicit null exception at 0x000001fa2eeab41c to 0x000001fa2eeab4dc
Event: 30.868 Thread 0x000001fa044077d0 Exception <a 'java/lang/NoSuchMethodError'{0x00000000d0f94f78}: 'long java.lang.invoke.DirectMethodHandle$Holder.invokeStatic(java.lang.Object, java.lang.Object, java.lang.Object)'> (0x00000000d0f94f78) 
thrown [s\src\hotspot\share\interpreter\linkResolver.cpp, line 773]
Event: 30.871 Thread 0x000001fa0df88580 Exception <a 'java/lang/IncompatibleClassChangeError'{0x00000000d12250c0}: Found class java.lang.Object, but interface was expected> (0x00000000d12250c0) 
thrown [s\src\hotspot\share\interpreter\linkResolver.cpp, line 840]
Event: 30.873 Thread 0x000001fa0df88580 Exception <a 'java/lang/IncompatibleClassChangeError'{0x00000000d1228990}: Found class java.lang.Object, but interface was expected> (0x00000000d1228990) 
thrown [s\src\hotspot\share\interpreter\linkResolver.cpp, line 840]
Event: 36.174 Thread 0x000001fa0728f690 Exception <a 'java/lang/IncompatibleClassChangeError'{0x00000000d846ccb0}: Found class java.lang.Object, but interface was expected> (0x00000000d846ccb0) 
thrown [s\src\hotspot\share\interpreter\linkResolver.cpp, line 840]
Event: 36.178 Thread 0x000001fa0728f690 Exception <a 'java/lang/NoSuchMethodError'{0x00000000d8474bf0}: 'void java.lang.invoke.DirectMethodHandle$Holder.invokeInterface(java.lang.Object, java.lang.Object, java.lang.Object, int)'> (0x00000000d8474bf0) 
thrown [s\src\hotspot\share\interpreter\linkResolver.cpp, line 773]
Event: 36.853 Thread 0x000001fa0728f690 Exception <a 'java/lang/NoSuchMethodError'{0x00000000dd0ddb70}: 'java.lang.Object java.lang.invoke.DirectMethodHandle$Holder.invokeStatic(java.lang.Object, int, java.lang.Object)'> (0x00000000dd0ddb70) 
thrown [s\src\hotspot\share\interpreter\linkResolver.cpp, line 773]
Event: 37.142 Thread 0x000001fa0728f690 Exception <a 'java/lang/IncompatibleClassChangeError'{0x00000000daf63c08}: Found class java.lang.Object, but interface was expected> (0x00000000daf63c08) 
thrown [s\src\hotspot\share\interpreter\linkResolver.cpp, line 840]
Event: 37.230 Thread 0x000001fa0728f690 Exception <a 'java/lang/NoSuchMethodError'{0x00000000daef4e38}: 'java.lang.Object java.lang.invoke.DirectMethodHandle$Holder.newInvokeSpecial(java.lang.Object, int, java.lang.Object, java.lang.Object, java.lang.Object)'> (0x00000000daef4e38) 
thrown [s\src\hotspot\share\interpreter\linkResolver.cpp, line 773]
Event: 37.231 Thread 0x000001fa0728f690 Exception <a 'java/lang/NoSuchMethodError'{0x00000000daef90b0}: 'java.lang.Object java.lang.invoke.DirectMethodHandle$Holder.invokeSpecial(java.lang.Object, java.lang.Object, int, java.lang.Object, java.lang.Object, java.lang.Object)'> (0x00000000daef90b0) 
thrown [s\src\hotspot\share\interpreter\linkResolver.cpp, line 773]
Event: 37.508 Thread 0x000001fa0728f690 Exception <a 'java/lang/NoSuchMethodError'{0x00000000da634ea8}: 'void java.lang.invoke.DirectMethodHandle$Holder.invokeStatic(java.lang.Object, java.lang.Object, java.lang.Object, java.lang.Object, java.lang.Object, java.lang.Object, java.lang.Object, java.lang.Object)'> (0x00000000da634ea8) 
thrown [s\src\hotspot\share\interpreter\linkResolver.cpp, line 773]

ZGC Phase Switch (0 events):
No events

VM Operations (20 events):
Event: 36.418 Executing VM operation: HandshakeAllThreads (Deoptimize) done
Event: 36.642 Executing VM operation: HandshakeAllThreads (Deoptimize)
Event: 36.642 Executing VM operation: HandshakeAllThreads (Deoptimize) done
Event: 36.772 Executing VM operation: HandshakeAllThreads (Deoptimize)
Event: 36.773 Executing VM operation: HandshakeAllThreads (Deoptimize) done
Event: 36.829 Executing VM operation: HandshakeAllThreads (Deoptimize)
Event: 36.829 Executing VM operation: HandshakeAllThreads (Deoptimize) done
Event: 37.141 Executing VM operation: HandshakeAllThreads (Deoptimize)
Event: 37.142 Executing VM operation: HandshakeAllThreads (Deoptimize) done
Event: 37.225 Executing VM operation: HandshakeAllThreads (Deoptimize)
Event: 37.226 Executing VM operation: HandshakeAllThreads (Deoptimize) done
Event: 37.269 Executing VM operation: HandshakeAllThreads (Deoptimize)
Event: 37.269 Executing VM operation: HandshakeAllThreads (Deoptimize) done
Event: 37.295 Executing VM operation: ICBufferFull
Event: 37.295 Executing VM operation: ICBufferFull done
Event: 37.490 Executing VM operation: HandshakeAllThreads (Deoptimize)
Event: 37.491 Executing VM operation: HandshakeAllThreads (Deoptimize) done
Event: 37.611 Executing VM operation: G1CollectForAllocation (G1 Evacuation Pause)
Event: 37.625 Executing VM operation: G1CollectForAllocation (G1 Evacuation Pause) done
Event: 37.904 Executing VM operation: G1PauseRemark

Memory protections (0 events):
No events

Nmethod flushes (20 events):
Event: 37.914 Thread 0x000001fa7c134140 flushing  nmethod 0x000001fa27e81010
Event: 37.914 Thread 0x000001fa7c134140 flushing  nmethod 0x000001fa27e82190
Event: 37.914 Thread 0x000001fa7c134140 flushing  nmethod 0x000001fa2849b810
Event: 37.914 Thread 0x000001fa7c134140 flushing  nmethod 0x000001fa2849d810
Event: 37.914 Thread 0x000001fa7c134140 flushing  nmethod 0x000001fa2853cc10
Event: 37.914 Thread 0x000001fa7c134140 flushing  nmethod 0x000001fa28694f90
Event: 37.914 Thread 0x000001fa7c134140 flushing  nmethod 0x000001fa28695310
Event: 37.914 Thread 0x000001fa7c134140 flushing  nmethod 0x000001fa28695710
Event: 37.914 Thread 0x000001fa7c134140 flushing  nmethod 0x000001fa28695e90
Event: 37.914 Thread 0x000001fa7c134140 flushing  nmethod 0x000001fa28696290
Event: 37.914 Thread 0x000001fa7c134140 flushing  nmethod 0x000001fa28696690
Event: 37.914 Thread 0x000001fa7c134140 flushing  nmethod 0x000001fa2870ea90
Event: 37.914 Thread 0x000001fa7c134140 flushing  nmethod 0x000001fa28710190
Event: 37.914 Thread 0x000001fa7c134140 flushing  nmethod 0x000001fa28711110
Event: 37.914 Thread 0x000001fa7c134140 flushing  nmethod 0x000001fa28711790
Event: 37.914 Thread 0x000001fa7c134140 flushing  nmethod 0x000001fa28857190
Event: 37.914 Thread 0x000001fa7c134140 flushing  nmethod 0x000001fa2892da90
Event: 37.914 Thread 0x000001fa7c134140 flushing  nmethod 0x000001fa28a0b910
Event: 37.914 Thread 0x000001fa7c134140 flushing  nmethod 0x000001fa28b45710
Event: 37.914 Thread 0x000001fa7c134140 flushing  nmethod 0x000001fa28d4f010

Events (20 events):
Event: 28.223 Thread 0x000001fa085c1710 Thread added: 0x000001fa07597c20
Event: 28.228 Thread 0x000001fa085c1710 Thread added: 0x000001fa07598fd0
Event: 28.231 Thread 0x000001fa085c1710 Thread added: 0x000001fa085c09f0
Event: 28.280 Thread 0x000001fa085c1710 Thread added: 0x000001fa0728f690
Event: 30.321 Thread 0x000001fa085c09f0 Thread exited: 0x000001fa085c09f0
Event: 30.704 Thread 0x000001fa0728f690 Thread added: 0x000001fa063362a0
Event: 30.705 Thread 0x000001fa0728f690 Thread added: 0x000001fa7c2ae4f0
Event: 30.707 Thread 0x000001fa063362a0 Thread added: 0x000001fa7c2ade60
Event: 30.707 Thread 0x000001fa7c2ae4f0 Thread added: 0x000001fa04406420
Event: 30.709 Thread 0x000001fa04406420 Thread added: 0x000001fa085c09f0
Event: 30.709 Thread 0x000001fa7c2ade60 Thread added: 0x000001fa0e4aac80
Event: 30.711 Thread 0x000001fa085c09f0 Thread added: 0x000001fa0df88580
Event: 30.712 Thread 0x000001fa0e4aac80 Thread added: 0x000001fa0df87860
Event: 30.712 Thread 0x000001fa0df88580 Thread added: 0x000001fa0728f000
Event: 30.714 Thread 0x000001fa0df87860 Thread added: 0x000001fa0e4a98d0
Event: 30.715 Thread 0x000001fa0728f000 Thread added: 0x000001fa044077d0
Event: 30.719 Thread 0x000001fa0e4a98d0 Thread added: 0x000001fa0d0387b0
Event: 31.111 Thread 0x000001fa7fa892c0 Thread exited: 0x000001fa7fa892c0
Event: 31.315 Thread 0x000001fa7c1a8910 Thread added: 0x000001fa7fa8bba0
Event: 36.019 Thread 0x000001fa7fa8bba0 Thread exited: 0x000001fa7fa8bba0


Dynamic libraries:
0x00007ff60ad10000 - 0x00007ff60ad1e000 	C:\Users\DELL\.gradle\jdks\eclipse_adoptium-21-amd64-windows.2\bin\java.exe
0x00007ffad9780000 - 0x00007ffad99e7000 	C:\WINDOWS\SYSTEM32\ntdll.dll
0x00007ffad8110000 - 0x00007ffad81d9000 	C:\WINDOWS\System32\KERNEL32.DLL
0x00007ffad70f0000 - 0x00007ffad74e1000 	C:\WINDOWS\System32\KERNELBASE.dll
0x00007ffaa13a0000 - 0x00007ffaa143f000 	c:\Users\DELL\AppData\Local\Programs\Trae\resources\app\modules\sandbox\x64\trae_sbox.dll
0x00007ffad8b80000 - 0x00007ffad8c3b000 	C:\WINDOWS\System32\ADVAPI32.dll
0x00007ffad8c40000 - 0x00007ffad8ce9000 	C:\WINDOWS\System32\msvcrt.dll
0x00007ffad8210000 - 0x00007ffad82b7000 	C:\WINDOWS\System32\sechost.dll
0x00007ffad8380000 - 0x00007ffad8498000 	C:\WINDOWS\System32\RPCRT4.dll
0x00007ffad61c0000 - 0x00007ffad630b000 	C:\WINDOWS\System32\ucrtbase.dll
0x00007ffaa2060000 - 0x00007ffaa207e000 	C:\Users\DELL\.gradle\jdks\eclipse_adoptium-21-amd64-windows.2\bin\VCRUNTIME140.dll
0x00007ffaa3220000 - 0x00007ffaa3238000 	C:\Users\DELL\.gradle\jdks\eclipse_adoptium-21-amd64-windows.2\bin\jli.dll
0x00007ffad75a0000 - 0x00007ffad7765000 	C:\WINDOWS\System32\USER32.dll
0x00007ffad74f0000 - 0x00007ffad7517000 	C:\WINDOWS\System32\win32u.dll
0x00007ffabc3e0000 - 0x00007ffabc673000 	C:\WINDOWS\WinSxS\amd64_microsoft.windows.common-controls_6595b64144ccf1df_6.0.26100.8037_none_3e092faae333b53b\COMCTL32.dll
0x00007ffad81e0000 - 0x00007ffad820b000 	C:\WINDOWS\System32\GDI32.dll
0x00007ffad6db0000 - 0x00007ffad6edb000 	C:\WINDOWS\System32\gdi32full.dll
0x00007ffad6060000 - 0x00007ffad6103000 	C:\WINDOWS\System32\msvcp_win.dll
0x00007ffaa3280000 - 0x00007ffaa330f000 	c:\Users\DELL\AppData\Local\Programs\Trae\resources\app\modules\sandbox\x64\sbox_ipc.dll
0x00007ffad9040000 - 0x00007ffad9071000 	C:\WINDOWS\System32\IMM32.DLL
0x00007ffad3c80000 - 0x00007ffad3ec2000 	C:\WINDOWS\SYSTEM32\dbghelp.dll
0x00007ffad8700000 - 0x00007ffad8a82000 	C:\WINDOWS\System32\combase.dll
0x00007ffad8aa0000 - 0x00007ffad8b77000 	C:\WINDOWS\System32\OLEAUT32.dll
0x00007ffab7890000 - 0x00007ffab78cb000 	C:\WINDOWS\SYSTEM32\dbgcore.DLL
0x00007ffab4fe0000 - 0x00007ffab4fec000 	C:\Users\DELL\.gradle\jdks\eclipse_adoptium-21-amd64-windows.2\bin\vcruntime140_1.dll
0x00007ffa9b5c0000 - 0x00007ffa9b64d000 	C:\Users\DELL\.gradle\jdks\eclipse_adoptium-21-amd64-windows.2\bin\msvcp140.dll
0x00007ffa2ddc0000 - 0x00007ffa2eb50000 	C:\Users\DELL\.gradle\jdks\eclipse_adoptium-21-amd64-windows.2\bin\server\jvm.dll
0x00007ffad7520000 - 0x00007ffad7594000 	C:\WINDOWS\System32\WS2_32.dll
0x00007ffad5ec0000 - 0x00007ffad5f1e000 	C:\WINDOWS\SYSTEM32\POWRPROF.dll
0x00007ffad10d0000 - 0x00007ffad1105000 	C:\WINDOWS\SYSTEM32\WINMM.dll
0x00007ffac2cb0000 - 0x00007ffac2cbb000 	C:\WINDOWS\SYSTEM32\VERSION.dll
0x00007ffad5ea0000 - 0x00007ffad5eb4000 	C:\WINDOWS\SYSTEM32\UMPDC.dll
0x00007ffad4df0000 - 0x00007ffad4e0b000 	C:\WINDOWS\SYSTEM32\kernel.appcore.dll
0x00007ffab4820000 - 0x00007ffab482a000 	C:\Users\DELL\.gradle\jdks\eclipse_adoptium-21-amd64-windows.2\bin\jimage.dll
0x00007ffad6110000 - 0x00007ffad61b5000 	C:\WINDOWS\System32\bcryptPrimitives.dll
0x00007ffaa3400000 - 0x00007ffaa340f000 	C:\Users\DELL\.gradle\jdks\eclipse_adoptium-21-amd64-windows.2\bin\instrument.dll
0x00007ffaa2040000 - 0x00007ffaa205f000 	C:\Users\DELL\.gradle\jdks\eclipse_adoptium-21-amd64-windows.2\bin\java.dll
0x00007ffad7990000 - 0x00007ffad80ef000 	C:\WINDOWS\System32\Shell32.dll
0x00007ffad6b80000 - 0x00007ffad6cea000 	C:\WINDOWS\System32\wintypes.dll
0x00007ffad6310000 - 0x00007ffad6b74000 	C:\WINDOWS\System32\windows.storage.dll
0x00007ffad8f40000 - 0x00007ffad9037000 	C:\WINDOWS\System32\shcore.dll
0x00007ffad2c40000 - 0x00007ffad2cea000 	C:\WINDOWS\system32\uxtheme.dll
0x00007ffad7770000 - 0x00007ffad77d7000 	C:\WINDOWS\System32\shlwapi.dll
0x00007ffad82c0000 - 0x00007ffad836e000 	C:\WINDOWS\System32\clbcatq.dll
0x00007ffad90b0000 - 0x00007ffad9245000 	C:\WINDOWS\System32\ole32.dll
0x00007ffad5bd0000 - 0x00007ffad5c27000 	C:\WINDOWS\SYSTEM32\CFGMGR32.dll
0x00007ffad14b0000 - 0x00007ffad15b3000 	C:\WINDOWS\system32\propsys.dll
0x00007ffad4f10000 - 0x00007ffad4f46000 	C:\WINDOWS\SYSTEM32\ntmarta.dll
0x00007ffad2960000 - 0x00007ffad29ff000 	C:\WINDOWS\SYSTEM32\apphelp.dll
0x00007ffabe840000 - 0x00007ffabe869000 	C:\Windows\System32\srvcli.dll
0x00007ffad47c0000 - 0x00007ffad47cd000 	C:\Windows\System32\netutils.dll
0x00007ffad5090000 - 0x00007ffad50d9000 	C:\Windows\System32\SspiCli.dll
0x00007ffad5f50000 - 0x00007ffad5f7a000 	C:\WINDOWS\SYSTEM32\bcrypt.dll
0x00007ffad5f80000 - 0x00007ffad5fa9000 	C:\WINDOWS\SYSTEM32\profapi.dll
0x00007ffa907d0000 - 0x00007ffa908a7000 	C:\Users\DELL\.gradle\jdks\eclipse_adoptium-21-amd64-windows.2\bin\jsvml.dll
0x00007ffaa2020000 - 0x00007ffaa2038000 	C:\Users\DELL\.gradle\jdks\eclipse_adoptium-21-amd64-windows.2\bin\zip.dll
0x00007ffaa31b0000 - 0x00007ffaa31c0000 	C:\Users\DELL\.gradle\jdks\eclipse_adoptium-21-amd64-windows.2\bin\net.dll
0x00007ffac5690000 - 0x00007ffac57b7000 	C:\WINDOWS\SYSTEM32\WINHTTP.dll
0x00007ffad5360000 - 0x00007ffad53cb000 	C:\WINDOWS\system32\mswsock.dll
0x00007ffaa1f40000 - 0x00007ffaa1f56000 	C:\Users\DELL\.gradle\jdks\eclipse_adoptium-21-amd64-windows.2\bin\nio.dll
0x00007ffaa2d50000 - 0x00007ffaa2d60000 	C:\Users\DELL\.gradle\jdks\eclipse_adoptium-21-amd64-windows.2\bin\verify.dll
0x00007ffab5180000 - 0x00007ffab51a7000 	C:\Users\DELL\.gradle\native\660c5614fbf4a5f2a75b1949f50a0caf5cd603558e7d8a26e50b933a0cfb79d1\windows-amd64\native-platform.dll
0x00007ffa9b300000 - 0x00007ffa9b377000 	C:\Users\DELL\.gradle\native\0.2.8\x86_64-windows-gnu\gradle-fileevents.dll
0x00007ffaa2400000 - 0x00007ffaa240a000 	C:\Users\DELL\.gradle\jdks\eclipse_adoptium-21-amd64-windows.2\bin\management.dll
0x00007ffaa1f30000 - 0x00007ffaa1f3b000 	C:\Users\DELL\.gradle\jdks\eclipse_adoptium-21-amd64-windows.2\bin\management_ext.dll
0x00007ffad8ea0000 - 0x00007ffad8ea8000 	C:\WINDOWS\System32\PSAPI.DLL
0x00007ffad4850000 - 0x00007ffad4883000 	C:\WINDOWS\SYSTEM32\IPHLPAPI.DLL
0x00007ffad8e90000 - 0x00007ffad8e9a000 	C:\WINDOWS\System32\NSI.dll
0x00007ffaa1f20000 - 0x00007ffaa1f29000 	C:\Users\DELL\.gradle\jdks\eclipse_adoptium-21-amd64-windows.2\bin\extnet.dll
0x00007ffad5640000 - 0x00007ffad565b000 	C:\WINDOWS\SYSTEM32\CRYPTSP.dll
0x00007ffad4d50000 - 0x00007ffad4d89000 	C:\WINDOWS\system32\rsaenh.dll
0x00007ffad5410000 - 0x00007ffad5442000 	C:\WINDOWS\SYSTEM32\USERENV.dll
0x00007ffad5660000 - 0x00007ffad566c000 	C:\WINDOWS\SYSTEM32\CRYPTBASE.dll
0x00007ffaa1f10000 - 0x00007ffaa1f1e000 	C:\Users\DELL\.gradle\jdks\eclipse_adoptium-21-amd64-windows.2\bin\sunmscapi.dll
0x00007ffad6f70000 - 0x00007ffad70e7000 	C:\WINDOWS\System32\CRYPT32.dll
0x00007ffad5860000 - 0x00007ffad5890000 	C:\WINDOWS\SYSTEM32\ncrypt.dll
0x00007ffad5810000 - 0x00007ffad584f000 	C:\WINDOWS\SYSTEM32\NTASN1.dll
0x00007ffabfb20000 - 0x00007ffabfb28000 	C:\WINDOWS\system32\wshunix.dll
0x00007ffad8df0000 - 0x00007ffad8e6c000 	C:\WINDOWS\System32\coml2.dll
0x00007ffa94ed0000 - 0x00007ffa94f76000 	C:\WINDOWS\system32\ntshrui.dll
0x00007ffab1620000 - 0x00007ffab1633000 	C:\WINDOWS\SYSTEM32\cscapi.dll
0x00007ffa975d0000 - 0x00007ffa975df000 	C:\WINDOWS\SYSTEM32\LINKINFO.dll
0x00007ffac3c60000 - 0x00007ffac42b2000 	C:\Windows\System32\OneCoreUAPCommonProxyStub.dll
0x00007ffaba2d0000 - 0x00007ffaba4ad000 	C:\Windows\System32\urlmon.dll
0x00007ffaba000000 - 0x00007ffaba2c4000 	C:\Windows\System32\iertutil.dll
0x00007ffa7f4b0000 - 0x00007ffa7f56f000 	C:\Windows\System32\Windows.FileExplorer.Common.dll
0x00007ffa9c390000 - 0x00007ffa9c3c0000 	C:\WINDOWS\system32\mssprxy.dll
0x00007ffabead0000 - 0x00007ffabec47000 	C:\Windows\System32\Windows.System.Launcher.dll
0x00007ffac3040000 - 0x00007ffac305a000 	C:\WINDOWS\SYSTEM32\windows.staterepositorycore.dll
0x00007ffabfa50000 - 0x00007ffabfb14000 	C:\Windows\System32\Windows.StateRepositoryPS.dll

dbghelp: loaded successfully - version: 4.0.5 - missing functions: none
symbol engine: initialized successfully - sym options: 0x614 - pdb path: .;C:\Users\DELL\.gradle\jdks\eclipse_adoptium-21-amd64-windows.2\bin;C:\WINDOWS\SYSTEM32;c:\Users\DELL\AppData\Local\Programs\Trae\resources\app\modules\sandbox\x64;C:\WINDOWS\WinSxS\amd64_microsoft.windows.common-controls_6595b64144ccf1df_6.0.26100.8037_none_3e092faae333b53b;C:\Users\DELL\.gradle\jdks\eclipse_adoptium-21-amd64-windows.2\bin\server;C:\Users\DELL\.gradle\native\660c5614fbf4a5f2a75b1949f50a0caf5cd603558e7d8a26e50b933a0cfb79d1\windows-amd64;C:\Users\DELL\.gradle\native\0.2.8\x86_64-windows-gnu

VM Arguments:
jvm_args: --add-opens=java.base/java.lang=ALL-UNNAMED --add-opens=java.base/java.lang.invoke=ALL-UNNAMED --add-opens=java.base/java.util=ALL-UNNAMED --add-opens=java.prefs/java.util.prefs=ALL-UNNAMED --add-exports=jdk.compiler/com.sun.tools.javac.api=ALL-UNNAMED --add-exports=jdk.compiler/com.sun.tools.javac.util=ALL-UNNAMED --add-opens=java.base/java.util=ALL-UNNAMED --add-opens=java.prefs/java.util.prefs=ALL-UNNAMED --add-opens=java.base/java.nio.charset=ALL-UNNAMED --add-opens=java.base/java.net=ALL-UNNAMED --add-opens=java.base/java.util.concurrent=ALL-UNNAMED --add-opens=java.base/java.util.concurrent.atomic=ALL-UNNAMED --add-opens=java.xml/javax.xml.namespace=ALL-UNNAMED --add-opens=java.base/java.time=ALL-UNNAMED -Xmx1024m -Dfile.encoding=UTF-8 -Duser.country=US -Duser.language=en -Duser.variant -javaagent:C:\Users\DELL\.gradle\wrapper\dists\gradle-9.3.1-bin\23ovyewtku6u96viwx3xl3oks\gradle-9.3.1\lib\agents\gradle-instrumentation-agent-9.3.1.jar 
java_command: org.gradle.launcher.daemon.bootstrap.GradleDaemon 9.3.1
java_class_path (initial): C:\Users\DELL\.gradle\wrapper\dists\gradle-9.3.1-bin\23ovyewtku6u96viwx3xl3oks\gradle-9.3.1\lib\gradle-daemon-main-9.3.1.jar
Launcher Type: SUN_STANDARD

[Global flags]
     intx CICompilerCount                          = 4                                         {product} {ergonomic}
     uint ConcGCThreads                            = 3                                         {product} {ergonomic}
     uint G1ConcRefinementThreads                  = 10                                        {product} {ergonomic}
   size_t G1HeapRegionSize                         = 1048576                                   {product} {ergonomic}
    uintx GCDrainStackTargetSize                   = 64                                        {product} {ergonomic}
   size_t InitialHeapSize                          = 264241152                                 {product} {ergonomic}
   size_t MarkStackSize                            = 4194304                                   {product} {ergonomic}
   size_t MaxHeapSize                              = 1073741824                                {product} {command line}
   size_t MaxNewSize                               = 643825664                                 {product} {ergonomic}
   size_t MinHeapDeltaBytes                        = 1048576                                   {product} {ergonomic}
   size_t MinHeapSize                              = 8388608                                   {product} {ergonomic}
    uintx NonNMethodCodeHeapSize                   = 5839372                                {pd product} {ergonomic}
    uintx NonProfiledCodeHeapSize                  = 122909434                              {pd product} {ergonomic}
    uintx ProfiledCodeHeapSize                     = 122909434                              {pd product} {ergonomic}
    uintx ReservedCodeCacheSize                    = 251658240                              {pd product} {ergonomic}
     bool SegmentedCodeCache                       = true                                      {product} {ergonomic}
   size_t SoftMaxHeapSize                          = 1073741824                             {manageable} {ergonomic}
     bool UseCompressedOops                        = true                           {product lp64_product} {ergonomic}
     bool UseG1GC                                  = true                                      {product} {ergonomic}
     bool UseLargePagesIndividualAllocation        = false                                  {pd product} {ergonomic}

Logging:
Log output configuration:
 #0: stdout all=warning uptime,level,tags foldmultilines=false
 #1: stderr all=off uptime,level,tags foldmultilines=false

Environment Variables:
PATH=c:\\Users\\DELL\\.trae\\tools\\trae-gopls\\current;c:\\Users\\DELL\\.trae\\sdks\\workspaces\\bca5830d\\versions\\node\\current;c:\\Users\\DELL\\.trae\\sdks\\versions\\node\\current;c:\Users\DELL\.trae\tools\trae-gopls\current;c:\Users\DELL\.trae\sdks\workspaces\bca5830d\versions\node\current;c:\Users\DELL\.trae\sdks\versions\node\current;C:\Program Files (x86)\Common Files\Oracle\Java\java8path;C:\Program Files (x86)\Common Files\Oracle\Java\javapath;C:\Program Files\Microsoft MPI\Bin\;C:\WINDOWS\system32;C:\WINDOWS;C:\WINDOWS\System32\Wbem;C:\WINDOWS\System32\WindowsPowerShell\v1.0\;C:\WINDOWS\System32\OpenSSH\;C:\Program Files\dotnet\;C:\msys64\ucrt64\bin;C:\Program Files (x86)\Windows Kits\10\Windows Performance Toolkit\;C:\Program Files (x86)\Microsoft SQL Server\160\Tools\Binn\;C:\Program Files\Microsoft SQL Server\160\Tools\Binn\;C:\Program Files\Microsoft SQL Server\Client SDK\ODBC\170\Tools\Binn\;C:\Program Files\Microsoft SQL Server\160\DTS\Binn\;C:\Program Files (x86)\Microsoft SQL Server\160\DTS\Binn\;C:\Program Files\Microsoft SQL Server\170\DTS\Binn\;C:\Program Files\Git\cmd;C:\WINDOWS\system32\config\systemprofile\AppData\Local\Muse Hub\lib;C:\Program Files\PuTTY\;c:\Users\DELL\AppData\Local\Programs\Trae\bin;C:\Users\DELL\AppData\Local\Programs\Python\Python310\Scripts\;C:\Users\DELL\AppData\Local\Programs\Python\Python310\;C:\Users\DELL\AppData\Local\Microsoft\WindowsApps;C:\Users\DELL\.dotnet\tools;C:\Users\DELL\AppData\Local\Programs\Microsoft VS Code\bin;C:\Users\DELL\AppData\Local\Programs\Antigravity\bin;C:\Users\DELL\AppData\Local\Pandoc\;c:\Users\DELL\.trae\extensions\vscjava.vscode-java-debug-0.58.5-universal\bundled\scripts\noConfigScripts
USERNAME=DELL
LANG=en_US.UTF-8
OS=Windows_NT
PROCESSOR_IDENTIFIER=Intel64 Family 6 Model 154 Stepping 4, GenuineIntel
TMP=C:\Users\DELL\AppData\Local\Temp
TEMP=C:\Users\DELL\AppData\Local\Temp




Periodic native trim disabled

---------------  S Y S T E M  ---------------

OS:
 Windows 11 , 64 bit Build 26100 (10.0.26100.7920)
OS uptime: 0 days 11:32 hours

CPU: total 12 (initial active 12) (6 cores per cpu, 2 threads per core) family 6 model 154 stepping 4 microcode 0x43b, cx8, cmov, fxsr, ht, mmx, 3dnowpref, sse, sse2, sse3, ssse3, sse4.1, sse4.2, popcnt, lzcnt, tsc, tscinvbit, avx, avx2, aes, erms, clmul, bmi1, bmi2, adx, sha, fma, vzeroupper, clflush, clflushopt, clwb, serialize, rdtscp, rdpid, fsrm, f16c, pku, cet_ibt, cet_ss
Processor Information for the first 12 processors :
  Max Mhz: 1300, Current Mhz: 1300, Mhz Limit: 1300

Memory: 4k page, system-wide physical 16068M (353M free)
TotalPageFile size 26308M (AvailPageFile size 53M)
current process WorkingSet (physical memory assigned to process): 930M, peak: 943M
current process commit charge ("private bytes"): 965M, peak: 1055M

vm_info: OpenJDK 64-Bit Server VM (21.0.7+6-LTS) for windows-amd64 JRE (21.0.7+6-LTS), built on 2025-04-15T00:00:00Z by "admin" with MS VC++ 17.7 (VS2022)

END.
