#
# There is insufficient memory for the Java Runtime Environment to continue.
# Native memory allocation (malloc) failed to allocate 431376 bytes. Error detail: Chunk::new
# Possible reasons:
#   The system is out of physical RAM or swap space
#   This process is running with CompressedOops enabled, and the Java Heap may be blocking the growth of the native heap
# Possible solutions:
#   Reduce memory load on the system
#   Increase physical memory or swap space
#   Check if swap backing store is full
#   Decrease Java heap size (-Xmx/-Xms)
#   Decrease number of Java threads
#   Decrease Java thread stack sizes (-Xss)
#   Set larger code cache with -XX:ReservedCodeCacheSize=
#   JVM is running with Zero Based Compressed Oops mode in which the Java heap is
#     placed in the first 32GB address space. The Java Heap base address is the
#     maximum limit for the native heap growth. Please use -XX:HeapBaseMinAddress
#     to set the Java Heap base and to place the Java Heap above 32GB virtual address.
# This output file may be truncated or incomplete.
#
#  Out of Memory Error (arena.cpp:168), pid=62728, tid=45368
#
# JRE version: OpenJDK Runtime Environment JBR-21.0.10+1-1163.110-jcef (21.0.10+1) (build 21.0.10+1-b1163.110)
# Java VM: OpenJDK 64-Bit Server VM JBR-21.0.10+1-1163.110-jcef (21.0.10+1-b1163.110, mixed mode, sharing, tiered, compressed oops, compressed class ptrs, g1 gc, windows-amd64)
# No core dump will be written. Minidumps are not enabled by default on client versions of Windows
#

---------------  S U M M A R Y ------------

Command Line: --add-opens=java.base/java.lang=ALL-UNNAMED --add-opens=java.base/java.lang.invoke=ALL-UNNAMED --add-opens=java.base/java.util=ALL-UNNAMED --add-opens=java.prefs/java.util.prefs=ALL-UNNAMED --add-exports=jdk.compiler/com.sun.tools.javac.api=ALL-UNNAMED --add-exports=jdk.compiler/com.sun.tools.javac.util=ALL-UNNAMED --add-opens=java.base/java.util=ALL-UNNAMED --add-opens=java.prefs/java.util.prefs=ALL-UNNAMED --add-opens=java.base/java.nio.charset=ALL-UNNAMED --add-opens=java.base/java.net=ALL-UNNAMED --add-opens=java.base/java.util.concurrent=ALL-UNNAMED --add-opens=java.base/java.util.concurrent.atomic=ALL-UNNAMED --add-opens=java.xml/javax.xml.namespace=ALL-UNNAMED --add-opens=java.base/java.time=ALL-UNNAMED -XX:MaxMetaspaceSize=512m -XX:+UseG1GC -XX:+HeapDumpOnOutOfMemoryError -Xmx3072m -Dfile.encoding=UTF-8 -Duser.country=US -Duser.language=en -Duser.variant -javaagent:C:\Users\DELL\.gradle\wrapper\dists\gradle-9.3.1-bin\23ovyewtku6u96viwx3xl3oks\gradle-9.3.1\lib\agents\gradle-instrumentation-agent-9.3.1.jar org.gradle.launcher.daemon.bootstrap.GradleDaemon 9.3.1

Host: 12th Gen Intel(R) Core(TM) i5-1235U, 12 cores, 15G,  Windows 11 , 64 bit Build 26100 (10.0.26100.8246)
Time: Thu May 14 20:59:38 2026 SE Asia Standard Time elapsed time: 25.824057 seconds (0d 0h 0m 25s)

---------------  T H R E A D  ---------------

Current thread (0x000001612685ef40):  JavaThread "C2 CompilerThread1" daemon [_thread_in_native, id=45368, stack(0x00000050d6f00000,0x00000050d7000000) (1024K)]


Current CompileTask:
C2:25824 15785   !   4       java.io.ObjectInputStream::readOrdinaryObject (373 bytes)

Stack: [0x00000050d6f00000,0x00000050d7000000]
Native frames: (J=compiled Java code, j=interpreted, Vv=VM code, C=native code)
V  [jvm.dll+0x6ed099]  os::win32::platform_print_native_stack+0xd9  (os_windows_x86.cpp:236)
V  [jvm.dll+0x8cb76b]  VMError::report+0xd8b  (vmError.cpp:1018)
V  [jvm.dll+0x8cdf0a]  VMError::report_and_die+0x79a  (vmError.cpp:1886)
V  [jvm.dll+0x8ce5e3]  VMError::report_and_die+0x43  (vmError.cpp:1656)
V  [jvm.dll+0x28e1c6]  report_vm_out_of_memory+0x56  (debug.cpp:225)
V  [jvm.dll+0xc912d]  Chunk::operator new+0x10d  (arena.cpp:168)
V  [jvm.dll+0xc967c]  Arena::grow+0x10c  (arena.cpp:301)
V  [jvm.dll+0x3ca642]  PhaseIFG::init+0x82  (ifg.cpp:50)
V  [jvm.dll+0x396c22]  PhaseCFG::global_code_motion+0x442  (gcm.cpp:1592)
V  [jvm.dll+0x39607a]  PhaseCFG::do_global_code_motion+0x3a  (gcm.cpp:1660)
V  [jvm.dll+0x254c50]  Compile::Code_Gen+0x240  (compile.cpp:2940)
V  [jvm.dll+0x25427c]  Compile::Compile+0xf5c  (compile.cpp:885)
V  [jvm.dll+0x1d364e]  C2Compiler::compile_method+0xce  (c2compiler.cpp:123)
V  [jvm.dll+0x263fab]  CompileBroker::invoke_compiler_on_method+0x7ab  (compileBroker.cpp:2326)
V  [jvm.dll+0x2624de]  CompileBroker::compiler_thread_loop+0x39e  (compileBroker.cpp:1995)
V  [jvm.dll+0x405325]  JavaThread::run+0x125  (javaThread.cpp:704)
V  [jvm.dll+0x87544d]  Thread::call_run+0xcd  (thread.cpp:231)
V  [jvm.dll+0x6eb7fd]  os::win32::thread_native_entry+0x7d  (os_windows.cpp:557)
C  [ucrtbase.dll+0x37b0]
C  [KERNEL32.DLL+0x2e8d7]
C  [ntdll.dll+0x8c3fc]


---------------  P R O C E S S  ---------------

Threads class SMR info:
_java_thread_list=0x000001614ed1cd00, length=150, elements={
0x000001610be207f0, 0x000001612593bef0, 0x00000161259425b0, 0x0000016125943010,
0x0000016125944d60, 0x000001612594a330, 0x0000016125948260, 0x000001612594b6e0,
0x0000016125947400, 0x0000016126220c20, 0x00000161259488f0, 0x000001612594b050,
0x0000016125949ca0, 0x0000016125948f80, 0x0000016148cbe150, 0x0000016148cbcda0,
0x0000016148cbc710, 0x0000016148cbd430, 0x0000016148cbdac0, 0x0000016148cbe7e0,
0x0000016148cbee70, 0x0000016148cbf500, 0x0000016148cbc080, 0x0000016148cc22f0,
0x0000016148cc15d0, 0x0000016148cc3010, 0x0000016148cbfb90, 0x0000016148cc1c60,
0x0000016148cc0f40, 0x0000016148cc36a0, 0x000001614a6d4570, 0x000001614a6d3850,
0x000001614a6d4c00, 0x000001614a6d24a0, 0x000001614a6d2b30, 0x000001614a6d1e10,
0x000001614a6d5fb0, 0x000001614a6d5920, 0x000001614a6d6640, 0x000001614a6d6cd0,
0x000001614a6d7360, 0x000001614a6d8080, 0x000001614a6d79f0, 0x000001614a6d8710,
0x000001614a6d8da0, 0x00000161265ab700, 0x00000161265abd90, 0x00000161265a9cc0,
0x00000161265a9630, 0x00000161265a8fa0, 0x00000161265ad140, 0x00000161265ac420,
0x00000161265acab0, 0x00000161265ad7d0, 0x00000161265aa350, 0x00000161265ade60,
0x00000161265aa9e0, 0x00000161265ae4f0, 0x00000161265ab070, 0x00000161265aeb80,
0x00000161265af210, 0x00000161265b05c0, 0x00000161265af8a0, 0x00000161265aff30,
0x000001614afb2560, 0x000001614afb3fa0, 0x000001614afb2bf0, 0x000001614afb3280,
0x000001614afb4630, 0x000001614afb3910, 0x000001614afb11b0, 0x000001614afb4cc0,
0x000001614afb5350, 0x000001614afb1ed0, 0x000001614afb8140, 0x000001614afb6d90,
0x000001612594a9c0, 0x00000161474a0790, 0x000001614749f3e0, 0x00000161474a2ef0,
0x000001614749fa70, 0x00000161474a4fc0, 0x00000161474a3580, 0x00000161474a4930,
0x000001614cd7a4e0, 0x00000161547bd3f0, 0x00000161547be7a0, 0x00000161547be110,
0x00000161547bee30, 0x00000161547bb9b0, 0x00000161547bf4c0, 0x00000161547bc6d0,
0x00000161547bcd60, 0x00000161547bc040, 0x00000161547bfb50, 0x00000161547c01e0,
0x00000161547c0f00, 0x00000161547c0870, 0x00000161547bda80, 0x00000161547c1590,
0x00000161547c1c20, 0x00000161547c22b0, 0x00000161547c2940, 0x000001614cd97560,
0x000001614cd940e0, 0x000001614cd97bf0, 0x000001614cd98910, 0x000001614cd98280,
0x000001614d03ae50, 0x000001614d039410, 0x000001614d03bb70, 0x000001614d03b4e0,
0x000001614d039aa0, 0x000001614d03c200, 0x000001614d03a130, 0x000001614d03c890,
0x000001614cd933c0, 0x000001614cd95490, 0x000001614cd92010, 0x000001614cd95b20,
0x000001614cd93a50, 0x000001614cd92d30, 0x000001614cd96840, 0x000001614cd96ed0,
0x000001614cd7bf20, 0x000001612685ef40, 0x00000161268603b0, 0x000001614aca1190,
0x000001614aca3f80, 0x000001614aca1820, 0x000001614aca2bd0, 0x000001614aca3260,
0x000001614aca38f0, 0x000001614aca1eb0, 0x000001614aca0b00, 0x000001614aca7a90,
0x000001614aca7400, 0x000001614aca66e0, 0x000001614aca59c0, 0x000001614aca4610,
0x000001614aca6d70, 0x000001614aca8120, 0x000001614aca4ca0, 0x000001614aca87b0,
0x000001614aca5330, 0x000001614acab5a0, 0x000001614acabc30, 0x000001614acac2c0,
0x000001614acaa1f0, 0x000001614aca94d0
}

Java Threads: ( => current thread )
  0x000001610be207f0 JavaThread "main"                              [_thread_blocked, id=21496, stack(0x00000050d5d00000,0x00000050d5e00000) (1024K)]
  0x000001612593bef0 JavaThread "Common-Cleaner"             daemon [_thread_blocked, id=59648, stack(0x00000050d6500000,0x00000050d6600000) (1024K)]
  0x00000161259425b0 JavaThread "Reference Handler"          daemon [_thread_in_Java, id=13968, stack(0x00000050d6600000,0x00000050d6700000) (1024K)]
  0x0000016125943010 JavaThread "Finalizer"                  daemon [_thread_blocked, id=63220, stack(0x00000050d6700000,0x00000050d6800000) (1024K)]
  0x0000016125944d60 JavaThread "Signal Dispatcher"          daemon [_thread_blocked, id=64236, stack(0x00000050d6800000,0x00000050d6900000) (1024K)]
  0x000001612594a330 JavaThread "Attach Listener"            daemon [_thread_blocked, id=64188, stack(0x00000050d6900000,0x00000050d6a00000) (1024K)]
  0x0000016125948260 JavaThread "Service Thread"             daemon [_thread_blocked, id=64200, stack(0x00000050d6a00000,0x00000050d6b00000) (1024K)]
  0x000001612594b6e0 JavaThread "Monitor Deflation Thread"   daemon [_thread_blocked, id=27724, stack(0x00000050d6b00000,0x00000050d6c00000) (1024K)]
  0x0000016125947400 JavaThread "C2 CompilerThread0"         daemon [_thread_in_native, id=64164, stack(0x00000050d6c00000,0x00000050d6d00000) (1024K)]
  0x0000016126220c20 JavaThread "C1 CompilerThread0"         daemon [_thread_blocked, id=52132, stack(0x00000050d6d00000,0x00000050d6e00000) (1024K)]
  0x00000161259488f0 JavaThread "Notification Thread"        daemon [_thread_blocked, id=18728, stack(0x00000050d6e00000,0x00000050d6f00000) (1024K)]
  0x000001612594b050 JavaThread "Daemon health stats"               [_thread_blocked, id=61564, stack(0x00000050d7500000,0x00000050d7600000) (1024K)]
  0x0000016125949ca0 JavaThread "Incoming local TCP Connector on port 50601"        [_thread_in_native, id=64500, stack(0x00000050d7700000,0x00000050d7800000) (1024K)]
  0x0000016125948f80 JavaThread "Daemon periodic checks"            [_thread_blocked, id=63484, stack(0x00000050d7800000,0x00000050d7900000) (1024K)]
  0x0000016148cbe150 JavaThread "Daemon"                            [_thread_blocked, id=64208, stack(0x00000050d7900000,0x00000050d7a00000) (1024K)]
  0x0000016148cbcda0 JavaThread "Handler for socket connection from /127.0.0.1:50601 to /127.0.0.1:50602"        [_thread_in_native, id=60656, stack(0x00000050d7a00000,0x00000050d7b00000) (1024K)]
  0x0000016148cbc710 JavaThread "Cancel handler"                    [_thread_blocked, id=63424, stack(0x00000050d7b00000,0x00000050d7c00000) (1024K)]
  0x0000016148cbd430 JavaThread "Daemon worker"                     [_thread_blocked, id=14240, stack(0x00000050d7c00000,0x00000050d7d00000) (1024K)]
  0x0000016148cbdac0 JavaThread "Asynchronous log dispatcher for DefaultDaemonConnection: socket connection from /127.0.0.1:50601 to /127.0.0.1:50602"        [_thread_blocked, id=58564, stack(0x00000050d7d00000,0x00000050d7e00000) (1024K)]
  0x0000016148cbe7e0 JavaThread "Stdin handler"                     [_thread_blocked, id=61240, stack(0x00000050d7e00000,0x00000050d7f00000) (1024K)]
  0x0000016148cbee70 JavaThread "Daemon client event forwarder"        [_thread_blocked, id=64184, stack(0x00000050d7f00000,0x00000050d8000000) (1024K)]
  0x0000016148cbf500 JavaThread "Cache worker for journal cache (C:\Users\DELL\.gradle\caches\journal-1)"        [_thread_blocked, id=18288, stack(0x00000050d8400000,0x00000050d8500000) (1024K)]
  0x0000016148cbc080 JavaThread "File lock request listener"        [_thread_in_native, id=18780, stack(0x00000050d8500000,0x00000050d8600000) (1024K)]
  0x0000016148cc22f0 JavaThread "Cache worker for file hash cache (C:\Users\DELL\.gradle\caches\9.3.1\fileHashes)"        [_thread_blocked, id=62712, stack(0x00000050d8600000,0x00000050d8700000) (1024K)]
  0x0000016148cc15d0 JavaThread "Cache worker for file hash cache (D:\MEox\UITer\DOAN\Mosco_Megre\Mosco\client\.gradle\9.3.1\fileHashes)"        [_thread_blocked, id=57784, stack(0x00000050d8900000,0x00000050d8a00000) (1024K)]
  0x0000016148cc3010 JavaThread "Cache worker for Build Output Cleanup Cache (D:\MEox\UITer\DOAN\Mosco_Megre\Mosco\client\.gradle\buildOutputCleanup)"        [_thread_blocked, id=39388, stack(0x00000050d8a00000,0x00000050d8b00000) (1024K)]
  0x0000016148cbfb90 JavaThread "File watcher server"        daemon [_thread_in_native, id=63756, stack(0x00000050d8b00000,0x00000050d8c00000) (1024K)]
  0x0000016148cc1c60 JavaThread "File watcher consumer"      daemon [_thread_blocked, id=61756, stack(0x00000050d8c00000,0x00000050d8d00000) (1024K)]
  0x0000016148cc0f40 JavaThread "Cache worker for checksums cache (D:\MEox\UITer\DOAN\Mosco_Megre\Mosco\client\.gradle\9.3.1\checksums)"        [_thread_blocked, id=8728, stack(0x00000050d8d00000,0x00000050d8e00000) (1024K)]
  0x0000016148cc36a0 JavaThread "Cache worker for file content cache (C:\Users\DELL\.gradle\caches\9.3.1\fileContent)"        [_thread_blocked, id=62072, stack(0x00000050d8e00000,0x00000050d8f00000) (1024K)]
  0x000001614a6d4570 JavaThread "Cache worker for cache directory md-supplier (C:\Users\DELL\.gradle\caches\9.3.1\md-supplier)"        [_thread_blocked, id=59784, stack(0x00000050d8f00000,0x00000050d9000000) (1024K)]
  0x000001614a6d3850 JavaThread "Cache worker for cache directory md-rule (C:\Users\DELL\.gradle\caches\9.3.1\md-rule)"        [_thread_blocked, id=18392, stack(0x00000050d9000000,0x00000050d9100000) (1024K)]
  0x000001614a6d4c00 JavaThread "jar transforms"                    [_thread_blocked, id=54280, stack(0x00000050d9100000,0x00000050d9200000) (1024K)]
  0x000001614a6d24a0 JavaThread "Unconstrained build operations"        [_thread_blocked, id=64084, stack(0x00000050d9200000,0x00000050d9300000) (1024K)]
  0x000001614a6d2b30 JavaThread "Unconstrained build operations Thread 2"        [_thread_blocked, id=62988, stack(0x00000050d9300000,0x00000050d9400000) (1024K)]
  0x000001614a6d1e10 JavaThread "Unconstrained build operations Thread 3"        [_thread_blocked, id=63068, stack(0x00000050d9400000,0x00000050d9500000) (1024K)]
  0x000001614a6d5fb0 JavaThread "jar transforms Thread 2"           [_thread_blocked, id=10728, stack(0x00000050d9500000,0x00000050d9600000) (1024K)]
  0x000001614a6d5920 JavaThread "Problems report writer"            [_thread_blocked, id=19492, stack(0x00000050d9600000,0x00000050d9700000) (1024K)]
  0x000001614a6d6640 JavaThread "jar transforms Thread 3"           [_thread_blocked, id=59972, stack(0x00000050d9700000,0x00000050d9800000) (1024K)]
  0x000001614a6d6cd0 JavaThread "Unconstrained build operations Thread 4"        [_thread_blocked, id=55332, stack(0x00000050d9800000,0x00000050d9900000) (1024K)]
  0x000001614a6d7360 JavaThread "Unconstrained build operations Thread 5"        [_thread_blocked, id=54480, stack(0x00000050d9900000,0x00000050d9a00000) (1024K)]
  0x000001614a6d8080 JavaThread "Unconstrained build operations Thread 6"        [_thread_blocked, id=62576, stack(0x00000050d9a00000,0x00000050d9b00000) (1024K)]
  0x000001614a6d79f0 JavaThread "Unconstrained build operations Thread 7"        [_thread_blocked, id=53756, stack(0x00000050d9b00000,0x00000050d9c00000) (1024K)]
  0x000001614a6d8710 JavaThread "Unconstrained build operations Thread 8"        [_thread_blocked, id=60888, stack(0x00000050d9c00000,0x00000050d9d00000) (1024K)]
  0x000001614a6d8da0 JavaThread "Unconstrained build operations Thread 9"        [_thread_blocked, id=40680, stack(0x00000050d9d00000,0x00000050d9e00000) (1024K)]
  0x00000161265ab700 JavaThread "Unconstrained build operations Thread 10"        [_thread_blocked, id=37464, stack(0x00000050d9e00000,0x00000050d9f00000) (1024K)]
  0x00000161265abd90 JavaThread "Unconstrained build operations Thread 11"        [_thread_blocked, id=62228, stack(0x00000050d9f00000,0x00000050da000000) (1024K)]
  0x00000161265a9cc0 JavaThread "Unconstrained build operations Thread 12"        [_thread_blocked, id=64144, stack(0x00000050da000000,0x00000050da100000) (1024K)]
  0x00000161265a9630 JavaThread "Unconstrained build operations Thread 13"        [_thread_blocked, id=63908, stack(0x00000050da100000,0x00000050da200000) (1024K)]
  0x00000161265a8fa0 JavaThread "Unconstrained build operations Thread 14"        [_thread_blocked, id=8276, stack(0x00000050da200000,0x00000050da300000) (1024K)]
  0x00000161265ad140 JavaThread "Unconstrained build operations Thread 15"        [_thread_blocked, id=61828, stack(0x00000050da300000,0x00000050da400000) (1024K)]
  0x00000161265ac420 JavaThread "Unconstrained build operations Thread 16"        [_thread_blocked, id=62096, stack(0x00000050da400000,0x00000050da500000) (1024K)]
  0x00000161265acab0 JavaThread "Unconstrained build operations Thread 17"        [_thread_blocked, id=62092, stack(0x00000050da500000,0x00000050da600000) (1024K)]
  0x00000161265ad7d0 JavaThread "Unconstrained build operations Thread 18"        [_thread_blocked, id=60660, stack(0x00000050da600000,0x00000050da700000) (1024K)]
  0x00000161265aa350 JavaThread "Unconstrained build operations Thread 19"        [_thread_blocked, id=64284, stack(0x00000050da700000,0x00000050da800000) (1024K)]
  0x00000161265ade60 JavaThread "Unconstrained build operations Thread 20"        [_thread_blocked, id=56432, stack(0x00000050da800000,0x00000050da900000) (1024K)]
  0x00000161265aa9e0 JavaThread "Unconstrained build operations Thread 21"        [_thread_blocked, id=61736, stack(0x00000050da900000,0x00000050daa00000) (1024K)]
  0x00000161265ae4f0 JavaThread "Unconstrained build operations Thread 22"        [_thread_blocked, id=30920, stack(0x00000050daa00000,0x00000050dab00000) (1024K)]
  0x00000161265ab070 JavaThread "Unconstrained build operations Thread 23"        [_thread_blocked, id=60524, stack(0x00000050dab00000,0x00000050dac00000) (1024K)]
  0x00000161265aeb80 JavaThread "Unconstrained build operations Thread 24"        [_thread_blocked, id=63660, stack(0x00000050dac00000,0x00000050dad00000) (1024K)]
  0x00000161265af210 JavaThread "Unconstrained build operations Thread 25"        [_thread_blocked, id=49724, stack(0x00000050dad00000,0x00000050dae00000) (1024K)]
  0x00000161265b05c0 JavaThread "Unconstrained build operations Thread 26"        [_thread_blocked, id=63200, stack(0x00000050dae00000,0x00000050daf00000) (1024K)]
  0x00000161265af8a0 JavaThread "Unconstrained build operations Thread 27"        [_thread_blocked, id=63672, stack(0x00000050daf00000,0x00000050db000000) (1024K)]
  0x00000161265aff30 JavaThread "Unconstrained build operations Thread 28"        [_thread_blocked, id=19524, stack(0x00000050db000000,0x00000050db100000) (1024K)]
  0x000001614afb2560 JavaThread "Unconstrained build operations Thread 29"        [_thread_blocked, id=58084, stack(0x00000050db100000,0x00000050db200000) (1024K)]
  0x000001614afb3fa0 JavaThread "Unconstrained build operations Thread 30"        [_thread_blocked, id=58844, stack(0x00000050db200000,0x00000050db300000) (1024K)]
  0x000001614afb2bf0 JavaThread "Unconstrained build operations Thread 31"        [_thread_blocked, id=60068, stack(0x00000050db300000,0x00000050db400000) (1024K)]
  0x000001614afb3280 JavaThread "Unconstrained build operations Thread 32"        [_thread_blocked, id=51332, stack(0x00000050db400000,0x00000050db500000) (1024K)]
  0x000001614afb4630 JavaThread "Unconstrained build operations Thread 33"        [_thread_blocked, id=3096, stack(0x00000050db500000,0x00000050db600000) (1024K)]
  0x000001614afb3910 JavaThread "Unconstrained build operations Thread 34"        [_thread_blocked, id=64196, stack(0x00000050db600000,0x00000050db700000) (1024K)]
  0x000001614afb11b0 JavaThread "Unconstrained build operations Thread 35"        [_thread_blocked, id=40560, stack(0x00000050db700000,0x00000050db800000) (1024K)]
  0x000001614afb4cc0 JavaThread "Unconstrained build operations Thread 36"        [_thread_blocked, id=64376, stack(0x00000050db800000,0x00000050db900000) (1024K)]
  0x000001614afb5350 JavaThread "jar transforms Thread 4"           [_thread_blocked, id=58228, stack(0x00000050db900000,0x00000050dba00000) (1024K)]
  0x000001614afb1ed0 JavaThread "jar transforms Thread 5"           [_thread_blocked, id=62116, stack(0x00000050dba00000,0x00000050dbb00000) (1024K)]
  0x000001614afb8140 JavaThread "Memory manager"                    [_thread_blocked, id=64288, stack(0x00000050dbb00000,0x00000050dbc00000) (1024K)]
  0x000001614afb6d90 JavaThread "build event listener"              [_thread_blocked, id=43688, stack(0x00000050dbc00000,0x00000050dbd00000) (1024K)]
  0x000001612594a9c0 JavaThread "jar transforms Thread 6"           [_thread_blocked, id=62452, stack(0x00000050dbd00000,0x00000050dbe00000) (1024K)]
  0x00000161474a0790 JavaThread "pool-3-thread-1"                   [_thread_blocked, id=64308, stack(0x00000050dbe00000,0x00000050dbf00000) (1024K)]
  0x000001614749f3e0 JavaThread "build event listener"              [_thread_blocked, id=63812, stack(0x00000050dbf00000,0x00000050dc000000) (1024K)]
  0x00000161474a2ef0 JavaThread "included builds"                   [_thread_blocked, id=60688, stack(0x00000050dc000000,0x00000050dc100000) (1024K)]
  0x000001614749fa70 JavaThread "Execution worker"                  [_thread_blocked, id=62820, stack(0x00000050dc100000,0x00000050dc200000) (1024K)]
  0x00000161474a4fc0 JavaThread "Execution worker Thread 2"         [_thread_blocked, id=60548, stack(0x00000050dc200000,0x00000050dc300000) (1024K)]
  0x00000161474a3580 JavaThread "Execution worker Thread 3"         [_thread_blocked, id=61572, stack(0x00000050dc300000,0x00000050dc400000) (1024K)]
  0x00000161474a4930 JavaThread "Execution worker Thread 4"         [_thread_blocked, id=59440, stack(0x00000050dc400000,0x00000050dc500000) (1024K)]
  0x000001614cd7a4e0 JavaThread "Execution worker Thread 5"         [_thread_blocked, id=64128, stack(0x00000050dc500000,0x00000050dc600000) (1024K)]
  0x00000161547bd3f0 JavaThread "Execution worker Thread 6"         [_thread_blocked, id=43584, stack(0x00000050dc600000,0x00000050dc700000) (1024K)]
  0x00000161547be7a0 JavaThread "Execution worker Thread 7"         [_thread_blocked, id=63912, stack(0x00000050dc700000,0x00000050dc800000) (1024K)]
  0x00000161547be110 JavaThread "Execution worker Thread 8"         [_thread_blocked, id=62528, stack(0x00000050dc800000,0x00000050dc900000) (1024K)]
  0x00000161547bee30 JavaThread "Execution worker Thread 9"         [_thread_blocked, id=55500, stack(0x00000050dc900000,0x00000050dca00000) (1024K)]
  0x00000161547bb9b0 JavaThread "Execution worker Thread 10"        [_thread_blocked, id=13688, stack(0x00000050dca00000,0x00000050dcb00000) (1024K)]
  0x00000161547bf4c0 JavaThread "Execution worker Thread 11"        [_thread_blocked, id=61928, stack(0x00000050dcb00000,0x00000050dcc00000) (1024K)]
  0x00000161547bc6d0 JavaThread "Cache worker for execution history cache (D:\MEox\UITer\DOAN\Mosco_Megre\Mosco\client\.gradle\9.3.1\executionHistory)"        [_thread_blocked, id=35556, stack(0x00000050dcc00000,0x00000050dcd00000) (1024K)]
  0x00000161547bcd60 JavaThread "Unconstrained build operations Thread 37"        [_thread_blocked, id=60520, stack(0x00000050dcd00000,0x00000050dce00000) (1024K)]
  0x00000161547bc040 JavaThread "Unconstrained build operations Thread 38"        [_thread_blocked, id=63496, stack(0x00000050dce00000,0x00000050dcf00000) (1024K)]
  0x00000161547bfb50 JavaThread "Unconstrained build operations Thread 39"        [_thread_blocked, id=63792, stack(0x00000050dcf00000,0x00000050dd000000) (1024K)]
  0x00000161547c01e0 JavaThread "Unconstrained build operations Thread 40"        [_thread_blocked, id=59640, stack(0x00000050dd000000,0x00000050dd100000) (1024K)]
  0x00000161547c0f00 JavaThread "Unconstrained build operations Thread 41"        [_thread_blocked, id=63028, stack(0x00000050dd100000,0x00000050dd200000) (1024K)]
  0x00000161547c0870 JavaThread "Unconstrained build operations Thread 42"        [_thread_blocked, id=62852, stack(0x00000050dd200000,0x00000050dd300000) (1024K)]
  0x00000161547bda80 JavaThread "Unconstrained build operations Thread 43"        [_thread_blocked, id=60984, stack(0x00000050dd300000,0x00000050dd400000) (1024K)]
  0x00000161547c1590 JavaThread "Unconstrained build operations Thread 44"        [_thread_blocked, id=5252, stack(0x00000050dd400000,0x00000050dd500000) (1024K)]
  0x00000161547c1c20 JavaThread "Unconstrained build operations Thread 45"        [_thread_blocked, id=61672, stack(0x00000050dd500000,0x00000050dd600000) (1024K)]
  0x00000161547c22b0 JavaThread "Unconstrained build operations Thread 46"        [_thread_blocked, id=64428, stack(0x00000050dd600000,0x00000050dd700000) (1024K)]
  0x00000161547c2940 JavaThread "Unconstrained build operations Thread 47"        [_thread_blocked, id=63148, stack(0x00000050dd700000,0x00000050dd800000) (1024K)]
  0x000001614cd97560 JavaThread "Unconstrained build operations Thread 48"        [_thread_blocked, id=58704, stack(0x00000050dd800000,0x00000050dd900000) (1024K)]
  0x000001614cd940e0 JavaThread "Unconstrained build operations Thread 49"        [_thread_blocked, id=31912, stack(0x00000050dd900000,0x00000050dda00000) (1024K)]
  0x000001614cd97bf0 JavaThread "Unconstrained build operations Thread 50"        [_thread_blocked, id=60440, stack(0x00000050dda00000,0x00000050ddb00000) (1024K)]
  0x000001614cd98910 JavaThread "Unconstrained build operations Thread 51"        [_thread_blocked, id=64264, stack(0x00000050ddb00000,0x00000050ddc00000) (1024K)]
  0x000001614cd98280 JavaThread "Unconstrained build operations Thread 52"        [_thread_blocked, id=63108, stack(0x00000050ddc00000,0x00000050ddd00000) (1024K)]
  0x000001614d03ae50 JavaThread "Unconstrained build operations Thread 53"        [_thread_blocked, id=64112, stack(0x00000050ddd00000,0x00000050dde00000) (1024K)]
  0x000001614d039410 JavaThread "Unconstrained build operations Thread 54"        [_thread_blocked, id=53228, stack(0x00000050dde00000,0x00000050ddf00000) (1024K)]
  0x000001614d03bb70 JavaThread "Unconstrained build operations Thread 55"        [_thread_blocked, id=64276, stack(0x00000050ddf00000,0x00000050de000000) (1024K)]
  0x000001614d03b4e0 JavaThread "Unconstrained build operations Thread 56"        [_thread_blocked, id=64316, stack(0x00000050de000000,0x00000050de100000) (1024K)]
  0x000001614d039aa0 JavaThread "Unconstrained build operations Thread 57"        [_thread_blocked, id=63492, stack(0x00000050de100000,0x00000050de200000) (1024K)]
  0x000001614d03c200 JavaThread "Unconstrained build operations Thread 58"        [_thread_blocked, id=64120, stack(0x00000050de200000,0x00000050de300000) (1024K)]
  0x000001614d03a130 JavaThread "Unconstrained build operations Thread 59"        [_thread_blocked, id=64472, stack(0x00000050de300000,0x00000050de400000) (1024K)]
  0x000001614d03c890 JavaThread "Unconstrained build operations Thread 60"        [_thread_blocked, id=54552, stack(0x00000050de400000,0x00000050de500000) (1024K)]
  0x000001614cd933c0 JavaThread "Unconstrained build operations Thread 61"        [_thread_blocked, id=64360, stack(0x00000050de500000,0x00000050de600000) (1024K)]
  0x000001614cd95490 JavaThread "Unconstrained build operations Thread 62"        [_thread_blocked, id=64348, stack(0x00000050de600000,0x00000050de700000) (1024K)]
  0x000001614cd92010 JavaThread "Unconstrained build operations Thread 63"        [_thread_blocked, id=62596, stack(0x00000050de700000,0x00000050de800000) (1024K)]
  0x000001614cd95b20 JavaThread "Unconstrained build operations Thread 64"        [_thread_blocked, id=22932, stack(0x00000050de800000,0x00000050de900000) (1024K)]
  0x000001614cd93a50 JavaThread "Unconstrained build operations Thread 65"        [_thread_blocked, id=62920, stack(0x00000050de900000,0x00000050dea00000) (1024K)]
  0x000001614cd92d30 JavaThread "Unconstrained build operations Thread 66"        [_thread_blocked, id=63936, stack(0x00000050dea00000,0x00000050deb00000) (1024K)]
  0x000001614cd96840 JavaThread "Unconstrained build operations Thread 67"        [_thread_blocked, id=63784, stack(0x00000050deb00000,0x00000050dec00000) (1024K)]
  0x000001614cd96ed0 JavaThread "Unconstrained build operations Thread 68"        [_thread_blocked, id=60380, stack(0x00000050dec00000,0x00000050ded00000) (1024K)]
  0x000001614cd7bf20 JavaThread "Unconstrained build operations Thread 69"        [_thread_blocked, id=62588, stack(0x00000050ded00000,0x00000050dee00000) (1024K)]
=>0x000001612685ef40 JavaThread "C2 CompilerThread1"         daemon [_thread_in_native, id=45368, stack(0x00000050d6f00000,0x00000050d7000000) (1024K)]
  0x00000161268603b0 JavaThread "C2 CompilerThread2"         daemon [_thread_in_native, id=62088, stack(0x00000050d7600000,0x00000050d7700000) (1024K)]
  0x000001614aca1190 JavaThread "WorkerExecutor Queue"              [_thread_in_Java, id=61964, stack(0x00000050dee00000,0x00000050def00000) (1024K)]
  0x000001614aca3f80 JavaThread "WorkerExecutor Queue Thread 2"        [_thread_blocked, id=63816, stack(0x00000050def00000,0x00000050df000000) (1024K)]
  0x000001614aca1820 JavaThread "WorkerExecutor Queue Thread 3"        [_thread_blocked, id=63940, stack(0x00000050df000000,0x00000050df100000) (1024K)]
  0x000001614aca2bd0 JavaThread "WorkerExecutor Queue Thread 4"        [_thread_blocked, id=13724, stack(0x00000050df100000,0x00000050df200000) (1024K)]
  0x000001614aca3260 JavaThread "WorkerExecutor Queue Thread 5"        [_thread_blocked, id=59576, stack(0x00000050df200000,0x00000050df300000) (1024K)]
  0x000001614aca38f0 JavaThread "WorkerExecutor Queue Thread 6"        [_thread_blocked, id=1396, stack(0x00000050df300000,0x00000050df400000) (1024K)]
  0x000001614aca1eb0 JavaThread "WorkerExecutor Queue Thread 7"        [_thread_blocked, id=63844, stack(0x00000050df400000,0x00000050df500000) (1024K)]
  0x000001614aca0b00 JavaThread "WorkerExecutor Queue Thread 8"        [_thread_blocked, id=59836, stack(0x00000050df500000,0x00000050df600000) (1024K)]
  0x000001614aca7a90 JavaThread "WorkerExecutor Queue Thread 9"        [_thread_blocked, id=62448, stack(0x00000050df600000,0x00000050df700000) (1024K)]
  0x000001614aca7400 JavaThread "WorkerExecutor Queue Thread 10"        [_thread_blocked, id=55896, stack(0x00000050df700000,0x00000050df800000) (1024K)]
  0x000001614aca66e0 JavaThread "WorkerExecutor Queue Thread 11"        [_thread_blocked, id=58176, stack(0x00000050df800000,0x00000050df900000) (1024K)]
  0x000001614aca59c0 JavaThread "WorkerExecutor Queue Thread 12"        [_thread_in_Java, id=63092, stack(0x00000050df900000,0x00000050dfa00000) (1024K)]
  0x000001614aca4610 JavaThread "Unconstrained build operations Thread 70"        [_thread_blocked, id=61344, stack(0x00000050dfa00000,0x00000050dfb00000) (1024K)]
  0x000001614aca6d70 JavaThread "Unconstrained build operations Thread 71"        [_thread_blocked, id=63732, stack(0x00000050dfb00000,0x00000050dfc00000) (1024K)]
  0x000001614aca8120 JavaThread "Unconstrained build operations Thread 72"        [_thread_blocked, id=63712, stack(0x00000050dfc00000,0x00000050dfd00000) (1024K)]
  0x000001614aca4ca0 JavaThread "Unconstrained build operations Thread 73"        [_thread_blocked, id=14228, stack(0x00000050dfd00000,0x00000050dfe00000) (1024K)]
  0x000001614aca87b0 JavaThread "Unconstrained build operations Thread 74"        [_thread_blocked, id=41272, stack(0x00000050dfe00000,0x00000050dff00000) (1024K)]
  0x000001614aca5330 JavaThread "Unconstrained build operations Thread 75"        [_thread_blocked, id=51372, stack(0x00000050dff00000,0x00000050e0000000) (1024K)]
  0x000001614acab5a0 JavaThread "Unconstrained build operations Thread 76"        [_thread_blocked, id=58692, stack(0x00000050e0000000,0x00000050e0100000) (1024K)]
  0x000001614acabc30 JavaThread "Unconstrained build operations Thread 77"        [_thread_blocked, id=62328, stack(0x00000050e0100000,0x00000050e0200000) (1024K)]
  0x000001614acac2c0 JavaThread "Unconstrained build operations Thread 78"        [_thread_blocked, id=61180, stack(0x00000050e0200000,0x00000050e0300000) (1024K)]
  0x000001614acaa1f0 JavaThread "Unconstrained build operations Thread 79"        [_thread_blocked, id=42928, stack(0x00000050e0300000,0x00000050e0400000) (1024K)]
  0x000001614aca94d0 JavaThread "Unconstrained build operations Thread 80"        [_thread_blocked, id=63808, stack(0x00000050e0400000,0x00000050e0500000) (1024K)]
Total: 150

Other Threads:
  0x000001612591edd0 VMThread "VM Thread"                           [id=64212, stack(0x00000050d6400000,0x00000050d6500000) (1024K)]
  0x000001612590c540 WatcherThread "VM Periodic Task Thread"        [id=64156, stack(0x00000050d6300000,0x00000050d6400000) (1024K)]
  0x000001610be76300 WorkerThread "GC Thread#0"                     [id=10364, stack(0x00000050d5e00000,0x00000050d5f00000) (1024K)]
  0x000001612676e190 WorkerThread "GC Thread#1"                     [id=7428, stack(0x00000050d7000000,0x00000050d7100000) (1024K)]
  0x000001612676e540 WorkerThread "GC Thread#2"                     [id=61576, stack(0x00000050d7100000,0x00000050d7200000) (1024K)]
  0x0000016126a3c640 WorkerThread "GC Thread#3"                     [id=63104, stack(0x00000050d7200000,0x00000050d7300000) (1024K)]
  0x0000016126a3c9f0 WorkerThread "GC Thread#4"                     [id=60264, stack(0x00000050d7300000,0x00000050d7400000) (1024K)]
  0x0000016126a3cda0 WorkerThread "GC Thread#5"                     [id=48792, stack(0x00000050d7400000,0x00000050d7500000) (1024K)]
  0x000001614860d640 WorkerThread "GC Thread#6"                     [id=62492, stack(0x00000050d8000000,0x00000050d8100000) (1024K)]
  0x0000016147625540 WorkerThread "GC Thread#7"                     [id=63952, stack(0x00000050d8100000,0x00000050d8200000) (1024K)]
  0x00000161476258f0 WorkerThread "GC Thread#8"                     [id=14180, stack(0x00000050d8200000,0x00000050d8300000) (1024K)]
  0x0000016148c819b0 WorkerThread "GC Thread#9"                     [id=57084, stack(0x00000050d8300000,0x00000050d8400000) (1024K)]
  0x000001610be83200 ConcurrentGCThread "G1 Main Marker"            [id=52156, stack(0x00000050d5f00000,0x00000050d6000000) (1024K)]
  0x000001610be85950 WorkerThread "G1 Conc#0"                       [id=64260, stack(0x00000050d6000000,0x00000050d6100000) (1024K)]
  0x0000016148dfb6c0 WorkerThread "G1 Conc#1"                       [id=63280, stack(0x00000050d8700000,0x00000050d8800000) (1024K)]
  0x0000016148dfd090 WorkerThread "G1 Conc#2"                       [id=51472, stack(0x00000050d8800000,0x00000050d8900000) (1024K)]
  0x00000161257e2010 ConcurrentGCThread "G1 Refine#0"               [id=62980, stack(0x00000050d6100000,0x00000050d6200000) (1024K)]
  0x00000161257e2840 ConcurrentGCThread "G1 Service"                [id=61504, stack(0x00000050d6200000,0x00000050d6300000) (1024K)]
Total: 18

Threads with active compile tasks:
C2 CompilerThread0  26100 16177       4       com.google.common.collect.Interners$InternerImpl::intern (54 bytes)
C2 CompilerThread1  26100 15785   !   4       java.io.ObjectInputStream::readOrdinaryObject (373 bytes)
C2 CompilerThread2  26100 16196       4       com.sun.xml.internal.stream.events.XMLEventAllocatorImpl::getXMLEvent (640 bytes)
Total: 3

VM state: not at safepoint (normal execution)

VM Mutex/Monitor currently owned by a thread: None

OutOfMemory and StackOverflow Exception counts:
OutOfMemoryError java_heap_errors=1
LinkageErrors=231

Heap address: 0x0000000740000000, size: 3072 MB, Compressed Oops mode: Zero based, Oop shift amount: 3

CDS archive(s) mapped at: [0x0000016127000000-0x0000016128c20000-0x0000016128c20000), size 29491200, SharedBaseAddress: 0x0000016127000000, ArchiveRelocationMode: 1.
Compressed class space mapped at: 0x0000016129000000-0x0000016143000000, reserved size: 436207616
Narrow klass base: 0x0000016127000000, Narrow klass shift: 0, Narrow klass range: 0x100000000

GC Precious Log:
 CardTable entry size: 512
 Card Set container configuration: InlinePtr #cards 4 size 8 Array Of Cards #cards 16 size 48 Howl #buckets 8 coarsen threshold 3686 Howl Bitmap #cards 512 size 80 coarsen threshold 460 Card regions per heap region 1 cards per card region 4096
 CPUs: 12 total, 12 available
 Memory: 16068M
 Large Page Support: Disabled
 NUMA Support: Disabled
 Compressed Oops: Enabled (Zero based)
 Heap Region Size: 2M
 Heap Min Capacity: 8M
 Heap Initial Capacity: 252M
 Heap Max Capacity: 3G
 Pre-touch: Disabled
 Parallel Workers: 10
 Concurrent Workers: 3
 Concurrent Refinement Workers: 10
 Periodic GC: Disabled

Heap:
 garbage-first heap   total 321536K, used 197720K [0x0000000740000000, 0x0000000800000000)
  region size 2048K, 8 young (16384K), 2 survivors (4096K)
 Metaspace       used 110512K, committed 112832K, reserved 557056K
  class space    used 15643K, committed 16768K, reserved 425984K

Heap Regions: E=young(eden), S=young(survivor), O=old, HS=humongous(starts), HC=humongous(continues), CS=collection set, F=free, TAMS=top-at-mark-start, PB=parsable bottom
|   0|0x0000000740000000, 0x0000000740200000, 0x0000000740200000|100%|HS|  |TAMS 0x0000000740200000| PB 0x0000000740000000| Complete 
|   1|0x0000000740200000, 0x0000000740400000, 0x0000000740400000|100%|HC|  |TAMS 0x0000000740400000| PB 0x0000000740200000| Complete 
|   2|0x0000000740400000, 0x0000000740600000, 0x0000000740600000|100%| O|  |TAMS 0x0000000740600000| PB 0x0000000740400000| Untracked 
|   3|0x0000000740600000, 0x0000000740800000, 0x0000000740800000|100%| O|  |TAMS 0x0000000740800000| PB 0x0000000740600000| Untracked 
|   4|0x0000000740800000, 0x0000000740a00000, 0x0000000740a00000|100%| O|  |TAMS 0x0000000740a00000| PB 0x0000000740800000| Untracked 
|   5|0x0000000740a00000, 0x0000000740c00000, 0x0000000740c00000|100%| O|  |TAMS 0x0000000740c00000| PB 0x0000000740a00000| Untracked 
|   6|0x0000000740c00000, 0x0000000740e00000, 0x0000000740e00000|100%| O|  |TAMS 0x0000000740e00000| PB 0x0000000740c00000| Untracked 
|   7|0x0000000740e00000, 0x0000000741000000, 0x0000000741000000|100%| O|  |TAMS 0x0000000741000000| PB 0x0000000740e00000| Untracked 
|   8|0x0000000741000000, 0x0000000741200000, 0x0000000741200000|100%| O|  |TAMS 0x0000000741200000| PB 0x0000000741200000| Untracked 
|   9|0x0000000741200000, 0x0000000741400000, 0x0000000741400000|100%| O|  |TAMS 0x0000000741400000| PB 0x0000000741400000| Updating 
|  10|0x0000000741400000, 0x0000000741600000, 0x0000000741600000|100%| O|  |TAMS 0x0000000741600000| PB 0x0000000741600000| Untracked 
|  11|0x0000000741600000, 0x0000000741800000, 0x0000000741800000|100%| O|  |TAMS 0x0000000741800000| PB 0x0000000741800000| Updating 
|  12|0x0000000741800000, 0x0000000741a00000, 0x0000000741a00000|100%| O|  |TAMS 0x0000000741a00000| PB 0x0000000741a00000| Untracked 
|  13|0x0000000741a00000, 0x0000000741c00000, 0x0000000741c00000|100%| O|  |TAMS 0x0000000741c00000| PB 0x0000000741c00000| Untracked 
|  14|0x0000000741c00000, 0x0000000741e00000, 0x0000000741e00000|100%| O|  |TAMS 0x0000000741e00000| PB 0x0000000741e00000| Updating 
|  15|0x0000000741e00000, 0x0000000742000000, 0x0000000742000000|100%| O|  |TAMS 0x0000000742000000| PB 0x0000000742000000| Updating 
|  16|0x0000000742000000, 0x0000000742200000, 0x0000000742200000|100%| O|  |TAMS 0x0000000742200000| PB 0x0000000742200000| Untracked 
|  17|0x0000000742200000, 0x0000000742400000, 0x0000000742400000|100%| O|  |TAMS 0x0000000742400000| PB 0x0000000742400000| Untracked 
|  18|0x0000000742400000, 0x0000000742600000, 0x0000000742600000|100%|HS|  |TAMS 0x0000000742600000| PB 0x0000000742400000| Complete 
|  19|0x0000000742600000, 0x0000000742800000, 0x0000000742800000|100%| O|  |TAMS 0x0000000742800000| PB 0x0000000742800000| Untracked 
|  20|0x0000000742800000, 0x0000000742a00000, 0x0000000742a00000|100%| O|  |TAMS 0x0000000742a00000| PB 0x0000000742a00000| Untracked 
|  21|0x0000000742a00000, 0x0000000742c00000, 0x0000000742c00000|100%|HS|  |TAMS 0x0000000742c00000| PB 0x0000000742a00000| Complete 
|  22|0x0000000742c00000, 0x0000000742e00000, 0x0000000742e00000|100%| O|  |TAMS 0x0000000742e00000| PB 0x0000000742e00000| Updating 
|  23|0x0000000742e00000, 0x0000000743000000, 0x0000000743000000|100%| O|  |TAMS 0x0000000743000000| PB 0x0000000743000000| Untracked 
|  24|0x0000000743000000, 0x0000000743200000, 0x0000000743200000|100%| O|  |TAMS 0x0000000743200000| PB 0x0000000743200000| Untracked 
|  25|0x0000000743200000, 0x0000000743400000, 0x0000000743400000|100%| O|  |TAMS 0x0000000743400000| PB 0x0000000743400000| Untracked 
|  26|0x0000000743400000, 0x0000000743600000, 0x0000000743600000|100%| O|  |TAMS 0x0000000743600000| PB 0x0000000743600000| Untracked 
|  27|0x0000000743600000, 0x0000000743800000, 0x0000000743800000|100%| O|  |TAMS 0x0000000743600000| PB 0x0000000743600000| Untracked 
|  28|0x0000000743800000, 0x0000000743a00000, 0x0000000743a00000|100%| O|  |TAMS 0x0000000743a00000| PB 0x0000000743a00000| Untracked 
|  29|0x0000000743a00000, 0x0000000743c00000, 0x0000000743c00000|100%| O|  |TAMS 0x0000000743c00000| PB 0x0000000743c00000| Untracked 
|  30|0x0000000743c00000, 0x0000000743e00000, 0x0000000743e00000|100%| O|  |TAMS 0x0000000743e00000| PB 0x0000000743e00000| Updating 
|  31|0x0000000743e00000, 0x0000000744000000, 0x0000000744000000|100%| O|  |TAMS 0x0000000744000000| PB 0x0000000744000000| Updating 
|  32|0x0000000744000000, 0x0000000744200000, 0x0000000744200000|100%| O|  |TAMS 0x0000000744200000| PB 0x0000000744200000| Untracked 
|  33|0x0000000744200000, 0x0000000744400000, 0x0000000744400000|100%| O|  |TAMS 0x0000000744400000| PB 0x0000000744400000| Untracked 
|  34|0x0000000744400000, 0x0000000744600000, 0x0000000744600000|100%| O|  |TAMS 0x0000000744400000| PB 0x0000000744400000| Untracked 
|  35|0x0000000744600000, 0x0000000744800000, 0x0000000744800000|100%| O|  |TAMS 0x0000000744800000| PB 0x0000000744800000| Untracked 
|  36|0x0000000744800000, 0x0000000744a00000, 0x0000000744a00000|100%| O|  |TAMS 0x0000000744a00000| PB 0x0000000744a00000| Updating 
|  37|0x0000000744a00000, 0x0000000744c00000, 0x0000000744c00000|100%| O|  |TAMS 0x0000000744c00000| PB 0x0000000744c00000| Untracked 
|  38|0x0000000744c00000, 0x0000000744e00000, 0x0000000744e00000|100%| O|  |TAMS 0x0000000744e00000| PB 0x0000000744e00000| Untracked 
|  39|0x0000000744e00000, 0x0000000745000000, 0x0000000745000000|100%| O|  |TAMS 0x0000000745000000| PB 0x0000000745000000| Updating 
|  40|0x0000000745000000, 0x0000000745200000, 0x0000000745200000|100%| O|  |TAMS 0x0000000745200000| PB 0x0000000745200000| Untracked 
|  41|0x0000000745200000, 0x0000000745400000, 0x0000000745400000|100%| O|  |TAMS 0x0000000745400000| PB 0x0000000745400000| Untracked 
|  42|0x0000000745400000, 0x0000000745600000, 0x0000000745600000|100%| O|  |TAMS 0x0000000745600000| PB 0x0000000745600000| Untracked 
|  43|0x0000000745600000, 0x0000000745800000, 0x0000000745800000|100%| O|  |TAMS 0x0000000745800000| PB 0x0000000745800000| Updating 
|  44|0x0000000745800000, 0x0000000745a00000, 0x0000000745a00000|100%| O|  |TAMS 0x0000000745a00000| PB 0x0000000745a00000| Untracked 
|  45|0x0000000745a00000, 0x0000000745c00000, 0x0000000745c00000|100%| O|  |TAMS 0x0000000745c00000| PB 0x0000000745c00000| Untracked 
|  46|0x0000000745c00000, 0x0000000745e00000, 0x0000000745e00000|100%| O|  |TAMS 0x0000000745e00000| PB 0x0000000745e00000| Untracked 
|  47|0x0000000745e00000, 0x0000000746000000, 0x0000000746000000|100%| O|  |TAMS 0x0000000746000000| PB 0x0000000746000000| Updating 
|  48|0x0000000746000000, 0x0000000746200000, 0x0000000746200000|100%| O|  |TAMS 0x0000000746200000| PB 0x0000000746200000| Untracked 
|  49|0x0000000746200000, 0x0000000746400000, 0x0000000746400000|100%| O|  |TAMS 0x0000000746200000| PB 0x0000000746200000| Untracked 
|  50|0x0000000746400000, 0x0000000746600000, 0x0000000746600000|100%|HS|  |TAMS 0x0000000746600000| PB 0x0000000746400000| Complete 
|  51|0x0000000746600000, 0x0000000746800000, 0x0000000746800000|100%|HS|  |TAMS 0x0000000746800000| PB 0x0000000746600000| Complete 
|  52|0x0000000746800000, 0x0000000746a00000, 0x0000000746a00000|100%| O|  |TAMS 0x0000000746a00000| PB 0x0000000746a00000| Updating 
|  53|0x0000000746a00000, 0x0000000746c00000, 0x0000000746c00000|100%| O|  |TAMS 0x0000000746c00000| PB 0x0000000746c00000| Updating 
|  54|0x0000000746c00000, 0x0000000746e00000, 0x0000000746e00000|100%| O|  |TAMS 0x0000000746e00000| PB 0x0000000746e00000| Updating 
|  55|0x0000000746e00000, 0x0000000747000000, 0x0000000747000000|100%| O|  |TAMS 0x0000000747000000| PB 0x0000000747000000| Updating 
|  56|0x0000000747000000, 0x0000000747200000, 0x0000000747200000|100%| O|  |TAMS 0x0000000747200000| PB 0x0000000747200000| Updating 
|  57|0x0000000747200000, 0x0000000747400000, 0x0000000747400000|100%| O|  |TAMS 0x0000000747400000| PB 0x0000000747400000| Updating 
|  58|0x0000000747400000, 0x0000000747600000, 0x0000000747600000|100%| O|  |TAMS 0x0000000747600000| PB 0x0000000747600000| Updating 
|  59|0x0000000747600000, 0x0000000747800000, 0x0000000747800000|100%| O|  |TAMS 0x0000000747600000| PB 0x0000000747600000| Untracked 
|  60|0x0000000747800000, 0x0000000747a00000, 0x0000000747a00000|100%| O|  |TAMS 0x0000000747800000| PB 0x0000000747800000| Untracked 
|  61|0x0000000747a00000, 0x0000000747c00000, 0x0000000747c00000|100%| O|  |TAMS 0x0000000747c00000| PB 0x0000000747c00000| Updating 
|  62|0x0000000747c00000, 0x0000000747e00000, 0x0000000747e00000|100%| O|  |TAMS 0x0000000747e00000| PB 0x0000000747e00000| Updating 
|  63|0x0000000747e00000, 0x0000000748000000, 0x0000000748000000|100%| O|  |TAMS 0x0000000748000000| PB 0x0000000748000000| Updating 
|  64|0x0000000748000000, 0x0000000748200000, 0x0000000748200000|100%| O|  |TAMS 0x000000074818e510| PB 0x000000074818e510| Updating 
|  65|0x0000000748200000, 0x0000000748400000, 0x0000000748400000|100%| O|  |TAMS 0x0000000748200000| PB 0x0000000748200000| Untracked 
|  66|0x0000000748400000, 0x0000000748600000, 0x0000000748600000|100%| O|  |TAMS 0x0000000748400000| PB 0x0000000748400000| Untracked 
|  67|0x0000000748600000, 0x0000000748600000, 0x0000000748800000|  0%| F|  |TAMS 0x0000000748600000| PB 0x0000000748600000| Untracked 
|  68|0x0000000748800000, 0x0000000748800000, 0x0000000748a00000|  0%| F|  |TAMS 0x0000000748800000| PB 0x0000000748800000| Untracked 
|  69|0x0000000748a00000, 0x0000000748a00000, 0x0000000748c00000|  0%| F|  |TAMS 0x0000000748a00000| PB 0x0000000748a00000| Untracked 
|  70|0x0000000748c00000, 0x0000000748c00000, 0x0000000748e00000|  0%| F|  |TAMS 0x0000000748c00000| PB 0x0000000748c00000| Untracked 
|  71|0x0000000748e00000, 0x0000000748e00000, 0x0000000749000000|  0%| F|  |TAMS 0x0000000748e00000| PB 0x0000000748e00000| Untracked 
|  72|0x0000000749000000, 0x0000000749000000, 0x0000000749200000|  0%| F|  |TAMS 0x0000000749000000| PB 0x0000000749000000| Untracked 
|  73|0x0000000749200000, 0x0000000749200000, 0x0000000749400000|  0%| F|  |TAMS 0x0000000749200000| PB 0x0000000749200000| Untracked 
|  74|0x0000000749400000, 0x00000007494d3260, 0x0000000749600000| 41%| O|  |TAMS 0x0000000749400000| PB 0x0000000749400000| Updating 
|  75|0x0000000749600000, 0x0000000749600000, 0x0000000749800000|  0%| F|  |TAMS 0x0000000749600000| PB 0x0000000749600000| Untracked 
|  76|0x0000000749800000, 0x0000000749800000, 0x0000000749a00000|  0%| F|  |TAMS 0x0000000749800000| PB 0x0000000749800000| Untracked 
|  77|0x0000000749a00000, 0x0000000749a00000, 0x0000000749c00000|  0%| F|  |TAMS 0x0000000749a00000| PB 0x0000000749a00000| Untracked 
|  78|0x0000000749c00000, 0x0000000749c00000, 0x0000000749e00000|  0%| F|  |TAMS 0x0000000749c00000| PB 0x0000000749c00000| Untracked 
|  79|0x0000000749e00000, 0x0000000749e00000, 0x000000074a000000|  0%| F|  |TAMS 0x0000000749e00000| PB 0x0000000749e00000| Untracked 
|  80|0x000000074a000000, 0x000000074a000000, 0x000000074a200000|  0%| F|  |TAMS 0x000000074a000000| PB 0x000000074a000000| Untracked 
|  81|0x000000074a200000, 0x000000074a200000, 0x000000074a400000|  0%| F|  |TAMS 0x000000074a200000| PB 0x000000074a200000| Untracked 
|  82|0x000000074a400000, 0x000000074a400000, 0x000000074a600000|  0%| F|  |TAMS 0x000000074a400000| PB 0x000000074a400000| Untracked 
|  83|0x000000074a600000, 0x000000074a600000, 0x000000074a800000|  0%| F|  |TAMS 0x000000074a600000| PB 0x000000074a600000| Untracked 
|  84|0x000000074a800000, 0x000000074a800000, 0x000000074aa00000|  0%| F|  |TAMS 0x000000074a800000| PB 0x000000074a800000| Untracked 
|  85|0x000000074aa00000, 0x000000074aa00000, 0x000000074ac00000|  0%| F|  |TAMS 0x000000074aa00000| PB 0x000000074aa00000| Untracked 
|  86|0x000000074ac00000, 0x000000074ac00000, 0x000000074ae00000|  0%| F|  |TAMS 0x000000074ac00000| PB 0x000000074ac00000| Untracked 
|  87|0x000000074ae00000, 0x000000074ae00000, 0x000000074b000000|  0%| F|  |TAMS 0x000000074ae00000| PB 0x000000074ae00000| Untracked 
|  88|0x000000074b000000, 0x000000074b000000, 0x000000074b200000|  0%| F|  |TAMS 0x000000074b000000| PB 0x000000074b000000| Untracked 
|  89|0x000000074b200000, 0x000000074b200000, 0x000000074b400000|  0%| F|  |TAMS 0x000000074b200000| PB 0x000000074b200000| Untracked 
|  90|0x000000074b400000, 0x000000074b400000, 0x000000074b600000|  0%| F|  |TAMS 0x000000074b400000| PB 0x000000074b400000| Untracked 
|  91|0x000000074b600000, 0x000000074b600000, 0x000000074b800000|  0%| F|  |TAMS 0x000000074b600000| PB 0x000000074b600000| Untracked 
|  92|0x000000074b800000, 0x000000074b800000, 0x000000074ba00000|  0%| F|  |TAMS 0x000000074b800000| PB 0x000000074b800000| Untracked 
|  93|0x000000074ba00000, 0x000000074ba00000, 0x000000074bc00000|  0%| F|  |TAMS 0x000000074ba00000| PB 0x000000074ba00000| Untracked 
|  94|0x000000074bc00000, 0x000000074bc00000, 0x000000074be00000|  0%| F|  |TAMS 0x000000074bc00000| PB 0x000000074bc00000| Untracked 
|  95|0x000000074be00000, 0x000000074be00000, 0x000000074c000000|  0%| F|  |TAMS 0x000000074be00000| PB 0x000000074be00000| Untracked 
|  96|0x000000074c000000, 0x000000074c000000, 0x000000074c200000|  0%| F|  |TAMS 0x000000074c000000| PB 0x000000074c000000| Untracked 
|  97|0x000000074c200000, 0x000000074c200000, 0x000000074c400000|  0%| F|  |TAMS 0x000000074c200000| PB 0x000000074c200000| Untracked 
|  98|0x000000074c400000, 0x000000074c400000, 0x000000074c600000|  0%| F|  |TAMS 0x000000074c400000| PB 0x000000074c400000| Untracked 
|  99|0x000000074c600000, 0x000000074c600000, 0x000000074c800000|  0%| F|  |TAMS 0x000000074c600000| PB 0x000000074c600000| Untracked 
| 100|0x000000074c800000, 0x000000074c800000, 0x000000074ca00000|  0%| F|  |TAMS 0x000000074c800000| PB 0x000000074c800000| Untracked 
| 101|0x000000074ca00000, 0x000000074ca00000, 0x000000074cc00000|  0%| F|  |TAMS 0x000000074ca00000| PB 0x000000074ca00000| Untracked 
| 102|0x000000074cc00000, 0x000000074cc00000, 0x000000074ce00000|  0%| F|  |TAMS 0x000000074cc00000| PB 0x000000074cc00000| Untracked 
| 103|0x000000074ce00000, 0x000000074ce00000, 0x000000074d000000|  0%| F|  |TAMS 0x000000074ce00000| PB 0x000000074ce00000| Untracked 
| 104|0x000000074d000000, 0x000000074d000000, 0x000000074d200000|  0%| F|  |TAMS 0x000000074d000000| PB 0x000000074d000000| Untracked 
| 105|0x000000074d200000, 0x000000074d200000, 0x000000074d400000|  0%| F|  |TAMS 0x000000074d200000| PB 0x000000074d200000| Untracked 
| 106|0x000000074d400000, 0x000000074d400000, 0x000000074d600000|  0%| F|  |TAMS 0x000000074d400000| PB 0x000000074d400000| Untracked 
| 107|0x000000074d600000, 0x000000074d600000, 0x000000074d800000|  0%| F|  |TAMS 0x000000074d600000| PB 0x000000074d600000| Untracked 
| 108|0x000000074d800000, 0x000000074d800000, 0x000000074da00000|  0%| F|  |TAMS 0x000000074d800000| PB 0x000000074d800000| Untracked 
| 109|0x000000074da00000, 0x000000074da00000, 0x000000074dc00000|  0%| F|  |TAMS 0x000000074da00000| PB 0x000000074da00000| Untracked 
| 110|0x000000074dc00000, 0x000000074dc00000, 0x000000074de00000|  0%| F|  |TAMS 0x000000074dc00000| PB 0x000000074dc00000| Untracked 
| 111|0x000000074de00000, 0x000000074de00000, 0x000000074e000000|  0%| F|  |TAMS 0x000000074de00000| PB 0x000000074de00000| Untracked 
| 112|0x000000074e000000, 0x000000074e000000, 0x000000074e200000|  0%| F|  |TAMS 0x000000074e000000| PB 0x000000074e000000| Untracked 
| 113|0x000000074e200000, 0x000000074e200000, 0x000000074e400000|  0%| F|  |TAMS 0x000000074e200000| PB 0x000000074e200000| Untracked 
| 114|0x000000074e400000, 0x000000074e400000, 0x000000074e600000|  0%| F|  |TAMS 0x000000074e400000| PB 0x000000074e400000| Untracked 
| 115|0x000000074e600000, 0x000000074e6430b0, 0x000000074e800000| 13%| S|CS|TAMS 0x000000074e600000| PB 0x000000074e600000| Complete 
| 116|0x000000074e800000, 0x000000074ea00000, 0x000000074ea00000|100%| S|CS|TAMS 0x000000074e800000| PB 0x000000074e800000| Complete 
| 117|0x000000074ea00000, 0x000000074ea00000, 0x000000074ec00000|  0%| F|  |TAMS 0x000000074ea00000| PB 0x000000074ea00000| Untracked 
| 118|0x000000074ec00000, 0x000000074ec00000, 0x000000074ee00000|  0%| F|  |TAMS 0x000000074ec00000| PB 0x000000074ec00000| Untracked 
| 119|0x000000074ee00000, 0x000000074ee00000, 0x000000074f000000|  0%| F|  |TAMS 0x000000074ee00000| PB 0x000000074ee00000| Untracked 
| 120|0x000000074f000000, 0x000000074f000000, 0x000000074f200000|  0%| F|  |TAMS 0x000000074f000000| PB 0x000000074f000000| Untracked 
| 121|0x000000074f200000, 0x000000074f200000, 0x000000074f400000|  0%| F|  |TAMS 0x000000074f200000| PB 0x000000074f200000| Untracked 
| 122|0x000000074f400000, 0x000000074f400000, 0x000000074f600000|  0%| F|  |TAMS 0x000000074f400000| PB 0x000000074f400000| Untracked 
| 123|0x000000074f600000, 0x000000074f600000, 0x000000074f800000|  0%| F|  |TAMS 0x000000074f600000| PB 0x000000074f600000| Untracked 
| 124|0x000000074f800000, 0x000000074f800000, 0x000000074fa00000|  0%| F|  |TAMS 0x000000074f800000| PB 0x000000074f800000| Untracked 
| 125|0x000000074fa00000, 0x000000074fc00000, 0x000000074fc00000|100%| E|  |TAMS 0x000000074fa00000| PB 0x000000074fa00000| Complete 
| 126|0x000000074fc00000, 0x000000074fc00000, 0x000000074fe00000|  0%| F|  |TAMS 0x000000074fc00000| PB 0x000000074fc00000| Untracked 
| 127|0x000000074fe00000, 0x000000074fe00000, 0x0000000750000000|  0%| F|  |TAMS 0x000000074fe00000| PB 0x000000074fe00000| Untracked 
| 128|0x0000000750000000, 0x000000075018cd68, 0x0000000750200000| 77%| E|  |TAMS 0x0000000750000000| PB 0x0000000750000000| Complete 
|1508|0x00000007fc800000, 0x00000007fca00000, 0x00000007fca00000|100%| O|  |TAMS 0x00000007fca00000| PB 0x00000007fc800000| Updating 
|1509|0x00000007fca00000, 0x00000007fcc00000, 0x00000007fcc00000|100%| O|  |TAMS 0x00000007fcc00000| PB 0x00000007fca00000| Updating 
|1510|0x00000007fcc00000, 0x00000007fce00000, 0x00000007fce00000|100%| O|  |TAMS 0x00000007fce00000| PB 0x00000007fcc00000| Updating 
|1511|0x00000007fce00000, 0x00000007fd000000, 0x00000007fd000000|100%| O|  |TAMS 0x00000007fd000000| PB 0x00000007fce00000| Updating 
|1512|0x00000007fd000000, 0x00000007fd200000, 0x00000007fd200000|100%| O|  |TAMS 0x00000007fd200000| PB 0x00000007fd000000| Updating 
|1513|0x00000007fd200000, 0x00000007fd400000, 0x00000007fd400000|100%| O|  |TAMS 0x00000007fd400000| PB 0x00000007fd200000| Updating 
|1514|0x00000007fd400000, 0x00000007fd600000, 0x00000007fd600000|100%| O|  |TAMS 0x00000007fd600000| PB 0x00000007fd400000| Updating 
|1515|0x00000007fd600000, 0x00000007fd800000, 0x00000007fd800000|100%| O|  |TAMS 0x00000007fd800000| PB 0x00000007fd600000| Updating 
|1516|0x00000007fd800000, 0x00000007fda00000, 0x00000007fda00000|100%| O|  |TAMS 0x00000007fda00000| PB 0x00000007fd800000| Updating 
|1517|0x00000007fda00000, 0x00000007fdc00000, 0x00000007fdc00000|100%| O|  |TAMS 0x00000007fdc00000| PB 0x00000007fda00000| Updating 
|1518|0x00000007fdc00000, 0x00000007fde00000, 0x00000007fde00000|100%| O|  |TAMS 0x00000007fde00000| PB 0x00000007fdc00000| Updating 
|1519|0x00000007fde00000, 0x00000007fe000000, 0x00000007fe000000|100%| O|  |TAMS 0x00000007fe000000| PB 0x00000007fde00000| Updating 
|1520|0x00000007fe000000, 0x00000007fe200000, 0x00000007fe200000|100%| O|  |TAMS 0x00000007fe200000| PB 0x00000007fe000000| Updating 
|1521|0x00000007fe200000, 0x00000007fe400000, 0x00000007fe400000|100%| O|  |TAMS 0x00000007fe400000| PB 0x00000007fe200000| Updating 
|1522|0x00000007fe400000, 0x00000007fe600000, 0x00000007fe600000|100%| O|  |TAMS 0x00000007fe600000| PB 0x00000007fe400000| Updating 
|1523|0x00000007fe600000, 0x00000007fe800000, 0x00000007fe800000|100%| O|  |TAMS 0x00000007fe800000| PB 0x00000007fe800000| Untracked 
|1524|0x00000007fe800000, 0x00000007fea00000, 0x00000007fea00000|100%| O|  |TAMS 0x00000007fea00000| PB 0x00000007fea00000| Untracked 
|1525|0x00000007fea00000, 0x00000007fec00000, 0x00000007fec00000|100%| E|CS|TAMS 0x00000007fea00000| PB 0x00000007fea00000| Complete 
|1526|0x00000007fec00000, 0x00000007fee00000, 0x00000007fee00000|100%| O|  |TAMS 0x00000007fee00000| PB 0x00000007fee00000| Updating 
|1527|0x00000007fee00000, 0x00000007ff000000, 0x00000007ff000000|100%| O|  |TAMS 0x00000007ff000000| PB 0x00000007ff000000| Untracked 
|1528|0x00000007ff000000, 0x00000007ff200000, 0x00000007ff200000|100%| E|CS|TAMS 0x00000007ff000000| PB 0x00000007ff000000| Complete 
|1529|0x00000007ff200000, 0x00000007ff400000, 0x00000007ff400000|100%| E|CS|TAMS 0x00000007ff200000| PB 0x00000007ff200000| Complete 
|1530|0x00000007ff400000, 0x00000007ff600000, 0x00000007ff600000|100%| E|CS|TAMS 0x00000007ff400000| PB 0x00000007ff400000| Complete 
|1531|0x00000007ff600000, 0x00000007ff800000, 0x00000007ff800000|100%| O|  |TAMS 0x00000007ff800000| PB 0x00000007ff800000| Updating 
|1532|0x00000007ff800000, 0x00000007ffa00000, 0x00000007ffa00000|100%| O|  |TAMS 0x00000007ffa00000| PB 0x00000007ffa00000| Untracked 
|1533|0x00000007ffa00000, 0x00000007ffc00000, 0x00000007ffc00000|100%| O|  |TAMS 0x00000007ffc00000| PB 0x00000007ffc00000| Untracked 
|1534|0x00000007ffc00000, 0x00000007ffe00000, 0x00000007ffe00000|100%| O|  |TAMS 0x00000007ffe00000| PB 0x00000007ffe00000| Untracked 
|1535|0x00000007ffe00000, 0x0000000800000000, 0x0000000800000000|100%| O|  |TAMS 0x0000000800000000| PB 0x0000000800000000| Untracked 

Card table byte_map: [0x000001611fe20000,0x0000016120420000] _byte_map_base: 0x000001611c420000

Marking Bits: (CMBitMap*) 0x000001610be76920
 Bits: [0x0000016120420000, 0x0000016123420000)

Polling page: 0x0000016109ea0000

Metaspace:

Usage:
  Non-class:     92.66 MB used.
      Class:     15.28 MB used.
       Both:    107.94 MB used.

Virtual space:
  Non-class space:      128.00 MB reserved,      93.81 MB ( 73%) committed,  2 nodes.
      Class space:      416.00 MB reserved,      16.38 MB (  4%) committed,  1 nodes.
             Both:      544.00 MB reserved,     110.19 MB ( 20%) committed. 

Chunk freelists:
   Non-Class:  1.94 MB
       Class:  15.62 MB
        Both:  17.56 MB

MaxMetaspaceSize: 512.00 MB
CompressedClassSpaceSize: 416.00 MB
Initial GC threshold: 21.00 MB
Current GC threshold: 183.56 MB
CDS: on
 - commit_granule_bytes: 65536.
 - commit_granule_words: 8192.
 - virtual_space_node_default_size: 8388608.
 - enlarge_chunks_in_place: 1.
 - use_allocation_guard: 0.


Internal statistics:

num_allocs_failed_limit: 12.
num_arena_births: 4698.
num_arena_deaths: 0.
num_vsnodes_births: 3.
num_vsnodes_deaths: 0.
num_space_committed: 1757.
num_space_uncommitted: 0.
num_chunks_returned_to_freelist: 12.
num_chunks_taken_from_freelist: 9943.
num_chunk_merges: 12.
num_chunk_splits: 6534.
num_chunks_enlarged: 4084.
num_inconsistent_stats: 0.

CodeHeap 'non-profiled nmethods': size=120000Kb used=9918Kb max_used=10250Kb free=110081Kb
 bounds [0x0000016117da0000, 0x00000161187b0000, 0x000001611f2d0000]
CodeHeap 'profiled nmethods': size=120000Kb used=24723Kb max_used=25860Kb free=95276Kb
 bounds [0x00000161102d0000, 0x0000016111c20000, 0x0000016117800000]
CodeHeap 'non-nmethods': size=5760Kb used=2055Kb max_used=2110Kb free=3704Kb
 bounds [0x0000016117800000, 0x0000016117a70000, 0x0000016117da0000]
CodeCache: size=245760Kb, used=36696Kb, max_used=38220Kb, free=209061Kb
 total_blobs=14126, nmethods=13213, adapters=817, full_count=0
Compilation: enabled, stopped_count=0, restarted_count=0

Compilation events (20 events):
Event: 23.804 Thread 0x0000016126220c20 15881       2       org.gradle.internal.component.external.model.LazyVariantBackedConfigurationMetadata$RuleAwareVariant::getIdentifier (10 bytes)
Event: 23.804 Thread 0x0000016126220c20 nmethod 15881 0x0000016111b1ae90 code [0x0000016111b1b040, 0x0000016111b1b178]
Event: 23.804 Thread 0x0000016126220c20 15877       2       org.gradle.internal.resolve.resolver.DefaultVariantArtifactResolver$SingleArtifactVariantIdentifier::equals (41 bytes)
Event: 23.804 Thread 0x0000016126220c20 nmethod 15877 0x0000016111b1b210 code [0x0000016111b1b3e0, 0x0000016111b1b610]
Event: 23.804 Thread 0x0000016126220c20 15878       2       org.gradle.internal.component.external.model.UrlBackedArtifactMetadata::getComponentId (5 bytes)
Event: 23.804 Thread 0x0000016126220c20 nmethod 15878 0x0000016111b1b710 code [0x0000016111b1b8a0, 0x0000016111b1b9b0]
Event: 23.806 Thread 0x0000016126220c20 15884       1       java.util.concurrent.ThreadPoolExecutor::getThreadFactory (5 bytes)
Event: 23.806 Thread 0x0000016126220c20 nmethod 15884 0x0000016118768810 code [0x00000161187689a0, 0x0000016118768a70]
Event: 23.806 Thread 0x0000016126220c20 15885       1       java.lang.Thread::setThreadContainer (6 bytes)
Event: 23.806 Thread 0x0000016126220c20 nmethod 15885 0x0000016118768b10 code [0x0000016118768ca0, 0x0000016118768db8]
Event: 23.806 Thread 0x0000016126220c20 15886       1       jdk.internal.vm.SharedThreadContainer::owner (2 bytes)
Event: 23.806 Thread 0x0000016126220c20 nmethod 15886 0x0000016118768e10 code [0x0000016118768fa0, 0x0000016118769070]
Event: 23.809 Thread 0x00000161268603b0 nmethod 15782 0x0000016118769110 code [0x0000016118769380, 0x000001611876a1b8]
Event: 23.809 Thread 0x00000161268603b0 15783       4       java.io.ObjectInputStream::readClassDesc (121 bytes)
Event: 23.812 Thread 0x00000161268603b0 nmethod 15783 0x000001611876ad90 code [0x000001611876afa0, 0x000001611876b550]
Event: 23.812 Thread 0x00000161268603b0 15786       4       java.io.ObjectInputStream$BlockDataInputStream::readInt (73 bytes)
Event: 23.818 Thread 0x00000161268603b0 nmethod 15786 0x000001611876ba90 code [0x000001611876bca0, 0x000001611876c5a8]
Event: 23.818 Thread 0x00000161268603b0 15788   !   4       java.io.ObjectInputStream::filterCheck (359 bytes)
Event: 23.818 Thread 0x00000161268603b0 nmethod 15788 0x000001611876cd10 code [0x000001611876cea0, 0x000001611876cfa8]
Event: 23.818 Thread 0x00000161268603b0 15793       4       java.io.ObjectInputStream$FieldValues::defaultSetFieldValues (39 bytes)

GC Heap History (20 events):
Event: 13.792 GC heap before
{Heap before GC invocations=30 (full 0):
 garbage-first heap   total 212992K, used 192076K [0x0000000740000000, 0x0000000800000000)
  region size 2048K, 49 young (100352K), 4 survivors (8192K)
 Metaspace       used 101610K, committed 103936K, reserved 557056K
  class space    used 14680K, committed 15808K, reserved 425984K
}
Event: 13.803 GC heap after
{Heap after GC invocations=31 (full 0):
 garbage-first heap   total 215040K, used 109691K [0x0000000740000000, 0x0000000800000000)
  region size 2048K, 7 young (14336K), 7 survivors (14336K)
 Metaspace       used 101610K, committed 103936K, reserved 557056K
  class space    used 14680K, committed 15808K, reserved 425984K
}
Event: 13.912 GC heap before
{Heap before GC invocations=31 (full 0):
 garbage-first heap   total 215040K, used 195707K [0x0000000740000000, 0x0000000800000000)
  region size 2048K, 49 young (100352K), 7 survivors (14336K)
 Metaspace       used 101630K, committed 104000K, reserved 557056K
  class space    used 14681K, committed 15808K, reserved 425984K
}
Event: 13.920 GC heap after
{Heap after GC invocations=32 (full 0):
 garbage-first heap   total 217088K, used 115221K [0x0000000740000000, 0x0000000800000000)
  region size 2048K, 3 young (6144K), 3 survivors (6144K)
 Metaspace       used 101630K, committed 104000K, reserved 557056K
  class space    used 14681K, committed 15808K, reserved 425984K
}
Event: 14.157 GC heap before
{Heap before GC invocations=33 (full 0):
 garbage-first heap   total 217088K, used 199189K [0x0000000740000000, 0x0000000800000000)
  region size 2048K, 44 young (90112K), 3 survivors (6144K)
 Metaspace       used 101647K, committed 104000K, reserved 557056K
  class space    used 14682K, committed 15808K, reserved 425984K
}
Event: 14.160 GC heap after
{Heap after GC invocations=34 (full 0):
 garbage-first heap   total 217088K, used 115271K [0x0000000740000000, 0x0000000800000000)
  region size 2048K, 3 young (6144K), 3 survivors (6144K)
 Metaspace       used 101647K, committed 104000K, reserved 557056K
  class space    used 14682K, committed 15808K, reserved 425984K
}
Event: 14.370 GC heap before
{Heap before GC invocations=34 (full 0):
 garbage-first heap   total 217088K, used 199239K [0x0000000740000000, 0x0000000800000000)
  region size 2048K, 44 young (90112K), 3 survivors (6144K)
 Metaspace       used 101661K, committed 104000K, reserved 557056K
  class space    used 14682K, committed 15808K, reserved 425984K
}
Event: 14.375 GC heap after
{Heap after GC invocations=35 (full 0):
 garbage-first heap   total 217088K, used 114713K [0x0000000740000000, 0x0000000800000000)
  region size 2048K, 3 young (6144K), 3 survivors (6144K)
 Metaspace       used 101661K, committed 104000K, reserved 557056K
  class space    used 14682K, committed 15808K, reserved 425984K
}
Event: 14.478 GC heap before
{Heap before GC invocations=35 (full 0):
 garbage-first heap   total 217088K, used 200729K [0x0000000740000000, 0x0000000800000000)
  region size 2048K, 45 young (92160K), 3 survivors (6144K)
 Metaspace       used 101672K, committed 104000K, reserved 557056K
  class space    used 14683K, committed 15808K, reserved 425984K
}
Event: 14.481 GC heap after
{Heap after GC invocations=36 (full 0):
 garbage-first heap   total 217088K, used 115187K [0x0000000740000000, 0x0000000800000000)
  region size 2048K, 4 young (8192K), 4 survivors (8192K)
 Metaspace       used 101672K, committed 104000K, reserved 557056K
  class space    used 14683K, committed 15808K, reserved 425984K
}
Event: 14.788 GC heap before
{Heap before GC invocations=37 (full 0):
 garbage-first heap   total 217088K, used 199155K [0x0000000740000000, 0x0000000800000000)
  region size 2048K, 45 young (92160K), 4 survivors (8192K)
 Metaspace       used 101860K, committed 104192K, reserved 557056K
  class space    used 14689K, committed 15808K, reserved 425984K
}
Event: 14.792 GC heap after
{Heap after GC invocations=38 (full 0):
 garbage-first heap   total 217088K, used 117134K [0x0000000740000000, 0x0000000800000000)
  region size 2048K, 4 young (8192K), 4 survivors (8192K)
 Metaspace       used 101860K, committed 104192K, reserved 557056K
  class space    used 14689K, committed 15808K, reserved 425984K
}
Event: 15.137 GC heap before
{Heap before GC invocations=38 (full 0):
 garbage-first heap   total 217088K, used 199054K [0x0000000740000000, 0x0000000800000000)
  region size 2048K, 45 young (92160K), 4 survivors (8192K)
 Metaspace       used 102194K, committed 104512K, reserved 557056K
  class space    used 14758K, committed 15872K, reserved 425984K
}
Event: 15.143 GC heap after
{Heap after GC invocations=39 (full 0):
 garbage-first heap   total 262144K, used 118659K [0x0000000740000000, 0x0000000800000000)
  region size 2048K, 5 young (10240K), 5 survivors (10240K)
 Metaspace       used 102194K, committed 104512K, reserved 557056K
  class space    used 14758K, committed 15872K, reserved 425984K
}
Event: 15.324 GC heap before
{Heap before GC invocations=39 (full 0):
 garbage-first heap   total 262144K, used 239491K [0x0000000740000000, 0x0000000800000000)
  region size 2048K, 65 young (133120K), 5 survivors (10240K)
 Metaspace       used 102510K, committed 104832K, reserved 557056K
  class space    used 14823K, committed 15936K, reserved 425984K
}
Event: 15.327 GC heap after
{Heap after GC invocations=40 (full 0):
 garbage-first heap   total 262144K, used 119299K [0x0000000740000000, 0x0000000800000000)
  region size 2048K, 5 young (10240K), 5 survivors (10240K)
 Metaspace       used 102510K, committed 104832K, reserved 557056K
  class space    used 14823K, committed 15936K, reserved 425984K
}
Event: 17.047 GC heap before
{Heap before GC invocations=40 (full 0):
 garbage-first heap   total 262144K, used 184835K [0x0000000740000000, 0x0000000800000000)
  region size 2048K, 38 young (77824K), 5 survivors (10240K)
 Metaspace       used 104551K, committed 106880K, reserved 557056K
  class space    used 14999K, committed 16128K, reserved 425984K
}
Event: 17.056 GC heap after
{Heap after GC invocations=41 (full 0):
 garbage-first heap   total 262144K, used 132430K [0x0000000740000000, 0x0000000800000000)
  region size 2048K, 9 young (18432K), 9 survivors (18432K)
 Metaspace       used 104551K, committed 106880K, reserved 557056K
  class space    used 14999K, committed 16128K, reserved 425984K
}
Event: 18.523 GC heap before
{Heap before GC invocations=42 (full 0):
 garbage-first heap   total 262144K, used 255310K [0x0000000740000000, 0x0000000800000000)
  region size 2048K, 60 young (122880K), 9 survivors (18432K)
 Metaspace       used 106978K, committed 109312K, reserved 557056K
  class space    used 15301K, committed 16448K, reserved 425984K
}
Event: 19.543 GC heap after
{Heap after GC invocations=43 (full 0):
 garbage-first heap   total 309248K, used 167595K [0x0000000740000000, 0x0000000800000000)
  region size 2048K, 8 young (16384K), 8 survivors (16384K)
 Metaspace       used 106978K, committed 109312K, reserved 557056K
  class space    used 15301K, committed 16448K, reserved 425984K
}

Dll operation events (4 events):
Event: 0.008 Loaded shared library C:\Users\DELL\.gradle\jdks\jetbrains_s_r_o_-21-amd64-windows.2\bin\java.dll
Event: 0.048 Loaded shared library C:\Users\DELL\.gradle\jdks\jetbrains_s_r_o_-21-amd64-windows.2\bin\jsvml.dll
Event: 0.068 Loaded shared library C:\Users\DELL\.gradle\jdks\jetbrains_s_r_o_-21-amd64-windows.2\bin\zip.dll
Event: 0.518 Loaded shared library C:\Users\DELL\.gradle\jdks\jetbrains_s_r_o_-21-amd64-windows.2\bin\verify.dll

Deoptimization events (20 events):
Event: 21.782 Thread 0x00000161547bf4c0 Uncommon trap: trap_request=0xffffffc6 fr.pc=0x00000161181b59e4 relative=0x00000000000001a4
Event: 21.782 Thread 0x00000161547bf4c0 Uncommon trap: reason=bimorphic_or_optimized_type_check action=maybe_recompile pc=0x00000161181b59e4 method=com.google.common.collect.RegularImmutableMap.get(Ljava/lang/Object;[Lcom/google/common/collect/ImmutableMapEntry;I)Ljava/lang/Object; @ 54 c2
Event: 21.782 Thread 0x00000161547bf4c0 DEOPT PACKING pc=0x00000161181b59e4 sp=0x00000050dcbfc4b0
Event: 21.782 Thread 0x00000161547bf4c0 DEOPT UNPACKING pc=0x0000016117854422 sp=0x00000050dcbfc448 mode 2
Event: 21.782 Thread 0x00000161547bf4c0 Uncommon trap: trap_request=0xffffffc6 fr.pc=0x00000161181b59e4 relative=0x00000000000001a4
Event: 21.782 Thread 0x00000161547bf4c0 Uncommon trap: reason=bimorphic_or_optimized_type_check action=maybe_recompile pc=0x00000161181b59e4 method=com.google.common.collect.RegularImmutableMap.get(Ljava/lang/Object;[Lcom/google/common/collect/ImmutableMapEntry;I)Ljava/lang/Object; @ 54 c2
Event: 21.782 Thread 0x00000161547bf4c0 DEOPT PACKING pc=0x00000161181b59e4 sp=0x00000050dcbfc4b0
Event: 21.782 Thread 0x00000161547bf4c0 DEOPT UNPACKING pc=0x0000016117854422 sp=0x00000050dcbfc448 mode 2
Event: 21.782 Thread 0x00000161547bf4c0 Uncommon trap: trap_request=0xffffffc6 fr.pc=0x00000161181b59e4 relative=0x00000000000001a4
Event: 21.782 Thread 0x00000161547bf4c0 Uncommon trap: reason=bimorphic_or_optimized_type_check action=maybe_recompile pc=0x00000161181b59e4 method=com.google.common.collect.RegularImmutableMap.get(Ljava/lang/Object;[Lcom/google/common/collect/ImmutableMapEntry;I)Ljava/lang/Object; @ 54 c2
Event: 21.782 Thread 0x00000161547bf4c0 DEOPT PACKING pc=0x00000161181b59e4 sp=0x00000050dcbfc4b0
Event: 21.782 Thread 0x00000161547bf4c0 DEOPT UNPACKING pc=0x0000016117854422 sp=0x00000050dcbfc448 mode 2
Event: 21.782 Thread 0x00000161547bf4c0 Uncommon trap: trap_request=0xffffffc6 fr.pc=0x00000161181b59e4 relative=0x00000000000001a4
Event: 21.782 Thread 0x00000161547bf4c0 Uncommon trap: reason=bimorphic_or_optimized_type_check action=maybe_recompile pc=0x00000161181b59e4 method=com.google.common.collect.RegularImmutableMap.get(Ljava/lang/Object;[Lcom/google/common/collect/ImmutableMapEntry;I)Ljava/lang/Object; @ 54 c2
Event: 21.782 Thread 0x00000161547bf4c0 DEOPT PACKING pc=0x00000161181b59e4 sp=0x00000050dcbfc4b0
Event: 21.782 Thread 0x00000161547bf4c0 DEOPT UNPACKING pc=0x0000016117854422 sp=0x00000050dcbfc448 mode 2
Event: 23.797 Thread 0x00000161547bf4c0 Uncommon trap: trap_request=0xffffff45 fr.pc=0x0000016118497d2c relative=0x000000000000008c
Event: 23.797 Thread 0x00000161547bf4c0 Uncommon trap: reason=unstable_if action=reinterpret pc=0x0000016118497d2c method=org.gradle.api.internal.provider.ValueState$NonFinalizedValue.maybeFinalizeOnRead(Lorg/gradle/api/Describable;Lorg/gradle/internal/state/ModelObject;Lorg/gradle/api/internal
Event: 23.797 Thread 0x00000161547bf4c0 DEOPT PACKING pc=0x0000016118497d2c sp=0x00000050dcbfbcb0
Event: 23.797 Thread 0x00000161547bf4c0 DEOPT UNPACKING pc=0x0000016117854422 sp=0x00000050dcbfbc38 mode 2

Classes loaded (20 events):
Event: 18.368 Loading class com/sun/org/apache/xml/internal/dtm/ref/DTMNodeList
Event: 18.368 Loading class com/sun/org/apache/xml/internal/dtm/ref/DTMNodeListBase
Event: 18.368 Loading class com/sun/org/apache/xml/internal/dtm/ref/DTMNodeListBase done
Event: 18.368 Loading class com/sun/org/apache/xml/internal/dtm/ref/DTMNodeList done
Event: 18.368 Loading class com/sun/org/apache/xpath/internal/axes/NodeSequence$IteratorCache
Event: 18.368 Loading class com/sun/org/apache/xpath/internal/axes/NodeSequence$IteratorCache done
Event: 18.368 Loading class com/sun/org/apache/xml/internal/dtm/ref/DTMDefaultBaseTraversers$ChildTraverser
Event: 18.368 Loading class com/sun/org/apache/xml/internal/dtm/ref/DTMDefaultBaseTraversers$ChildTraverser done
Event: 18.368 Loading class com/sun/org/apache/xerces/internal/dom/DeferredElementImpl
Event: 18.368 Loading class com/sun/org/apache/xerces/internal/dom/DeferredElementImpl done
Event: 18.370 Loading class com/sun/org/apache/xerces/internal/dom/DeferredAttrImpl
Event: 18.370 Loading class com/sun/org/apache/xerces/internal/dom/DeferredAttrImpl done
Event: 18.372 Loading class com/sun/org/apache/xerces/internal/dom/DeferredTextImpl
Event: 18.373 Loading class com/sun/org/apache/xerces/internal/dom/DeferredTextImpl done
Event: 18.377 Loading class com/sun/org/apache/xml/internal/utils/XMLCharacterRecognizer
Event: 18.377 Loading class com/sun/org/apache/xml/internal/utils/XMLCharacterRecognizer done
Event: 18.394 Loading class sun/nio/fs/WindowsFileCopy
Event: 18.394 Loading class sun/nio/fs/WindowsFileCopy done
Event: 18.514 Loading class com/sun/org/apache/xerces/internal/dom/DeferredCommentImpl
Event: 18.515 Loading class com/sun/org/apache/xerces/internal/dom/DeferredCommentImpl done

Classes unloaded (0 events):
No events

Classes redefined (0 events):
No events

Internal exceptions (20 events):
Event: 20.742 Thread 0x000001614aca1820 Exception <a 'sun/nio/fs/WindowsException'{0x000000074c555c50}> (0x000000074c555c50) 
thrown [s\src\hotspot\share\prims\jni.cpp, line 537]
Event: 20.746 Thread 0x000001614aca2bd0 Exception <a 'sun/nio/fs/WindowsException'{0x000000074c5433f8}> (0x000000074c5433f8) 
thrown [s\src\hotspot\share\prims\jni.cpp, line 537]
Event: 20.747 Thread 0x000001614aca2bd0 Exception <a 'sun/nio/fs/WindowsException'{0x000000074c0b1fa0}> (0x000000074c0b1fa0) 
thrown [s\src\hotspot\share\prims\jni.cpp, line 537]
Event: 20.748 Thread 0x000001614749fa70 Exception <a 'sun/nio/fs/WindowsException'{0x000000074c35dc70}> (0x000000074c35dc70) 
thrown [s\src\hotspot\share\prims\jni.cpp, line 537]
Event: 20.749 Thread 0x000001614749fa70 Exception <a 'sun/nio/fs/WindowsException'{0x000000074c368c38}> (0x000000074c368c38) 
thrown [s\src\hotspot\share\prims\jni.cpp, line 537]
Event: 20.749 Thread 0x000001614aca38f0 Exception <a 'sun/nio/fs/WindowsException'{0x000000074c280850}> (0x000000074c280850) 
thrown [s\src\hotspot\share\prims\jni.cpp, line 537]
Event: 20.750 Thread 0x000001614aca38f0 Exception <a 'sun/nio/fs/WindowsException'{0x000000074c28b6b8}> (0x000000074c28b6b8) 
thrown [s\src\hotspot\share\prims\jni.cpp, line 537]
Event: 20.751 Thread 0x000001614aca38f0 Exception <a 'sun/nio/fs/WindowsException'{0x000000074be3c270}> (0x000000074be3c270) 
thrown [s\src\hotspot\share\prims\jni.cpp, line 537]
Event: 20.753 Thread 0x000001614aca1820 Exception <a 'sun/nio/fs/WindowsException'{0x000000074bf0da90}> (0x000000074bf0da90) 
thrown [s\src\hotspot\share\prims\jni.cpp, line 537]
Event: 20.755 Thread 0x000001614aca3260 Exception <a 'sun/nio/fs/WindowsException'{0x000000074bf732a0}> (0x000000074bf732a0) 
thrown [s\src\hotspot\share\prims\jni.cpp, line 537]
Event: 20.758 Thread 0x000001614aca3260 Exception <a 'sun/nio/fs/WindowsException'{0x000000074bcf72d0}> (0x000000074bcf72d0) 
thrown [s\src\hotspot\share\prims\jni.cpp, line 537]
Event: 20.759 Thread 0x000001614aca3260 Exception <a 'sun/nio/fs/WindowsException'{0x000000074bcffd90}> (0x000000074bcffd90) 
thrown [s\src\hotspot\share\prims\jni.cpp, line 537]
Event: 20.761 Thread 0x000001614aca3260 Exception <a 'sun/nio/fs/WindowsException'{0x000000074ba60f68}> (0x000000074ba60f68) 
thrown [s\src\hotspot\share\prims\jni.cpp, line 537]
Event: 20.762 Thread 0x000001614aca3260 Exception <a 'sun/nio/fs/WindowsException'{0x000000074ba68f68}> (0x000000074ba68f68) 
thrown [s\src\hotspot\share\prims\jni.cpp, line 537]
Event: 20.763 Thread 0x000001614aca3260 Exception <a 'sun/nio/fs/WindowsException'{0x000000074ba70af8}> (0x000000074ba70af8) 
thrown [s\src\hotspot\share\prims\jni.cpp, line 537]
Event: 20.763 Thread 0x000001614aca3260 Exception <a 'sun/nio/fs/WindowsException'{0x000000074ba78688}> (0x000000074ba78688) 
thrown [s\src\hotspot\share\prims\jni.cpp, line 537]
Event: 20.765 Thread 0x000001614aca0b00 Exception <a 'sun/nio/fs/WindowsException'{0x000000074bf339a8}> (0x000000074bf339a8) 
thrown [s\src\hotspot\share\prims\jni.cpp, line 537]
Event: 21.782 Thread 0x0000016125948f80 Exception <a 'sun/nio/fs/WindowsException'{0x000000074aaf5b50}> (0x000000074aaf5b50) 
thrown [s\src\hotspot\share\prims\jni.cpp, line 537]
Event: 21.788 Thread 0x0000016125948f80 Exception <a 'sun/nio/fs/WindowsException'{0x000000074a8738d0}> (0x000000074a8738d0) 
thrown [s\src\hotspot\share\prims\jni.cpp, line 537]
Event: 21.788 Thread 0x0000016125948f80 Exception <a 'sun/nio/fs/WindowsException'{0x000000074a875310}> (0x000000074a875310) 
thrown [s\src\hotspot\share\prims\jni.cpp, line 537]

ZGC Phase Switch (0 events):
No events

VM Operations (20 events):
Event: 18.344 Executing non-safepoint VM operation: HandshakeAllThreads (Deoptimize) done
Event: 18.363 Executing non-safepoint VM operation: HandshakeAllThreads (Deoptimize)
Event: 18.363 Executing non-safepoint VM operation: HandshakeAllThreads (Deoptimize) done
Event: 18.370 Executing non-safepoint VM operation: HandshakeAllThreads (Deoptimize)
Event: 18.370 Executing non-safepoint VM operation: HandshakeAllThreads (Deoptimize) done
Event: 18.372 Executing non-safepoint VM operation: HandshakeAllThreads (Deoptimize)
Event: 18.372 Executing non-safepoint VM operation: HandshakeAllThreads (Deoptimize) done
Event: 18.374 Executing non-safepoint VM operation: HandshakeAllThreads (Deoptimize)
Event: 18.374 Executing non-safepoint VM operation: HandshakeAllThreads (Deoptimize) done
Event: 18.376 Executing non-safepoint VM operation: HandshakeAllThreads (Deoptimize)
Event: 18.377 Executing non-safepoint VM operation: HandshakeAllThreads (Deoptimize) done
Event: 18.523 Executing safepoint VM operation: G1CollectForAllocation (G1 Evacuation Pause)
Event: 19.543 Executing safepoint VM operation: G1CollectForAllocation (G1 Evacuation Pause) done
Event: 21.543 Executing safepoint VM operation: Cleanup
Event: 21.777 Executing safepoint VM operation: Cleanup done
Event: 22.778 Executing safepoint VM operation: Cleanup
Event: 22.792 Executing safepoint VM operation: Cleanup done
Event: 23.792 Executing safepoint VM operation: Cleanup
Event: 23.796 Executing safepoint VM operation: Cleanup done
Event: 24.797 Executing safepoint VM operation: Cleanup

Memory protections (0 events):
No events

Nmethod flushes (20 events):
Event: 17.119 Thread 0x000001612591edd0 flushing  nmethod 0x000001611841e410
Event: 17.119 Thread 0x000001612591edd0 flushing  nmethod 0x0000016110a24710
Event: 17.119 Thread 0x000001612591edd0 flushing  nmethod 0x0000016110dd6510
Event: 17.119 Thread 0x000001612591edd0 flushing  nmethod 0x0000016110dd8490
Event: 17.119 Thread 0x000001612591edd0 flushing  nmethod 0x0000016110dd9290
Event: 17.119 Thread 0x000001612591edd0 flushing  nmethod 0x0000016110efac90
Event: 17.119 Thread 0x000001612591edd0 flushing  nmethod 0x0000016110efcb90
Event: 17.119 Thread 0x000001612591edd0 flushing  nmethod 0x0000016110f04c10
Event: 17.119 Thread 0x000001612591edd0 flushing  nmethod 0x0000016110f09510
Event: 17.119 Thread 0x000001612591edd0 flushing  nmethod 0x0000016111182210
Event: 17.119 Thread 0x000001612591edd0 flushing  nmethod 0x000001611825e710
Event: 17.119 Thread 0x000001612591edd0 flushing  nmethod 0x00000161182c9110
Event: 17.119 Thread 0x000001612591edd0 flushing  nmethod 0x000001611056c410
Event: 17.119 Thread 0x000001612591edd0 flushing  nmethod 0x0000016110c91590
Event: 17.119 Thread 0x000001612591edd0 flushing  nmethod 0x0000016110e1ed90
Event: 17.119 Thread 0x000001612591edd0 flushing  nmethod 0x0000016110e21310
Event: 17.119 Thread 0x000001612591edd0 flushing  nmethod 0x0000016110e22b90
Event: 17.119 Thread 0x000001612591edd0 flushing  nmethod 0x0000016110e77190
Event: 17.119 Thread 0x000001612591edd0 flushing  nmethod 0x0000016110ed8c10
Event: 17.119 Thread 0x000001612591edd0 flushing  nmethod 0x0000016111709390

Events (20 events):
Event: 20.672 Thread 0x000001614749fa70 Thread added: 0x000001614aca1820
Event: 20.675 Thread 0x000001614749fa70 Thread added: 0x000001614aca2bd0
Event: 20.681 Thread 0x000001614749fa70 Thread added: 0x000001614aca3260
Event: 20.688 Thread 0x000001614749fa70 Thread added: 0x000001614aca38f0
Event: 20.696 Thread 0x000001614749fa70 Thread added: 0x000001614aca1eb0
Event: 20.702 Thread 0x000001614749fa70 Thread added: 0x000001614aca0b00
Event: 20.714 Thread 0x000001614749fa70 Thread added: 0x000001614aca7a90
Event: 20.734 Thread 0x000001614749fa70 Thread added: 0x000001614aca7400
Event: 20.740 Thread 0x000001614749fa70 Thread added: 0x000001614aca66e0
Event: 20.747 Thread 0x000001614749fa70 Thread added: 0x000001614aca59c0
Event: 23.805 Thread 0x00000161547bf4c0 Thread added: 0x000001614aca4610
Event: 23.805 Thread 0x00000161547bf4c0 Thread added: 0x000001614aca6d70
Event: 23.805 Thread 0x00000161547bf4c0 Thread added: 0x000001614aca8120
Event: 23.805 Thread 0x00000161547bf4c0 Thread added: 0x000001614aca4ca0
Event: 23.806 Thread 0x00000161547bf4c0 Thread added: 0x000001614aca87b0
Event: 23.806 Thread 0x00000161547bf4c0 Thread added: 0x000001614aca5330
Event: 23.807 Thread 0x00000161547bf4c0 Thread added: 0x000001614acab5a0
Event: 23.807 Thread 0x00000161547bf4c0 Thread added: 0x000001614acabc30
Event: 23.807 Thread 0x00000161547bf4c0 Thread added: 0x000001614acac2c0
Event: 24.808 Thread 0x00000161547bf4c0 Thread added: 0x000001614acaa1f0


Dynamic libraries:
0x00007ff6c6730000 - 0x00007ff6c673a000 	C:\Users\DELL\.gradle\jdks\jetbrains_s_r_o_-21-amd64-windows.2\bin\java.exe
0x00007ffeb1740000 - 0x00007ffeb19a7000 	C:\WINDOWS\SYSTEM32\ntdll.dll
0x00007ffeb0700000 - 0x00007ffeb07c9000 	C:\WINDOWS\System32\KERNEL32.DLL
0x00007ffeaf010000 - 0x00007ffeaf404000 	C:\WINDOWS\System32\KERNELBASE.dll
0x00007ffeae010000 - 0x00007ffeae15b000 	C:\WINDOWS\System32\ucrtbase.dll
0x00007ffe9b930000 - 0x00007ffe9b948000 	C:\Users\DELL\.gradle\jdks\jetbrains_s_r_o_-21-amd64-windows.2\bin\jli.dll
0x00007ffe9b910000 - 0x00007ffe9b92e000 	C:\Users\DELL\.gradle\jdks\jetbrains_s_r_o_-21-amd64-windows.2\bin\VCRUNTIME140.dll
0x00007ffeb0890000 - 0x00007ffeb0a55000 	C:\WINDOWS\System32\USER32.dll
0x00007ffe952b0000 - 0x00007ffe95543000 	C:\WINDOWS\WinSxS\amd64_microsoft.windows.common-controls_6595b64144ccf1df_6.0.26100.8115_none_3e075c82e3354f9c\COMCTL32.dll
0x00007ffeae320000 - 0x00007ffeae347000 	C:\WINDOWS\System32\win32u.dll
0x00007ffeafd30000 - 0x00007ffeafdd9000 	C:\WINDOWS\System32\msvcrt.dll
0x00007ffeb0a60000 - 0x00007ffeb0a8b000 	C:\WINDOWS\System32\GDI32.dll
0x00007ffeae1f0000 - 0x00007ffeae31b000 	C:\WINDOWS\System32\gdi32full.dll
0x00007ffeae580000 - 0x00007ffeae623000 	C:\WINDOWS\System32\msvcp_win.dll
0x00007ffeb0a90000 - 0x00007ffeb0ac2000 	C:\WINDOWS\System32\IMM32.DLL
0x00007ffea63d0000 - 0x00007ffea63dc000 	C:\Users\DELL\.gradle\jdks\jetbrains_s_r_o_-21-amd64-windows.2\bin\vcruntime140_1.dll
0x00007ffe777e0000 - 0x00007ffe77869000 	C:\Users\DELL\.gradle\jdks\jetbrains_s_r_o_-21-amd64-windows.2\bin\msvcp140.dll
0x00007ffe39b00000 - 0x00007ffe3a8cc000 	C:\Users\DELL\.gradle\jdks\jetbrains_s_r_o_-21-amd64-windows.2\bin\server\jvm.dll
0x00007ffeafde0000 - 0x00007ffeafe96000 	C:\WINDOWS\System32\ADVAPI32.dll
0x00007ffeb07d0000 - 0x00007ffeb0877000 	C:\WINDOWS\System32\sechost.dll
0x00007ffeb1580000 - 0x00007ffeb1698000 	C:\WINDOWS\System32\RPCRT4.dll
0x00007ffeb1460000 - 0x00007ffeb14e0000 	C:\WINDOWS\System32\WS2_32.dll
0x00007ffeade90000 - 0x00007ffeadeee000 	C:\WINDOWS\SYSTEM32\POWRPROF.dll
0x00007ffea2700000 - 0x00007ffea270b000 	C:\WINDOWS\SYSTEM32\VERSION.dll
0x00007ffeaac30000 - 0x00007ffeaac66000 	C:\WINDOWS\SYSTEM32\WINMM.dll
0x00007ffeade50000 - 0x00007ffeade64000 	C:\WINDOWS\SYSTEM32\UMPDC.dll
0x00007ffeacda0000 - 0x00007ffeacdbb000 	C:\WINDOWS\SYSTEM32\kernel.appcore.dll
0x00007ffea26d0000 - 0x00007ffea26da000 	C:\Users\DELL\.gradle\jdks\jetbrains_s_r_o_-21-amd64-windows.2\bin\jimage.dll
0x00007ffeabbc0000 - 0x00007ffeabe02000 	C:\WINDOWS\SYSTEM32\DBGHELP.DLL
0x00007ffeb1010000 - 0x00007ffeb1392000 	C:\WINDOWS\System32\combase.dll
0x00007ffeafea0000 - 0x00007ffeaff78000 	C:\WINDOWS\System32\OLEAUT32.dll
0x00007ffe92a40000 - 0x00007ffe92a7b000 	C:\WINDOWS\SYSTEM32\dbgcore.DLL
0x00007ffeae4d0000 - 0x00007ffeae575000 	C:\WINDOWS\System32\bcryptPrimitives.dll
0x00007ffe9b900000 - 0x00007ffe9b910000 	C:\Users\DELL\.gradle\jdks\jetbrains_s_r_o_-21-amd64-windows.2\bin\instrument.dll
0x00007ffe9b8d0000 - 0x00007ffe9b8f1000 	C:\Users\DELL\.gradle\jdks\jetbrains_s_r_o_-21-amd64-windows.2\bin\java.dll
0x00007ffeaff90000 - 0x00007ffeb06f7000 	C:\WINDOWS\System32\SHELL32.dll
0x00007ffeaeea0000 - 0x00007ffeaf00a000 	C:\WINDOWS\System32\wintypes.dll
0x00007ffeae630000 - 0x00007ffeaee98000 	C:\WINDOWS\System32\windows.storage.dll
0x00007ffeb0f10000 - 0x00007ffeb1008000 	C:\WINDOWS\System32\SHCORE.dll
0x00007ffeb0e50000 - 0x00007ffeb0eb6000 	C:\WINDOWS\System32\shlwapi.dll
0x00007ffeadf30000 - 0x00007ffeadf59000 	C:\WINDOWS\SYSTEM32\profapi.dll
0x00007ffe69090000 - 0x00007ffe69167000 	C:\Users\DELL\.gradle\jdks\jetbrains_s_r_o_-21-amd64-windows.2\bin\jsvml.dll
0x00007ffe9b880000 - 0x00007ffe9b898000 	C:\Users\DELL\.gradle\jdks\jetbrains_s_r_o_-21-amd64-windows.2\bin\zip.dll
0x00007ffe9b7d0000 - 0x00007ffe9b7e1000 	C:\Users\DELL\.gradle\jdks\jetbrains_s_r_o_-21-amd64-windows.2\bin\net.dll
0x00007ffea4750000 - 0x00007ffea487d000 	C:\WINDOWS\SYSTEM32\WINHTTP.dll
0x00007ffead310000 - 0x00007ffead37c000 	C:\WINDOWS\system32\mswsock.dll
0x00007ffe9b600000 - 0x00007ffe9b616000 	C:\Users\DELL\.gradle\jdks\jetbrains_s_r_o_-21-amd64-windows.2\bin\nio.dll
0x00007ffe9b8c0000 - 0x00007ffe9b8d0000 	C:\Users\DELL\.gradle\jdks\jetbrains_s_r_o_-21-amd64-windows.2\bin\verify.dll
0x00007ffe6d4a0000 - 0x00007ffe6d4c7000 	C:\Users\DELL\.gradle\native\660c5614fbf4a5f2a75b1949f50a0caf5cd603558e7d8a26e50b933a0cfb79d1\windows-amd64\native-platform.dll
0x00007ffe3c170000 - 0x00007ffe3c1e7000 	C:\Users\DELL\.gradle\native\0.2.8\x86_64-windows-gnu\gradle-fileevents.dll
0x00007ffe9b5f0000 - 0x00007ffe9b5fa000 	C:\Users\DELL\.gradle\jdks\jetbrains_s_r_o_-21-amd64-windows.2\bin\management.dll
0x00007ffe97700000 - 0x00007ffe9770c000 	C:\Users\DELL\.gradle\jdks\jetbrains_s_r_o_-21-amd64-windows.2\bin\management_ext.dll
0x00007ffeb16c0000 - 0x00007ffeb16c8000 	C:\WINDOWS\System32\PSAPI.DLL
0x00007ffeac7a0000 - 0x00007ffeac7d2000 	C:\WINDOWS\SYSTEM32\IPHLPAPI.DLL
0x00007ffeafac0000 - 0x00007ffeafaca000 	C:\WINDOWS\System32\NSI.dll
0x00007ffe97420000 - 0x00007ffe97429000 	C:\Users\DELL\.gradle\jdks\jetbrains_s_r_o_-21-amd64-windows.2\bin\extnet.dll
0x00007ffead5f0000 - 0x00007ffead60b000 	C:\WINDOWS\SYSTEM32\CRYPTSP.dll
0x00007ffeacd00000 - 0x00007ffeacd39000 	C:\WINDOWS\system32\rsaenh.dll
0x00007ffead3c0000 - 0x00007ffead3f3000 	C:\WINDOWS\SYSTEM32\USERENV.dll
0x00007ffeadf00000 - 0x00007ffeadf2a000 	C:\WINDOWS\SYSTEM32\bcrypt.dll
0x00007ffead610000 - 0x00007ffead61c000 	C:\WINDOWS\SYSTEM32\CRYPTBASE.dll
0x00007ffe97410000 - 0x00007ffe9741e000 	C:\Users\DELL\.gradle\jdks\jetbrains_s_r_o_-21-amd64-windows.2\bin\sunmscapi.dll
0x00007ffeae350000 - 0x00007ffeae4c7000 	C:\WINDOWS\System32\CRYPT32.dll
0x00007ffead810000 - 0x00007ffead840000 	C:\WINDOWS\SYSTEM32\ncrypt.dll
0x00007ffead7c0000 - 0x00007ffead7ff000 	C:\WINDOWS\SYSTEM32\NTASN1.dll
0x00007ffe8d750000 - 0x00007ffe8d758000 	C:\WINDOWS\system32\wshunix.dll
0x00007ffeacec0000 - 0x00007ffeacef6000 	C:\WINDOWS\SYSTEM32\ntmarta.dll

JVMTI agents:
C:\Users\DELL\.gradle\wrapper\dists\gradle-9.3.1-bin\23ovyewtku6u96viwx3xl3oks\gradle-9.3.1\lib\agents\gradle-instrumentation-agent-9.3.1.jar path:C:\Users\DELL\.gradle\jdks\jetbrains_s_r_o_-21-amd64-windows.2\bin\instrument.dll, loaded, initialized, instrumentlib options:none

dbghelp: loaded successfully - version: 4.0.5 - missing functions: none
symbol engine: initialized successfully - sym options: 0x614 - pdb path: .;C:\Users\DELL\.gradle\jdks\jetbrains_s_r_o_-21-amd64-windows.2\bin;C:\WINDOWS\SYSTEM32;C:\WINDOWS\WinSxS\amd64_microsoft.windows.common-controls_6595b64144ccf1df_6.0.26100.8115_none_3e075c82e3354f9c;C:\Users\DELL\.gradle\jdks\jetbrains_s_r_o_-21-amd64-windows.2\bin\server;C:\Users\DELL\.gradle\native\660c5614fbf4a5f2a75b1949f50a0caf5cd603558e7d8a26e50b933a0cfb79d1\windows-amd64;C:\Users\DELL\.gradle\native\0.2.8\x86_64-windows-gnu

VM Arguments:
jvm_args: --add-opens=java.base/java.lang=ALL-UNNAMED --add-opens=java.base/java.lang.invoke=ALL-UNNAMED --add-opens=java.base/java.util=ALL-UNNAMED --add-opens=java.prefs/java.util.prefs=ALL-UNNAMED --add-exports=jdk.compiler/com.sun.tools.javac.api=ALL-UNNAMED --add-exports=jdk.compiler/com.sun.tools.javac.util=ALL-UNNAMED --add-opens=java.base/java.util=ALL-UNNAMED --add-opens=java.prefs/java.util.prefs=ALL-UNNAMED --add-opens=java.base/java.nio.charset=ALL-UNNAMED --add-opens=java.base/java.net=ALL-UNNAMED --add-opens=java.base/java.util.concurrent=ALL-UNNAMED --add-opens=java.base/java.util.concurrent.atomic=ALL-UNNAMED --add-opens=java.xml/javax.xml.namespace=ALL-UNNAMED --add-opens=java.base/java.time=ALL-UNNAMED -XX:MaxMetaspaceSize=512m -XX:+UseG1GC -XX:+HeapDumpOnOutOfMemoryError -Xmx3072m -Dfile.encoding=UTF-8 -Duser.country=US -Duser.language=en -Duser.variant -javaagent:C:\Users\DELL\.gradle\wrapper\dists\gradle-9.3.1-bin\23ovyewtku6u96viwx3xl3oks\gradle-9.3.1\lib\agents\gradle-instrumentation-agent-9.3.1.jar 
java_command: org.gradle.launcher.daemon.bootstrap.GradleDaemon 9.3.1
java_class_path (initial): C:\Users\DELL\.gradle\wrapper\dists\gradle-9.3.1-bin\23ovyewtku6u96viwx3xl3oks\gradle-9.3.1\lib\gradle-daemon-main-9.3.1.jar
Launcher Type: SUN_STANDARD

[Global flags]
     intx CICompilerCount                          = 4                                         {product} {ergonomic}
   size_t CompressedClassSpaceSize                 = 436207616                                 {product} {ergonomic}
     uint ConcGCThreads                            = 3                                         {product} {ergonomic}
     uint G1ConcRefinementThreads                  = 10                                        {product} {ergonomic}
   size_t G1HeapRegionSize                         = 2097152                                   {product} {ergonomic}
    uintx GCDrainStackTargetSize                   = 64                                        {product} {ergonomic}
     bool HeapDumpOnOutOfMemoryError               = true                                   {manageable} {command line}
   size_t InitialHeapSize                          = 264241152                                 {product} {ergonomic}
   size_t MarkStackSize                            = 4194304                                   {product} {ergonomic}
   size_t MaxHeapSize                              = 3221225472                                {product} {command line}
   size_t MaxMetaspaceSize                         = 536870912                                 {product} {command line}
   size_t MaxNewSize                               = 1931476992                                {product} {ergonomic}
   size_t MinHeapDeltaBytes                        = 2097152                                   {product} {ergonomic}
   size_t MinHeapSize                              = 8388608                                   {product} {ergonomic}
    uintx NonNMethodCodeHeapSize                   = 5839372                                {pd product} {ergonomic}
    uintx NonProfiledCodeHeapSize                  = 122909434                              {pd product} {ergonomic}
    uintx ProfiledCodeHeapSize                     = 122909434                              {pd product} {ergonomic}
    uintx ReservedCodeCacheSize                    = 251658240                              {pd product} {ergonomic}
     bool SegmentedCodeCache                       = true                                      {product} {ergonomic}
   size_t SoftMaxHeapSize                          = 3221225472                             {manageable} {ergonomic}
     bool UseCompressedOops                        = true                           {product lp64_product} {ergonomic}
     bool UseG1GC                                  = true                                      {product} {command line}
     bool UseLargePagesIndividualAllocation        = false                                  {pd product} {ergonomic}

Logging:
Log output configuration:
 #0: stdout all=warning uptime,level,tags foldmultilines=false
 #1: stderr all=off uptime,level,tags foldmultilines=false

Release file:
JAVA_VERSION="21.0.10" 
MODULES="java.base java.datatransfer java.xml java.prefs java.desktop gluegen.rt java.compiler java.instrument java.logging java.management java.security.sasl java.naming java.rmi java.management.rmi java.net.http java.scripting java.security.jgss java.transaction.xa java.sql java.sql.rowset java.xml.crypto java.se java.smartcardio jogl.all jcef jdk.accessibility jdk.internal.jvmstat jdk.attach jdk.charsets jdk.internal.opt jdk.zipfs jdk.compiler jdk.crypto.ec jdk.crypto.cryptoki jdk.crypto.mscapi jdk.dynalink jdk.internal.ed jdk.editpad jdk.hotspot.agent jdk.httpserver jdk.incubator.vector jdk.internal.le jdk.internal.vm.ci jdk.internal.vm.compiler jdk.internal.vm.compiler.management jdk.jartool jdk.javadoc jdk.jcmd jdk.management jdk.management.agent jdk.jconsole jdk.jdeps jdk.jdwp.agent jdk.jdi jdk.jfr jdk.jlink jdk.jpackage jdk.jshell jdk.jsobject jdk.jstatd jdk.localedata jdk.management.jfr jdk.naming.dns jdk.naming.rmi jdk.net jdk.nio.mapmode jdk.random jdk.sctp jdk.security.auth jdk.security.jgss jdk.unsupported jdk.unsupported.desktop jdk.xml.dom" 
IMPLEMENTOR="JetBrains s.r.o." 
IMPLEMENTOR_VERSION="JBRSDK-21.0.10+1-1163.110-jcef" 
JAVA_RUNTIME_VERSION="21.0.10+1-b1163.110" 
LIBC="default" 
OS_ARCH="x86_64" 
OS_NAME="Windows" 
SOURCE=".:git:c22232424a0f+ jcef_git:git:4a605f44671a" 
JCEF_VERSION="137.0.17.1107+ge397b56" 
JCEF_COMMIT_HASH="e397b569415d3c67b114495985454e5201955573" 

Environment Variables:
JAVA_HOME=C:\Program Files\Microsoft\jdk-21.0.11.10-hotspot\
PATH=C:\Program Files\Microsoft\jdk-21.0.11.10-hotspot\bin;C:\Program Files (x86)\Common Files\Oracle\Java\java8path;C:\Program Files (x86)\Common Files\Oracle\Java\javapath;C:\Program Files\Microsoft MPI\Bin\;C:\WINDOWS\system32;C:\WINDOWS;C:\WINDOWS\System32\Wbem;C:\WINDOWS\System32\WindowsPowerShell\v1.0\;C:\WINDOWS\System32\OpenSSH\;C:\Program Files\dotnet\;C:\msys64\ucrt64\bin;C:\Program Files (x86)\Windows Kits\10\Windows Performance Toolkit\;C:\Program Files (x86)\Microsoft SQL Server\160\Tools\Binn\;C:\Program Files\Microsoft SQL Server\160\Tools\Binn\;C:\Program Files\Microsoft SQL Server\Client SDK\ODBC\170\Tools\Binn\;C:\Program Files\Microsoft SQL Server\160\DTS\Binn\;C:\Program Files (x86)\Microsoft SQL Server\160\DTS\Binn\;C:\Program Files\Microsoft SQL Server\170\DTS\Binn\;C:\Program Files\Git\cmd;C:\WINDOWS\system32\config\systemprofile\AppData\Local\Muse Hub\lib;C:\Program Files\PuTTY\;C:\Program Files\nodejs\;C:\Program Files\Void\bin;C:\Program Files\Docker\Docker\resources\bin;C:\Program Files\MySQL\MySQL Shell 8.0\bin\;C:\Users\DELL\AppData\Local\Programs\Python\Python310\Scripts\;C:\Users\DELL\AppData\Local\Programs\Python\Python310\;C:\Users\DELL\AppData\Local\Microsoft\WindowsApps;C:\Users\DELL\.dotnet\tools;C:\Users\DELL\AppData\Local\Programs\Microsoft VS Code\bin;C:\Users\DELL\AppData\Local\Pandoc\;C:\Users\DELL\AppData\Roaming\npm;C:\Program Files\MySQL\MySQL Server 8.0\bin;C:\Users\DELL\AppData\Local\Programs\cursor\resources\app\bin;C:\Users\DELL\AppData\Local\Programs\Antigravity\bin;C:\Users\DELL\AppData\Local\Microsoft\WindowsApps;C:\Program Files\Microsoft\jdk-21.0.11.10-hotspot\\bin;
USERNAME=DELL
OS=Windows_NT
PROCESSOR_IDENTIFIER=Intel64 Family 6 Model 154 Stepping 4, GenuineIntel
TMP=C:\Users\DELL\AppData\Local\Temp
TEMP=C:\Users\DELL\AppData\Local\Temp




Periodic native trim disabled

JNI global refs:
JNI global refs: 27, weak refs: 3

JNI global refs memory usage: 835, weak refs: 833

Process memory usage:
Resident Set Size: 698380K (4% of 16454388K total physical memory with 1154712K free physical memory)

OOME stack traces (most recent first):
Classloader memory used:
Loader org.gradle.internal.classloader.VisitableURLClassLoader                         : 43825K
Loader org.gradle.internal.classloader.VisitableURLClassLoader$InstrumentingVisitableURLClassLoader: 37739K
Loader bootstrap                                                                       : 16290K
Loader org.gradle.initialization.MixInLegacyTypesClassLoader                           : 11527K
Loader jdk.internal.loader.ClassLoaders$PlatformClassLoader                            : 498K
Loader jdk.internal.loader.ClassLoaders$AppClassLoader                                 : 235K
Loader jdk.internal.reflect.DelegatingClassLoader                                      : 226K
Loader org.gradle.groovy.scripts.internal.DefaultScriptCompilationHandler$ScriptClassLoader: 152K
Loader org.gradle.internal.classloader.VisitableURLClassLoader                         : 35816B

Classes loaded by more than one classloader:
Class com.google.common.base.PairwiseEquivalence                                      : loaded 2 times (x 83B)
Class com.google.common.base.Equivalence$Identity                                     : loaded 2 times (x 82B)
Class com.google.common.collect.RegularImmutableMap$KeySet                            : loaded 2 times (x 152B)
Class org.gradle.internal.classloader.FilteringClassLoader                            : loaded 2 times (x 105B)
Class com.google.common.io.FileWriteMode                                              : loaded 2 times (x 79B)
Class [Lcom.google.common.base.AbstractIterator$State;                                : loaded 2 times (x 69B)
Class com.google.common.base.CharMatcher$IsEither                                     : loaded 2 times (x 111B)
Class org.gradle.internal.classloader.ClassLoaderHierarchy                            : loaded 2 times (x 70B)
Class build_vum9lm4dgnnr9clfhb7twf98$_run_closure1                                    : loaded 2 times (x 139B)
Class com.google.common.collect.AbstractMapBasedMultimap$WrappedCollection            : loaded 2 times (x 124B)
Class com.google.common.collect.ImmutableEnumSet                                      : loaded 2 times (x 146B)
Class com.google.common.util.concurrent.ExecutionError                                : loaded 2 times (x 82B)
Class com.google.common.collect.ImmutableList$1                                       : loaded 2 times (x 97B)
Class org.gradle.api.internal.classpath.ManifestUtil                                  : loaded 2 times (x 71B)
Class com.google.common.collect.RegularImmutableMap                                   : loaded 2 times (x 121B)
Class com.google.common.collect.ImmutableMap$MapViewOfValuesAsSingletonSets           : loaded 2 times (x 126B)
Class com.google.common.collect.TransformedListIterator                               : loaded 2 times (x 93B)
Class [Lorg.objectweb.asm.Symbol;                                                     : loaded 2 times (x 69B)
Class org.objectweb.asm.ClassVisitor                                                  : loaded 2 times (x 88B)
Class com.google.common.collect.UnmodifiableListIterator                              : loaded 2 times (x 95B)
Class com.google.common.base.Platform$JdkPatternCompiler                              : loaded 2 times (x 75B)
Class org.objectweb.asm.MethodTooLargeException                                       : loaded 2 times (x 83B)
Class [Lcom.google.common.cache.CacheBuilder$OneWeigher;                              : loaded 2 times (x 69B)
Class com.google.common.base.Suppliers                                                : loaded 2 times (x 71B)
Class org.gradle.internal.classloader.DefaultClassLoaderFactory                       : loaded 2 times (x 82B)
Class com.google.common.base.CharMatcher$None                                         : loaded 2 times (x 112B)
Class org.gradle.internal.classloader.ClassLoaderVisitor                              : loaded 2 times (x 76B)
Class [Lcom.google.common.collect.ImmutableMapEntry;                                  : loaded 2 times (x 69B)
Class org.gradle.api.internal.classpath.EffectiveClassPath                            : loaded 2 times (x 90B)
Class [Lorg.apache.commons.io.StandardLineSeparator;                                  : loaded 2 times (x 69B)
Class org.apache.commons.io.output.StringBuilderWriter                                : loaded 2 times (x 100B)
Class com.google.common.collect.ListMultimap                                          : loaded 2 times (x 70B)
Class com.google.common.collect.ImmutableEnumMap                                      : loaded 2 times (x 126B)
Class com.google.common.base.Splitter                                                 : loaded 2 times (x 72B)
Class com.google.common.collect.Sets$1                                                : loaded 2 times (x 139B)
Class org.objectweb.asm.AnnotationVisitor                                             : loaded 2 times (x 78B)
Class org.gradle.api.internal.DefaultClassPathProvider                                : loaded 2 times (x 76B)
Class com.google.common.collect.Maps$ViewCachingAbstractMap                           : loaded 2 times (x 125B)
Class com.google.common.collect.Sets$2                                                : loaded 2 times (x 139B)
Class [Lorg.gradle.api.internal.ClassPathProvider;                                    : loaded 2 times (x 69B)
Class org.gradle.api.internal.ClassPathProvider                                       : loaded 2 times (x 70B)
Class com.google.common.base.AbstractIterator$State                                   : loaded 2 times (x 79B)
Class [Lorg.objectweb.asm.AnnotationVisitor;                                          : loaded 2 times (x 69B)
Class com.google.common.collect.Sets$3                                                : loaded 2 times (x 139B)
Class com.google.common.cache.LocalCache$LocalLoadingCache                            : loaded 2 times (x 134B)
Class org.gradle.internal.service.UnknownServiceException                             : loaded 2 times (x 83B)
Class com.google.common.collect.Sets$4                                                : loaded 2 times (x 139B)
Class org.objectweb.asm.ModuleVisitor                                                 : loaded 2 times (x 81B)
Class com.google.common.cache.LocalCache$Strength$1                                   : loaded 2 times (x 81B)
Class org.apache.commons.io.output.QueueOutputStream                                  : loaded 2 times (x 87B)
Class com.google.common.util.concurrent.SettableFuture                                : loaded 2 times (x 114B)
Class com.google.common.cache.LocalCache$Strength$2                                   : loaded 2 times (x 81B)
Class com.google.common.collect.TransformedIterator                                   : loaded 2 times (x 80B)
Class com.google.common.base.Splitter$1                                               : loaded 2 times (x 77B)
Class com.google.common.cache.LocalCache$Strength$3                                   : loaded 2 times (x 81B)
Class com.google.common.collect.MapDifference                                         : loaded 2 times (x 70B)
Class org.objectweb.asm.FieldWriter                                                   : loaded 2 times (x 78B)
Class com.google.common.cache.CacheBuilder$NullListener                               : loaded 2 times (x 82B)
Class org.gradle.internal.classpath.TransformedClassPath                              : loaded 2 times (x 96B)
Class org.gradle.internal.classloader.InstrumentingClassLoader                        : loaded 2 times (x 70B)
Class org.apache.commons.io.output.UnsynchronizedByteArrayOutputStream                : loaded 2 times (x 102B)
Class com.google.common.cache.CacheLoader$FunctionToCacheLoader                       : loaded 2 times (x 75B)
Class com.google.common.collect.Iterators$ArrayItr                                    : loaded 2 times (x 97B)
Class com.google.common.collect.ImmutableCollection$Builder                           : loaded 2 times (x 76B)
Class com.google.common.collect.BaseImmutableMultimap                                 : loaded 2 times (x 123B)
Class org.apache.commons.io.output.ByteArrayOutputStream                              : loaded 2 times (x 102B)
Class com.google.common.base.Joiner                                                   : loaded 2 times (x 79B)
Class com.google.common.base.MoreObjects                                              : loaded 2 times (x 71B)
Class com.google.common.collect.Platform                                              : loaded 2 times (x 71B)
Class [Lorg.objectweb.asm.Type;                                                       : loaded 2 times (x 69B)
Class com.google.common.collect.UnmodifiableIterator                                  : loaded 2 times (x 80B)
Class org.gradle.internal.service.ServiceLocator                                      : loaded 2 times (x 70B)
Class org.apache.commons.io.FileExistsException                                       : loaded 2 times (x 82B)
Class com.google.common.collect.SingletonImmutableBiMap                               : loaded 2 times (x 143B)
Class com.google.common.base.Ascii                                                    : loaded 2 times (x 71B)
Class com.google.common.cache.LocalCache$1                                            : loaded 2 times (x 89B)
Class com.google.common.collect.Iterators$SingletonIterator                           : loaded 2 times (x 81B)
Class com.google.common.collect.AbstractMapEntry                                      : loaded 2 times (x 81B)
Class settings_cqu13lbp78xniu3qlwonyc3q3                                              : loaded 2 times (x 171B)
Class com.google.common.collect.Sets$ImprovedAbstractSet                              : loaded 2 times (x 135B)
Class com.google.common.collect.ImmutableList$Builder                                 : loaded 2 times (x 77B)
Class com.google.common.collect.AbstractMultimap                                      : loaded 2 times (x 123B)
Class com.google.common.cache.LocalCache$2                                            : loaded 2 times (x 142B)
Class com.google.common.collect.RegularImmutableAsList                                : loaded 2 times (x 217B)
Class com.google.common.util.concurrent.AbstractFuture$Trusted                        : loaded 2 times (x 70B)
Class com.google.common.collect.Iterators                                             : loaded 2 times (x 71B)
Class com.google.common.io.ByteSink$AsCharSink                                        : loaded 2 times (x 80B)
Class com.google.common.collect.Lists$StringAsImmutableList                           : loaded 2 times (x 207B)
Class com.google.common.util.concurrent.UncheckedExecutionException                   : loaded 2 times (x 82B)
Class com.google.common.collect.AbstractMapBasedMultimap$KeySet$1                     : loaded 2 times (x 82B)
Class org.objectweb.asm.ClassWriter                                                   : loaded 2 times (x 106B)
Class com.google.common.base.CharMatcher$And                                          : loaded 2 times (x 112B)
Class com.google.common.cache.CacheLoader$UnsupportedLoadingOperationException        : loaded 2 times (x 82B)
Class org.gradle.internal.classloader.ClasspathUtil$1                                 : loaded 2 times (x 76B)
Class com.google.common.base.Objects                                                  : loaded 2 times (x 71B)
Class org.objectweb.asm.FieldVisitor                                                  : loaded 2 times (x 77B)
Class com.google.common.collect.IndexedImmutableSet                                   : loaded 2 times (x 152B)
Class com.google.common.collect.ImmutableMap$1                                        : loaded 2 times (x 81B)
Class com.google.common.collect.BiMap                                                 : loaded 2 times (x 70B)
Class org.gradle.api.internal.classpath.DefaultModuleRegistry$DefaultModule           : loaded 2 times (x 86B)
Class com.google.common.primitives.Ints                                               : loaded 2 times (x 71B)
Class com.google.common.collect.AbstractIterator                                      : loaded 2 times (x 82B)
Class com.google.common.collect.ObjectArrays                                          : loaded 2 times (x 71B)
Class com.google.common.math.MathPreconditions                                        : loaded 2 times (x 71B)
Class com.google.common.collect.Multiset                                              : loaded 2 times (x 70B)
Class com.google.common.collect.ArrayListMultimapGwtSerializationDependencies         : loaded 2 times (x 172B)
Class com.google.common.collect.AbstractIndexedListIterator                           : loaded 2 times (x 96B)
Class org.apache.commons.io.output.NullOutputStream                                   : loaded 2 times (x 85B)
Class com.google.common.collect.ImmutableMapEntrySet                                  : loaded 2 times (x 152B)
Class org.gradle.api.internal.classpath.Module                                        : loaded 2 times (x 70B)
Class com.google.common.cache.Weigher                                                 : loaded 2 times (x 70B)
Class org.gradle.api.internal.classpath.UnknownModuleException                        : loaded 2 times (x 82B)
Class com.google.common.base.Stopwatch                                                : loaded 2 times (x 72B)
Class com.google.common.cache.LocalCache$Strength                                     : loaded 2 times (x 81B)
Class com.google.common.cache.Cache                                                   : loaded 2 times (x 70B)
Class org.apache.commons.io.filefilter.IOFileFilter                                   : loaded 2 times (x 70B)
Class com.google.common.base.NullnessCasts                                            : loaded 2 times (x 71B)
Class com.google.common.util.concurrent.AbstractFuture$Cancellation                   : loaded 2 times (x 72B)
Class com.google.common.collect.ImmutableMap$Builder                                  : loaded 2 times (x 82B)
Class com.google.common.collect.AbstractMapBasedMultimap$WrappedCollection$WrappedIterator: loaded 2 times (x 84B)
Class com.google.common.cache.RemovalListener                                         : loaded 2 times (x 70B)
Class org.gradle.api.internal.DefaultClassPathRegistry                                : loaded 2 times (x 76B)
Class com.google.common.primitives.IntsMethodsForWeb                                  : loaded 2 times (x 71B)
Class com.google.common.collect.Multimap                                              : loaded 2 times (x 70B)
Class org.gradle.api.internal.ClassPathRegistry                                       : loaded 2 times (x 70B)
Class org.gradle.internal.classpath.DefaultClassPath$ImmutableUniqueList              : loaded 2 times (x 199B)
Class com.google.common.base.ExtraObjectsMethodsForWeb                                : loaded 2 times (x 71B)
Class org.apache.commons.io.IOUtils                                                   : loaded 2 times (x 71B)
Class com.google.common.io.ByteSink                                                   : loaded 2 times (x 76B)
Class com.google.common.cache.CacheBuilder                                            : loaded 2 times (x 72B)
Class com.google.common.collect.SingletonImmutableList                                : loaded 2 times (x 207B)
Class org.gradle.internal.classpath.ClassPath                                         : loaded 2 times (x 70B)
Class com.google.common.io.Files$FileByteSource                                       : loaded 2 times (x 85B)
Class com.google.common.base.JdkPattern                                               : loaded 2 times (x 75B)
Class com.google.common.collect.ImmutableList$ReverseImmutableList                    : loaded 2 times (x 209B)
Class org.objectweb.asm.SymbolTable$Entry                                             : loaded 2 times (x 74B)
Class org.objectweb.asm.Edge                                                          : loaded 2 times (x 72B)
Class com.google.common.base.Suppliers$SupplierOfInstance                             : loaded 2 times (x 79B)
Class com.google.common.collect.Iterators$1                                           : loaded 2 times (x 81B)
Class com.google.common.cache.LocalCache$ComputingValueReference                      : loaded 2 times (x 96B)
Class com.google.common.collect.SingletonImmutableSet                                 : loaded 2 times (x 146B)
Class com.google.common.collect.ImmutableMap$IteratorBasedImmutableMap                : loaded 2 times (x 126B)
Class build_vum9lm4dgnnr9clfhb7twf98                                                  : loaded 2 times (x 172B)
Class com.google.common.cache.LocalCache$Segment                                      : loaded 2 times (x 154B)
Class com.google.common.collect.AbstractListMultimap                                  : loaded 2 times (x 172B)
Class [Lorg.objectweb.asm.SymbolTable$Entry;                                          : loaded 2 times (x 69B)
Class com.google.common.cache.CacheLoader                                             : loaded 2 times (x 74B)
Class com.google.common.collect.Iterators$4                                           : loaded 2 times (x 82B)
Class com.google.common.collect.ImmutableBiMap                                        : loaded 2 times (x 143B)
Class org.gradle.api.internal.classpath.ModuleRegistry                                : loaded 2 times (x 70B)
Class org.gradle.internal.installation.GradleInstallation$1                           : loaded 2 times (x 75B)
Class com.google.common.base.Splitter$SplittingIterator                               : loaded 2 times (x 84B)
Class org.apache.commons.io.output.NullWriter                                         : loaded 2 times (x 99B)
Class com.google.common.collect.ImmutableSet$JdkBackedSetBuilderImpl                  : loaded 2 times (x 76B)
Class com.google.common.util.concurrent.internal.InternalFutureFailureAccess          : loaded 2 times (x 72B)
Class com.google.common.collect.Iterators$5                                           : loaded 2 times (x 82B)
Class com.google.common.base.CharMatcher$ForPredicate                                 : loaded 2 times (x 112B)
Class com.google.common.cache.LocalCache$LocalManualCache$1                           : loaded 2 times (x 75B)
Class com.google.common.base.CharMatcher$AnyOf                                        : loaded 2 times (x 112B)
Class com.google.common.collect.ImmutableCollection                                   : loaded 2 times (x 125B)
Class org.gradle.api.internal.classpath.DefaultModuleRegistry                         : loaded 2 times (x 86B)
Class com.google.common.collect.Lists                                                 : loaded 2 times (x 71B)
Class com.google.common.util.concurrent.ListenableFuture                              : loaded 2 times (x 70B)
Class com.google.common.cache.ReferenceEntry                                          : loaded 2 times (x 70B)
Class com.google.common.base.Converter                                                : loaded 2 times (x 90B)
Class com.google.common.collect.ImmutableSet$CachingAsList                            : loaded 2 times (x 148B)
Class com.google.common.collect.AbstractMapBasedMultimap                              : loaded 2 times (x 139B)
Class com.google.common.util.concurrent.AbstractFuture                                : loaded 2 times (x 106B)
Class com.google.common.base.FunctionalEquivalence                                    : loaded 2 times (x 83B)
Class com.google.common.collect.Iterators$9                                           : loaded 2 times (x 81B)
Class com.google.common.collect.ImmutableAsList                                       : loaded 2 times (x 209B)
Class org.objectweb.asm.RecordComponentVisitor                                        : loaded 2 times (x 77B)
Class com.google.common.cache.CacheLoader$SupplierToCacheLoader                       : loaded 2 times (x 75B)
Class com.google.common.collect.Maps$EntryTransformer                                 : loaded 2 times (x 70B)
Class org.gradle.internal.service.ServiceLookupException                              : loaded 2 times (x 82B)
Class [Lcom.google.common.cache.LocalCache$EntryFactory;                              : loaded 2 times (x 69B)
Class org.gradle.internal.classloader.ClassLoaderFactory                              : loaded 2 times (x 70B)
Class com.google.common.collect.ImmutableMap$SerializedForm                           : loaded 2 times (x 73B)
Class org.apache.commons.io.CloseableURLConnection                                    : loaded 2 times (x 116B)
Class com.google.common.base.CommonPattern                                            : loaded 2 times (x 74B)
Class com.google.common.base.CharMatcher$IsNot                                        : loaded 2 times (x 111B)
Class com.google.common.cache.LocalCache$LocalManualCache                             : loaded 2 times (x 99B)
Class org.gradle.internal.service.CachingServiceLocator                               : loaded 2 times (x 82B)
Class com.google.common.collect.AbstractMapBasedMultimap$KeySet                       : loaded 2 times (x 137B)
Class com.google.common.math.IntMath                                                  : loaded 2 times (x 71B)
Class com.google.common.collect.ImmutableMapEntry                                     : loaded 2 times (x 85B)
Class com.google.common.collect.ImmutableMultimap                                     : loaded 2 times (x 147B)
Class com.google.common.base.Equivalence                                              : loaded 2 times (x 82B)
Class com.google.common.base.Function                                                 : loaded 2 times (x 70B)
Class com.google.common.collect.ImmutableMapEntry$NonTerminalImmutableMapEntry        : loaded 2 times (x 85B)
Class org.apache.commons.io.output.AbstractByteArrayOutputStream                      : loaded 2 times (x 102B)
Class com.google.common.collect.IndexedImmutableSet$1                                 : loaded 2 times (x 213B)
Class com.google.common.cache.CacheBuilder$OneWeigher                                 : loaded 2 times (x 82B)
Class com.google.common.collect.RegularImmutableList                                  : loaded 2 times (x 213B)
Class org.gradle.internal.classloader.ClasspathUtil                                   : loaded 2 times (x 71B)
Class com.google.common.util.concurrent.Uninterruptibles                              : loaded 2 times (x 71B)
Class com.google.common.util.concurrent.LazyLogger                                    : loaded 2 times (x 72B)
Class com.google.common.collect.Maps                                                  : loaded 2 times (x 71B)
Class org.gradle.api.specs.Spec                                                       : loaded 2 times (x 70B)
Class org.apache.commons.io.file.PathFilter                                           : loaded 2 times (x 70B)
Class [Lcom.google.common.collect.ImmutableEntry;                                     : loaded 2 times (x 69B)
Class com.google.common.cache.LocalCache$LoadingValueReference                        : loaded 2 times (x 96B)
Class com.google.common.base.Platform                                                 : loaded 2 times (x 71B)
Class com.google.common.collect.AbstractMapBasedMultimap$WrappedList                  : loaded 2 times (x 205B)
Class [Lorg.objectweb.asm.AnnotationWriter;                                           : loaded 2 times (x 69B)
Class com.google.common.collect.Maps$8                                                : loaded 2 times (x 82B)
Class com.google.common.collect.Sets$SetView                                          : loaded 2 times (x 138B)
Class com.google.common.cache.LocalCache$StrongValueReference                         : loaded 2 times (x 90B)
Class com.google.common.graph.SuccessorsFunction                                      : loaded 2 times (x 70B)
Class org.objectweb.asm.Type                                                          : loaded 2 times (x 72B)
Class org.gradle.internal.classloader.VisitableURLClassLoader$InstrumentingVisitableURLClassLoader: loaded 2 times (x 123B)
Class org.apache.commons.io.FileUtils                                                 : loaded 2 times (x 71B)
Class com.google.common.io.Files$FileByteSink                                         : loaded 2 times (x 77B)
Class com.google.common.math.IntMath$1                                                : loaded 2 times (x 71B)
Class org.objectweb.asm.ByteVector                                                    : loaded 2 times (x 79B)
Class [Lcom.google.common.cache.CacheBuilder$NullListener;                            : loaded 2 times (x 69B)
Class org.gradle.internal.classloader.VisitableURLClassLoader$Spec                    : loaded 2 times (x 74B)
Class org.gradle.internal.classpath.DefaultClassPath                                  : loaded 2 times (x 90B)
Class com.google.common.base.AbstractIterator                                         : loaded 2 times (x 80B)
Class org.objectweb.asm.Symbol                                                        : loaded 2 times (x 73B)
Class com.google.common.io.Closer                                                     : loaded 2 times (x 78B)
Class com.google.common.base.CharMatcher$BitSetMatcher                                : loaded 2 times (x 112B)
Class com.google.common.collect.ImmutableSet                                          : loaded 2 times (x 145B)
Class com.google.common.collect.RegularImmutableMap$Values                            : loaded 2 times (x 207B)
Class org.gradle.internal.classloader.ClassLoaderSpec                                 : loaded 2 times (x 71B)
Class org.objectweb.asm.AnnotationWriter                                              : loaded 2 times (x 79B)
Class com.google.common.cache.CacheStats                                              : loaded 2 times (x 71B)
Class com.google.common.io.Closer$Suppressor                                          : loaded 2 times (x 70B)
Class com.google.common.io.LineProcessor                                              : loaded 2 times (x 70B)
Class org.objectweb.asm.RecordComponentWriter                                         : loaded 2 times (x 78B)
Class com.google.common.util.concurrent.AbstractFuture$Listener                       : loaded 2 times (x 72B)
Class com.google.common.base.CharMatcher$Or                                           : loaded 2 times (x 112B)
Class org.objectweb.asm.Attribute                                                     : loaded 2 times (x 77B)
Class com.google.common.base.Supplier                                                 : loaded 2 times (x 70B)
Class org.gradle.internal.classloader.VisitableURLClassLoader                         : loaded 2 times (x 117B)
Class org.gradle.internal.Cast                                                        : loaded 2 times (x 71B)
Class org.gradle.api.Action                                                           : loaded 2 times (x 70B)
Class com.google.common.base.Strings                                                  : loaded 2 times (x 71B)
Class com.google.common.collect.Sets                                                  : loaded 2 times (x 71B)
Class org.objectweb.asm.Handler                                                       : loaded 2 times (x 72B)
Class com.google.common.base.CharMatcher$FastMatcher                                  : loaded 2 times (x 111B)
Class com.google.common.base.Ticker                                                   : loaded 2 times (x 72B)
Class [Lcom.google.common.cache.LocalCache$Segment;                                   : loaded 2 times (x 69B)
Class com.google.common.base.Predicate                                                : loaded 2 times (x 70B)
Class [Lcom.google.common.cache.LocalCache$Strength;                                  : loaded 2 times (x 69B)
Class com.google.common.cache.CacheBuilder$1                                          : loaded 2 times (x 85B)
Class com.google.common.collect.ImmutableMap                                          : loaded 2 times (x 120B)
Class org.gradle.internal.classpath.DefaultClassPath$ImmutableUniqueList$Builder      : loaded 2 times (x 75B)
Class com.google.common.base.CharMatcher$NegatedFastMatcher                           : loaded 2 times (x 113B)
Class com.google.common.cache.LocalCache                                              : loaded 2 times (x 187B)
Class com.google.common.cache.CacheBuilder$2                                          : loaded 2 times (x 79B)
Class com.google.common.collect.ArrayListMultimap                                     : loaded 2 times (x 172B)
Class com.google.common.cache.CacheBuilder$3                                          : loaded 2 times (x 72B)
Class [Lcom.google.common.collect.AbstractMapEntry;                                   : loaded 2 times (x 69B)
Class com.google.common.collect.ImmutableEntry                                        : loaded 2 times (x 82B)
Class org.gradle.api.GradleException                                                  : loaded 2 times (x 82B)
Class org.apache.commons.io.StandardLineSeparator                                     : loaded 2 times (x 79B)
Class com.google.common.collect.CollectPreconditions                                  : loaded 2 times (x 71B)
Class [Lcom.google.common.io.FileWriteMode;                                           : loaded 2 times (x 69B)
Class com.google.common.collect.SortedMapDifference                                   : loaded 2 times (x 70B)
Class com.google.common.io.Files                                                      : loaded 2 times (x 71B)
Class com.google.common.cache.LocalCache$EntryFactory                                 : loaded 2 times (x 83B)
Class com.google.common.cache.LocalCache$AbstractReferenceEntry                       : loaded 2 times (x 107B)
Class org.gradle.internal.IoActions                                                   : loaded 2 times (x 71B)
Class org.objectweb.asm.SymbolTable                                                   : loaded 2 times (x 72B)
Class com.google.common.cache.CacheLoader$InvalidCacheLoadException                   : loaded 2 times (x 82B)
Class com.google.common.collect.ImmutableSet$RegularSetBuilderImpl                    : loaded 2 times (x 77B)
Class settings_cqu13lbp78xniu3qlwonyc3q3$_run_closure1                                : loaded 2 times (x 139B)
Class org.gradle.internal.classloader.SystemClassLoaderSpec                           : loaded 2 times (x 71B)
Class com.google.common.cache.LocalCache$StrongEntry                                  : loaded 2 times (x 108B)
Class com.google.common.util.concurrent.AbstractFuture$TrustedFuture                  : loaded 2 times (x 114B)
Class com.google.common.cache.LoadingCache                                            : loaded 2 times (x 70B)
Class org.objectweb.asm.MethodWriter                                                  : loaded 2 times (x 106B)
Class [Lcom.google.common.cache.Weigher;                                              : loaded 2 times (x 69B)
Class com.google.common.collect.RegularImmutableMap$BucketOverflowException           : loaded 2 times (x 82B)
Class com.google.common.collect.AbstractMapBasedMultimap$RandomAccessWrappedList      : loaded 2 times (x 205B)
Class com.google.common.collect.RegularImmutableBiMap                                 : loaded 2 times (x 149B)
Class com.google.common.base.CharMatcher$Negated                                      : loaded 2 times (x 113B)
Class com.google.common.base.CharMatcher$Is                                           : loaded 2 times (x 111B)
Class com.google.common.cache.LocalCache$ValueReference                               : loaded 2 times (x 70B)
Class com.google.common.base.PatternCompiler                                          : loaded 2 times (x 70B)
Class com.google.common.util.concurrent.AbstractFuture$Failure                        : loaded 2 times (x 72B)
Class com.google.common.base.Equivalence$Equals                                       : loaded 2 times (x 82B)
Class com.google.common.collect.Hashing                                               : loaded 2 times (x 71B)
Class com.google.common.base.Preconditions                                            : loaded 2 times (x 71B)
Class com.google.common.collect.ImmutableSetMultimap                                  : loaded 2 times (x 180B)
Class com.google.common.io.CharSink                                                   : loaded 2 times (x 79B)
Class com.google.common.base.Joiner$1                                                 : loaded 2 times (x 80B)
Class org.objectweb.asm.Label                                                         : loaded 2 times (x 73B)
Class org.objectweb.asm.CurrentFrame                                                  : loaded 2 times (x 73B)
Class org.objectweb.asm.ClassTooLargeException                                        : loaded 2 times (x 83B)
Class com.google.common.base.CharMatcher                                              : loaded 2 times (x 111B)
Class com.google.common.collect.PeekingIterator                                       : loaded 2 times (x 70B)
Class com.google.common.collect.Table                                                 : loaded 2 times (x 70B)
Class com.google.common.collect.Maps$IteratorBasedAbstractMap                         : loaded 2 times (x 125B)
Class com.google.common.base.Joiner$2                                                 : loaded 2 times (x 79B)
Class org.objectweb.asm.Frame                                                         : loaded 2 times (x 73B)
Class org.objectweb.asm.MethodVisitor                                                 : loaded 2 times (x 105B)
Class com.google.common.base.CharMatcher$NamedFastMatcher                             : loaded 2 times (x 112B)
Class com.google.common.base.CharMatcher$1                                            : loaded 2 times (x 113B)
Class com.google.common.cache.LocalCache$EntryFactory$1                               : loaded 2 times (x 83B)
Class [Lcom.google.common.cache.RemovalListener;                                      : loaded 2 times (x 69B)
Class com.google.common.cache.LocalCache$EntryFactory$2                               : loaded 2 times (x 83B)
Class org.gradle.api.internal.classpath.GlobalCacheRootsProvider                      : loaded 2 times (x 70B)
Class org.objectweb.asm.ModuleWriter                                                  : loaded 2 times (x 82B)
Class com.google.common.cache.LocalCache$EntryFactory$3                               : loaded 2 times (x 83B)
Class com.google.common.base.Ticker$1                                                 : loaded 2 times (x 72B)
Class com.google.common.collect.Maps$BiMapConverter                                   : loaded 2 times (x 90B)
Class com.google.common.collect.ImmutableMapEntrySet$RegularEntrySet                  : loaded 2 times (x 152B)
Class com.google.common.collect.SetMultimap                                           : loaded 2 times (x 70B)
Class com.google.common.collect.ImmutableSet$Builder                                  : loaded 2 times (x 85B)
Class com.google.common.base.CharMatcher$InRange                                      : loaded 2 times (x 111B)
Class com.google.common.cache.LocalCache$EntryFactory$4                               : loaded 2 times (x 83B)
Class com.google.common.cache.LocalCache$EntryFactory$5                               : loaded 2 times (x 83B)
Class org.apache.commons.io.output.AppendableWriter                                   : loaded 2 times (x 100B)
Class com.google.common.cache.LocalCache$EntryFactory$6                               : loaded 2 times (x 83B)
Class org.gradle.internal.installation.CurrentGradleInstallationLocator               : loaded 2 times (x 71B)
Class org.apache.commons.io.output.ThresholdingOutputStream                           : loaded 2 times (x 95B)
Class com.google.common.collect.Maps$KeySet                                           : loaded 2 times (x 137B)
Class com.google.common.collect.ImmutableSet$EmptySetBuilderImpl                      : loaded 2 times (x 76B)
Class com.google.common.cache.LocalCache$EntryFactory$7                               : loaded 2 times (x 83B)
Class com.google.common.collect.ImmutableList                                         : loaded 2 times (x 206B)
Class org.gradle.internal.service.DefaultServiceLocator                               : loaded 2 times (x 83B)
Class com.google.common.collect.Maps$EntrySet                                         : loaded 2 times (x 136B)
Class com.google.common.cache.LocalCache$EntryFactory$8                               : loaded 2 times (x 83B)
Class com.google.common.collect.ImmutableSet$SetBuilderImpl                           : loaded 2 times (x 76B)
Class org.gradle.internal.installation.CurrentGradleInstallation                      : loaded 2 times (x 73B)
Class com.google.common.cache.CacheLoader$1                                           : loaded 2 times (x 75B)
Class com.google.common.collect.ImmutableList$SubList                                 : loaded 2 times (x 209B)
Class org.gradle.util.internal.GUtil                                                  : loaded 2 times (x 71B)
Class com.google.common.io.ByteSource                                                 : loaded 2 times (x 84B)
Class com.google.common.cache.AbstractCache$StatsCounter                              : loaded 2 times (x 70B)
Class com.google.common.collect.Iterators$MergingIterator                             : loaded 2 times (x 81B)
Class com.google.common.collect.RegularImmutableSet                                   : loaded 2 times (x 149B)
Class org.gradle.internal.installation.GradleInstallation                             : loaded 2 times (x 75B)
Class com.google.common.base.Splitter$Strategy                                        : loaded 2 times (x 70B)
Class com.google.common.collect.Iterables                                             : loaded 2 times (x 71B)

---------------  S Y S T E M  ---------------

OS:
 Windows 11 , 64 bit Build 26100 (10.0.26100.8246)
OS uptime: 0 days 8:50 hours

CPU: total 12 (initial active 12) (6 cores per cpu, 2 threads per core) family 6 model 154 stepping 4 microcode 0x43b, cx8, cmov, fxsr, ht, mmx, 3dnowpref, sse, sse2, sse3, ssse3, sse4.1, sse4.2, popcnt, lzcnt, tsc, tscinvbit, avx, avx2, aes, erms, clmul, bmi1, bmi2, adx, sha, fma, vzeroupper, clflush, clflushopt, clwb, serialize, rdtscp, rdpid, fsrm, f16c, pku, cet_ibt, cet_ss
Processor Information for the first 12 processors :
  Max Mhz: 1300, Current Mhz: 1300, Mhz Limit: 1300

Memory: 4k page, system-wide physical 16068M (1134M free)
TotalPageFile size 31428M (AvailPageFile size 56M)
current process WorkingSet (physical memory assigned to process): 700M, peak: 701M
current process commit charge ("private bytes"): 742M, peak: 743M

vm_info: OpenJDK 64-Bit Server VM (21.0.10+1-b1163.110) for windows-amd64 JRE (21.0.10+1-b1163.110), built on 2026-03-06 by "builduser" with MS VC++ 17.14 (VS2022)

END.
