#
# There is insufficient memory for the Java Runtime Environment to continue.
# Native memory allocation (mmap) failed to map 1048576 bytes. Error detail: G1 virtual space
# Possible reasons:
#   The system is out of physical RAM or swap space
#   This process is running with CompressedOops enabled, and the Java Heap may be blocking the growth of the native heap
# Possible solutions:
#   Reduce memory load on the system
#   Increase physical memory or swap space
#   Check if swap backing store is full
#   Decrease Java heap size (-Xmx/-Xms)
#   Decrease number of Java threads
#   Decrease Java thread stack sizes (-Xss)
#   Set larger code cache with -XX:ReservedCodeCacheSize=
#   JVM is running with Unscaled Compressed Oops mode in which the Java heap is
#     placed in the first 4GB address space. The Java Heap base address is the
#     maximum limit for the native heap growth. Please use -XX:HeapBaseMinAddress
#     to set the Java Heap base and to place the Java Heap above 4GB virtual address.
# This output file may be truncated or incomplete.
#
#  Out of Memory Error (os_windows.cpp:3925), pid=20244, tid=17304
#
# JRE version: OpenJDK Runtime Environment (21.0.9) (build 21.0.9+-14787801-b1163.94)
# Java VM: OpenJDK 64-Bit Server VM (21.0.9+-14787801-b1163.94, mixed mode, tiered, compressed oops, compressed class ptrs, g1 gc, windows-amd64)
# No core dump will be written. Minidumps are not enabled by default on client versions of Windows
#

---------------  S U M M A R Y ------------

Command Line: --add-opens=java.base/java.lang=ALL-UNNAMED --add-opens=java.base/java.lang.invoke=ALL-UNNAMED --add-opens=java.base/java.util=ALL-UNNAMED --add-opens=java.prefs/java.util.prefs=ALL-UNNAMED --add-exports=jdk.compiler/com.sun.tools.javac.api=ALL-UNNAMED --add-exports=jdk.compiler/com.sun.tools.javac.util=ALL-UNNAMED --add-opens=java.base/java.util=ALL-UNNAMED --add-opens=java.prefs/java.util.prefs=ALL-UNNAMED --add-opens=java.base/java.nio.charset=ALL-UNNAMED --add-opens=java.base/java.net=ALL-UNNAMED --add-opens=java.base/java.util.concurrent=ALL-UNNAMED --add-opens=java.base/java.util.concurrent.atomic=ALL-UNNAMED --add-opens=java.xml/javax.xml.namespace=ALL-UNNAMED --add-opens=java.base/java.time=ALL-UNNAMED -Xmx2048m -Dfile.encoding=UTF-8 -Duser.country=US -Duser.language=en -Duser.variant -javaagent:C:\Users\DELL\.gradle\wrapper\dists\gradle-9.3.1-bin\23ovyewtku6u96viwx3xl3oks\gradle-9.3.1\lib\agents\gradle-instrumentation-agent-9.3.1.jar org.gradle.launcher.daemon.bootstrap.GradleDaemon 9.3.1

Host: 12th Gen Intel(R) Core(TM) i5-1235U, 12 cores, 15G,  Windows 11 , 64 bit Build 26100 (10.0.26100.8246)
Time: Tue Apr 28 16:34:00 2026 SE Asia Standard Time elapsed time: 197.710928 seconds (0d 0h 3m 17s)

---------------  T H R E A D  ---------------

Current thread (0x000002748f4978a0):  JavaThread "ForkJoinPool.commonPool-worker-1" daemon [_thread_in_vm, id=17304, stack(0x000000e82fb00000,0x000000e82fc00000) (1024K)]

Stack: [0x000000e82fb00000,0x000000e82fc00000]
Native frames: (J=compiled Java code, j=interpreted, Vv=VM code, C=native code)
V  [jvm.dll+0x6d6c99]
V  [jvm.dll+0x866b83]
V  [jvm.dll+0x8691ae]
V  [jvm.dll+0x869893]
V  [jvm.dll+0x280776]
V  [jvm.dll+0x6d3555]
V  [jvm.dll+0x6c6bea]
V  [jvm.dll+0x3587fb]
V  [jvm.dll+0x360476]
V  [jvm.dll+0x3b234b]
V  [jvm.dll+0x3b2a04]
V  [jvm.dll+0x3b2556]
V  [jvm.dll+0x32b344]
V  [jvm.dll+0x3294df]
V  [jvm.dll+0x668440]
V  [jvm.dll+0x240562]
V  [jvm.dll+0x82b397]
V  [jvm.dll+0x733557]
C  0x00000274f8046f29

The last pc belongs to _new_array_Java (printed below).
Java frames: (J=compiled Java code, j=interpreted, Vv=VM code)
v  ~RuntimeStub::_new_array_Java 0x00000274f8046f29
J 13660 c2 java.nio.ByteBuffer.allocate(I)Ljava/nio/ByteBuffer; java.base@21.0.9 (20 bytes) @ 0x00000274f8c6f6ec [0x00000274f8c6f4a0+0x000000000000024c]
j  com.android.apksig.internal.apk.ApkSigningBlockUtils$ChunkSupplier.get()Lcom/android/apksig/internal/apk/ApkSigningBlockUtils$ChunkSupplier$Chunk;+99
j  com.android.apksig.internal.apk.ApkSigningBlockUtils$ChunkDigester.run()V+226
j  java.util.concurrent.ForkJoinTask$AdaptedInterruptibleRunnable.compute()Ljava/lang/Object;+4 java.base@21.0.9
j  java.util.concurrent.ForkJoinTask$InterruptibleTask.exec()Z+51 java.base@21.0.9
j  java.util.concurrent.ForkJoinTask.doExec()V+10 java.base@21.0.9
j  java.util.concurrent.ForkJoinPool$WorkQueue.topLevelExec(Ljava/util/concurrent/ForkJoinTask;Ljava/util/concurrent/ForkJoinPool$WorkQueue;I)V+49 java.base@21.0.9
j  java.util.concurrent.ForkJoinPool.scan(Ljava/util/concurrent/ForkJoinPool$WorkQueue;JI)J+245 java.base@21.0.9
j  java.util.concurrent.ForkJoinPool.runWorker(Ljava/util/concurrent/ForkJoinPool$WorkQueue;)V+62 java.base@21.0.9
j  java.util.concurrent.ForkJoinWorkerThread.run()V+31 java.base@21.0.9
v  ~StubRoutines::call_stub 0x00000274f7fd100d
--------------------------------------------------------------------------------
Decoding CodeBlob, name: _new_array_Java, at  [0x00000274f8046f00, 0x00000274f8046f70]  112 bytes
[MachCode]
  0x00000274f8046f00: 4881 ec28 | 0000 0048 | 896c 2420 | 4989 a798 | 0300 0048 | 8bca 418b | d04d 8bc7 | 49ba 2035 
  0x00000274f8046f20: 5a7d ff7f | 0000 41ff | d20f 1f84 | 0000 0000 | 004d 89a7 | 9803 0000 | 4d89 a7a0 | 0300 0049 
  0x00000274f8046f40: 8b87 f003 | 0000 4d89 | a7f0 0300 | 004d 3b67 | 0875 0648 | 83c4 205d | c333 db49 | ba00 0ffd 
  0x00000274f8046f60: f774 0200 | 0048 83c4 | 205d 41ff | e2f4 f4f4 
[/MachCode]
--------------------------------------------------------------------------------


Compiled method (c2) 198156 13660       4       java.nio.ByteBuffer::allocate (20 bytes)
 total in heap  [0x00000274f8c6f310,0x00000274f8c6f8d8] = 1480
 relocation     [0x00000274f8c6f470,0x00000274f8c6f4a0] = 48
 main code      [0x00000274f8c6f4a0,0x00000274f8c6f750] = 688
 stub code      [0x00000274f8c6f750,0x00000274f8c6f768] = 24
 metadata       [0x00000274f8c6f768,0x00000274f8c6f7e8] = 128
 scopes data    [0x00000274f8c6f7e8,0x00000274f8c6f828] = 64
 scopes pcs     [0x00000274f8c6f828,0x00000274f8c6f878] = 80
 dependencies   [0x00000274f8c6f878,0x00000274f8c6f8a8] = 48
 handler table  [0x00000274f8c6f8a8,0x00000274f8c6f8d8] = 48

[Constant Pool (empty)]

[MachCode]
[Verified Entry Point]
  # {method} {0x000002748625f5d8} 'allocate' '(I)Ljava/nio/ByteBuffer;' in 'java/nio/ByteBuffer'
  # parm0:    rdx       = int
  #           [sp+0x60]  (sp of caller)
  0x00000274f8c6f4a0: 8984 2400 | 80ff ff55 | 4883 ec50 | 4181 7f20 | 3b00 0000 | 0f85 8a02 | 0000 8954 | 2420 85d2 
  0x00000274f8c6f4c0: 0f8c 3e02 | 0000 498b | afb8 0100 | 004c 8bd5 | 4983 c238 | 4d3b 97c8 | 0100 000f | 83d1 0100 
  0x00000274f8c6f4e0: 004d 8997 | b801 0000 | 410f 0d8a | 0001 0000 | 48c7 4500 | 0100 0000 

  0x00000274f8c6f4f8: ;   {metadata('java/nio/HeapByteBuffer')}
  0x00000274f8c6f4f8: c745 0864 | f700 2044 | 8965 0c4c | 8965 104c | 8965 184c | 8965 204c | 8965 284c | 8965 3044 
  0x00000274f8c6f518: 8b5c 2420 | 4181 fb00 | 0010 000f | 87d3 0100 | 0049 63cb | 4181 fb00 | 0010 000f | 879f 0100 
  0x00000274f8c6f538: 004d 8b87 | b801 0000 | 4883 c117 | 4c8b d149 | 83e2 f84d | 8bd8 4d03 | da4d 3b9f | c801 0000 
  0x00000274f8c6f558: 0f83 7a01 | 0000 4d89 | 9fb8 0100 | 0041 0f0d | 8b00 0100 | 0049 c700 | 0100 0000 | 410f 0d8b 
  0x00000274f8c6f578: 4001 0000 

  0x00000274f8c6f57c: ;   {metadata({type array byte})}
  0x00000274f8c6f57c: 41c7 4008 | 5981 0020 | 448b 4c24 | 2045 8948 | 0c41 0f0d | 8b80 0100 | 0049 8bf8 | 4883 c710 
  0x00000274f8c6f59c: 48c1 e903 | 4883 c1fe | 4833 c048 | 83f9 087f | 1048 ffc9 | 784f 4889 | 04cf 48ff | c97d f7eb 
  0x00000274f8c6f5bc: 44c5 fdef | c0e9 0d00 | 0000 c5fe | 7f07 c5fe | 7f47 2048 | 83c7 4048 | 83e9 087d | ed48 83c1 
  0x00000274f8c6f5dc: 047c 0cc5 | fe7f 0748 | 83c7 2048 | 83e9 0448 | 83c1 047e | 1048 ffc9 | c5f9 d607 | 4883 c708 
  0x00000274f8c6f5fc: 48ff c97d | f3c7 450c | ffff ffff | 448b 5424 | 2044 8955 | 1c44 8955 | 20c6 452d | 0144 8865 
  0x00000274f8c6f61c: 2e4d 8bd8 | 4489 5d30 | 4d8b d04c | 8bdd 4d33 | d349 c1ea | 144d 85d2 | 7416 49c1 | eb09 48b9 
  0x00000274f8c6f63c: 0000 0080 | 7402 0000 | 4903 cb80 | 3902 7522 | 4489 6528 | 48c7 4510 | 1000 0000 | 488b c548 
  0x00000274f8c6f65c: 83c4 505d 

  0x00000274f8c6f660: ;   {poll_return}
  0x00000274f8c6f660: 493b a748 | 0400 000f | 87c1 0000 | 00c3 4d8b | 5748 4d8b | 5f58 f083 | 4424 c000 | 8039 0074 
  0x00000274f8c6f680: cb44 8821 | 4d85 d275 | 1a49 8bd7 | 49ba 9022 | 197d ff7f | 0000 41ff 

  0x00000274f8c6f698: ;   {other}
  0x00000274f8c6f698: d20f 1f84 | 0000 0000 | 00eb a94b | 894c 13f8 | 4983 c2f8 | 4d89 5748 

  0x00000274f8c6f6b0: ;   {metadata('java/nio/HeapByteBuffer')}
  0x00000274f8c6f6b0: eb9a 48ba | 20bb 0700 | 0100 0000 | 8b6c 2420 

  0x00000274f8c6f6c0: ;   {runtime_call _new_instance_Java}
  0x00000274f8c6f6c0: 6666 90e8 

  0x00000274f8c6f6c4: ; ImmutableOopMap {}
                      ;*new {reexecute=0 rethrow=0 return_oop=1}
                      ; - java.nio.ByteBuffer::allocate@9
  0x00000274f8c6f6c4: 387b 3dff 

  0x00000274f8c6f6c8: ;   {other}
  0x00000274f8c6f6c8: 0f1f 8400 | b803 0000 | 488b e8e9 | 3ffe ffff 

  0x00000274f8c6f6d8: ;   {metadata({type array byte})}
  0x00000274f8c6f6d8: 48ba c80a | 0400 0100 | 0000 448b 

  0x00000274f8c6f6e4: ;   {runtime_call _new_array_Java}
  0x00000274f8c6f6e4: 4424 20e8 

  0x00000274f8c6f6e8: ; ImmutableOopMap {rbp=Oop }
                      ;*newarray {reexecute=0 rethrow=0 return_oop=1}
                      ; - java.nio.HeapByteBuffer::<init>@6
                      ; - java.nio.ByteBuffer::allocate@16
  0x00000274f8c6f6e8: 1478 3dff 

  0x00000274f8c6f6ec: ;   {other}
  0x00000274f8c6f6ec: 0f1f 8400 | dc03 0001 | 4c8b c0e9 | 05ff ffff | 4963 cbe9 | 28fe ffff | ba45 ffff | ff8b 6c24 
  0x00000274f8c6f70c: ;   {runtime_call UncommonTrapBlob}
  0x00000274f8c6f70c: 2066 90e8 

  0x00000274f8c6f710: ; ImmutableOopMap {}
                      ;*ifge {reexecute=1 rethrow=0 return_oop=0}
                      ; - (reexecute) java.nio.ByteBuffer::allocate@1
  0x00000274f8c6f710: ec4b 3bff 

  0x00000274f8c6f714: ;   {other}
  0x00000274f8c6f714: 0f1f 8400 | 0404 0002 | 488b d0eb | 0348 8bd0 | 4883 c450 

  0x00000274f8c6f728: ;   {runtime_call _rethrow_Java}
  0x00000274f8c6f728: 5de9 5288 

  0x00000274f8c6f72c: ;   {internal_word}
  0x00000274f8c6f72c: 3dff 49ba | 60f6 c6f8 | 7402 0000 | 4d89 9760 

  0x00000274f8c6f73c: ;   {runtime_call SafepointBlob}
  0x00000274f8c6f73c: 0400 00e9 | bc5c 3bff 

  0x00000274f8c6f744: ;   {runtime_call StubRoutines (final stubs)}
  0x00000274f8c6f744: e8b7 bf39 | ffe9 6cfd | ffff f4f4 
[Exception Handler]
  0x00000274f8c6f750: ;   {no_reloc}
  0x00000274f8c6f750: e9ab 7d3d | ffe8 0000 | 0000 4883 

  0x00000274f8c6f75c: ;   {runtime_call DeoptimizationBlob}
  0x00000274f8c6f75c: 2c24 05e9 | 3c4f 3bff | f4f4 f4f4 
[/MachCode]


---------------  P R O C E S S  ---------------

Threads class SMR info:
_java_thread_list=0x000002748e040220, length=209, elements={
0x00000274ed93b510, 0x00000274856cbfd0, 0x00000274856cca30, 0x00000274856ce000,
0x00000274856cf5d0, 0x00000274856dbf20, 0x00000274856dc590, 0x00000274856dcff0,
0x00000274856ded90, 0x00000274856fda50, 0x00000274859afd80, 0x000002748a32ba20,
0x000002748bc46010, 0x000002748a41e1c0, 0x0000027485986dc0, 0x000002748a43ee20,
0x000002748a5a5680, 0x000002748c16ee60, 0x000002748c171c50, 0x000002748c1722e0,
0x000002748c16f4f0, 0x000002748c16fb80, 0x000002748c170f30, 0x000002748c170210,
0x000002748df4eaa0, 0x000002748df4fe50, 0x000002748df4d060, 0x000002748df4e410,
0x000002748df50b70, 0x000002748df4f130, 0x000002748df51200, 0x000002748df4dd80,
0x000002748df54680, 0x000002748df52c40, 0x000002748df532d0, 0x000002748df525b0,
0x000002748df53960, 0x000002748df53ff0, 0x000002748d2429f0, 0x000002748d241cd0,
0x000002748d242360, 0x000002748d241640, 0x000002748d240fb0, 0x000002748d243080,
0x000002748d240920, 0x000002748d240290, 0x000002748d23fc00, 0x000002748d245ce0,
0x000002748d243c10, 0x000002748d246370, 0x000002748d244fc0, 0x000002748d246a00,
0x000002748d247090, 0x000002748d2442a0, 0x000002748d244930, 0x000002748d245650,
0x000002748c240140, 0x000002748c23fab0, 0x000002748c23f420, 0x000002748c2407d0,
0x000002748c2414f0, 0x000002748c241b80, 0x000002748c240e60, 0x000002748c242210,
0x000002748c23ed90, 0x000002748c244970, 0x000002748c245d20, 0x000002748c242f30,
0x000002748c243c50, 0x000002748c2435c0, 0x000002748c2442e0, 0x000002748c245690,
0x000002748c2428a0, 0x000002748c2463b0, 0x000002748d22abf0, 0x000002748d22d9e0,
0x000002748d22bfa0, 0x000002748d22e700, 0x000002748d22ccc0, 0x000002748d22d350,
0x000002748d22b280, 0x000002748d2307d0, 0x000002748d2314f0, 0x000002748d231b80,
0x000002748d22f420, 0x000002748d230e60, 0x000002748d230140, 0x000002748d22ed90,
0x000002748b294d60, 0x000002748b295a80, 0x000002748b2946d0, 0x000002748b2953f0,
0x000002748b296110, 0x000002748b2967a0, 0x000002748b2939b0, 0x000002748b293320,
0x000002748b298f00, 0x000002748b298870, 0x000002748b299590, 0x000002748b2974c0,
0x000002748b296e30, 0x000002748b294040, 0x000002748b29a2b0, 0x000002748b297b50,
0x000002748b299c20, 0x000002748b29a940, 0x000002748b2981e0, 0x000002748d22fab0,
0x000002748ac6ec40, 0x000002748ac6d890, 0x000002748ac713a0, 0x000002748ac6e5b0,
0x000002748ac6f960, 0x000002748f493700, 0x00000274902e6340, 0x00000274902e76f0,
0x00000274902e8aa0, 0x00000274902e69d0, 0x00000274902e7060, 0x00000274902e8410,
0x00000274902e5620, 0x00000274902e9130, 0x00000274902e5cb0, 0x00000274902eb890,
0x00000274902ecc40, 0x00000274902e9e50, 0x00000274902ebf20, 0x00000274902eb200,
0x00000274902ea4e0, 0x00000274902e97c0, 0x00000274902f00c0, 0x00000274902f0750,
0x00000274902ed2d0, 0x00000274902f0de0, 0x00000274902ed960, 0x00000274902edff0,
0x00000274902f1470, 0x00000274902f1b00, 0x00000274902ee680, 0x00000274902eed10,
0x000002748b702390, 0x000002748b7002c0, 0x000002748b700fe0, 0x000002748b703dd0,
0x000002748b700950, 0x000002748b705ea0, 0x000002748b704460, 0x000002748b704af0,
0x000002748b705180, 0x000002748b705810, 0x000002748b706530, 0x000002748b706bc0,
0x00000274902ef3a0, 0x00000274902f2eb0, 0x00000274902efa30, 0x00000274902f4260,
0x00000274902f3540, 0x00000274902f3bd0, 0x000002748ac71a30, 0x000002748ac720c0,
0x000002748ac74190, 0x000002748ac74820, 0x000002748ac74eb0, 0x0000027495098970,
0x0000027495099690, 0x0000027495099d20, 0x0000027495099000, 0x000002749509a3b0,
0x000002749509aa40, 0x000002749509b0d0, 0x0000027495097c50, 0x000002749509bdf0,
0x000002749509c480, 0x000002749509d830, 0x000002749509dec0, 0x000002748f54d7c0,
0x000002748f54b060, 0x000002748f54b6f0, 0x000002748f54de50, 0x000002748f54c410,
0x000002748f54e4e0, 0x000002748f54caa0, 0x000002748f54f200, 0x000002749509cb10,
0x000002748f551ff0, 0x000002748f54bd80, 0x000002748f5533a0, 0x000002748f54ff20,
0x000002748f553a30, 0x00000274950a5b70, 0x00000274950a6200, 0x00000274950a54e0,
0x00000274950a6890, 0x00000274950a3410, 0x00000274950a6f20, 0x000002748f494420,
0x000002748f497f30, 0x000002748f4985c0, 0x000002748f4978a0, 0x000002748f4992e0,
0x00000274950a47c0, 0x000002748f77dbb0, 0x000002748f77ce90, 0x000002748f77e240,
0x000002748f77d520, 0x000002748f77ef60, 0x000002748f77e8d0, 0x000002748f77f5f0,
0x000002748f77c170
}

Java Threads: ( => current thread )
  0x00000274ed93b510 JavaThread "main"                              [_thread_blocked, id=27052, stack(0x000000e822800000,0x000000e822900000) (1024K)]
  0x00000274856cbfd0 JavaThread "Common-Cleaner"             daemon [_thread_blocked, id=29768, stack(0x000000e823000000,0x000000e823100000) (1024K)]
  0x00000274856cca30 JavaThread "Reference Handler"          daemon [_thread_blocked, id=59120, stack(0x000000e823100000,0x000000e823200000) (1024K)]
  0x00000274856ce000 JavaThread "Finalizer"                  daemon [_thread_blocked, id=58648, stack(0x000000e823200000,0x000000e823300000) (1024K)]
  0x00000274856cf5d0 JavaThread "Signal Dispatcher"          daemon [_thread_blocked, id=51800, stack(0x000000e823300000,0x000000e823400000) (1024K)]
  0x00000274856dbf20 JavaThread "Attach Listener"            daemon [_thread_blocked, id=40776, stack(0x000000e823400000,0x000000e823500000) (1024K)]
  0x00000274856dc590 JavaThread "Service Thread"             daemon [_thread_blocked, id=16196, stack(0x000000e823500000,0x000000e823600000) (1024K)]
  0x00000274856dcff0 JavaThread "Monitor Deflation Thread"   daemon [_thread_blocked, id=39432, stack(0x000000e823600000,0x000000e823700000) (1024K)]
  0x00000274856ded90 JavaThread "C2 CompilerThread0"         daemon [_thread_blocked, id=58792, stack(0x000000e823700000,0x000000e823800000) (1024K)]
  0x00000274856fda50 JavaThread "C1 CompilerThread0"         daemon [_thread_blocked, id=33588, stack(0x000000e823800000,0x000000e823900000) (1024K)]
  0x00000274859afd80 JavaThread "Notification Thread"        daemon [_thread_blocked, id=58948, stack(0x000000e823900000,0x000000e823a00000) (1024K)]
  0x000002748a32ba20 JavaThread "Daemon health stats"               [_thread_blocked, id=58384, stack(0x000000e823a00000,0x000000e823b00000) (1024K)]
  0x000002748bc46010 JavaThread "Incoming local TCP Connector on port 49245"        [_thread_in_native, id=39912, stack(0x000000e824100000,0x000000e824200000) (1024K)]
  0x000002748a41e1c0 JavaThread "Daemon periodic checks"            [_thread_blocked, id=10020, stack(0x000000e824200000,0x000000e824300000) (1024K)]
  0x0000027485986dc0 JavaThread "Daemon"                            [_thread_blocked, id=22336, stack(0x000000e824300000,0x000000e824400000) (1024K)]
  0x000002748a43ee20 JavaThread "Handler for socket connection from /127.0.0.1:49245 to /127.0.0.1:49246"        [_thread_in_native, id=17944, stack(0x000000e824400000,0x000000e824500000) (1024K)]
  0x000002748a5a5680 JavaThread "Cancel handler"                    [_thread_blocked, id=58480, stack(0x000000e824000000,0x000000e824100000) (1024K)]
  0x000002748c16ee60 JavaThread "Daemon worker"                     [_thread_blocked, id=58632, stack(0x000000e824500000,0x000000e824600000) (1024K)]
  0x000002748c171c50 JavaThread "Asynchronous log dispatcher for DefaultDaemonConnection: socket connection from /127.0.0.1:49245 to /127.0.0.1:49246"        [_thread_blocked, id=54232, stack(0x000000e824c00000,0x000000e824d00000) (1024K)]
  0x000002748c1722e0 JavaThread "Stdin handler"                     [_thread_blocked, id=13744, stack(0x000000e824d00000,0x000000e824e00000) (1024K)]
  0x000002748c16f4f0 JavaThread "Daemon client event forwarder"        [_thread_blocked, id=49648, stack(0x000000e824e00000,0x000000e824f00000) (1024K)]
  0x000002748c16fb80 JavaThread "Cache worker for journal cache (C:\Users\DELL\.gradle\caches\journal-1)"        [_thread_blocked, id=57308, stack(0x000000e825000000,0x000000e825100000) (1024K)]
  0x000002748c170f30 JavaThread "File lock request listener"        [_thread_in_native, id=6700, stack(0x000000e825100000,0x000000e825200000) (1024K)]
  0x000002748c170210 JavaThread "Cache worker for file hash cache (C:\Users\DELL\.gradle\caches\9.3.1\fileHashes)"        [_thread_blocked, id=32728, stack(0x000000e825200000,0x000000e825300000) (1024K)]
  0x000002748df4eaa0 JavaThread "Cache worker for file hash cache (D:\MEox\UITer\DOAN\Mosco_Megre\Mosco\client\.gradle\9.3.1\fileHashes)"        [_thread_blocked, id=36376, stack(0x000000e825400000,0x000000e825500000) (1024K)]
  0x000002748df4fe50 JavaThread "Cache worker for Build Output Cleanup Cache (D:\MEox\UITer\DOAN\Mosco_Megre\Mosco\client\.gradle\buildOutputCleanup)"        [_thread_blocked, id=43728, stack(0x000000e825500000,0x000000e825600000) (1024K)]
  0x000002748df4d060 JavaThread "File watcher server"        daemon [_thread_in_native, id=58900, stack(0x000000e825300000,0x000000e825400000) (1024K)]
  0x000002748df4e410 JavaThread "File watcher consumer"      daemon [_thread_blocked, id=58448, stack(0x000000e825600000,0x000000e825700000) (1024K)]
  0x000002748df50b70 JavaThread "Cache worker for checksums cache (D:\MEox\UITer\DOAN\Mosco_Megre\Mosco\client\.gradle\9.3.1\checksums)"        [_thread_blocked, id=59200, stack(0x000000e824f00000,0x000000e825000000) (1024K)]
  0x000002748df4f130 JavaThread "Cache worker for file content cache (C:\Users\DELL\.gradle\caches\9.3.1\fileContent)"        [_thread_blocked, id=58656, stack(0x000000e825700000,0x000000e825800000) (1024K)]
  0x000002748df51200 JavaThread "Cache worker for cache directory md-supplier (C:\Users\DELL\.gradle\caches\9.3.1\md-supplier)"        [_thread_blocked, id=1396, stack(0x000000e825900000,0x000000e825a00000) (1024K)]
  0x000002748df4dd80 JavaThread "Cache worker for cache directory md-rule (C:\Users\DELL\.gradle\caches\9.3.1\md-rule)"        [_thread_blocked, id=21276, stack(0x000000e825a00000,0x000000e825b00000) (1024K)]
  0x000002748df54680 JavaThread "jar transforms"                    [_thread_blocked, id=58860, stack(0x000000e825b00000,0x000000e825c00000) (1024K)]
  0x000002748df52c40 JavaThread "jar transforms Thread 2"           [_thread_blocked, id=11184, stack(0x000000e825c00000,0x000000e825d00000) (1024K)]
  0x000002748df532d0 JavaThread "jar transforms Thread 3"           [_thread_blocked, id=25564, stack(0x000000e825800000,0x000000e825900000) (1024K)]
  0x000002748df525b0 JavaThread "Unconstrained build operations"        [_thread_blocked, id=25628, stack(0x000000e825e00000,0x000000e825f00000) (1024K)]
  0x000002748df53960 JavaThread "Unconstrained build operations Thread 2"        [_thread_blocked, id=48596, stack(0x000000e825f00000,0x000000e826000000) (1024K)]
  0x000002748df53ff0 JavaThread "Unconstrained build operations Thread 3"        [_thread_blocked, id=52280, stack(0x000000e826000000,0x000000e826100000) (1024K)]
  0x000002748d2429f0 JavaThread "Unconstrained build operations Thread 4"        [_thread_blocked, id=52192, stack(0x000000e826100000,0x000000e826200000) (1024K)]
  0x000002748d241cd0 JavaThread "Unconstrained build operations Thread 5"        [_thread_blocked, id=37412, stack(0x000000e826200000,0x000000e826300000) (1024K)]
  0x000002748d242360 JavaThread "Unconstrained build operations Thread 6"        [_thread_blocked, id=25116, stack(0x000000e826300000,0x000000e826400000) (1024K)]
  0x000002748d241640 JavaThread "Unconstrained build operations Thread 7"        [_thread_blocked, id=16480, stack(0x000000e826400000,0x000000e826500000) (1024K)]
  0x000002748d240fb0 JavaThread "Unconstrained build operations Thread 8"        [_thread_blocked, id=35432, stack(0x000000e826500000,0x000000e826600000) (1024K)]
  0x000002748d243080 JavaThread "Unconstrained build operations Thread 9"        [_thread_blocked, id=58784, stack(0x000000e826600000,0x000000e826700000) (1024K)]
  0x000002748d240920 JavaThread "Unconstrained build operations Thread 10"        [_thread_blocked, id=12412, stack(0x000000e826700000,0x000000e826800000) (1024K)]
  0x000002748d240290 JavaThread "Unconstrained build operations Thread 11"        [_thread_blocked, id=58908, stack(0x000000e826800000,0x000000e826900000) (1024K)]
  0x000002748d23fc00 JavaThread "Unconstrained build operations Thread 12"        [_thread_blocked, id=10380, stack(0x000000e826900000,0x000000e826a00000) (1024K)]
  0x000002748d245ce0 JavaThread "Unconstrained build operations Thread 13"        [_thread_blocked, id=58440, stack(0x000000e826a00000,0x000000e826b00000) (1024K)]
  0x000002748d243c10 JavaThread "Unconstrained build operations Thread 14"        [_thread_blocked, id=45232, stack(0x000000e826b00000,0x000000e826c00000) (1024K)]
  0x000002748d246370 JavaThread "Unconstrained build operations Thread 15"        [_thread_blocked, id=26640, stack(0x000000e826c00000,0x000000e826d00000) (1024K)]
  0x000002748d244fc0 JavaThread "Unconstrained build operations Thread 16"        [_thread_blocked, id=58920, stack(0x000000e826d00000,0x000000e826e00000) (1024K)]
  0x000002748d246a00 JavaThread "Unconstrained build operations Thread 17"        [_thread_blocked, id=34844, stack(0x000000e826e00000,0x000000e826f00000) (1024K)]
  0x000002748d247090 JavaThread "Unconstrained build operations Thread 18"        [_thread_blocked, id=25408, stack(0x000000e826f00000,0x000000e827000000) (1024K)]
  0x000002748d2442a0 JavaThread "Unconstrained build operations Thread 19"        [_thread_blocked, id=40160, stack(0x000000e827000000,0x000000e827100000) (1024K)]
  0x000002748d244930 JavaThread "Unconstrained build operations Thread 20"        [_thread_blocked, id=1956, stack(0x000000e827100000,0x000000e827200000) (1024K)]
  0x000002748d245650 JavaThread "jar transforms Thread 4"           [_thread_blocked, id=49444, stack(0x000000e827200000,0x000000e827300000) (1024K)]
  0x000002748c240140 JavaThread "jar transforms Thread 5"           [_thread_blocked, id=59028, stack(0x000000e827300000,0x000000e827400000) (1024K)]
  0x000002748c23fab0 JavaThread "Unconstrained build operations Thread 21"        [_thread_blocked, id=37276, stack(0x000000e827400000,0x000000e827500000) (1024K)]
  0x000002748c23f420 JavaThread "Unconstrained build operations Thread 22"        [_thread_blocked, id=35668, stack(0x000000e827500000,0x000000e827600000) (1024K)]
  0x000002748c2407d0 JavaThread "Unconstrained build operations Thread 23"        [_thread_blocked, id=59124, stack(0x000000e827600000,0x000000e827700000) (1024K)]
  0x000002748c2414f0 JavaThread "Unconstrained build operations Thread 24"        [_thread_blocked, id=59100, stack(0x000000e827700000,0x000000e827800000) (1024K)]
  0x000002748c241b80 JavaThread "Unconstrained build operations Thread 25"        [_thread_blocked, id=46532, stack(0x000000e827800000,0x000000e827900000) (1024K)]
  0x000002748c240e60 JavaThread "Unconstrained build operations Thread 26"        [_thread_blocked, id=28596, stack(0x000000e827900000,0x000000e827a00000) (1024K)]
  0x000002748c242210 JavaThread "Unconstrained build operations Thread 27"        [_thread_blocked, id=28408, stack(0x000000e827a00000,0x000000e827b00000) (1024K)]
  0x000002748c23ed90 JavaThread "Unconstrained build operations Thread 28"        [_thread_blocked, id=22620, stack(0x000000e827b00000,0x000000e827c00000) (1024K)]
  0x000002748c244970 JavaThread "Unconstrained build operations Thread 29"        [_thread_blocked, id=28044, stack(0x000000e827c00000,0x000000e827d00000) (1024K)]
  0x000002748c245d20 JavaThread "Unconstrained build operations Thread 30"        [_thread_blocked, id=26876, stack(0x000000e827d00000,0x000000e827e00000) (1024K)]
  0x000002748c242f30 JavaThread "jar transforms Thread 6"           [_thread_blocked, id=45280, stack(0x000000e827e00000,0x000000e827f00000) (1024K)]
  0x000002748c243c50 JavaThread "jar transforms Thread 7"           [_thread_blocked, id=46288, stack(0x000000e827f00000,0x000000e828000000) (1024K)]
  0x000002748c2435c0 JavaThread "jar transforms Thread 8"           [_thread_blocked, id=58488, stack(0x000000e828000000,0x000000e828100000) (1024K)]
  0x000002748c2442e0 JavaThread "jar transforms Thread 9"           [_thread_blocked, id=59176, stack(0x000000e828100000,0x000000e828200000) (1024K)]
  0x000002748c245690 JavaThread "Unconstrained build operations Thread 31"        [_thread_blocked, id=13292, stack(0x000000e825d00000,0x000000e825e00000) (1024K)]
  0x000002748c2428a0 JavaThread "Unconstrained build operations Thread 32"        [_thread_blocked, id=59356, stack(0x000000e828200000,0x000000e828300000) (1024K)]
  0x000002748c2463b0 JavaThread "Unconstrained build operations Thread 33"        [_thread_blocked, id=28464, stack(0x000000e828300000,0x000000e828400000) (1024K)]
  0x000002748d22abf0 JavaThread "jar transforms Thread 10"          [_thread_blocked, id=30948, stack(0x000000e828500000,0x000000e828600000) (1024K)]
  0x000002748d22d9e0 JavaThread "Problems report writer"            [_thread_blocked, id=9728, stack(0x000000e828600000,0x000000e828700000) (1024K)]
  0x000002748d22bfa0 JavaThread "jar transforms Thread 11"          [_thread_blocked, id=45840, stack(0x000000e828800000,0x000000e828900000) (1024K)]
  0x000002748d22e700 JavaThread "Unconstrained build operations Thread 34"        [_thread_blocked, id=58724, stack(0x000000e828400000,0x000000e828500000) (1024K)]
  0x000002748d22ccc0 JavaThread "Unconstrained build operations Thread 35"        [_thread_blocked, id=59052, stack(0x000000e828700000,0x000000e828800000) (1024K)]
  0x000002748d22d350 JavaThread "Unconstrained build operations Thread 36"        [_thread_blocked, id=18776, stack(0x000000e828900000,0x000000e828a00000) (1024K)]
  0x000002748d22b280 JavaThread "Unconstrained build operations Thread 37"        [_thread_blocked, id=44468, stack(0x000000e828a00000,0x000000e828b00000) (1024K)]
  0x000002748d2307d0 JavaThread "Unconstrained build operations Thread 38"        [_thread_blocked, id=58688, stack(0x000000e828b00000,0x000000e828c00000) (1024K)]
  0x000002748d2314f0 JavaThread "Unconstrained build operations Thread 39"        [_thread_blocked, id=27416, stack(0x000000e828c00000,0x000000e828d00000) (1024K)]
  0x000002748d231b80 JavaThread "Unconstrained build operations Thread 40"        [_thread_blocked, id=28064, stack(0x000000e828d00000,0x000000e828e00000) (1024K)]
  0x000002748d22f420 JavaThread "Unconstrained build operations Thread 41"        [_thread_blocked, id=59304, stack(0x000000e828e00000,0x000000e828f00000) (1024K)]
  0x000002748d230e60 JavaThread "Unconstrained build operations Thread 42"        [_thread_blocked, id=58408, stack(0x000000e828f00000,0x000000e829000000) (1024K)]
  0x000002748d230140 JavaThread "Unconstrained build operations Thread 43"        [_thread_blocked, id=43100, stack(0x000000e829000000,0x000000e829100000) (1024K)]
  0x000002748d22ed90 JavaThread "Unconstrained build operations Thread 44"        [_thread_blocked, id=33292, stack(0x000000e829100000,0x000000e829200000) (1024K)]
  0x000002748b294d60 JavaThread "Unconstrained build operations Thread 45"        [_thread_blocked, id=58564, stack(0x000000e829200000,0x000000e829300000) (1024K)]
  0x000002748b295a80 JavaThread "Unconstrained build operations Thread 46"        [_thread_blocked, id=13732, stack(0x000000e829300000,0x000000e829400000) (1024K)]
  0x000002748b2946d0 JavaThread "Unconstrained build operations Thread 47"        [_thread_blocked, id=636, stack(0x000000e829400000,0x000000e829500000) (1024K)]
  0x000002748b2953f0 JavaThread "Unconstrained build operations Thread 48"        [_thread_blocked, id=58624, stack(0x000000e829500000,0x000000e829600000) (1024K)]
  0x000002748b296110 JavaThread "Unconstrained build operations Thread 49"        [_thread_blocked, id=58636, stack(0x000000e829600000,0x000000e829700000) (1024K)]
  0x000002748b2967a0 JavaThread "Unconstrained build operations Thread 50"        [_thread_blocked, id=12252, stack(0x000000e829700000,0x000000e829800000) (1024K)]
  0x000002748b2939b0 JavaThread "Unconstrained build operations Thread 51"        [_thread_blocked, id=16140, stack(0x000000e829800000,0x000000e829900000) (1024K)]
  0x000002748b293320 JavaThread "Unconstrained build operations Thread 52"        [_thread_blocked, id=52208, stack(0x000000e829900000,0x000000e829a00000) (1024K)]
  0x000002748b298f00 JavaThread "Unconstrained build operations Thread 53"        [_thread_blocked, id=58836, stack(0x000000e829a00000,0x000000e829b00000) (1024K)]
  0x000002748b298870 JavaThread "Unconstrained build operations Thread 54"        [_thread_blocked, id=34324, stack(0x000000e829b00000,0x000000e829c00000) (1024K)]
  0x000002748b299590 JavaThread "Unconstrained build operations Thread 55"        [_thread_blocked, id=50756, stack(0x000000e829c00000,0x000000e829d00000) (1024K)]
  0x000002748b2974c0 JavaThread "Unconstrained build operations Thread 56"        [_thread_blocked, id=58752, stack(0x000000e829e00000,0x000000e829f00000) (1024K)]
  0x000002748b296e30 JavaThread "Unconstrained build operations Thread 57"        [_thread_blocked, id=56084, stack(0x000000e829f00000,0x000000e82a000000) (1024K)]
  0x000002748b294040 JavaThread "Unconstrained build operations Thread 58"        [_thread_blocked, id=58812, stack(0x000000e82a000000,0x000000e82a100000) (1024K)]
  0x000002748b29a2b0 JavaThread "Unconstrained build operations Thread 59"        [_thread_blocked, id=13832, stack(0x000000e82a100000,0x000000e82a200000) (1024K)]
  0x000002748b297b50 JavaThread "Unconstrained build operations Thread 60"        [_thread_blocked, id=7208, stack(0x000000e82a200000,0x000000e82a300000) (1024K)]
  0x000002748b299c20 JavaThread "Unconstrained build operations Thread 61"        [_thread_blocked, id=40988, stack(0x000000e82a300000,0x000000e82a400000) (1024K)]
  0x000002748b29a940 JavaThread "Unconstrained build operations Thread 62"        [_thread_blocked, id=30628, stack(0x000000e82a400000,0x000000e82a500000) (1024K)]
  0x000002748b2981e0 JavaThread "Unconstrained build operations Thread 63"        [_thread_blocked, id=48584, stack(0x000000e82a500000,0x000000e82a600000) (1024K)]
  0x000002748d22fab0 JavaThread "Unconstrained build operations Thread 64"        [_thread_blocked, id=58852, stack(0x000000e82a600000,0x000000e82a700000) (1024K)]
  0x000002748ac6ec40 JavaThread "Unconstrained build operations Thread 65"        [_thread_blocked, id=59296, stack(0x000000e82a700000,0x000000e82a800000) (1024K)]
  0x000002748ac6d890 JavaThread "Unconstrained build operations Thread 66"        [_thread_blocked, id=18768, stack(0x000000e82a800000,0x000000e82a900000) (1024K)]
  0x000002748ac713a0 JavaThread "jar transforms Thread 12"          [_thread_blocked, id=59936, stack(0x000000e82a900000,0x000000e82aa00000) (1024K)]
  0x000002748ac6e5b0 JavaThread "build event listener"              [_thread_blocked, id=60160, stack(0x000000e829d00000,0x000000e829e00000) (1024K)]
  0x000002748ac6f960 JavaThread "Memory manager"                    [_thread_blocked, id=60216, stack(0x000000e82ab00000,0x000000e82ac00000) (1024K)]
  0x000002748f493700 JavaThread "build event listener"              [_thread_blocked, id=34152, stack(0x000000e82ac00000,0x000000e82ad00000) (1024K)]
  0x00000274902e6340 JavaThread "pool-3-thread-1"                   [_thread_blocked, id=60192, stack(0x000000e822600000,0x000000e822700000) (1024K)]
  0x00000274902e76f0 JavaThread "build event listener"              [_thread_blocked, id=10712, stack(0x000000e822700000,0x000000e822800000) (1024K)]
  0x00000274902e8aa0 JavaThread "included builds"                   [_thread_blocked, id=41660, stack(0x000000e82aa00000,0x000000e82ab00000) (1024K)]
  0x00000274902e69d0 JavaThread "Execution worker"                  [_thread_blocked, id=4920, stack(0x000000e82ae00000,0x000000e82af00000) (1024K)]
  0x00000274902e7060 JavaThread "Execution worker Thread 2"         [_thread_blocked, id=57980, stack(0x000000e82af00000,0x000000e82b000000) (1024K)]
  0x00000274902e8410 JavaThread "Execution worker Thread 3"         [_thread_blocked, id=15072, stack(0x000000e82b000000,0x000000e82b100000) (1024K)]
  0x00000274902e5620 JavaThread "Execution worker Thread 4"         [_thread_blocked, id=58052, stack(0x000000e82b100000,0x000000e82b200000) (1024K)]
  0x00000274902e9130 JavaThread "Execution worker Thread 5"         [_thread_blocked, id=36572, stack(0x000000e82b200000,0x000000e82b300000) (1024K)]
  0x00000274902e5cb0 JavaThread "Execution worker Thread 6"         [_thread_blocked, id=60140, stack(0x000000e82b300000,0x000000e82b400000) (1024K)]
  0x00000274902eb890 JavaThread "Execution worker Thread 7"         [_thread_blocked, id=60156, stack(0x000000e82b400000,0x000000e82b500000) (1024K)]
  0x00000274902ecc40 JavaThread "Execution worker Thread 8"         [_thread_blocked, id=60136, stack(0x000000e82b500000,0x000000e82b600000) (1024K)]
  0x00000274902e9e50 JavaThread "Execution worker Thread 9"         [_thread_blocked, id=60144, stack(0x000000e82b600000,0x000000e82b700000) (1024K)]
  0x00000274902ebf20 JavaThread "Execution worker Thread 10"        [_thread_blocked, id=60132, stack(0x000000e82b700000,0x000000e82b800000) (1024K)]
  0x00000274902eb200 JavaThread "Execution worker Thread 11"        [_thread_blocked, id=60152, stack(0x000000e82b800000,0x000000e82b900000) (1024K)]
  0x00000274902ea4e0 JavaThread "Cache worker for execution history cache (D:\MEox\UITer\DOAN\Mosco_Megre\Mosco\client\.gradle\9.3.1\executionHistory)"        [_thread_blocked, id=60148, stack(0x000000e82b900000,0x000000e82ba00000) (1024K)]
  0x00000274902e97c0 JavaThread "Unconstrained build operations Thread 67"        [_thread_blocked, id=31628, stack(0x000000e82ba00000,0x000000e82bb00000) (1024K)]
  0x00000274902f00c0 JavaThread "Unconstrained build operations Thread 68"        [_thread_blocked, id=18108, stack(0x000000e82bb00000,0x000000e82bc00000) (1024K)]
  0x00000274902f0750 JavaThread "Unconstrained build operations Thread 69"        [_thread_blocked, id=59420, stack(0x000000e82bc00000,0x000000e82bd00000) (1024K)]
  0x00000274902ed2d0 JavaThread "Unconstrained build operations Thread 70"        [_thread_blocked, id=56968, stack(0x000000e82bd00000,0x000000e82be00000) (1024K)]
  0x00000274902f0de0 JavaThread "Unconstrained build operations Thread 71"        [_thread_blocked, id=52552, stack(0x000000e82be00000,0x000000e82bf00000) (1024K)]
  0x00000274902ed960 JavaThread "Unconstrained build operations Thread 72"        [_thread_blocked, id=17112, stack(0x000000e82bf00000,0x000000e82c000000) (1024K)]
  0x00000274902edff0 JavaThread "Unconstrained build operations Thread 73"        [_thread_blocked, id=59508, stack(0x000000e82c000000,0x000000e82c100000) (1024K)]
  0x00000274902f1470 JavaThread "Unconstrained build operations Thread 74"        [_thread_blocked, id=31288, stack(0x000000e82c100000,0x000000e82c200000) (1024K)]
  0x00000274902f1b00 JavaThread "Unconstrained build operations Thread 75"        [_thread_blocked, id=59540, stack(0x000000e82c200000,0x000000e82c300000) (1024K)]
  0x00000274902ee680 JavaThread "Unconstrained build operations Thread 76"        [_thread_blocked, id=59468, stack(0x000000e82c300000,0x000000e82c400000) (1024K)]
  0x00000274902eed10 JavaThread "Unconstrained build operations Thread 77"        [_thread_blocked, id=59504, stack(0x000000e82c400000,0x000000e82c500000) (1024K)]
  0x000002748b702390 JavaThread "Unconstrained build operations Thread 78"        [_thread_blocked, id=59736, stack(0x000000e82ad00000,0x000000e82ae00000) (1024K)]
  0x000002748b7002c0 JavaThread "Unconstrained build operations Thread 79"        [_thread_blocked, id=54924, stack(0x000000e82c500000,0x000000e82c600000) (1024K)]
  0x000002748b700fe0 JavaThread "Unconstrained build operations Thread 80"        [_thread_blocked, id=59752, stack(0x000000e82c600000,0x000000e82c700000) (1024K)]
  0x000002748b703dd0 JavaThread "Unconstrained build operations Thread 81"        [_thread_blocked, id=10740, stack(0x000000e82c700000,0x000000e82c800000) (1024K)]
  0x000002748b700950 JavaThread "Unconstrained build operations Thread 82"        [_thread_blocked, id=59772, stack(0x000000e82c800000,0x000000e82c900000) (1024K)]
  0x000002748b705ea0 JavaThread "Unconstrained build operations Thread 83"        [_thread_blocked, id=59800, stack(0x000000e82c900000,0x000000e82ca00000) (1024K)]
  0x000002748b704460 JavaThread "Unconstrained build operations Thread 84"        [_thread_blocked, id=59780, stack(0x000000e82ca00000,0x000000e82cb00000) (1024K)]
  0x000002748b704af0 JavaThread "Unconstrained build operations Thread 85"        [_thread_blocked, id=59804, stack(0x000000e82cb00000,0x000000e82cc00000) (1024K)]
  0x000002748b705180 JavaThread "Unconstrained build operations Thread 86"        [_thread_blocked, id=57916, stack(0x000000e82cc00000,0x000000e82cd00000) (1024K)]
  0x000002748b705810 JavaThread "Unconstrained build operations Thread 87"        [_thread_blocked, id=59820, stack(0x000000e82cd00000,0x000000e82ce00000) (1024K)]
  0x000002748b706530 JavaThread "Unconstrained build operations Thread 88"        [_thread_blocked, id=58748, stack(0x000000e82ce00000,0x000000e82cf00000) (1024K)]
  0x000002748b706bc0 JavaThread "Unconstrained build operations Thread 89"        [_thread_blocked, id=59816, stack(0x000000e82cf00000,0x000000e82d000000) (1024K)]
  0x00000274902ef3a0 JavaThread "Unconstrained build operations Thread 90"        [_thread_blocked, id=59808, stack(0x000000e82d000000,0x000000e82d100000) (1024K)]
  0x00000274902f2eb0 JavaThread "Unconstrained build operations Thread 91"        [_thread_blocked, id=58876, stack(0x000000e82d100000,0x000000e82d200000) (1024K)]
  0x00000274902efa30 JavaThread "Unconstrained build operations Thread 92"        [_thread_blocked, id=38496, stack(0x000000e82d200000,0x000000e82d300000) (1024K)]
  0x00000274902f4260 JavaThread "Unconstrained build operations Thread 93"        [_thread_blocked, id=60092, stack(0x000000e82d300000,0x000000e82d400000) (1024K)]
  0x00000274902f3540 JavaThread "Unconstrained build operations Thread 94"        [_thread_blocked, id=21080, stack(0x000000e82d400000,0x000000e82d500000) (1024K)]
  0x00000274902f3bd0 JavaThread "Unconstrained build operations Thread 95"        [_thread_blocked, id=60104, stack(0x000000e82d500000,0x000000e82d600000) (1024K)]
  0x000002748ac71a30 JavaThread "Unconstrained build operations Thread 96"        [_thread_blocked, id=9880, stack(0x000000e82d600000,0x000000e82d700000) (1024K)]
  0x000002748ac720c0 JavaThread "Unconstrained build operations Thread 97"        [_thread_blocked, id=59716, stack(0x000000e82d700000,0x000000e82d800000) (1024K)]
  0x000002748ac74190 JavaThread "Unconstrained build operations Thread 98"        [_thread_blocked, id=59868, stack(0x000000e82d800000,0x000000e82d900000) (1024K)]
  0x000002748ac74820 JavaThread "Unconstrained build operations Thread 99"        [_thread_blocked, id=60100, stack(0x000000e82d900000,0x000000e82da00000) (1024K)]
  0x000002748ac74eb0 JavaThread "Unconstrained build operations Thread 100"        [_thread_blocked, id=60120, stack(0x000000e82da00000,0x000000e82db00000) (1024K)]
  0x0000027495098970 JavaThread "Unconstrained build operations Thread 101"        [_thread_blocked, id=60256, stack(0x000000e82db00000,0x000000e82dc00000) (1024K)]
  0x0000027495099690 JavaThread "Unconstrained build operations Thread 102"        [_thread_blocked, id=60280, stack(0x000000e82dc00000,0x000000e82dd00000) (1024K)]
  0x0000027495099d20 JavaThread "Unconstrained build operations Thread 103"        [_thread_blocked, id=60288, stack(0x000000e82dd00000,0x000000e82de00000) (1024K)]
  0x0000027495099000 JavaThread "Unconstrained build operations Thread 104"        [_thread_blocked, id=60296, stack(0x000000e82de00000,0x000000e82df00000) (1024K)]
  0x000002749509a3b0 JavaThread "Unconstrained build operations Thread 105"        [_thread_blocked, id=60300, stack(0x000000e82df00000,0x000000e82e000000) (1024K)]
  0x000002749509aa40 JavaThread "Unconstrained build operations Thread 106"        [_thread_blocked, id=60172, stack(0x000000e82e000000,0x000000e82e100000) (1024K)]
  0x000002749509b0d0 JavaThread "Unconstrained build operations Thread 107"        [_thread_blocked, id=60200, stack(0x000000e82e100000,0x000000e82e200000) (1024K)]
  0x0000027495097c50 JavaThread "Unconstrained build operations Thread 108"        [_thread_blocked, id=60248, stack(0x000000e82e200000,0x000000e82e300000) (1024K)]
  0x000002749509bdf0 JavaThread "Unconstrained build operations Thread 109"        [_thread_blocked, id=60336, stack(0x000000e82e300000,0x000000e82e400000) (1024K)]
  0x000002749509c480 JavaThread "Unconstrained build operations Thread 110"        [_thread_blocked, id=60348, stack(0x000000e82e400000,0x000000e82e500000) (1024K)]
  0x000002749509d830 JavaThread "Unconstrained build operations Thread 111"        [_thread_blocked, id=60228, stack(0x000000e82e500000,0x000000e82e600000) (1024K)]
  0x000002749509dec0 JavaThread "Unconstrained build operations Thread 112"        [_thread_blocked, id=60328, stack(0x000000e82e600000,0x000000e82e700000) (1024K)]
  0x000002748f54d7c0 JavaThread "Unconstrained build operations Thread 113"        [_thread_blocked, id=60028, stack(0x000000e82e700000,0x000000e82e800000) (1024K)]
  0x000002748f54b060 JavaThread "Unconstrained build operations Thread 114"        [_thread_blocked, id=60088, stack(0x000000e82e800000,0x000000e82e900000) (1024K)]
  0x000002748f54b6f0 JavaThread "Unconstrained build operations Thread 115"        [_thread_blocked, id=60344, stack(0x000000e82e900000,0x000000e82ea00000) (1024K)]
  0x000002748f54de50 JavaThread "Unconstrained build operations Thread 116"        [_thread_blocked, id=34204, stack(0x000000e82ea00000,0x000000e82eb00000) (1024K)]
  0x000002748f54c410 JavaThread "Unconstrained build operations Thread 117"        [_thread_blocked, id=60024, stack(0x000000e82eb00000,0x000000e82ec00000) (1024K)]
  0x000002748f54e4e0 JavaThread "Unconstrained build operations Thread 118"        [_thread_blocked, id=59428, stack(0x000000e82ec00000,0x000000e82ed00000) (1024K)]
  0x000002748f54caa0 JavaThread "Unconstrained build operations Thread 119"        [_thread_blocked, id=58816, stack(0x000000e82ed00000,0x000000e82ee00000) (1024K)]
  0x000002748f54f200 JavaThread "Unconstrained build operations Thread 120"        [_thread_blocked, id=23816, stack(0x000000e82ee00000,0x000000e82ef00000) (1024K)]
  0x000002749509cb10 JavaThread "WorkerExecutor Queue"              [_thread_blocked, id=58936, stack(0x000000e82ef00000,0x000000e82f000000) (1024K)]
  0x000002748f551ff0 JavaThread "WorkerExecutor Queue Thread 2"        [_thread_blocked, id=58420, stack(0x000000e82f000000,0x000000e82f100000) (1024K)]
  0x000002748f54bd80 JavaThread "WorkerExecutor Queue Thread 3"        [_thread_blocked, id=44560, stack(0x000000e82f100000,0x000000e82f200000) (1024K)]
  0x000002748f5533a0 JavaThread "pool-4-thread-1"                   [_thread_blocked, id=16772, stack(0x000000e82f200000,0x000000e82f300000) (1024K)]
  0x000002748f54ff20 JavaThread "stderr"                            [_thread_in_native, id=47588, stack(0x000000e82f300000,0x000000e82f400000) (1024K)]
  0x000002748f553a30 JavaThread "stdout"                            [_thread_in_native, id=59692, stack(0x000000e82f400000,0x000000e82f500000) (1024K)]
  0x00000274950a5b70 JavaThread "WorkerExecutor Queue Thread 4"        [_thread_blocked, id=45116, stack(0x000000e82f500000,0x000000e82f600000) (1024K)]
  0x00000274950a6200 JavaThread "WorkerExecutor Queue Thread 5"        [_thread_blocked, id=12532, stack(0x000000e82f600000,0x000000e82f700000) (1024K)]
  0x00000274950a54e0 JavaThread "WorkerExecutor Queue Thread 6"        [_thread_blocked, id=1432, stack(0x000000e82f700000,0x000000e82f800000) (1024K)]
  0x00000274950a6890 JavaThread "WorkerExecutor Queue Thread 7"        [_thread_blocked, id=27612, stack(0x000000e82f800000,0x000000e82f900000) (1024K)]
  0x00000274950a3410 JavaThread "WorkerExecutor Queue Thread 8"        [_thread_blocked, id=58820, stack(0x000000e82f900000,0x000000e82fa00000) (1024K)]
  0x00000274950a6f20 JavaThread "WorkerExecutor Queue Thread 9"        [_thread_blocked, id=58492, stack(0x000000e82fa00000,0x000000e82fb00000) (1024K)]
  0x000002748f494420 JavaThread "WorkerExecutor Queue Thread 11"        [_thread_blocked, id=30892, stack(0x000000e82fd00000,0x000000e82fe00000) (1024K)]
  0x000002748f497f30 JavaThread "WorkerExecutor Queue Thread 12"        [_thread_blocked, id=60304, stack(0x000000e82fe00000,0x000000e82ff00000) (1024K)]
  0x000002748f4985c0 JavaThread "WorkerExecutor Queue Thread 13"        [_thread_blocked, id=58436, stack(0x000000e82ff00000,0x000000e830000000) (1024K)]
=>0x000002748f4978a0 JavaThread "ForkJoinPool.commonPool-worker-1" daemon [_thread_in_vm, id=17304, stack(0x000000e82fb00000,0x000000e82fc00000) (1024K)]
  0x000002748f4992e0 JavaThread "ForkJoinPool.commonPool-worker-2" daemon [_thread_blocked, id=58540, stack(0x000000e82fc00000,0x000000e82fd00000) (1024K)]
  0x00000274950a47c0 JavaThread "ForkJoinPool.commonPool-worker-3" daemon [_thread_blocked, id=21248, stack(0x000000e830000000,0x000000e830100000) (1024K)]
  0x000002748f77dbb0 JavaThread "ForkJoinPool.commonPool-worker-4" daemon [_thread_blocked, id=58364, stack(0x000000e830100000,0x000000e830200000) (1024K)]
  0x000002748f77ce90 JavaThread "ForkJoinPool.commonPool-worker-5" daemon [_thread_blocked, id=43856, stack(0x000000e830200000,0x000000e830300000) (1024K)]
  0x000002748f77e240 JavaThread "ForkJoinPool.commonPool-worker-6" daemon [_thread_blocked, id=58572, stack(0x000000e830300000,0x000000e830400000) (1024K)]
  0x000002748f77d520 JavaThread "ForkJoinPool.commonPool-worker-7" daemon [_thread_blocked, id=36632, stack(0x000000e830400000,0x000000e830500000) (1024K)]
  0x000002748f77ef60 JavaThread "ForkJoinPool.commonPool-worker-8" daemon [_thread_blocked, id=59556, stack(0x000000e830500000,0x000000e830600000) (1024K)]
  0x000002748f77e8d0 JavaThread "ForkJoinPool.commonPool-worker-9" daemon [_thread_blocked, id=47576, stack(0x000000e830600000,0x000000e830700000) (1024K)]
  0x000002748f77f5f0 JavaThread "ForkJoinPool.commonPool-worker-10" daemon [_thread_blocked, id=46800, stack(0x000000e830700000,0x000000e830800000) (1024K)]
  0x000002748f77c170 JavaThread "ForkJoinPool.commonPool-worker-11" daemon [_thread_blocked, id=39628, stack(0x000000e830800000,0x000000e830900000) (1024K)]
Total: 209

Other Threads:
  0x000002748562c080 VMThread "VM Thread"                           [id=32292, stack(0x000000e822f00000,0x000000e823000000) (1024K)]
  0x00000274854aebd0 WatcherThread "VM Periodic Task Thread"        [id=8848, stack(0x000000e822e00000,0x000000e822f00000) (1024K)]
  0x00000274ed994dd0 WorkerThread "GC Thread#0"                     [id=46052, stack(0x000000e822900000,0x000000e822a00000) (1024K)]
  0x000002748a2df180 WorkerThread "GC Thread#1"                     [id=34376, stack(0x000000e823b00000,0x000000e823c00000) (1024K)]
  0x000002748a2df520 WorkerThread "GC Thread#2"                     [id=48276, stack(0x000000e823c00000,0x000000e823d00000) (1024K)]
  0x000002748a2df8c0 WorkerThread "GC Thread#3"                     [id=55728, stack(0x000000e823d00000,0x000000e823e00000) (1024K)]
  0x000002748a55cea0 WorkerThread "GC Thread#4"                     [id=59300, stack(0x000000e823e00000,0x000000e823f00000) (1024K)]
  0x000002748a55d240 WorkerThread "GC Thread#5"                     [id=36220, stack(0x000000e823f00000,0x000000e824000000) (1024K)]
  0x000002748ad92d20 WorkerThread "GC Thread#6"                     [id=49216, stack(0x000000e824600000,0x000000e824700000) (1024K)]
  0x000002748b2a41f0 WorkerThread "GC Thread#7"                     [id=26016, stack(0x000000e824700000,0x000000e824800000) (1024K)]
  0x000002748b2a4590 WorkerThread "GC Thread#8"                     [id=59172, stack(0x000000e824800000,0x000000e824900000) (1024K)]
  0x000002748b2a4930 WorkerThread "GC Thread#9"                     [id=32096, stack(0x000000e824900000,0x000000e824a00000) (1024K)]
  0x00000274ed9a5cc0 ConcurrentGCThread "G1 Main Marker"            [id=59308, stack(0x000000e822a00000,0x000000e822b00000) (1024K)]
  0x00000274ed9a66d0 WorkerThread "G1 Conc#0"                       [id=47060, stack(0x000000e822b00000,0x000000e822c00000) (1024K)]
  0x000002748a214d60 WorkerThread "G1 Conc#1"                       [id=4980, stack(0x000000e824a00000,0x000000e824b00000) (1024K)]
  0x000002748a214070 WorkerThread "G1 Conc#2"                       [id=50888, stack(0x000000e824b00000,0x000000e824c00000) (1024K)]
  0x0000027485381aa0 ConcurrentGCThread "G1 Refine#0"               [id=1976, stack(0x000000e822c00000,0x000000e822d00000) (1024K)]
  0x0000027485382520 ConcurrentGCThread "G1 Service"                [id=36960, stack(0x000000e822d00000,0x000000e822e00000) (1024K)]
Total: 18

Threads with active compile tasks:
Total: 0

VM state: not at safepoint (normal execution)

VM Mutex/Monitor currently owned by a thread:  ([mutex/lock_event])
[0x00007fff7da28790] Heap_lock - owner thread: 0x000002748f4978a0

Heap address: 0x0000000080000000, size: 2048 MB, Compressed Oops mode: 32-bit

CDS archive(s) not mapped
Compressed class space mapped at: 0x0000000100000000-0x0000000140000000, reserved size: 1073741824
Narrow klass base: 0x0000000000000000, Narrow klass shift: 3, Narrow klass range: 0x140000000

GC Precious Log:
 CardTable entry size: 512
 Card Set container configuration: InlinePtr #cards 5 size 8 Array Of Cards #cards 12 size 40 Howl #buckets 4 coarsen threshold 1843 Howl Bitmap #cards 512 size 80 coarsen threshold 460 Card regions per heap region 1 cards per card region 2048
 CPUs: 12 total, 12 available
 Memory: 16068M
 Large Page Support: Disabled
 NUMA Support: Disabled
 Compressed Oops: Enabled (32-bit)
 Heap Region Size: 1M
 Heap Min Capacity: 8M
 Heap Initial Capacity: 252M
 Heap Max Capacity: 2G
 Pre-touch: Disabled
 Parallel Workers: 10
 Concurrent Workers: 3
 Concurrent Refinement Workers: 10
 Periodic GC: Disabled

Heap:
 garbage-first heap   total 480256K, used 477489K [0x0000000080000000, 0x0000000100000000)
  region size 1024K, 89 young (91136K), 17 survivors (17408K)
 Metaspace       used 157789K, committed 160320K, reserved 1245184K
  class space    used 22077K, committed 23296K, reserved 1048576K

Heap Regions: E=young(eden), S=young(survivor), O=old, HS=humongous(starts), HC=humongous(continues), CS=collection set, F=free, TAMS=top-at-mark-start, PB=parsable bottom
|   0|0x0000000080000000, 0x0000000080100000, 0x0000000080100000|100%|HS|  |TAMS 0x0000000080000000| PB 0x0000000080000000| Complete 
|   1|0x0000000080100000, 0x0000000080200000, 0x0000000080200000|100%|HC|  |TAMS 0x0000000080100000| PB 0x0000000080100000| Complete 
|   2|0x0000000080200000, 0x0000000080300000, 0x0000000080300000|100%|HC|  |TAMS 0x0000000080200000| PB 0x0000000080200000| Complete 
|   3|0x0000000080300000, 0x0000000080400000, 0x0000000080400000|100%|HC|  |TAMS 0x0000000080300000| PB 0x0000000080300000| Complete 
|   4|0x0000000080400000, 0x0000000080500000, 0x0000000080500000|100%| O|  |TAMS 0x0000000080400000| PB 0x0000000080400000| Untracked 
|   5|0x0000000080500000, 0x00000000805e7250, 0x0000000080600000| 90%| O|  |TAMS 0x0000000080500000| PB 0x0000000080500000| Untracked 
|   6|0x0000000080600000, 0x0000000080700000, 0x0000000080700000|100%|HS|  |TAMS 0x0000000080600000| PB 0x0000000080600000| Complete 
|   7|0x0000000080700000, 0x0000000080800000, 0x0000000080800000|100%| O|  |TAMS 0x0000000080700000| PB 0x0000000080700000| Untracked 
|   8|0x0000000080800000, 0x0000000080900000, 0x0000000080900000|100%| O|  |TAMS 0x0000000080800000| PB 0x0000000080800000| Untracked 
|   9|0x0000000080900000, 0x0000000080a00000, 0x0000000080a00000|100%| O|  |TAMS 0x0000000080900000| PB 0x0000000080900000| Untracked 
|  10|0x0000000080a00000, 0x0000000080b00000, 0x0000000080b00000|100%| O|  |TAMS 0x0000000080a00000| PB 0x0000000080a00000| Untracked 
|  11|0x0000000080b00000, 0x0000000080c00000, 0x0000000080c00000|100%| O|  |TAMS 0x0000000080b00000| PB 0x0000000080b00000| Untracked 
|  12|0x0000000080c00000, 0x0000000080d00000, 0x0000000080d00000|100%| O|  |TAMS 0x0000000080c00000| PB 0x0000000080c00000| Untracked 
|  13|0x0000000080d00000, 0x0000000080e00000, 0x0000000080e00000|100%| O|  |TAMS 0x0000000080d00000| PB 0x0000000080d00000| Untracked 
|  14|0x0000000080e00000, 0x0000000080f00000, 0x0000000080f00000|100%| O|  |TAMS 0x0000000080e00000| PB 0x0000000080e00000| Untracked 
|  15|0x0000000080f00000, 0x0000000081000000, 0x0000000081000000|100%| O|  |TAMS 0x0000000080f00000| PB 0x0000000080f00000| Untracked 
|  16|0x0000000081000000, 0x0000000081100000, 0x0000000081100000|100%| O|  |TAMS 0x0000000081000000| PB 0x0000000081000000| Untracked 
|  17|0x0000000081100000, 0x0000000081200000, 0x0000000081200000|100%| O|  |TAMS 0x0000000081100000| PB 0x0000000081100000| Untracked 
|  18|0x0000000081200000, 0x0000000081300000, 0x0000000081300000|100%| O|  |TAMS 0x0000000081200000| PB 0x0000000081200000| Untracked 
|  19|0x0000000081300000, 0x0000000081400000, 0x0000000081400000|100%| O|  |TAMS 0x0000000081300000| PB 0x0000000081300000| Untracked 
|  20|0x0000000081400000, 0x0000000081500000, 0x0000000081500000|100%| O|  |TAMS 0x0000000081400000| PB 0x0000000081400000| Untracked 
|  21|0x0000000081500000, 0x0000000081600000, 0x0000000081600000|100%| O|  |TAMS 0x0000000081500000| PB 0x0000000081500000| Untracked 
|  22|0x0000000081600000, 0x0000000081700000, 0x0000000081700000|100%| O|  |TAMS 0x0000000081600000| PB 0x0000000081600000| Untracked 
|  23|0x0000000081700000, 0x0000000081800000, 0x0000000081800000|100%| O|  |TAMS 0x0000000081700000| PB 0x0000000081700000| Untracked 
|  24|0x0000000081800000, 0x0000000081900000, 0x0000000081900000|100%| O|  |TAMS 0x0000000081800000| PB 0x0000000081800000| Untracked 
|  25|0x0000000081900000, 0x0000000081a00000, 0x0000000081a00000|100%| O|  |TAMS 0x0000000081900000| PB 0x0000000081900000| Untracked 
|  26|0x0000000081a00000, 0x0000000081b00000, 0x0000000081b00000|100%| O|  |TAMS 0x0000000081a00000| PB 0x0000000081a00000| Untracked 
|  27|0x0000000081b00000, 0x0000000081c00000, 0x0000000081c00000|100%|HS|  |TAMS 0x0000000081b00000| PB 0x0000000081b00000| Complete 
|  28|0x0000000081c00000, 0x0000000081d00000, 0x0000000081d00000|100%| O|  |TAMS 0x0000000081c00000| PB 0x0000000081c00000| Untracked 
|  29|0x0000000081d00000, 0x0000000081e00000, 0x0000000081e00000|100%| O|  |TAMS 0x0000000081d00000| PB 0x0000000081d00000| Untracked 
|  30|0x0000000081e00000, 0x0000000081f00000, 0x0000000081f00000|100%|HS|  |TAMS 0x0000000081e00000| PB 0x0000000081e00000| Complete 
|  31|0x0000000081f00000, 0x0000000082000000, 0x0000000082000000|100%|HC|  |TAMS 0x0000000081f00000| PB 0x0000000081f00000| Complete 
|  32|0x0000000082000000, 0x0000000082100000, 0x0000000082100000|100%| O|  |TAMS 0x0000000082000000| PB 0x0000000082000000| Untracked 
|  33|0x0000000082100000, 0x0000000082200000, 0x0000000082200000|100%| O|  |TAMS 0x0000000082100000| PB 0x0000000082100000| Untracked 
|  34|0x0000000082200000, 0x0000000082300000, 0x0000000082300000|100%| O|  |TAMS 0x0000000082200000| PB 0x0000000082200000| Untracked 
|  35|0x0000000082300000, 0x0000000082400000, 0x0000000082400000|100%| O|  |TAMS 0x0000000082300000| PB 0x0000000082300000| Untracked 
|  36|0x0000000082400000, 0x0000000082500000, 0x0000000082500000|100%| O|  |TAMS 0x0000000082400000| PB 0x0000000082400000| Untracked 
|  37|0x0000000082500000, 0x0000000082600000, 0x0000000082600000|100%| O|  |TAMS 0x0000000082500000| PB 0x0000000082500000| Untracked 
|  38|0x0000000082600000, 0x0000000082700000, 0x0000000082700000|100%| O|  |TAMS 0x0000000082600000| PB 0x0000000082600000| Untracked 
|  39|0x0000000082700000, 0x0000000082800000, 0x0000000082800000|100%| O|  |TAMS 0x0000000082700000| PB 0x0000000082700000| Untracked 
|  40|0x0000000082800000, 0x0000000082900000, 0x0000000082900000|100%| O|  |TAMS 0x0000000082800000| PB 0x0000000082800000| Untracked 
|  41|0x0000000082900000, 0x0000000082a00000, 0x0000000082a00000|100%| O|  |TAMS 0x0000000082900000| PB 0x0000000082900000| Untracked 
|  42|0x0000000082a00000, 0x0000000082b00000, 0x0000000082b00000|100%| O|  |TAMS 0x0000000082a00000| PB 0x0000000082a00000| Untracked 
|  43|0x0000000082b00000, 0x0000000082c00000, 0x0000000082c00000|100%|HS|  |TAMS 0x0000000082b00000| PB 0x0000000082b00000| Complete 
|  44|0x0000000082c00000, 0x0000000082d00000, 0x0000000082d00000|100%| O|  |TAMS 0x0000000082c00000| PB 0x0000000082c00000| Untracked 
|  45|0x0000000082d00000, 0x0000000082e00000, 0x0000000082e00000|100%| O|  |TAMS 0x0000000082d00000| PB 0x0000000082d00000| Untracked 
|  46|0x0000000082e00000, 0x0000000082f00000, 0x0000000082f00000|100%|HS|  |TAMS 0x0000000082e00000| PB 0x0000000082e00000| Complete 
|  47|0x0000000082f00000, 0x0000000083000000, 0x0000000083000000|100%|HS|  |TAMS 0x0000000082f00000| PB 0x0000000082f00000| Complete 
|  48|0x0000000083000000, 0x0000000083100000, 0x0000000083100000|100%| O|  |TAMS 0x0000000083000000| PB 0x0000000083000000| Untracked 
|  49|0x0000000083100000, 0x0000000083200000, 0x0000000083200000|100%| O|  |TAMS 0x0000000083100000| PB 0x0000000083100000| Untracked 
|  50|0x0000000083200000, 0x0000000083300000, 0x0000000083300000|100%| O|  |TAMS 0x0000000083200000| PB 0x0000000083200000| Untracked 
|  51|0x0000000083300000, 0x0000000083400000, 0x0000000083400000|100%| O|  |TAMS 0x0000000083300000| PB 0x0000000083300000| Untracked 
|  52|0x0000000083400000, 0x0000000083500000, 0x0000000083500000|100%| O|  |TAMS 0x0000000083400000| PB 0x0000000083400000| Untracked 
|  53|0x0000000083500000, 0x0000000083600000, 0x0000000083600000|100%| O|  |TAMS 0x0000000083500000| PB 0x0000000083500000| Untracked 
|  54|0x0000000083600000, 0x0000000083700000, 0x0000000083700000|100%|HS|  |TAMS 0x0000000083600000| PB 0x0000000083600000| Complete 
|  55|0x0000000083700000, 0x0000000083800000, 0x0000000083800000|100%|HC|  |TAMS 0x0000000083700000| PB 0x0000000083700000| Complete 
|  56|0x0000000083800000, 0x0000000083900000, 0x0000000083900000|100%|HS|  |TAMS 0x0000000083800000| PB 0x0000000083800000| Complete 
|  57|0x0000000083900000, 0x0000000083a00000, 0x0000000083a00000|100%| O|  |TAMS 0x0000000083900000| PB 0x0000000083900000| Untracked 
|  58|0x0000000083a00000, 0x0000000083b00000, 0x0000000083b00000|100%| O|  |TAMS 0x0000000083a00000| PB 0x0000000083a00000| Untracked 
|  59|0x0000000083b00000, 0x0000000083c00000, 0x0000000083c00000|100%|HS|  |TAMS 0x0000000083b00000| PB 0x0000000083b00000| Complete 
|  60|0x0000000083c00000, 0x0000000083d00000, 0x0000000083d00000|100%|HS|  |TAMS 0x0000000083c00000| PB 0x0000000083c00000| Complete 
|  61|0x0000000083d00000, 0x0000000083e00000, 0x0000000083e00000|100%| O|  |TAMS 0x0000000083d00000| PB 0x0000000083d00000| Untracked 
|  62|0x0000000083e00000, 0x0000000083f00000, 0x0000000083f00000|100%| O|  |TAMS 0x0000000083e00000| PB 0x0000000083e00000| Untracked 
|  63|0x0000000083f00000, 0x0000000084000000, 0x0000000084000000|100%| O|  |TAMS 0x0000000083f00000| PB 0x0000000083f00000| Untracked 
|  64|0x0000000084000000, 0x0000000084100000, 0x0000000084100000|100%| O|  |TAMS 0x0000000084000000| PB 0x0000000084000000| Untracked 
|  65|0x0000000084100000, 0x0000000084200000, 0x0000000084200000|100%| O|  |TAMS 0x0000000084100000| PB 0x0000000084100000| Untracked 
|  66|0x0000000084200000, 0x0000000084300000, 0x0000000084300000|100%| O|  |TAMS 0x0000000084200000| PB 0x0000000084200000| Untracked 
|  67|0x0000000084300000, 0x0000000084400000, 0x0000000084400000|100%| O|  |TAMS 0x0000000084300000| PB 0x0000000084300000| Untracked 
|  68|0x0000000084400000, 0x0000000084500000, 0x0000000084500000|100%|HS|  |TAMS 0x0000000084400000| PB 0x0000000084400000| Complete 
|  69|0x0000000084500000, 0x0000000084600000, 0x0000000084600000|100%|HC|  |TAMS 0x0000000084500000| PB 0x0000000084500000| Complete 
|  70|0x0000000084600000, 0x0000000084700000, 0x0000000084700000|100%| O|  |TAMS 0x0000000084600000| PB 0x0000000084600000| Untracked 
|  71|0x0000000084700000, 0x0000000084800000, 0x0000000084800000|100%| O|  |TAMS 0x0000000084700000| PB 0x0000000084700000| Untracked 
|  72|0x0000000084800000, 0x0000000084900000, 0x0000000084900000|100%| O|  |TAMS 0x0000000084800000| PB 0x0000000084800000| Untracked 
|  73|0x0000000084900000, 0x0000000084a00000, 0x0000000084a00000|100%| O|  |TAMS 0x0000000084900000| PB 0x0000000084900000| Untracked 
|  74|0x0000000084a00000, 0x0000000084b00000, 0x0000000084b00000|100%| O|  |TAMS 0x0000000084a00000| PB 0x0000000084a00000| Untracked 
|  75|0x0000000084b00000, 0x0000000084c00000, 0x0000000084c00000|100%| O|  |TAMS 0x0000000084b00000| PB 0x0000000084b00000| Untracked 
|  76|0x0000000084c00000, 0x0000000084d00000, 0x0000000084d00000|100%| O|  |TAMS 0x0000000084c00000| PB 0x0000000084c00000| Untracked 
|  77|0x0000000084d00000, 0x0000000084e00000, 0x0000000084e00000|100%| O|  |TAMS 0x0000000084d00000| PB 0x0000000084d00000| Untracked 
|  78|0x0000000084e00000, 0x0000000084f00000, 0x0000000084f00000|100%| O|  |TAMS 0x0000000084e00000| PB 0x0000000084e00000| Untracked 
|  79|0x0000000084f00000, 0x0000000085000000, 0x0000000085000000|100%| O|  |TAMS 0x0000000084f00000| PB 0x0000000084f00000| Untracked 
|  80|0x0000000085000000, 0x0000000085100000, 0x0000000085100000|100%| O|  |TAMS 0x0000000085000000| PB 0x0000000085000000| Untracked 
|  81|0x0000000085100000, 0x0000000085200000, 0x0000000085200000|100%| O|  |TAMS 0x0000000085100000| PB 0x0000000085100000| Untracked 
|  82|0x0000000085200000, 0x0000000085300000, 0x0000000085300000|100%| O|  |TAMS 0x0000000085200000| PB 0x0000000085200000| Untracked 
|  83|0x0000000085300000, 0x0000000085400000, 0x0000000085400000|100%| O|  |TAMS 0x0000000085300000| PB 0x0000000085300000| Untracked 
|  84|0x0000000085400000, 0x0000000085500000, 0x0000000085500000|100%| O|  |TAMS 0x0000000085400000| PB 0x0000000085400000| Untracked 
|  85|0x0000000085500000, 0x0000000085600000, 0x0000000085600000|100%| O|  |TAMS 0x0000000085500000| PB 0x0000000085500000| Untracked 
|  86|0x0000000085600000, 0x0000000085700000, 0x0000000085700000|100%| O|  |TAMS 0x0000000085600000| PB 0x0000000085600000| Untracked 
|  87|0x0000000085700000, 0x0000000085800000, 0x0000000085800000|100%| O|  |TAMS 0x0000000085700000| PB 0x0000000085700000| Untracked 
|  88|0x0000000085800000, 0x0000000085900000, 0x0000000085900000|100%| O|  |TAMS 0x0000000085800000| PB 0x0000000085800000| Untracked 
|  89|0x0000000085900000, 0x0000000085a00000, 0x0000000085a00000|100%| O|  |TAMS 0x0000000085900000| PB 0x0000000085900000| Untracked 
|  90|0x0000000085a00000, 0x0000000085b00000, 0x0000000085b00000|100%| O|  |TAMS 0x0000000085a00000| PB 0x0000000085a00000| Untracked 
|  91|0x0000000085b00000, 0x0000000085c00000, 0x0000000085c00000|100%| O|  |TAMS 0x0000000085b00000| PB 0x0000000085b00000| Untracked 
|  92|0x0000000085c00000, 0x0000000085d00000, 0x0000000085d00000|100%| O|  |TAMS 0x0000000085c00000| PB 0x0000000085c00000| Untracked 
|  93|0x0000000085d00000, 0x0000000085e00000, 0x0000000085e00000|100%| O|  |TAMS 0x0000000085d00000| PB 0x0000000085d00000| Untracked 
|  94|0x0000000085e00000, 0x0000000085f00000, 0x0000000085f00000|100%| O|  |TAMS 0x0000000085e00000| PB 0x0000000085e00000| Untracked 
|  95|0x0000000085f00000, 0x0000000086000000, 0x0000000086000000|100%| O|  |TAMS 0x0000000085f00000| PB 0x0000000085f00000| Untracked 
|  96|0x0000000086000000, 0x0000000086100000, 0x0000000086100000|100%| O|  |TAMS 0x0000000086000000| PB 0x0000000086000000| Untracked 
|  97|0x0000000086100000, 0x0000000086200000, 0x0000000086200000|100%| O|  |TAMS 0x0000000086100000| PB 0x0000000086100000| Untracked 
|  98|0x0000000086200000, 0x0000000086300000, 0x0000000086300000|100%| O|  |TAMS 0x0000000086200000| PB 0x0000000086200000| Untracked 
|  99|0x0000000086300000, 0x0000000086400000, 0x0000000086400000|100%| O|  |TAMS 0x0000000086300000| PB 0x0000000086300000| Untracked 
| 100|0x0000000086400000, 0x0000000086500000, 0x0000000086500000|100%| O|  |TAMS 0x0000000086400000| PB 0x0000000086400000| Untracked 
| 101|0x0000000086500000, 0x0000000086600000, 0x0000000086600000|100%| O|  |TAMS 0x0000000086500000| PB 0x0000000086500000| Untracked 
| 102|0x0000000086600000, 0x0000000086700000, 0x0000000086700000|100%| O|  |TAMS 0x0000000086600000| PB 0x0000000086600000| Untracked 
| 103|0x0000000086700000, 0x0000000086800000, 0x0000000086800000|100%| O|  |TAMS 0x0000000086700000| PB 0x0000000086700000| Untracked 
| 104|0x0000000086800000, 0x0000000086900000, 0x0000000086900000|100%| O|  |TAMS 0x0000000086800000| PB 0x0000000086800000| Untracked 
| 105|0x0000000086900000, 0x0000000086a00000, 0x0000000086a00000|100%| O|  |TAMS 0x0000000086900000| PB 0x0000000086900000| Untracked 
| 106|0x0000000086a00000, 0x0000000086b00000, 0x0000000086b00000|100%| O|  |TAMS 0x0000000086a00000| PB 0x0000000086a00000| Untracked 
| 107|0x0000000086b00000, 0x0000000086c00000, 0x0000000086c00000|100%| O|  |TAMS 0x0000000086b00000| PB 0x0000000086b00000| Untracked 
| 108|0x0000000086c00000, 0x0000000086d00000, 0x0000000086d00000|100%| O|  |TAMS 0x0000000086c00000| PB 0x0000000086c00000| Untracked 
| 109|0x0000000086d00000, 0x0000000086e00000, 0x0000000086e00000|100%| O|  |TAMS 0x0000000086d00000| PB 0x0000000086d00000| Untracked 
| 110|0x0000000086e00000, 0x0000000086f00000, 0x0000000086f00000|100%| O|  |TAMS 0x0000000086e00000| PB 0x0000000086e00000| Untracked 
| 111|0x0000000086f00000, 0x0000000087000000, 0x0000000087000000|100%| O|  |TAMS 0x0000000086f00000| PB 0x0000000086f00000| Untracked 
| 112|0x0000000087000000, 0x0000000087100000, 0x0000000087100000|100%| O|  |TAMS 0x0000000087000000| PB 0x0000000087000000| Untracked 
| 113|0x0000000087100000, 0x0000000087200000, 0x0000000087200000|100%| O|  |TAMS 0x0000000087100000| PB 0x0000000087100000| Untracked 
| 114|0x0000000087200000, 0x0000000087300000, 0x0000000087300000|100%| O|  |TAMS 0x0000000087200000| PB 0x0000000087200000| Untracked 
| 115|0x0000000087300000, 0x0000000087400000, 0x0000000087400000|100%| O|  |TAMS 0x0000000087300000| PB 0x0000000087300000| Untracked 
| 116|0x0000000087400000, 0x0000000087500000, 0x0000000087500000|100%| O|  |TAMS 0x0000000087400000| PB 0x0000000087400000| Untracked 
| 117|0x0000000087500000, 0x0000000087600000, 0x0000000087600000|100%| O|  |TAMS 0x0000000087500000| PB 0x0000000087500000| Untracked 
| 118|0x0000000087600000, 0x0000000087700000, 0x0000000087700000|100%| O|  |TAMS 0x0000000087600000| PB 0x0000000087600000| Untracked 
| 119|0x0000000087700000, 0x0000000087800000, 0x0000000087800000|100%| O|Cm|TAMS 0x0000000087700000| PB 0x0000000087700000| Complete 
| 120|0x0000000087800000, 0x0000000087900000, 0x0000000087900000|100%| O|  |TAMS 0x0000000087800000| PB 0x0000000087800000| Untracked 
| 121|0x0000000087900000, 0x0000000087a00000, 0x0000000087a00000|100%| O|  |TAMS 0x0000000087900000| PB 0x0000000087900000| Untracked 
| 122|0x0000000087a00000, 0x0000000087b00000, 0x0000000087b00000|100%| O|Cm|TAMS 0x0000000087a00000| PB 0x0000000087a00000| Complete 
| 123|0x0000000087b00000, 0x0000000087c00000, 0x0000000087c00000|100%| O|  |TAMS 0x0000000087b00000| PB 0x0000000087b00000| Untracked 
| 124|0x0000000087c00000, 0x0000000087d00000, 0x0000000087d00000|100%| O|  |TAMS 0x0000000087c00000| PB 0x0000000087c00000| Untracked 
| 125|0x0000000087d00000, 0x0000000087e00000, 0x0000000087e00000|100%| O|  |TAMS 0x0000000087d00000| PB 0x0000000087d00000| Untracked 
| 126|0x0000000087e00000, 0x0000000087f00000, 0x0000000087f00000|100%| O|Cm|TAMS 0x0000000087e00000| PB 0x0000000087e00000| Complete 
| 127|0x0000000087f00000, 0x0000000088000000, 0x0000000088000000|100%| O|  |TAMS 0x0000000087f00000| PB 0x0000000087f00000| Untracked 
| 128|0x0000000088000000, 0x0000000088100000, 0x0000000088100000|100%| O|Cm|TAMS 0x0000000088000000| PB 0x0000000088000000| Complete 
| 129|0x0000000088100000, 0x0000000088200000, 0x0000000088200000|100%| O|Cm|TAMS 0x0000000088100000| PB 0x0000000088100000| Complete 
| 130|0x0000000088200000, 0x0000000088300000, 0x0000000088300000|100%| O|Cm|TAMS 0x0000000088200000| PB 0x0000000088200000| Complete 
| 131|0x0000000088300000, 0x0000000088400000, 0x0000000088400000|100%| O|Cm|TAMS 0x0000000088300000| PB 0x0000000088300000| Complete 
| 132|0x0000000088400000, 0x0000000088500000, 0x0000000088500000|100%| O|  |TAMS 0x0000000088400000| PB 0x0000000088400000| Untracked 
| 133|0x0000000088500000, 0x0000000088600000, 0x0000000088600000|100%| O|Cm|TAMS 0x0000000088500000| PB 0x0000000088500000| Complete 
| 134|0x0000000088600000, 0x0000000088700000, 0x0000000088700000|100%| O|  |TAMS 0x0000000088600000| PB 0x0000000088600000| Untracked 
| 135|0x0000000088700000, 0x0000000088800000, 0x0000000088800000|100%| O|  |TAMS 0x0000000088700000| PB 0x0000000088700000| Untracked 
| 136|0x0000000088800000, 0x0000000088900000, 0x0000000088900000|100%| S|CS|TAMS 0x0000000088800000| PB 0x0000000088800000| Complete 
| 137|0x0000000088900000, 0x0000000088a00000, 0x0000000088a00000|100%| O|  |TAMS 0x0000000088900000| PB 0x0000000088900000| Untracked 
| 138|0x0000000088a00000, 0x0000000088b00000, 0x0000000088b00000|100%| O|Cm|TAMS 0x0000000088a00000| PB 0x0000000088a00000| Complete 
| 139|0x0000000088b00000, 0x0000000088c00000, 0x0000000088c00000|100%| O|  |TAMS 0x0000000088b00000| PB 0x0000000088b00000| Untracked 
| 140|0x0000000088c00000, 0x0000000088d00000, 0x0000000088d00000|100%| S|CS|TAMS 0x0000000088c00000| PB 0x0000000088c00000| Complete 
| 141|0x0000000088d00000, 0x0000000088e00000, 0x0000000088e00000|100%| O|  |TAMS 0x0000000088d00000| PB 0x0000000088d00000| Untracked 
| 142|0x0000000088e00000, 0x0000000088f00000, 0x0000000088f00000|100%| O|  |TAMS 0x0000000088e00000| PB 0x0000000088e00000| Untracked 
| 143|0x0000000088f00000, 0x0000000089000000, 0x0000000089000000|100%| O|  |TAMS 0x0000000088f00000| PB 0x0000000088f00000| Untracked 
| 144|0x0000000089000000, 0x0000000089100000, 0x0000000089100000|100%| S|CS|TAMS 0x0000000089000000| PB 0x0000000089000000| Complete 
| 145|0x0000000089100000, 0x0000000089200000, 0x0000000089200000|100%| O|  |TAMS 0x0000000089100000| PB 0x0000000089100000| Untracked 
| 146|0x0000000089200000, 0x0000000089300000, 0x0000000089300000|100%| O|Cm|TAMS 0x0000000089200000| PB 0x0000000089200000| Complete 
| 147|0x0000000089300000, 0x0000000089400000, 0x0000000089400000|100%| O|  |TAMS 0x0000000089300000| PB 0x0000000089300000| Untracked 
| 148|0x0000000089400000, 0x0000000089500000, 0x0000000089500000|100%| O|Cm|TAMS 0x0000000089400000| PB 0x0000000089400000| Complete 
| 149|0x0000000089500000, 0x0000000089600000, 0x0000000089600000|100%| O|Cm|TAMS 0x0000000089500000| PB 0x0000000089500000| Complete 
| 150|0x0000000089600000, 0x0000000089700000, 0x0000000089700000|100%| O|Cm|TAMS 0x0000000089600000| PB 0x0000000089600000| Complete 
| 151|0x0000000089700000, 0x0000000089800000, 0x0000000089800000|100%| O|Cm|TAMS 0x0000000089700000| PB 0x0000000089700000| Complete 
| 152|0x0000000089800000, 0x0000000089900000, 0x0000000089900000|100%| O|Cm|TAMS 0x0000000089800000| PB 0x0000000089800000| Complete 
| 153|0x0000000089900000, 0x0000000089a00000, 0x0000000089a00000|100%| O|  |TAMS 0x0000000089900000| PB 0x0000000089900000| Untracked 
| 154|0x0000000089a00000, 0x0000000089b00000, 0x0000000089b00000|100%| O|  |TAMS 0x0000000089a00000| PB 0x0000000089a00000| Untracked 
| 155|0x0000000089b00000, 0x0000000089c00000, 0x0000000089c00000|100%| O|  |TAMS 0x0000000089b00000| PB 0x0000000089b00000| Untracked 
| 156|0x0000000089c00000, 0x0000000089d00000, 0x0000000089d00000|100%| S|CS|TAMS 0x0000000089c00000| PB 0x0000000089c00000| Complete 
| 157|0x0000000089d00000, 0x0000000089e00000, 0x0000000089e00000|100%| S|CS|TAMS 0x0000000089d00000| PB 0x0000000089d00000| Complete 
| 158|0x0000000089e00000, 0x0000000089f00000, 0x0000000089f00000|100%| S|CS|TAMS 0x0000000089e00000| PB 0x0000000089e00000| Complete 
| 159|0x0000000089f00000, 0x000000008a000000, 0x000000008a000000|100%| S|CS|TAMS 0x0000000089f00000| PB 0x0000000089f00000| Complete 
| 160|0x000000008a000000, 0x000000008a100000, 0x000000008a100000|100%| S|CS|TAMS 0x000000008a000000| PB 0x000000008a000000| Complete 
| 161|0x000000008a100000, 0x000000008a200000, 0x000000008a200000|100%| S|CS|TAMS 0x000000008a100000| PB 0x000000008a100000| Complete 
| 162|0x000000008a200000, 0x000000008a300000, 0x000000008a300000|100%| S|CS|TAMS 0x000000008a200000| PB 0x000000008a200000| Complete 
| 163|0x000000008a300000, 0x000000008a400000, 0x000000008a400000|100%| S|CS|TAMS 0x000000008a300000| PB 0x000000008a300000| Complete 
| 164|0x000000008a400000, 0x000000008a500000, 0x000000008a500000|100%| O|Cm|TAMS 0x000000008a400000| PB 0x000000008a400000| Complete 
| 165|0x000000008a500000, 0x000000008a600000, 0x000000008a600000|100%| O|  |TAMS 0x000000008a500000| PB 0x000000008a500000| Untracked 
| 166|0x000000008a600000, 0x000000008a700000, 0x000000008a700000|100%| O|  |TAMS 0x000000008a600000| PB 0x000000008a600000| Untracked 
| 167|0x000000008a700000, 0x000000008a800000, 0x000000008a800000|100%| O|  |TAMS 0x000000008a700000| PB 0x000000008a700000| Untracked 
| 168|0x000000008a800000, 0x000000008a900000, 0x000000008a900000|100%| O|  |TAMS 0x000000008a800000| PB 0x000000008a800000| Untracked 
| 169|0x000000008a900000, 0x000000008aa00000, 0x000000008aa00000|100%| O|  |TAMS 0x000000008a900000| PB 0x000000008a900000| Untracked 
| 170|0x000000008aa00000, 0x000000008ab00000, 0x000000008ab00000|100%| O|Cm|TAMS 0x000000008aa00000| PB 0x000000008aa00000| Complete 
| 171|0x000000008ab00000, 0x000000008ac00000, 0x000000008ac00000|100%| O|Cm|TAMS 0x000000008ab00000| PB 0x000000008ab00000| Complete 
| 172|0x000000008ac00000, 0x000000008ad00000, 0x000000008ad00000|100%| O|Cm|TAMS 0x000000008ac00000| PB 0x000000008ac00000| Complete 
| 173|0x000000008ad00000, 0x000000008ae00000, 0x000000008ae00000|100%| S|CS|TAMS 0x000000008ad00000| PB 0x000000008ad00000| Complete 
| 174|0x000000008ae00000, 0x000000008af00000, 0x000000008af00000|100%| S|CS|TAMS 0x000000008ae00000| PB 0x000000008ae00000| Complete 
| 175|0x000000008af00000, 0x000000008b000000, 0x000000008b000000|100%| S|CS|TAMS 0x000000008af00000| PB 0x000000008af00000| Complete 
| 176|0x000000008b000000, 0x000000008b100000, 0x000000008b100000|100%| S|CS|TAMS 0x000000008b000000| PB 0x000000008b000000| Complete 
| 177|0x000000008b100000, 0x000000008b200000, 0x000000008b200000|100%| S|CS|TAMS 0x000000008b100000| PB 0x000000008b100000| Complete 
| 178|0x000000008b200000, 0x000000008b300000, 0x000000008b300000|100%| S|CS|TAMS 0x000000008b200000| PB 0x000000008b200000| Complete 
| 179|0x000000008b300000, 0x000000008b400000, 0x000000008b400000|100%|HS|  |TAMS 0x000000008b300000| PB 0x000000008b300000| Complete 
| 180|0x000000008b400000, 0x000000008b500000, 0x000000008b500000|100%|HS|  |TAMS 0x000000008b400000| PB 0x000000008b400000| Complete 
| 181|0x000000008b500000, 0x000000008b600000, 0x000000008b600000|100%| O|Cm|TAMS 0x000000008b500000| PB 0x000000008b500000| Complete 
| 182|0x000000008b600000, 0x000000008b700000, 0x000000008b700000|100%| O|Cm|TAMS 0x000000008b600000| PB 0x000000008b600000| Complete 
| 183|0x000000008b700000, 0x000000008b800000, 0x000000008b800000|100%| O|Cm|TAMS 0x000000008b700000| PB 0x000000008b700000| Complete 
| 184|0x000000008b800000, 0x000000008b900000, 0x000000008b900000|100%|HS|  |TAMS 0x000000008b800000| PB 0x000000008b800000| Complete 
| 185|0x000000008b900000, 0x000000008ba00000, 0x000000008ba00000|100%|HC|  |TAMS 0x000000008b900000| PB 0x000000008b900000| Complete 
| 186|0x000000008ba00000, 0x000000008bb00000, 0x000000008bb00000|100%|HS|  |TAMS 0x000000008ba00000| PB 0x000000008ba00000| Complete 
| 187|0x000000008bb00000, 0x000000008bc00000, 0x000000008bc00000|100%|HC|  |TAMS 0x000000008bb00000| PB 0x000000008bb00000| Complete 
| 188|0x000000008bc00000, 0x000000008bd00000, 0x000000008bd00000|100%|HC|  |TAMS 0x000000008bc00000| PB 0x000000008bc00000| Complete 
| 189|0x000000008bd00000, 0x000000008be00000, 0x000000008be00000|100%|HC|  |TAMS 0x000000008bd00000| PB 0x000000008bd00000| Complete 
| 190|0x000000008be00000, 0x000000008bf00000, 0x000000008bf00000|100%|HC|  |TAMS 0x000000008be00000| PB 0x000000008be00000| Complete 
| 191|0x000000008bf00000, 0x000000008c000000, 0x000000008c000000|100%|HC|  |TAMS 0x000000008bf00000| PB 0x000000008bf00000| Complete 
| 192|0x000000008c000000, 0x000000008c100000, 0x000000008c100000|100%|HC|  |TAMS 0x000000008c000000| PB 0x000000008c000000| Complete 
| 193|0x000000008c100000, 0x000000008c200000, 0x000000008c200000|100%|HC|  |TAMS 0x000000008c100000| PB 0x000000008c100000| Complete 
| 194|0x000000008c200000, 0x000000008c300000, 0x000000008c300000|100%|HC|  |TAMS 0x000000008c200000| PB 0x000000008c200000| Complete 
| 195|0x000000008c300000, 0x000000008c400000, 0x000000008c400000|100%|HC|  |TAMS 0x000000008c300000| PB 0x000000008c300000| Complete 
| 196|0x000000008c400000, 0x000000008c500000, 0x000000008c500000|100%|HS|  |TAMS 0x000000008c400000| PB 0x000000008c400000| Complete 
| 197|0x000000008c500000, 0x000000008c600000, 0x000000008c600000|100%|HC|  |TAMS 0x000000008c500000| PB 0x000000008c500000| Complete 
| 198|0x000000008c600000, 0x000000008c700000, 0x000000008c700000|100%|HC|  |TAMS 0x000000008c600000| PB 0x000000008c600000| Complete 
| 199|0x000000008c700000, 0x000000008c800000, 0x000000008c800000|100%|HC|  |TAMS 0x000000008c700000| PB 0x000000008c700000| Complete 
| 200|0x000000008c800000, 0x000000008c900000, 0x000000008c900000|100%|HC|  |TAMS 0x000000008c800000| PB 0x000000008c800000| Complete 
| 201|0x000000008c900000, 0x000000008ca00000, 0x000000008ca00000|100%|HC|  |TAMS 0x000000008c900000| PB 0x000000008c900000| Complete 
| 202|0x000000008ca00000, 0x000000008cb00000, 0x000000008cb00000|100%|HC|  |TAMS 0x000000008ca00000| PB 0x000000008ca00000| Complete 
| 203|0x000000008cb00000, 0x000000008cc00000, 0x000000008cc00000|100%|HS|  |TAMS 0x000000008cb00000| PB 0x000000008cb00000| Complete 
| 204|0x000000008cc00000, 0x000000008cd00000, 0x000000008cd00000|100%|HS|  |TAMS 0x000000008cc00000| PB 0x000000008cc00000| Complete 
| 205|0x000000008cd00000, 0x000000008ce00000, 0x000000008ce00000|100%|HC|  |TAMS 0x000000008cd00000| PB 0x000000008cd00000| Complete 
| 206|0x000000008ce00000, 0x000000008cf00000, 0x000000008cf00000|100%|HC|  |TAMS 0x000000008ce00000| PB 0x000000008ce00000| Complete 
| 207|0x000000008cf00000, 0x000000008d000000, 0x000000008d000000|100%|HC|  |TAMS 0x000000008cf00000| PB 0x000000008cf00000| Complete 
| 208|0x000000008d000000, 0x000000008d100000, 0x000000008d100000|100%|HC|  |TAMS 0x000000008d000000| PB 0x000000008d000000| Complete 
| 209|0x000000008d100000, 0x000000008d200000, 0x000000008d200000|100%|HC|  |TAMS 0x000000008d100000| PB 0x000000008d100000| Complete 
| 210|0x000000008d200000, 0x000000008d300000, 0x000000008d300000|100%|HC|  |TAMS 0x000000008d200000| PB 0x000000008d200000| Complete 
| 211|0x000000008d300000, 0x000000008d400000, 0x000000008d400000|100%|HS|  |TAMS 0x000000008d300000| PB 0x000000008d300000| Complete 
| 212|0x000000008d400000, 0x000000008d500000, 0x000000008d500000|100%|HC|  |TAMS 0x000000008d400000| PB 0x000000008d400000| Complete 
| 213|0x000000008d500000, 0x000000008d600000, 0x000000008d600000|100%|HC|  |TAMS 0x000000008d500000| PB 0x000000008d500000| Complete 
| 214|0x000000008d600000, 0x000000008d700000, 0x000000008d700000|100%|HC|  |TAMS 0x000000008d600000| PB 0x000000008d600000| Complete 
| 215|0x000000008d700000, 0x000000008d800000, 0x000000008d800000|100%|HC|  |TAMS 0x000000008d700000| PB 0x000000008d700000| Complete 
| 216|0x000000008d800000, 0x000000008d900000, 0x000000008d900000|100%|HC|  |TAMS 0x000000008d800000| PB 0x000000008d800000| Complete 
| 217|0x000000008d900000, 0x000000008da00000, 0x000000008da00000|100%|HC|  |TAMS 0x000000008d900000| PB 0x000000008d900000| Complete 
| 218|0x000000008da00000, 0x000000008db00000, 0x000000008db00000|100%|HC|  |TAMS 0x000000008da00000| PB 0x000000008da00000| Complete 
| 219|0x000000008db00000, 0x000000008dc00000, 0x000000008dc00000|100%|HC|  |TAMS 0x000000008db00000| PB 0x000000008db00000| Complete 
| 220|0x000000008dc00000, 0x000000008dd00000, 0x000000008dd00000|100%|HC|  |TAMS 0x000000008dc00000| PB 0x000000008dc00000| Complete 
| 221|0x000000008dd00000, 0x000000008de00000, 0x000000008de00000|100%|HS|  |TAMS 0x000000008dd00000| PB 0x000000008dd00000| Complete 
| 222|0x000000008de00000, 0x000000008df00000, 0x000000008df00000|100%|HC|  |TAMS 0x000000008de00000| PB 0x000000008de00000| Complete 
| 223|0x000000008df00000, 0x000000008e000000, 0x000000008e000000|100%|HS|  |TAMS 0x000000008df00000| PB 0x000000008df00000| Complete 
| 224|0x000000008e000000, 0x000000008e100000, 0x000000008e100000|100%|HC|  |TAMS 0x000000008e000000| PB 0x000000008e000000| Complete 
| 225|0x000000008e100000, 0x000000008e200000, 0x000000008e200000|100%|HS|  |TAMS 0x000000008e100000| PB 0x000000008e100000| Complete 
| 226|0x000000008e200000, 0x000000008e300000, 0x000000008e300000|100%|HC|  |TAMS 0x000000008e200000| PB 0x000000008e200000| Complete 
| 227|0x000000008e300000, 0x000000008e400000, 0x000000008e400000|100%|HS|  |TAMS 0x000000008e300000| PB 0x000000008e300000| Complete 
| 228|0x000000008e400000, 0x000000008e500000, 0x000000008e500000|100%|HC|  |TAMS 0x000000008e400000| PB 0x000000008e400000| Complete 
| 229|0x000000008e500000, 0x000000008e600000, 0x000000008e600000|100%|HS|  |TAMS 0x000000008e500000| PB 0x000000008e500000| Complete 
| 230|0x000000008e600000, 0x000000008e700000, 0x000000008e700000|100%|HC|  |TAMS 0x000000008e600000| PB 0x000000008e600000| Complete 
| 231|0x000000008e700000, 0x000000008e800000, 0x000000008e800000|100%|HS|  |TAMS 0x000000008e700000| PB 0x000000008e700000| Complete 
| 232|0x000000008e800000, 0x000000008e900000, 0x000000008e900000|100%|HC|  |TAMS 0x000000008e800000| PB 0x000000008e800000| Complete 
| 233|0x000000008e900000, 0x000000008ea00000, 0x000000008ea00000|100%|HS|  |TAMS 0x000000008e900000| PB 0x000000008e900000| Complete 
| 234|0x000000008ea00000, 0x000000008eb00000, 0x000000008eb00000|100%|HC|  |TAMS 0x000000008ea00000| PB 0x000000008ea00000| Complete 
| 235|0x000000008eb00000, 0x000000008ec00000, 0x000000008ec00000|100%|HS|  |TAMS 0x000000008eb00000| PB 0x000000008eb00000| Complete 
| 236|0x000000008ec00000, 0x000000008ed00000, 0x000000008ed00000|100%|HC|  |TAMS 0x000000008ec00000| PB 0x000000008ec00000| Complete 
| 237|0x000000008ed00000, 0x000000008ee00000, 0x000000008ee00000|100%|HS|  |TAMS 0x000000008ed00000| PB 0x000000008ed00000| Complete 
| 238|0x000000008ee00000, 0x000000008ef00000, 0x000000008ef00000|100%|HC|  |TAMS 0x000000008ee00000| PB 0x000000008ee00000| Complete 
| 239|0x000000008ef00000, 0x000000008f000000, 0x000000008f000000|100%|HS|  |TAMS 0x000000008ef00000| PB 0x000000008ef00000| Complete 
| 240|0x000000008f000000, 0x000000008f100000, 0x000000008f100000|100%|HC|  |TAMS 0x000000008f000000| PB 0x000000008f000000| Complete 
| 241|0x000000008f100000, 0x000000008f200000, 0x000000008f200000|100%|HS|  |TAMS 0x000000008f100000| PB 0x000000008f100000| Complete 
| 242|0x000000008f200000, 0x000000008f300000, 0x000000008f300000|100%|HC|  |TAMS 0x000000008f200000| PB 0x000000008f200000| Complete 
| 243|0x000000008f300000, 0x000000008f400000, 0x000000008f400000|100%|HS|  |TAMS 0x000000008f300000| PB 0x000000008f300000| Complete 
| 244|0x000000008f400000, 0x000000008f500000, 0x000000008f500000|100%|HC|  |TAMS 0x000000008f400000| PB 0x000000008f400000| Complete 
| 245|0x000000008f500000, 0x000000008f600000, 0x000000008f600000|100%|HS|  |TAMS 0x000000008f500000| PB 0x000000008f500000| Complete 
| 246|0x000000008f600000, 0x000000008f700000, 0x000000008f700000|100%|HC|  |TAMS 0x000000008f600000| PB 0x000000008f600000| Complete 
| 247|0x000000008f700000, 0x000000008f800000, 0x000000008f800000|100%|HS|  |TAMS 0x000000008f700000| PB 0x000000008f700000| Complete 
| 248|0x000000008f800000, 0x000000008f900000, 0x000000008f900000|100%|HC|  |TAMS 0x000000008f800000| PB 0x000000008f800000| Complete 
| 249|0x000000008f900000, 0x000000008fa00000, 0x000000008fa00000|100%|HS|  |TAMS 0x000000008f900000| PB 0x000000008f900000| Complete 
| 250|0x000000008fa00000, 0x000000008fb00000, 0x000000008fb00000|100%|HC|  |TAMS 0x000000008fa00000| PB 0x000000008fa00000| Complete 
| 251|0x000000008fb00000, 0x000000008fc00000, 0x000000008fc00000|100%|HS|  |TAMS 0x000000008fb00000| PB 0x000000008fb00000| Complete 
| 252|0x000000008fc00000, 0x000000008fd00000, 0x000000008fd00000|100%|HC|  |TAMS 0x000000008fc00000| PB 0x000000008fc00000| Complete 
| 253|0x000000008fd00000, 0x000000008fe00000, 0x000000008fe00000|100%|HS|  |TAMS 0x000000008fd00000| PB 0x000000008fd00000| Complete 
| 254|0x000000008fe00000, 0x000000008ff00000, 0x000000008ff00000|100%|HC|  |TAMS 0x000000008fe00000| PB 0x000000008fe00000| Complete 
| 255|0x000000008ff00000, 0x000000008ff00000, 0x0000000090000000|  0%| F|  |TAMS 0x000000008ff00000| PB 0x000000008ff00000| Untracked 
| 256|0x0000000090000000, 0x0000000090075890, 0x0000000090100000| 45%| E|  |TAMS 0x0000000090000000| PB 0x0000000090000000| Complete 
| 257|0x0000000090100000, 0x0000000090200000, 0x0000000090200000|100%| E|CS|TAMS 0x0000000090100000| PB 0x0000000090100000| Complete 
| 258|0x0000000090200000, 0x0000000090300000, 0x0000000090300000|100%| E|CS|TAMS 0x0000000090200000| PB 0x0000000090200000| Complete 
| 259|0x0000000090300000, 0x0000000090400000, 0x0000000090400000|100%| E|CS|TAMS 0x0000000090300000| PB 0x0000000090300000| Complete 
| 260|0x0000000090400000, 0x0000000090500000, 0x0000000090500000|100%| E|CS|TAMS 0x0000000090400000| PB 0x0000000090400000| Complete 
| 261|0x0000000090500000, 0x0000000090600000, 0x0000000090600000|100%| E|CS|TAMS 0x0000000090500000| PB 0x0000000090500000| Complete 
| 262|0x0000000090600000, 0x0000000090700000, 0x0000000090700000|100%| E|CS|TAMS 0x0000000090600000| PB 0x0000000090600000| Complete 
| 263|0x0000000090700000, 0x0000000090800000, 0x0000000090800000|100%| E|CS|TAMS 0x0000000090700000| PB 0x0000000090700000| Complete 
| 264|0x0000000090800000, 0x0000000090900000, 0x0000000090900000|100%| E|CS|TAMS 0x0000000090800000| PB 0x0000000090800000| Complete 
| 265|0x0000000090900000, 0x0000000090a00000, 0x0000000090a00000|100%| E|CS|TAMS 0x0000000090900000| PB 0x0000000090900000| Complete 
| 266|0x0000000090a00000, 0x0000000090b00000, 0x0000000090b00000|100%| E|  |TAMS 0x0000000090a00000| PB 0x0000000090a00000| Complete 
| 267|0x0000000090b00000, 0x0000000090c00000, 0x0000000090c00000|100%| E|CS|TAMS 0x0000000090b00000| PB 0x0000000090b00000| Complete 
| 268|0x0000000090c00000, 0x0000000090d00000, 0x0000000090d00000|100%| E|CS|TAMS 0x0000000090c00000| PB 0x0000000090c00000| Complete 
| 269|0x0000000090d00000, 0x0000000090e00000, 0x0000000090e00000|100%| E|CS|TAMS 0x0000000090d00000| PB 0x0000000090d00000| Complete 
| 270|0x0000000090e00000, 0x0000000090f00000, 0x0000000090f00000|100%| E|CS|TAMS 0x0000000090e00000| PB 0x0000000090e00000| Complete 
| 271|0x0000000090f00000, 0x0000000091000000, 0x0000000091000000|100%| E|CS|TAMS 0x0000000090f00000| PB 0x0000000090f00000| Complete 
| 272|0x0000000091000000, 0x0000000091100000, 0x0000000091100000|100%| E|CS|TAMS 0x0000000091000000| PB 0x0000000091000000| Complete 
| 273|0x0000000091100000, 0x0000000091200000, 0x0000000091200000|100%| E|CS|TAMS 0x0000000091100000| PB 0x0000000091100000| Complete 
| 274|0x0000000091200000, 0x0000000091300000, 0x0000000091300000|100%| E|CS|TAMS 0x0000000091200000| PB 0x0000000091200000| Complete 
| 275|0x0000000091300000, 0x0000000091400000, 0x0000000091400000|100%| E|CS|TAMS 0x0000000091300000| PB 0x0000000091300000| Complete 
| 276|0x0000000091400000, 0x0000000091500000, 0x0000000091500000|100%| E|CS|TAMS 0x0000000091400000| PB 0x0000000091400000| Complete 
| 277|0x0000000091500000, 0x0000000091600000, 0x0000000091600000|100%| E|CS|TAMS 0x0000000091500000| PB 0x0000000091500000| Complete 
| 278|0x0000000091600000, 0x0000000091700000, 0x0000000091700000|100%| E|CS|TAMS 0x0000000091600000| PB 0x0000000091600000| Complete 
| 279|0x0000000091700000, 0x0000000091800000, 0x0000000091800000|100%| E|CS|TAMS 0x0000000091700000| PB 0x0000000091700000| Complete 
| 280|0x0000000091800000, 0x0000000091900000, 0x0000000091900000|100%| E|CS|TAMS 0x0000000091800000| PB 0x0000000091800000| Complete 
| 281|0x0000000091900000, 0x0000000091a00000, 0x0000000091a00000|100%| E|CS|TAMS 0x0000000091900000| PB 0x0000000091900000| Complete 
| 282|0x0000000091a00000, 0x0000000091b00000, 0x0000000091b00000|100%| E|CS|TAMS 0x0000000091a00000| PB 0x0000000091a00000| Complete 
| 283|0x0000000091b00000, 0x0000000091c00000, 0x0000000091c00000|100%| E|CS|TAMS 0x0000000091b00000| PB 0x0000000091b00000| Complete 
| 284|0x0000000091c00000, 0x0000000091d00000, 0x0000000091d00000|100%| E|CS|TAMS 0x0000000091c00000| PB 0x0000000091c00000| Complete 
| 285|0x0000000091d00000, 0x0000000091e00000, 0x0000000091e00000|100%| E|CS|TAMS 0x0000000091d00000| PB 0x0000000091d00000| Complete 
| 286|0x0000000091e00000, 0x0000000091f00000, 0x0000000091f00000|100%| E|CS|TAMS 0x0000000091e00000| PB 0x0000000091e00000| Complete 
| 287|0x0000000091f00000, 0x0000000092000000, 0x0000000092000000|100%| E|CS|TAMS 0x0000000091f00000| PB 0x0000000091f00000| Complete 
| 288|0x0000000092000000, 0x0000000092100000, 0x0000000092100000|100%|HS|  |TAMS 0x0000000092000000| PB 0x0000000092000000| Complete 
| 289|0x0000000092100000, 0x0000000092200000, 0x0000000092200000|100%|HC|  |TAMS 0x0000000092100000| PB 0x0000000092100000| Complete 
| 290|0x0000000092200000, 0x0000000092300000, 0x0000000092300000|100%|HS|  |TAMS 0x0000000092200000| PB 0x0000000092200000| Complete 
| 291|0x0000000092300000, 0x0000000092400000, 0x0000000092400000|100%|HC|  |TAMS 0x0000000092300000| PB 0x0000000092300000| Complete 
| 292|0x0000000092400000, 0x0000000092500000, 0x0000000092500000|100%|HS|  |TAMS 0x0000000092400000| PB 0x0000000092400000| Complete 
| 293|0x0000000092500000, 0x0000000092600000, 0x0000000092600000|100%|HC|  |TAMS 0x0000000092500000| PB 0x0000000092500000| Complete 
| 294|0x0000000092600000, 0x0000000092700000, 0x0000000092700000|100%|HS|  |TAMS 0x0000000092600000| PB 0x0000000092600000| Complete 
| 295|0x0000000092700000, 0x0000000092800000, 0x0000000092800000|100%|HC|  |TAMS 0x0000000092700000| PB 0x0000000092700000| Complete 
| 296|0x0000000092800000, 0x0000000092900000, 0x0000000092900000|100%|HS|  |TAMS 0x0000000092800000| PB 0x0000000092800000| Complete 
| 297|0x0000000092900000, 0x0000000092a00000, 0x0000000092a00000|100%|HC|  |TAMS 0x0000000092900000| PB 0x0000000092900000| Complete 
| 298|0x0000000092a00000, 0x0000000092b00000, 0x0000000092b00000|100%|HS|  |TAMS 0x0000000092a00000| PB 0x0000000092a00000| Complete 
| 299|0x0000000092b00000, 0x0000000092c00000, 0x0000000092c00000|100%|HC|  |TAMS 0x0000000092b00000| PB 0x0000000092b00000| Complete 
| 300|0x0000000092c00000, 0x0000000092d00000, 0x0000000092d00000|100%|HS|  |TAMS 0x0000000092c00000| PB 0x0000000092c00000| Complete 
| 301|0x0000000092d00000, 0x0000000092e00000, 0x0000000092e00000|100%|HC|  |TAMS 0x0000000092d00000| PB 0x0000000092d00000| Complete 
| 302|0x0000000092e00000, 0x0000000092f00000, 0x0000000092f00000|100%|HS|  |TAMS 0x0000000092e00000| PB 0x0000000092e00000| Complete 
| 303|0x0000000092f00000, 0x0000000093000000, 0x0000000093000000|100%|HC|  |TAMS 0x0000000092f00000| PB 0x0000000092f00000| Complete 
| 304|0x0000000093000000, 0x0000000093100000, 0x0000000093100000|100%|HS|  |TAMS 0x0000000093000000| PB 0x0000000093000000| Complete 
| 305|0x0000000093100000, 0x0000000093200000, 0x0000000093200000|100%|HC|  |TAMS 0x0000000093100000| PB 0x0000000093100000| Complete 
| 306|0x0000000093200000, 0x0000000093300000, 0x0000000093300000|100%|HS|  |TAMS 0x0000000093200000| PB 0x0000000093200000| Complete 
| 307|0x0000000093300000, 0x0000000093400000, 0x0000000093400000|100%|HC|  |TAMS 0x0000000093300000| PB 0x0000000093300000| Complete 
| 308|0x0000000093400000, 0x0000000093500000, 0x0000000093500000|100%|HS|  |TAMS 0x0000000093400000| PB 0x0000000093400000| Complete 
| 309|0x0000000093500000, 0x0000000093600000, 0x0000000093600000|100%|HC|  |TAMS 0x0000000093500000| PB 0x0000000093500000| Complete 
| 310|0x0000000093600000, 0x0000000093700000, 0x0000000093700000|100%|HS|  |TAMS 0x0000000093600000| PB 0x0000000093600000| Complete 
| 311|0x0000000093700000, 0x0000000093800000, 0x0000000093800000|100%|HC|  |TAMS 0x0000000093700000| PB 0x0000000093700000| Complete 
| 312|0x0000000093800000, 0x0000000093900000, 0x0000000093900000|100%|HS|  |TAMS 0x0000000093800000| PB 0x0000000093800000| Complete 
| 313|0x0000000093900000, 0x0000000093a00000, 0x0000000093a00000|100%|HC|  |TAMS 0x0000000093900000| PB 0x0000000093900000| Complete 
| 314|0x0000000093a00000, 0x0000000093b00000, 0x0000000093b00000|100%|HS|  |TAMS 0x0000000093a00000| PB 0x0000000093a00000| Complete 
| 315|0x0000000093b00000, 0x0000000093c00000, 0x0000000093c00000|100%|HC|  |TAMS 0x0000000093b00000| PB 0x0000000093b00000| Complete 
| 316|0x0000000093c00000, 0x0000000093d00000, 0x0000000093d00000|100%|HS|  |TAMS 0x0000000093c00000| PB 0x0000000093c00000| Complete 
| 317|0x0000000093d00000, 0x0000000093e00000, 0x0000000093e00000|100%|HC|  |TAMS 0x0000000093d00000| PB 0x0000000093d00000| Complete 
| 318|0x0000000093e00000, 0x0000000093f00000, 0x0000000093f00000|100%|HS|  |TAMS 0x0000000093e00000| PB 0x0000000093e00000| Complete 
| 319|0x0000000093f00000, 0x0000000094000000, 0x0000000094000000|100%|HC|  |TAMS 0x0000000093f00000| PB 0x0000000093f00000| Complete 
| 320|0x0000000094000000, 0x0000000094100000, 0x0000000094100000|100%|HS|  |TAMS 0x0000000094000000| PB 0x0000000094000000| Complete 
| 321|0x0000000094100000, 0x0000000094200000, 0x0000000094200000|100%|HC|  |TAMS 0x0000000094100000| PB 0x0000000094100000| Complete 
| 322|0x0000000094200000, 0x0000000094300000, 0x0000000094300000|100%|HS|  |TAMS 0x0000000094200000| PB 0x0000000094200000| Complete 
| 323|0x0000000094300000, 0x0000000094400000, 0x0000000094400000|100%|HC|  |TAMS 0x0000000094300000| PB 0x0000000094300000| Complete 
| 324|0x0000000094400000, 0x0000000094500000, 0x0000000094500000|100%|HS|  |TAMS 0x0000000094400000| PB 0x0000000094400000| Complete 
| 325|0x0000000094500000, 0x0000000094600000, 0x0000000094600000|100%|HC|  |TAMS 0x0000000094500000| PB 0x0000000094500000| Complete 
| 326|0x0000000094600000, 0x0000000094700000, 0x0000000094700000|100%|HS|  |TAMS 0x0000000094600000| PB 0x0000000094600000| Complete 
| 327|0x0000000094700000, 0x0000000094800000, 0x0000000094800000|100%|HC|  |TAMS 0x0000000094700000| PB 0x0000000094700000| Complete 
| 328|0x0000000094800000, 0x0000000094900000, 0x0000000094900000|100%|HS|  |TAMS 0x0000000094800000| PB 0x0000000094800000| Complete 
| 329|0x0000000094900000, 0x0000000094a00000, 0x0000000094a00000|100%|HC|  |TAMS 0x0000000094900000| PB 0x0000000094900000| Complete 
| 330|0x0000000094a00000, 0x0000000094b00000, 0x0000000094b00000|100%|HS|  |TAMS 0x0000000094a00000| PB 0x0000000094a00000| Complete 
| 331|0x0000000094b00000, 0x0000000094c00000, 0x0000000094c00000|100%|HC|  |TAMS 0x0000000094b00000| PB 0x0000000094b00000| Complete 
| 332|0x0000000094c00000, 0x0000000094d00000, 0x0000000094d00000|100%|HS|  |TAMS 0x0000000094c00000| PB 0x0000000094c00000| Complete 
| 333|0x0000000094d00000, 0x0000000094e00000, 0x0000000094e00000|100%|HC|  |TAMS 0x0000000094d00000| PB 0x0000000094d00000| Complete 
| 334|0x0000000094e00000, 0x0000000094f00000, 0x0000000094f00000|100%|HS|  |TAMS 0x0000000094e00000| PB 0x0000000094e00000| Complete 
| 335|0x0000000094f00000, 0x0000000095000000, 0x0000000095000000|100%|HC|  |TAMS 0x0000000094f00000| PB 0x0000000094f00000| Complete 
| 336|0x0000000095000000, 0x0000000095100000, 0x0000000095100000|100%|HS|  |TAMS 0x0000000095000000| PB 0x0000000095000000| Complete 
| 337|0x0000000095100000, 0x0000000095200000, 0x0000000095200000|100%|HC|  |TAMS 0x0000000095100000| PB 0x0000000095100000| Complete 
| 338|0x0000000095200000, 0x0000000095300000, 0x0000000095300000|100%|HS|  |TAMS 0x0000000095200000| PB 0x0000000095200000| Complete 
| 339|0x0000000095300000, 0x0000000095400000, 0x0000000095400000|100%|HC|  |TAMS 0x0000000095300000| PB 0x0000000095300000| Complete 
| 340|0x0000000095400000, 0x0000000095500000, 0x0000000095500000|100%|HS|  |TAMS 0x0000000095400000| PB 0x0000000095400000| Complete 
| 341|0x0000000095500000, 0x0000000095600000, 0x0000000095600000|100%|HC|  |TAMS 0x0000000095500000| PB 0x0000000095500000| Complete 
| 342|0x0000000095600000, 0x0000000095700000, 0x0000000095700000|100%|HS|  |TAMS 0x0000000095600000| PB 0x0000000095600000| Complete 
| 343|0x0000000095700000, 0x0000000095800000, 0x0000000095800000|100%|HC|  |TAMS 0x0000000095700000| PB 0x0000000095700000| Complete 
| 344|0x0000000095800000, 0x0000000095900000, 0x0000000095900000|100%|HS|  |TAMS 0x0000000095800000| PB 0x0000000095800000| Complete 
| 345|0x0000000095900000, 0x0000000095a00000, 0x0000000095a00000|100%|HC|  |TAMS 0x0000000095900000| PB 0x0000000095900000| Complete 
| 346|0x0000000095a00000, 0x0000000095b00000, 0x0000000095b00000|100%|HS|  |TAMS 0x0000000095a00000| PB 0x0000000095a00000| Complete 
| 347|0x0000000095b00000, 0x0000000095c00000, 0x0000000095c00000|100%|HC|  |TAMS 0x0000000095b00000| PB 0x0000000095b00000| Complete 
| 348|0x0000000095c00000, 0x0000000095d00000, 0x0000000095d00000|100%|HS|  |TAMS 0x0000000095c00000| PB 0x0000000095c00000| Complete 
| 349|0x0000000095d00000, 0x0000000095e00000, 0x0000000095e00000|100%|HC|  |TAMS 0x0000000095d00000| PB 0x0000000095d00000| Complete 
| 350|0x0000000095e00000, 0x0000000095f00000, 0x0000000095f00000|100%|HS|  |TAMS 0x0000000095e00000| PB 0x0000000095e00000| Complete 
| 351|0x0000000095f00000, 0x0000000096000000, 0x0000000096000000|100%|HC|  |TAMS 0x0000000095f00000| PB 0x0000000095f00000| Complete 
| 352|0x0000000096000000, 0x0000000096100000, 0x0000000096100000|100%|HS|  |TAMS 0x0000000096000000| PB 0x0000000096000000| Complete 
| 353|0x0000000096100000, 0x0000000096200000, 0x0000000096200000|100%|HC|  |TAMS 0x0000000096100000| PB 0x0000000096100000| Complete 
| 354|0x0000000096200000, 0x0000000096300000, 0x0000000096300000|100%|HS|  |TAMS 0x0000000096200000| PB 0x0000000096200000| Complete 
| 355|0x0000000096300000, 0x0000000096400000, 0x0000000096400000|100%|HC|  |TAMS 0x0000000096300000| PB 0x0000000096300000| Complete 
| 356|0x0000000096400000, 0x0000000096500000, 0x0000000096500000|100%|HS|  |TAMS 0x0000000096400000| PB 0x0000000096400000| Complete 
| 357|0x0000000096500000, 0x0000000096600000, 0x0000000096600000|100%|HC|  |TAMS 0x0000000096500000| PB 0x0000000096500000| Complete 
| 358|0x0000000096600000, 0x0000000096700000, 0x0000000096700000|100%|HS|  |TAMS 0x0000000096600000| PB 0x0000000096600000| Complete 
| 359|0x0000000096700000, 0x0000000096800000, 0x0000000096800000|100%|HC|  |TAMS 0x0000000096700000| PB 0x0000000096700000| Complete 
| 360|0x0000000096800000, 0x0000000096900000, 0x0000000096900000|100%|HS|  |TAMS 0x0000000096800000| PB 0x0000000096800000| Complete 
| 361|0x0000000096900000, 0x0000000096a00000, 0x0000000096a00000|100%|HC|  |TAMS 0x0000000096900000| PB 0x0000000096900000| Complete 
| 362|0x0000000096a00000, 0x0000000096b00000, 0x0000000096b00000|100%|HS|  |TAMS 0x0000000096a00000| PB 0x0000000096a00000| Complete 
| 363|0x0000000096b00000, 0x0000000096c00000, 0x0000000096c00000|100%|HC|  |TAMS 0x0000000096b00000| PB 0x0000000096b00000| Complete 
| 364|0x0000000096c00000, 0x0000000096d00000, 0x0000000096d00000|100%|HS|  |TAMS 0x0000000096c00000| PB 0x0000000096c00000| Complete 
| 365|0x0000000096d00000, 0x0000000096e00000, 0x0000000096e00000|100%|HC|  |TAMS 0x0000000096d00000| PB 0x0000000096d00000| Complete 
| 366|0x0000000096e00000, 0x0000000096f00000, 0x0000000096f00000|100%|HS|  |TAMS 0x0000000096e00000| PB 0x0000000096e00000| Complete 
| 367|0x0000000096f00000, 0x0000000097000000, 0x0000000097000000|100%|HC|  |TAMS 0x0000000096f00000| PB 0x0000000096f00000| Complete 
| 368|0x0000000097000000, 0x0000000097100000, 0x0000000097100000|100%|HS|  |TAMS 0x0000000097000000| PB 0x0000000097000000| Complete 
| 369|0x0000000097100000, 0x0000000097200000, 0x0000000097200000|100%|HC|  |TAMS 0x0000000097100000| PB 0x0000000097100000| Complete 
| 370|0x0000000097200000, 0x0000000097300000, 0x0000000097300000|100%|HS|  |TAMS 0x0000000097200000| PB 0x0000000097200000| Complete 
| 371|0x0000000097300000, 0x0000000097400000, 0x0000000097400000|100%|HC|  |TAMS 0x0000000097300000| PB 0x0000000097300000| Complete 
| 372|0x0000000097400000, 0x0000000097500000, 0x0000000097500000|100%|HS|  |TAMS 0x0000000097400000| PB 0x0000000097400000| Complete 
| 373|0x0000000097500000, 0x0000000097600000, 0x0000000097600000|100%|HC|  |TAMS 0x0000000097500000| PB 0x0000000097500000| Complete 
| 374|0x0000000097600000, 0x0000000097700000, 0x0000000097700000|100%|HS|  |TAMS 0x0000000097600000| PB 0x0000000097600000| Complete 
| 375|0x0000000097700000, 0x0000000097800000, 0x0000000097800000|100%|HC|  |TAMS 0x0000000097700000| PB 0x0000000097700000| Complete 
| 376|0x0000000097800000, 0x0000000097900000, 0x0000000097900000|100%|HS|  |TAMS 0x0000000097800000| PB 0x0000000097800000| Complete 
| 377|0x0000000097900000, 0x0000000097a00000, 0x0000000097a00000|100%|HC|  |TAMS 0x0000000097900000| PB 0x0000000097900000| Complete 
| 378|0x0000000097a00000, 0x0000000097b00000, 0x0000000097b00000|100%|HS|  |TAMS 0x0000000097a00000| PB 0x0000000097a00000| Complete 
| 379|0x0000000097b00000, 0x0000000097c00000, 0x0000000097c00000|100%|HC|  |TAMS 0x0000000097b00000| PB 0x0000000097b00000| Complete 
| 380|0x0000000097c00000, 0x0000000097d00000, 0x0000000097d00000|100%|HS|  |TAMS 0x0000000097c00000| PB 0x0000000097c00000| Complete 
| 381|0x0000000097d00000, 0x0000000097e00000, 0x0000000097e00000|100%|HC|  |TAMS 0x0000000097d00000| PB 0x0000000097d00000| Complete 
| 382|0x0000000097e00000, 0x0000000097f00000, 0x0000000097f00000|100%|HS|  |TAMS 0x0000000097e00000| PB 0x0000000097e00000| Complete 
| 383|0x0000000097f00000, 0x0000000098000000, 0x0000000098000000|100%|HC|  |TAMS 0x0000000097f00000| PB 0x0000000097f00000| Complete 
| 384|0x0000000098000000, 0x0000000098100000, 0x0000000098100000|100%|HS|  |TAMS 0x0000000098000000| PB 0x0000000098000000| Complete 
| 385|0x0000000098100000, 0x0000000098200000, 0x0000000098200000|100%|HC|  |TAMS 0x0000000098100000| PB 0x0000000098100000| Complete 
| 386|0x0000000098200000, 0x0000000098300000, 0x0000000098300000|100%|HS|  |TAMS 0x0000000098200000| PB 0x0000000098200000| Complete 
| 387|0x0000000098300000, 0x0000000098400000, 0x0000000098400000|100%|HC|  |TAMS 0x0000000098300000| PB 0x0000000098300000| Complete 
| 388|0x0000000098400000, 0x0000000098500000, 0x0000000098500000|100%|HS|  |TAMS 0x0000000098400000| PB 0x0000000098400000| Complete 
| 389|0x0000000098500000, 0x0000000098600000, 0x0000000098600000|100%|HC|  |TAMS 0x0000000098500000| PB 0x0000000098500000| Complete 
| 390|0x0000000098600000, 0x0000000098700000, 0x0000000098700000|100%|HS|  |TAMS 0x0000000098600000| PB 0x0000000098600000| Complete 
| 391|0x0000000098700000, 0x0000000098800000, 0x0000000098800000|100%|HC|  |TAMS 0x0000000098700000| PB 0x0000000098700000| Complete 
| 392|0x0000000098800000, 0x0000000098800000, 0x0000000098900000|  0%| F|  |TAMS 0x0000000098800000| PB 0x0000000098800000| Untracked 
|1972|0x00000000fb400000, 0x00000000fb4efce0, 0x00000000fb500000| 93%| O|  |TAMS 0x00000000fb400000| PB 0x00000000fb400000| Untracked 
|1973|0x00000000fb500000, 0x00000000fb600000, 0x00000000fb600000|100%| O|  |TAMS 0x00000000fb500000| PB 0x00000000fb500000| Untracked 
|1974|0x00000000fb600000, 0x00000000fb700000, 0x00000000fb700000|100%| O|Cm|TAMS 0x00000000fb600000| PB 0x00000000fb600000| Complete 
|1975|0x00000000fb700000, 0x00000000fb800000, 0x00000000fb800000|100%| O|Cm|TAMS 0x00000000fb700000| PB 0x00000000fb700000| Complete 
|1976|0x00000000fb800000, 0x00000000fb900000, 0x00000000fb900000|100%| O|  |TAMS 0x00000000fb800000| PB 0x00000000fb800000| Untracked 
|1977|0x00000000fb900000, 0x00000000fba00000, 0x00000000fba00000|100%| O|Cm|TAMS 0x00000000fb900000| PB 0x00000000fb900000| Complete 
|1978|0x00000000fba00000, 0x00000000fbb00000, 0x00000000fbb00000|100%| O|  |TAMS 0x00000000fba00000| PB 0x00000000fba00000| Untracked 
|1979|0x00000000fbb00000, 0x00000000fbc00000, 0x00000000fbc00000|100%| O|  |TAMS 0x00000000fbb00000| PB 0x00000000fbb00000| Untracked 
|1980|0x00000000fbc00000, 0x00000000fbd00000, 0x00000000fbd00000|100%| O|  |TAMS 0x00000000fbc00000| PB 0x00000000fbc00000| Untracked 
|1981|0x00000000fbd00000, 0x00000000fbe00000, 0x00000000fbe00000|100%| O|  |TAMS 0x00000000fbd00000| PB 0x00000000fbd00000| Untracked 
|1982|0x00000000fbe00000, 0x00000000fbf00000, 0x00000000fbf00000|100%| O|  |TAMS 0x00000000fbe00000| PB 0x00000000fbe00000| Untracked 
|1983|0x00000000fbf00000, 0x00000000fc000000, 0x00000000fc000000|100%| O|Cm|TAMS 0x00000000fbf00000| PB 0x00000000fbf00000| Complete 
|1984|0x00000000fc000000, 0x00000000fc100000, 0x00000000fc100000|100%| O|  |TAMS 0x00000000fc000000| PB 0x00000000fc000000| Untracked 
|1985|0x00000000fc100000, 0x00000000fc200000, 0x00000000fc200000|100%| O|  |TAMS 0x00000000fc100000| PB 0x00000000fc100000| Untracked 
|1986|0x00000000fc200000, 0x00000000fc300000, 0x00000000fc300000|100%| O|  |TAMS 0x00000000fc200000| PB 0x00000000fc200000| Untracked 
|1987|0x00000000fc300000, 0x00000000fc400000, 0x00000000fc400000|100%| O|  |TAMS 0x00000000fc300000| PB 0x00000000fc300000| Untracked 
|1988|0x00000000fc400000, 0x00000000fc500000, 0x00000000fc500000|100%| O|  |TAMS 0x00000000fc400000| PB 0x00000000fc400000| Untracked 
|1989|0x00000000fc500000, 0x00000000fc600000, 0x00000000fc600000|100%| O|  |TAMS 0x00000000fc500000| PB 0x00000000fc500000| Untracked 
|1990|0x00000000fc600000, 0x00000000fc700000, 0x00000000fc700000|100%| O|  |TAMS 0x00000000fc600000| PB 0x00000000fc600000| Untracked 
|1991|0x00000000fc700000, 0x00000000fc800000, 0x00000000fc800000|100%| O|  |TAMS 0x00000000fc700000| PB 0x00000000fc700000| Untracked 
|1992|0x00000000fc800000, 0x00000000fc900000, 0x00000000fc900000|100%| E|CS|TAMS 0x00000000fc800000| PB 0x00000000fc800000| Complete 
|1993|0x00000000fc900000, 0x00000000fca00000, 0x00000000fca00000|100%| E|CS|TAMS 0x00000000fc900000| PB 0x00000000fc900000| Complete 
|1994|0x00000000fca00000, 0x00000000fcb00000, 0x00000000fcb00000|100%| E|CS|TAMS 0x00000000fca00000| PB 0x00000000fca00000| Complete 
|1995|0x00000000fcb00000, 0x00000000fcc00000, 0x00000000fcc00000|100%| E|CS|TAMS 0x00000000fcb00000| PB 0x00000000fcb00000| Complete 
|1996|0x00000000fcc00000, 0x00000000fcd00000, 0x00000000fcd00000|100%| E|CS|TAMS 0x00000000fcc00000| PB 0x00000000fcc00000| Complete 
|1997|0x00000000fcd00000, 0x00000000fce00000, 0x00000000fce00000|100%| O|  |TAMS 0x00000000fcd00000| PB 0x00000000fcd00000| Untracked 
|1998|0x00000000fce00000, 0x00000000fcf00000, 0x00000000fcf00000|100%| O|  |TAMS 0x00000000fce00000| PB 0x00000000fce00000| Untracked 
|1999|0x00000000fcf00000, 0x00000000fd000000, 0x00000000fd000000|100%| E|CS|TAMS 0x00000000fcf00000| PB 0x00000000fcf00000| Complete 
|2000|0x00000000fd000000, 0x00000000fd100000, 0x00000000fd100000|100%| E|CS|TAMS 0x00000000fd000000| PB 0x00000000fd000000| Complete 
|2001|0x00000000fd100000, 0x00000000fd200000, 0x00000000fd200000|100%| E|CS|TAMS 0x00000000fd100000| PB 0x00000000fd100000| Complete 
|2002|0x00000000fd200000, 0x00000000fd300000, 0x00000000fd300000|100%| E|CS|TAMS 0x00000000fd200000| PB 0x00000000fd200000| Complete 
|2003|0x00000000fd300000, 0x00000000fd400000, 0x00000000fd400000|100%| E|CS|TAMS 0x00000000fd300000| PB 0x00000000fd300000| Complete 
|2004|0x00000000fd400000, 0x00000000fd500000, 0x00000000fd500000|100%| E|CS|TAMS 0x00000000fd400000| PB 0x00000000fd400000| Complete 
|2005|0x00000000fd500000, 0x00000000fd600000, 0x00000000fd600000|100%| E|CS|TAMS 0x00000000fd500000| PB 0x00000000fd500000| Complete 
|2006|0x00000000fd600000, 0x00000000fd700000, 0x00000000fd700000|100%| E|CS|TAMS 0x00000000fd600000| PB 0x00000000fd600000| Complete 
|2007|0x00000000fd700000, 0x00000000fd800000, 0x00000000fd800000|100%| E|CS|TAMS 0x00000000fd700000| PB 0x00000000fd700000| Complete 
|2008|0x00000000fd800000, 0x00000000fd900000, 0x00000000fd900000|100%| E|CS|TAMS 0x00000000fd800000| PB 0x00000000fd800000| Complete 
|2009|0x00000000fd900000, 0x00000000fda00000, 0x00000000fda00000|100%| E|CS|TAMS 0x00000000fd900000| PB 0x00000000fd900000| Complete 
|2010|0x00000000fda00000, 0x00000000fdb00000, 0x00000000fdb00000|100%| E|CS|TAMS 0x00000000fda00000| PB 0x00000000fda00000| Complete 
|2011|0x00000000fdb00000, 0x00000000fdc00000, 0x00000000fdc00000|100%| E|CS|TAMS 0x00000000fdb00000| PB 0x00000000fdb00000| Complete 
|2012|0x00000000fdc00000, 0x00000000fdd00000, 0x00000000fdd00000|100%| E|CS|TAMS 0x00000000fdc00000| PB 0x00000000fdc00000| Complete 
|2013|0x00000000fdd00000, 0x00000000fde00000, 0x00000000fde00000|100%| E|CS|TAMS 0x00000000fdd00000| PB 0x00000000fdd00000| Complete 
|2014|0x00000000fde00000, 0x00000000fdf00000, 0x00000000fdf00000|100%| E|CS|TAMS 0x00000000fde00000| PB 0x00000000fde00000| Complete 
|2015|0x00000000fdf00000, 0x00000000fe000000, 0x00000000fe000000|100%| E|CS|TAMS 0x00000000fdf00000| PB 0x00000000fdf00000| Complete 
|2016|0x00000000fe000000, 0x00000000fe100000, 0x00000000fe100000|100%| E|CS|TAMS 0x00000000fe000000| PB 0x00000000fe000000| Complete 
|2017|0x00000000fe100000, 0x00000000fe200000, 0x00000000fe200000|100%| E|CS|TAMS 0x00000000fe100000| PB 0x00000000fe100000| Complete 
|2018|0x00000000fe200000, 0x00000000fe300000, 0x00000000fe300000|100%| E|CS|TAMS 0x00000000fe200000| PB 0x00000000fe200000| Complete 
|2019|0x00000000fe300000, 0x00000000fe400000, 0x00000000fe400000|100%| E|CS|TAMS 0x00000000fe300000| PB 0x00000000fe300000| Complete 
|2020|0x00000000fe400000, 0x00000000fe500000, 0x00000000fe500000|100%| E|CS|TAMS 0x00000000fe400000| PB 0x00000000fe400000| Complete 
|2021|0x00000000fe500000, 0x00000000fe600000, 0x00000000fe600000|100%| E|CS|TAMS 0x00000000fe500000| PB 0x00000000fe500000| Complete 
|2022|0x00000000fe600000, 0x00000000fe700000, 0x00000000fe700000|100%| E|CS|TAMS 0x00000000fe600000| PB 0x00000000fe600000| Complete 
|2023|0x00000000fe700000, 0x00000000fe800000, 0x00000000fe800000|100%| E|CS|TAMS 0x00000000fe700000| PB 0x00000000fe700000| Complete 
|2024|0x00000000fe800000, 0x00000000fe900000, 0x00000000fe900000|100%| E|CS|TAMS 0x00000000fe800000| PB 0x00000000fe800000| Complete 
|2025|0x00000000fe900000, 0x00000000fea00000, 0x00000000fea00000|100%| E|CS|TAMS 0x00000000fe900000| PB 0x00000000fe900000| Complete 
|2026|0x00000000fea00000, 0x00000000feb00000, 0x00000000feb00000|100%| E|CS|TAMS 0x00000000fea00000| PB 0x00000000fea00000| Complete 
|2027|0x00000000feb00000, 0x00000000fec00000, 0x00000000fec00000|100%| E|CS|TAMS 0x00000000feb00000| PB 0x00000000feb00000| Complete 
|2028|0x00000000fec00000, 0x00000000fed00000, 0x00000000fed00000|100%| O|  |TAMS 0x00000000fec00000| PB 0x00000000fec00000| Untracked 
|2029|0x00000000fed00000, 0x00000000fee00000, 0x00000000fee00000|100%| O|  |TAMS 0x00000000fed00000| PB 0x00000000fed00000| Untracked 
|2030|0x00000000fee00000, 0x00000000fef00000, 0x00000000fef00000|100%| O|  |TAMS 0x00000000fee00000| PB 0x00000000fee00000| Untracked 
|2031|0x00000000fef00000, 0x00000000ff000000, 0x00000000ff000000|100%| O|  |TAMS 0x00000000fef00000| PB 0x00000000fef00000| Untracked 
|2032|0x00000000ff000000, 0x00000000ff100000, 0x00000000ff100000|100%| O|  |TAMS 0x00000000ff000000| PB 0x00000000ff000000| Untracked 
|2033|0x00000000ff100000, 0x00000000ff200000, 0x00000000ff200000|100%| E|CS|TAMS 0x00000000ff100000| PB 0x00000000ff100000| Complete 
|2034|0x00000000ff200000, 0x00000000ff300000, 0x00000000ff300000|100%| E|CS|TAMS 0x00000000ff200000| PB 0x00000000ff200000| Complete 
|2035|0x00000000ff300000, 0x00000000ff400000, 0x00000000ff400000|100%| O|  |TAMS 0x00000000ff300000| PB 0x00000000ff300000| Untracked 
|2036|0x00000000ff400000, 0x00000000ff500000, 0x00000000ff500000|100%| O|  |TAMS 0x00000000ff400000| PB 0x00000000ff400000| Untracked 
|2037|0x00000000ff500000, 0x00000000ff600000, 0x00000000ff600000|100%| E|CS|TAMS 0x00000000ff500000| PB 0x00000000ff500000| Complete 
|2038|0x00000000ff600000, 0x00000000ff700000, 0x00000000ff700000|100%| O|  |TAMS 0x00000000ff600000| PB 0x00000000ff600000| Untracked 
|2039|0x00000000ff700000, 0x00000000ff800000, 0x00000000ff800000|100%| O|  |TAMS 0x00000000ff700000| PB 0x00000000ff700000| Untracked 
|2040|0x00000000ff800000, 0x00000000ff900000, 0x00000000ff900000|100%| E|CS|TAMS 0x00000000ff800000| PB 0x00000000ff800000| Complete 
|2041|0x00000000ff900000, 0x00000000ffa00000, 0x00000000ffa00000|100%| E|CS|TAMS 0x00000000ff900000| PB 0x00000000ff900000| Complete 
|2042|0x00000000ffa00000, 0x00000000ffb00000, 0x00000000ffb00000|100%| E|CS|TAMS 0x00000000ffa00000| PB 0x00000000ffa00000| Complete 
|2043|0x00000000ffb00000, 0x00000000ffc00000, 0x00000000ffc00000|100%| O|  |TAMS 0x00000000ffb00000| PB 0x00000000ffb00000| Untracked 
|2044|0x00000000ffc00000, 0x00000000ffd00000, 0x00000000ffd00000|100%| O|  |TAMS 0x00000000ffc00000| PB 0x00000000ffc00000| Untracked 
|2045|0x00000000ffd00000, 0x00000000ffe00000, 0x00000000ffe00000|100%| O|  |TAMS 0x00000000ffd00000| PB 0x00000000ffd00000| Untracked 
|2046|0x00000000ffe00000, 0x00000000fff00000, 0x00000000fff00000|100%| O|  |TAMS 0x00000000ffe00000| PB 0x00000000ffe00000| Untracked 
|2047|0x00000000fff00000, 0x0000000100000000, 0x0000000100000000|100%| O|  |TAMS 0x00000000fff00000| PB 0x00000000fff00000| Untracked 

Card table byte_map: [0x0000027480400000,0x0000027480800000] _byte_map_base: 0x0000027480000000

Marking Bits: (CMBitMap*) 0x00000274ed9953e0
 Bits: [0x0000027480800000, 0x0000027482800000)

Polling page: 0x00000274eb790000

Metaspace:

Usage:
  Non-class:    132.53 MB used.
      Class:     21.56 MB used.
       Both:    154.09 MB used.

Virtual space:
  Non-class space:      192.00 MB reserved,     133.81 MB ( 70%) committed,  3 nodes.
      Class space:        1.00 GB reserved,      22.75 MB (  2%) committed,  1 nodes.
             Both:        1.19 GB reserved,     156.56 MB ( 13%) committed. 

Chunk freelists:
   Non-Class:  10.17 MB
       Class:  9.20 MB
        Both:  19.38 MB

MaxMetaspaceSize: unlimited
CompressedClassSpaceSize: 1.00 GB
Initial GC threshold: 21.00 MB
Current GC threshold: 257.75 MB
CDS: off
 - commit_granule_bytes: 65536.
 - commit_granule_words: 8192.
 - virtual_space_node_default_size: 8388608.
 - enlarge_chunks_in_place: 1.
 - use_allocation_guard: 0.


Internal statistics:

num_allocs_failed_limit: 9.
num_arena_births: 5010.
num_arena_deaths: 40.
num_vsnodes_births: 4.
num_vsnodes_deaths: 0.
num_space_committed: 2502.
num_space_uncommitted: 0.
num_chunks_returned_to_freelist: 67.
num_chunks_taken_from_freelist: 11722.
num_chunk_merges: 26.
num_chunk_splits: 7749.
num_chunks_enlarged: 5031.
num_inconsistent_stats: 0.

CodeHeap 'non-profiled nmethods': size=120000Kb used=16141Kb max_used=16141Kb free=103858Kb
 bounds [0x00000274f8570000, 0x00000274f9540000, 0x00000274ffaa0000]
CodeHeap 'profiled nmethods': size=120000Kb used=41720Kb max_used=41720Kb free=78279Kb
 bounds [0x00000274f0aa0000, 0x00000274f3390000, 0x00000274f7fd0000]
CodeHeap 'non-nmethods': size=5760Kb used=2114Kb max_used=2183Kb free=3645Kb
 bounds [0x00000274f7fd0000, 0x00000274f8240000, 0x00000274f8570000]
CodeCache: size=245760Kb, used=59975Kb, max_used=60044Kb, free=185782Kb
 total_blobs=22053, nmethods=21076, adapters=879, full_count=0
Compilation: enabled, stopped_count=0, restarted_count=0

Compilation events (20 events):
Event: 190.871 Thread 0x00000274856ded90 26544       4       com.android.zipflinger.ZipSourceEntry::prepare (1 bytes)
Event: 190.872 Thread 0x00000274856ded90 nmethod 26544 0x00000274f9531990 code [0x00000274f9531b20, 0x00000274f9531ba8]
Event: 191.922 Thread 0x00000274856fda50 26545       3       java.io.BufferedInputStream::implRead (112 bytes)
Event: 191.924 Thread 0x00000274856fda50 nmethod 26545 0x00000274f2ea1b10 code [0x00000274f2ea1d40, 0x00000274f2ea2470]
Event: 191.981 Thread 0x00000274856ded90 26546       4       java.util.concurrent.ThreadPoolExecutor::workerCountOf (5 bytes)
Event: 191.981 Thread 0x00000274856ded90 nmethod 26546 0x00000274f9531c90 code [0x00000274f9531e00, 0x00000274f9531e70]
Event: 193.076 Thread 0x00000274856fda50 26547  s    3       jdk.internal.ref.Cleaner::remove (89 bytes)
Event: 193.077 Thread 0x00000274856fda50 nmethod 26547 0x00000274f2ea1290 code [0x00000274f2ea1460, 0x00000274f2ea19f0]
Event: 193.359 Thread 0x00000274856fda50 26548   !   3       jdk.internal.ref.Cleaner::clean (35 bytes)
Event: 193.360 Thread 0x00000274856fda50 nmethod 26548 0x00000274f2ea0810 code [0x00000274f2ea0a40, 0x00000274f2ea1020]
Event: 195.267 Thread 0x00000274856ded90 26549       4       java.lang.ThreadLocal::setInitialValue (64 bytes)
Event: 195.315 Thread 0x00000274856ded90 nmethod 26549 0x00000274f9531f90 code [0x00000274f95321a0, 0x00000274f9532aa0]
Event: 195.381 Thread 0x00000274856ded90 26550       4       java.nio.ByteBuffer::limit (6 bytes)
Event: 195.384 Thread 0x00000274856ded90 nmethod 26550 0x00000274f9533010 code [0x00000274f95331a0, 0x00000274f95332d0]
Event: 195.389 Thread 0x00000274856fda50 26551       3       java.lang.ThreadLocal$ThreadLocalMap::setThreshold (10 bytes)
Event: 195.390 Thread 0x00000274856fda50 nmethod 26551 0x00000274f2da7210 code [0x00000274f2da73a0, 0x00000274f2da74d8]
Event: 195.699 Thread 0x00000274856fda50 26552       3       sun.security.provider.SHA2::implReset (20 bytes)
Event: 195.699 Thread 0x00000274856fda50 nmethod 26552 0x00000274f2ea0410 code [0x00000274f2ea05c0, 0x00000274f2ea0778]
Event: 195.706 Thread 0x00000274856fda50 26553       1       com.android.apksig.internal.apk.ApkSigningBlockUtils$ChunkDigests::access$1000 (5 bytes)
Event: 195.706 Thread 0x00000274856fda50 nmethod 26553 0x00000274f9533410 code [0x00000274f95335a0, 0x00000274f9533650]

GC Heap History (20 events):
Event: 135.284 GC heap before
{Heap before GC invocations=104 (full 0):
 garbage-first heap   total 328704K, used 278958K [0x0000000080000000, 0x0000000100000000)
  region size 1024K, 128 young (131072K), 11 survivors (11264K)
 Metaspace       used 130119K, committed 132480K, reserved 1179648K
  class space    used 17803K, committed 18944K, reserved 1048576K
}
Event: 135.301 GC heap after
{Heap after GC invocations=105 (full 0):
 garbage-first heap   total 328704K, used 165129K [0x0000000080000000, 0x0000000100000000)
  region size 1024K, 15 young (15360K), 15 survivors (15360K)
 Metaspace       used 130119K, committed 132480K, reserved 1179648K
  class space    used 17803K, committed 18944K, reserved 1048576K
}
Event: 140.518 GC heap before
{Heap before GC invocations=106 (full 0):
 garbage-first heap   total 328704K, used 311561K [0x0000000080000000, 0x0000000100000000)
  region size 1024K, 157 young (160768K), 15 survivors (15360K)
 Metaspace       used 139666K, committed 142144K, reserved 1179648K
  class space    used 19354K, committed 20544K, reserved 1048576K
}
Event: 140.563 GC heap after
{Heap after GC invocations=107 (full 0):
 garbage-first heap   total 343040K, used 179600K [0x0000000080000000, 0x0000000100000000)
  region size 1024K, 20 young (20480K), 20 survivors (20480K)
 Metaspace       used 139666K, committed 142144K, reserved 1179648K
  class space    used 19354K, committed 20544K, reserved 1048576K
}
Event: 146.398 GC heap before
{Heap before GC invocations=107 (full 0):
 garbage-first heap   total 343040K, used 315792K [0x0000000080000000, 0x0000000100000000)
  region size 1024K, 154 young (157696K), 20 survivors (20480K)
 Metaspace       used 148118K, committed 150528K, reserved 1179648K
  class space    used 20791K, committed 21952K, reserved 1048576K
}
Event: 146.462 GC heap after
{Heap after GC invocations=108 (full 0):
 garbage-first heap   total 357376K, used 194312K [0x0000000080000000, 0x0000000100000000)
  region size 1024K, 18 young (18432K), 18 survivors (18432K)
 Metaspace       used 148118K, committed 150528K, reserved 1179648K
  class space    used 20791K, committed 21952K, reserved 1048576K
}
Event: 152.730 GC heap before
{Heap before GC invocations=108 (full 0):
 garbage-first heap   total 357376K, used 323336K [0x0000000080000000, 0x0000000100000000)
  region size 1024K, 145 young (148480K), 18 survivors (18432K)
 Metaspace       used 152164K, committed 154624K, reserved 1245184K
  class space    used 21340K, committed 22528K, reserved 1048576K
}
Event: 152.765 GC heap after
{Heap after GC invocations=109 (full 0):
 garbage-first heap   total 357376K, used 199481K [0x0000000080000000, 0x0000000100000000)
  region size 1024K, 7 young (7168K), 7 survivors (7168K)
 Metaspace       used 152164K, committed 154624K, reserved 1245184K
  class space    used 21340K, committed 22528K, reserved 1048576K
}
Event: 156.092 GC heap before
{Heap before GC invocations=110 (full 0):
 garbage-first heap   total 357376K, used 327481K [0x0000000080000000, 0x0000000100000000)
  region size 1024K, 132 young (135168K), 7 survivors (7168K)
 Metaspace       used 152967K, committed 155456K, reserved 1245184K
  class space    used 21471K, committed 22656K, reserved 1048576K
}
Event: 156.108 GC heap after
{Heap after GC invocations=111 (full 0):
 garbage-first heap   total 357376K, used 198335K [0x0000000080000000, 0x0000000100000000)
  region size 1024K, 6 young (6144K), 6 survivors (6144K)
 Metaspace       used 152967K, committed 155456K, reserved 1245184K
  class space    used 21471K, committed 22656K, reserved 1048576K
}
Event: 159.379 GC heap before
{Heap before GC invocations=111 (full 0):
 garbage-first heap   total 357376K, used 329407K [0x0000000080000000, 0x0000000100000000)
  region size 1024K, 135 young (138240K), 6 survivors (6144K)
 Metaspace       used 153167K, committed 155648K, reserved 1245184K
  class space    used 21486K, committed 22656K, reserved 1048576K
}
Event: 159.397 GC heap after
{Heap after GC invocations=112 (full 0):
 garbage-first heap   total 357376K, used 194151K [0x0000000080000000, 0x0000000100000000)
  region size 1024K, 4 young (4096K), 4 survivors (4096K)
 Metaspace       used 153167K, committed 155648K, reserved 1245184K
  class space    used 21486K, committed 22656K, reserved 1048576K
}
Event: 161.229 GC heap before
{Heap before GC invocations=112 (full 0):
 garbage-first heap   total 357376K, used 334439K [0x0000000080000000, 0x0000000100000000)
  region size 1024K, 142 young (145408K), 4 survivors (4096K)
 Metaspace       used 153630K, committed 156096K, reserved 1245184K
  class space    used 21566K, committed 22720K, reserved 1048576K
}
Event: 161.248 GC heap after
{Heap after GC invocations=113 (full 0):
 garbage-first heap   total 357376K, used 198657K [0x0000000080000000, 0x0000000100000000)
  region size 1024K, 9 young (9216K), 9 survivors (9216K)
 Metaspace       used 153630K, committed 156096K, reserved 1245184K
  class space    used 21566K, committed 22720K, reserved 1048576K
}
Event: 165.420 GC heap before
{Heap before GC invocations=114 (full 0):
 garbage-first heap   total 357376K, used 334849K [0x0000000080000000, 0x0000000100000000)
  region size 1024K, 143 young (146432K), 9 survivors (9216K)
 Metaspace       used 154150K, committed 156608K, reserved 1245184K
  class space    used 21617K, committed 22784K, reserved 1048576K
}
Event: 165.459 GC heap after
{Heap after GC invocations=115 (full 0):
 garbage-first heap   total 357376K, used 207256K [0x0000000080000000, 0x0000000100000000)
  region size 1024K, 17 young (17408K), 17 survivors (17408K)
 Metaspace       used 154150K, committed 156608K, reserved 1245184K
  class space    used 21617K, committed 22784K, reserved 1048576K
}
Event: 169.989 GC heap before
{Heap before GC invocations=115 (full 0):
 garbage-first heap   total 357376K, used 334232K [0x0000000080000000, 0x0000000100000000)
  region size 1024K, 142 young (145408K), 17 survivors (17408K)
 Metaspace       used 154370K, committed 156800K, reserved 1245184K
  class space    used 21622K, committed 22784K, reserved 1048576K
}
Event: 170.033 GC heap after
{Heap after GC invocations=116 (full 0):
 garbage-first heap   total 360448K, used 207239K [0x0000000080000000, 0x0000000100000000)
  region size 1024K, 7 young (7168K), 7 survivors (7168K)
 Metaspace       used 154370K, committed 156800K, reserved 1245184K
  class space    used 21622K, committed 22784K, reserved 1048576K
}
Event: 182.543 GC heap before
{Heap before GC invocations=116 (full 0):
 garbage-first heap   total 360448K, used 337287K [0x0000000080000000, 0x0000000100000000)
  region size 1024K, 135 young (138240K), 7 survivors (7168K)
 Metaspace       used 155891K, committed 158272K, reserved 1245184K
  class space    used 21830K, committed 22976K, reserved 1048576K
}
Event: 182.614 GC heap after
{Heap after GC invocations=117 (full 0):
 garbage-first heap   total 361472K, used 223067K [0x0000000080000000, 0x0000000100000000)
  region size 1024K, 17 young (17408K), 17 survivors (17408K)
 Metaspace       used 155891K, committed 158272K, reserved 1245184K
  class space    used 21830K, committed 22976K, reserved 1048576K
}

Dll operation events (3 events):
Event: 0.058 Loaded shared library C:\Program Files\Android\Android Studio\jbr\bin\java.dll
Event: 0.121 Loaded shared library C:\Program Files\Android\Android Studio\jbr\bin\zip.dll
Event: 3.738 Loaded shared library C:\Program Files\Android\Android Studio\jbr\bin\verify.dll

Deoptimization events (20 events):
Event: 190.256 Thread 0x000002748f4992e0 DEOPT UNPACKING pc=0x00000274f80243a2 sp=0x000000e82fcfecd0 mode 2
Event: 190.256 Thread 0x000002748f4978a0 Uncommon trap: reason=class_check action=maybe_recompile pc=0x00000274f8f26a00 method=java.lang.ThreadLocal.setInitialValue(Ljava/lang/Thread;)Ljava/lang/Object; @ 27 c2
Event: 190.256 Thread 0x000002748f4978a0 DEOPT PACKING pc=0x00000274f8f26a00 sp=0x000000e82fbfeef0
Event: 190.256 Thread 0x000002748f4978a0 DEOPT UNPACKING pc=0x00000274f80243a2 sp=0x000000e82fbfeec0 mode 2
Event: 190.259 Thread 0x00000274950a47c0 Uncommon trap: trap_request=0xffffffde fr.pc=0x00000274f8f26a00 relative=0x0000000000000840
Event: 190.259 Thread 0x00000274950a47c0 Uncommon trap: reason=class_check action=maybe_recompile pc=0x00000274f8f26a00 method=java.lang.ThreadLocal.setInitialValue(Ljava/lang/Thread;)Ljava/lang/Object; @ 27 c2
Event: 190.259 Thread 0x00000274950a47c0 DEOPT PACKING pc=0x00000274f8f26a00 sp=0x000000e8300fecb0
Event: 190.259 Thread 0x00000274950a47c0 DEOPT UNPACKING pc=0x00000274f80243a2 sp=0x000000e8300fec80 mode 2
Event: 190.292 Thread 0x00000274950a6200 Uncommon trap: trap_request=0xffffffc6 fr.pc=0x00000274f934490c relative=0x000000000000020c
Event: 190.292 Thread 0x00000274950a6200 Uncommon trap: reason=bimorphic_or_optimized_type_check action=maybe_recompile pc=0x00000274f934490c method=com.google.common.collect.TransformedIterator.next()Ljava/lang/Object; @ 10 c2
Event: 190.292 Thread 0x00000274950a6200 DEOPT PACKING pc=0x00000274f934490c sp=0x000000e82f6fddd0
Event: 190.292 Thread 0x00000274950a6200 DEOPT UNPACKING pc=0x00000274f80243a2 sp=0x000000e82f6fdd78 mode 2
Event: 190.292 Thread 0x00000274950a6200 Uncommon trap: trap_request=0xffffffc6 fr.pc=0x00000274f934490c relative=0x000000000000020c
Event: 190.292 Thread 0x00000274950a6200 Uncommon trap: reason=bimorphic_or_optimized_type_check action=maybe_recompile pc=0x00000274f934490c method=com.google.common.collect.TransformedIterator.next()Ljava/lang/Object; @ 10 c2
Event: 190.292 Thread 0x00000274950a6200 DEOPT PACKING pc=0x00000274f934490c sp=0x000000e82f6fddd0
Event: 190.292 Thread 0x00000274950a6200 DEOPT UNPACKING pc=0x00000274f80243a2 sp=0x000000e82f6fdd78 mode 2
Event: 195.467 Thread 0x000002748f77ce90 Uncommon trap: trap_request=0xffffff45 fr.pc=0x00000274f930b254 relative=0x0000000000000234
Event: 195.467 Thread 0x000002748f77ce90 Uncommon trap: reason=unstable_if action=reinterpret pc=0x00000274f930b254 method=sun.security.provider.SHA2.implReset()V @ 8 c2
Event: 195.467 Thread 0x000002748f77ce90 DEOPT PACKING pc=0x00000274f930b254 sp=0x000000e8302ff030
Event: 195.467 Thread 0x000002748f77ce90 DEOPT UNPACKING pc=0x00000274f80243a2 sp=0x000000e8302fefe8 mode 2

Classes loaded (20 events):
Event: 190.242 Loading class java/util/concurrent/ForkJoinTask$InterruptibleTask done
Event: 190.242 Loading class java/util/concurrent/ForkJoinTask$AdaptedInterruptibleCallable done
Event: 190.247 Loading class java/util/concurrent/ForkJoinTask$Aux
Event: 190.247 Loading class java/util/concurrent/ForkJoinTask$Aux done
Event: 190.249 Loading class java/util/concurrent/ForkJoinPool$DefaultForkJoinWorkerThreadFactory$1
Event: 190.250 Loading class java/util/concurrent/ForkJoinPool$DefaultForkJoinWorkerThreadFactory$1 done
Event: 195.146 Loading class java/nio/BufferOverflowException
Event: 195.147 Loading class java/nio/BufferOverflowException done
Event: 195.170 Loading class java/security/DigestException
Event: 195.172 Loading class java/security/DigestException done
Event: 195.191 Loading class java/security/InvalidAlgorithmParameterException
Event: 195.197 Loading class java/security/InvalidAlgorithmParameterException done
Event: 195.239 Loading class java/security/spec/InvalidKeySpecException
Event: 195.241 Loading class java/security/spec/InvalidKeySpecException done
Event: 195.331 Loading class java/security/spec/MGF1ParameterSpec
Event: 195.331 Loading class java/security/spec/MGF1ParameterSpec done
Event: 195.372 Loading class java/util/concurrent/ForkJoinTask$AdaptedInterruptibleRunnable
Event: 195.372 Loading class java/util/concurrent/ForkJoinTask$AdaptedInterruptibleRunnable done
Event: 195.377 Loading class java/util/concurrent/CountedCompleter
Event: 195.379 Loading class java/util/concurrent/CountedCompleter done

Classes unloaded (20 events):
Event: 153.052 Thread 0x000002748562c080 Unloading class 0x00000001013fd400 'java/lang/invoke/LambdaForm$DMH+0x00000001013fd400'
Event: 153.052 Thread 0x000002748562c080 Unloading class 0x00000001013fd800 'java/lang/invoke/LambdaForm$DMH+0x00000001013fd800'
Event: 153.052 Thread 0x000002748562c080 Unloading class 0x00000001013fcc00 'java/lang/invoke/LambdaForm$DMH+0x00000001013fcc00'
Event: 153.052 Thread 0x000002748562c080 Unloading class 0x00000001013fd000 'java/lang/invoke/LambdaForm$DMH+0x00000001013fd000'
Event: 153.052 Thread 0x000002748562c080 Unloading class 0x00000001013fc400 'java/lang/invoke/LambdaForm$DMH+0x00000001013fc400'
Event: 153.052 Thread 0x000002748562c080 Unloading class 0x00000001013fc800 'java/lang/invoke/LambdaForm$DMH+0x00000001013fc800'
Event: 161.563 Thread 0x000002748562c080 Unloading class 0x0000000101530c00 'java/lang/invoke/LambdaForm$DMH+0x0000000101530c00'
Event: 161.563 Thread 0x000002748562c080 Unloading class 0x0000000101530400 'java/lang/invoke/LambdaForm$DMH+0x0000000101530400'
Event: 161.563 Thread 0x000002748562c080 Unloading class 0x0000000101531000 'java/lang/invoke/LambdaForm$DMH+0x0000000101531000'
Event: 161.563 Thread 0x000002748562c080 Unloading class 0x0000000101530000 'java/lang/invoke/LambdaForm$DMH+0x0000000101530000'
Event: 161.563 Thread 0x000002748562c080 Unloading class 0x00000001014c0800 'java/lang/invoke/LambdaForm$DMH+0x00000001014c0800'
Event: 161.563 Thread 0x000002748562c080 Unloading class 0x00000001014c0400 'java/lang/invoke/LambdaForm$DMH+0x00000001014c0400'
Event: 161.563 Thread 0x000002748562c080 Unloading class 0x00000001014c0c00 'java/lang/invoke/LambdaForm$DMH+0x00000001014c0c00'
Event: 161.563 Thread 0x000002748562c080 Unloading class 0x00000001014c1000 'java/lang/invoke/LambdaForm$DMH+0x00000001014c1000'
Event: 182.924 Thread 0x000002748562c080 Unloading class 0x0000000101640c00 'jdk/internal/reflect/GeneratedSerializationConstructorAccessor146'
Event: 182.924 Thread 0x000002748562c080 Unloading class 0x0000000101640400 'jdk/internal/reflect/GeneratedSerializationConstructorAccessor147'
Event: 182.924 Thread 0x000002748562c080 Unloading class 0x0000000101640000 'jdk/internal/reflect/GeneratedSerializationConstructorAccessor145'
Event: 182.924 Thread 0x000002748562c080 Unloading class 0x00000001015d1000 'java/lang/invoke/LambdaForm$DMH+0x00000001015d1000'
Event: 182.924 Thread 0x000002748562c080 Unloading class 0x00000001015d0800 'java/lang/invoke/LambdaForm$DMH+0x00000001015d0800'
Event: 182.924 Thread 0x000002748562c080 Unloading class 0x00000001015d0400 'java/lang/invoke/LambdaForm$DMH+0x00000001015d0400'

Classes redefined (0 events):
No events

Internal exceptions (20 events):
Event: 195.222 Thread 0x00000274950a6200 Exception <a 'sun/nio/fs/WindowsException'{0x0000000090179340}> (0x0000000090179340) 
thrown [s\src\hotspot\share\prims\jni.cpp, line 537]
Event: 195.230 Thread 0x00000274950a6200 Exception <a 'sun/nio/fs/WindowsException'{0x000000009017f920}> (0x000000009017f920) 
thrown [s\src\hotspot\share\prims\jni.cpp, line 537]
Event: 195.237 Thread 0x00000274950a6200 Exception <a 'sun/nio/fs/WindowsException'{0x00000000901860c8}> (0x00000000901860c8) 
thrown [s\src\hotspot\share\prims\jni.cpp, line 537]
Event: 195.247 Thread 0x00000274950a6200 Exception <a 'sun/nio/fs/WindowsException'{0x000000009018ce28}> (0x000000009018ce28) 
thrown [s\src\hotspot\share\prims\jni.cpp, line 537]
Event: 195.254 Thread 0x00000274950a6200 Exception <a 'sun/nio/fs/WindowsException'{0x0000000090195580}> (0x0000000090195580) 
thrown [s\src\hotspot\share\prims\jni.cpp, line 537]
Event: 195.261 Thread 0x00000274950a6200 Exception <a 'sun/nio/fs/WindowsException'{0x000000009019dbf0}> (0x000000009019dbf0) 
thrown [s\src\hotspot\share\prims\jni.cpp, line 537]
Event: 195.271 Thread 0x00000274950a6200 Exception <a 'sun/nio/fs/WindowsException'{0x00000000901b5fe0}> (0x00000000901b5fe0) 
thrown [s\src\hotspot\share\prims\jni.cpp, line 537]
Event: 195.279 Thread 0x00000274950a6200 Exception <a 'sun/nio/fs/WindowsException'{0x00000000901bc570}> (0x00000000901bc570) 
thrown [s\src\hotspot\share\prims\jni.cpp, line 537]
Event: 195.299 Thread 0x00000274950a6200 Exception <a 'sun/nio/fs/WindowsException'{0x00000000901c7430}> (0x00000000901c7430) 
thrown [s\src\hotspot\share\prims\jni.cpp, line 537]
Event: 195.316 Thread 0x00000274950a6200 Exception <a 'sun/nio/fs/WindowsException'{0x00000000901cea78}> (0x00000000901cea78) 
thrown [s\src\hotspot\share\prims\jni.cpp, line 537]
Event: 195.328 Thread 0x00000274950a6200 Exception <a 'sun/nio/fs/WindowsException'{0x00000000901ec1d0}> (0x00000000901ec1d0) 
thrown [s\src\hotspot\share\prims\jni.cpp, line 537]
Event: 195.334 Thread 0x00000274950a6200 Exception <a 'sun/nio/fs/WindowsException'{0x00000000901fc360}> (0x00000000901fc360) 
thrown [s\src\hotspot\share\prims\jni.cpp, line 537]
Event: 195.338 Thread 0x00000274950a6200 Exception <a 'sun/nio/fs/WindowsException'{0x0000000090006b20}> (0x0000000090006b20) 
thrown [s\src\hotspot\share\prims\jni.cpp, line 537]
Event: 195.347 Thread 0x00000274950a6200 Exception <a 'sun/nio/fs/WindowsException'{0x00000000900160d8}> (0x00000000900160d8) 
thrown [s\src\hotspot\share\prims\jni.cpp, line 537]
Event: 195.351 Thread 0x00000274950a6200 Exception <a 'sun/nio/fs/WindowsException'{0x00000000900257a0}> (0x00000000900257a0) 
thrown [s\src\hotspot\share\prims\jni.cpp, line 537]
Event: 195.355 Thread 0x00000274950a6200 Exception <a 'sun/nio/fs/WindowsException'{0x000000009002dc98}> (0x000000009002dc98) 
thrown [s\src\hotspot\share\prims\jni.cpp, line 537]
Event: 195.362 Thread 0x00000274950a6200 Exception <a 'sun/nio/fs/WindowsException'{0x00000000900346b0}> (0x00000000900346b0) 
thrown [s\src\hotspot\share\prims\jni.cpp, line 537]
Event: 195.365 Thread 0x00000274950a6200 Exception <a 'sun/nio/fs/WindowsException'{0x000000009003b060}> (0x000000009003b060) 
thrown [s\src\hotspot\share\prims\jni.cpp, line 537]
Event: 195.381 Thread 0x000002748f77ef60 Exception <a 'sun/nio/fs/WindowsException'{0x0000000090ae9788}> (0x0000000090ae9788) 
thrown [s\src\hotspot\share\prims\jni.cpp, line 537]
Event: 195.467 Thread 0x000002748f77ce90 Implicit null exception at 0x00000274f930b0a7 to 0x00000274f930b244

ZGC Phase Switch (0 events):
No events

VM Operations (20 events):
Event: 185.377 Executing VM operation: Cleanup
Event: 185.382 Executing VM operation: Cleanup done
Event: 185.523 Executing VM operation: HandshakeAllThreads (Deoptimize)
Event: 185.524 Executing VM operation: HandshakeAllThreads (Deoptimize) done
Event: 185.586 Executing VM operation: HandshakeAllThreads (Deoptimize)
Event: 185.587 Executing VM operation: HandshakeAllThreads (Deoptimize) done
Event: 185.603 Executing VM operation: HandshakeAllThreads (Deoptimize)
Event: 185.604 Executing VM operation: HandshakeAllThreads (Deoptimize) done
Event: 186.605 Executing VM operation: Cleanup
Event: 186.659 Executing VM operation: Cleanup done
Event: 188.659 Executing VM operation: Cleanup
Event: 188.665 Executing VM operation: Cleanup done
Event: 189.666 Executing VM operation: Cleanup
Event: 189.666 Executing VM operation: Cleanup done
Event: 191.667 Executing VM operation: Cleanup
Event: 191.667 Executing VM operation: Cleanup done
Event: 192.668 Executing VM operation: Cleanup
Event: 192.668 Executing VM operation: Cleanup done
Event: 195.670 Executing VM operation: Cleanup
Event: 195.672 Executing VM operation: Cleanup done

Memory protections (0 events):
No events

Nmethod flushes (20 events):
Event: 182.967 Thread 0x000002748562c080 flushing  nmethod 0x00000274f3111290
Event: 182.967 Thread 0x000002748562c080 flushing  nmethod 0x00000274f3111690
Event: 182.967 Thread 0x000002748562c080 flushing  nmethod 0x00000274f3112410
Event: 182.967 Thread 0x000002748562c080 flushing  nmethod 0x00000274f3113310
Event: 182.967 Thread 0x000002748562c080 flushing  nmethod 0x00000274f3123d90
Event: 182.967 Thread 0x000002748562c080 flushing  nmethod 0x00000274f3125190
Event: 182.967 Thread 0x000002748562c080 flushing  nmethod 0x00000274f3127290
Event: 182.967 Thread 0x000002748562c080 flushing  nmethod 0x00000274f3127c90
Event: 182.967 Thread 0x000002748562c080 flushing  nmethod 0x00000274f3128f10
Event: 182.967 Thread 0x000002748562c080 flushing  nmethod 0x00000274f313cf10
Event: 182.967 Thread 0x000002748562c080 flushing  nmethod 0x00000274f313d410
Event: 182.967 Thread 0x000002748562c080 flushing  nmethod 0x00000274f313d890
Event: 182.967 Thread 0x000002748562c080 flushing  nmethod 0x00000274f313e510
Event: 182.967 Thread 0x000002748562c080 flushing  nmethod 0x00000274f3181710
Event: 182.967 Thread 0x000002748562c080 flushing  nmethod 0x00000274f31a7810
Event: 182.967 Thread 0x000002748562c080 flushing  nmethod 0x00000274f31aab90
Event: 182.967 Thread 0x000002748562c080 flushing  nmethod 0x00000274f31abf10
Event: 182.967 Thread 0x000002748562c080 flushing  nmethod 0x00000274f31adb10
Event: 182.967 Thread 0x000002748562c080 flushing  nmethod 0x00000274f3305d10
Event: 182.967 Thread 0x000002748562c080 flushing  nmethod 0x00000274f333b110

Events (20 events):
Event: 148.382 Thread 0x00000274856fda50 Thread added: 0x000002748d39eac0
Event: 157.089 Thread 0x000002748f4978a0 Thread exited: 0x000002748f4978a0
Event: 173.702 Thread 0x000002748d39eac0 Thread exited: 0x000002748d39eac0
Event: 174.076 Thread 0x00000274856ded90 Thread added: 0x000002748d39e3f0
Event: 175.428 Thread 0x000002748d39e3f0 Thread exited: 0x000002748d39e3f0
Event: 175.732 Thread 0x00000274856fda50 Thread added: 0x000002748d39e3f0
Event: 179.384 Thread 0x000002748d39e3f0 Thread exited: 0x000002748d39e3f0
Event: 181.296 Thread 0x00000274856fda50 Thread added: 0x000002748c527b20
Event: 184.933 Thread 0x000002748c527b20 Thread exited: 0x000002748c527b20
Event: 190.252 Thread 0x00000274950a6200 Thread added: 0x000002748f4978a0
Event: 190.254 Thread 0x000002748f4978a0 Thread added: 0x000002748f4992e0
Event: 190.256 Thread 0x000002748f4992e0 Thread added: 0x00000274950a47c0
Event: 190.258 Thread 0x00000274950a47c0 Thread added: 0x000002748f77dbb0
Event: 190.264 Thread 0x000002748f77dbb0 Thread added: 0x000002748f77ce90
Event: 190.271 Thread 0x000002748f77ce90 Thread added: 0x000002748f77e240
Event: 190.277 Thread 0x000002748f77e240 Thread added: 0x000002748f77d520
Event: 190.281 Thread 0x000002748f77d520 Thread added: 0x000002748f77ef60
Event: 190.287 Thread 0x000002748f77ef60 Thread added: 0x000002748f77e8d0
Event: 195.375 Thread 0x000002748f77e8d0 Thread added: 0x000002748f77f5f0
Event: 195.378 Thread 0x000002748f77f5f0 Thread added: 0x000002748f77c170


Dynamic libraries:
0x00007ff7ac240000 - 0x00007ff7ac24a000 	C:\Program Files\Android\Android Studio\jbr\bin\java.exe
0x00007ff831100000 - 0x00007ff831367000 	C:\Windows\SYSTEM32\ntdll.dll
0x00007ff82f350000 - 0x00007ff82f419000 	C:\Windows\System32\KERNEL32.DLL
0x00007ff82db50000 - 0x00007ff82df44000 	C:\Windows\System32\KERNELBASE.dll
0x00007ff82eac0000 - 0x00007ff82ec0b000 	C:\Windows\System32\ucrtbase.dll
0x00007fffa5890000 - 0x00007fffa58a8000 	C:\Program Files\Android\Android Studio\jbr\bin\jli.dll
0x00007ff830ef0000 - 0x00007ff8310b5000 	C:\Windows\System32\USER32.dll
0x00007ff82e9e0000 - 0x00007ff82ea07000 	C:\Windows\System32\win32u.dll
0x00007ff82ee90000 - 0x00007ff82eebb000 	C:\Windows\System32\GDI32.dll
0x00007ff82ecd0000 - 0x00007ff82edfb000 	C:\Windows\System32\gdi32full.dll
0x00007ff82e7c0000 - 0x00007ff82e863000 	C:\Windows\System32\msvcp_win.dll
0x00007ff829ee0000 - 0x00007ff829efb000 	C:\Program Files\Android\Android Studio\jbr\bin\VCRUNTIME140.dll
0x00007ff815560000 - 0x00007ff8157f3000 	C:\Windows\WinSxS\amd64_microsoft.windows.common-controls_6595b64144ccf1df_6.0.26100.8115_none_3e075c82e3354f9c\COMCTL32.dll
0x00007ff82ff40000 - 0x00007ff82ffe9000 	C:\Windows\System32\msvcrt.dll
0x00007ff82f310000 - 0x00007ff82f342000 	C:\Windows\System32\IMM32.DLL
0x00007ff829f00000 - 0x00007ff829f0c000 	C:\Program Files\Android\Android Studio\jbr\bin\vcruntime140_1.dll
0x00007fff8d5c0000 - 0x00007fff8d64d000 	C:\Program Files\Android\Android Studio\jbr\bin\msvcp140.dll
0x00007fff7ce70000 - 0x00007fff7db06000 	C:\Program Files\Android\Android Studio\jbr\bin\server\jvm.dll
0x00007ff830aa0000 - 0x00007ff830b56000 	C:\Windows\System32\ADVAPI32.dll
0x00007ff8308f0000 - 0x00007ff830997000 	C:\Windows\System32\sechost.dll
0x00007ff830140000 - 0x00007ff830258000 	C:\Windows\System32\RPCRT4.dll
0x00007ff82fc20000 - 0x00007ff82fca0000 	C:\Windows\System32\WS2_32.dll
0x00007ff82d830000 - 0x00007ff82d88e000 	C:\Windows\SYSTEM32\POWRPROF.dll
0x00007ff828a20000 - 0x00007ff828a56000 	C:\Windows\SYSTEM32\WINMM.dll
0x00007ff819800000 - 0x00007ff81980b000 	C:\Windows\SYSTEM32\VERSION.dll
0x00007ff82d810000 - 0x00007ff82d824000 	C:\Windows\SYSTEM32\UMPDC.dll
0x00007ff82c760000 - 0x00007ff82c77b000 	C:\Windows\SYSTEM32\kernel.appcore.dll
0x00007ff825f20000 - 0x00007ff825f2a000 	C:\Program Files\Android\Android Studio\jbr\bin\jimage.dll
0x00007ff82b5e0000 - 0x00007ff82b822000 	C:\Windows\SYSTEM32\DBGHELP.DLL
0x00007ff830b60000 - 0x00007ff830ee2000 	C:\Windows\System32\combase.dll
0x00007ff82fcb0000 - 0x00007ff82fd88000 	C:\Windows\System32\OLEAUT32.dll
0x00007ff814820000 - 0x00007ff81485b000 	C:\Windows\SYSTEM32\dbgcore.DLL
0x00007ff82ea10000 - 0x00007ff82eab5000 	C:\Windows\System32\bcryptPrimitives.dll
0x00007ff80e790000 - 0x00007ff80e79e000 	C:\Program Files\Android\Android Studio\jbr\bin\instrument.dll
0x00007ff811fb0000 - 0x00007ff811fd0000 	C:\Program Files\Android\Android Studio\jbr\bin\java.dll
0x00007ff80e5d0000 - 0x00007ff80e5e8000 	C:\Program Files\Android\Android Studio\jbr\bin\zip.dll
0x00007ff82f4b0000 - 0x00007ff82fc17000 	C:\Windows\System32\SHELL32.dll
0x00007ff82e870000 - 0x00007ff82e9da000 	C:\Windows\System32\wintypes.dll
0x00007ff82df50000 - 0x00007ff82e7b8000 	C:\Windows\System32\windows.storage.dll
0x00007ff8307e0000 - 0x00007ff8308d8000 	C:\Windows\System32\SHCORE.dll
0x00007ff830260000 - 0x00007ff8302c6000 	C:\Windows\System32\shlwapi.dll
0x00007ff82d8f0000 - 0x00007ff82d919000 	C:\Windows\SYSTEM32\profapi.dll
0x00007ff825e30000 - 0x00007ff825e40000 	C:\Program Files\Android\Android Studio\jbr\bin\net.dll
0x00007ff81cfb0000 - 0x00007ff81d0dd000 	C:\Windows\SYSTEM32\WINHTTP.dll
0x00007ff82ccd0000 - 0x00007ff82cd3c000 	C:\Windows\system32\mswsock.dll
0x00007ff80e5b0000 - 0x00007ff80e5c6000 	C:\Program Files\Android\Android Studio\jbr\bin\nio.dll
0x00007ff8126d0000 - 0x00007ff8126e0000 	C:\Program Files\Android\Android Studio\jbr\bin\verify.dll
0x00007fffe84f0000 - 0x00007fffe8517000 	C:\Users\DELL\.gradle\native\660c5614fbf4a5f2a75b1949f50a0caf5cd603558e7d8a26e50b933a0cfb79d1\windows-amd64\native-platform.dll
0x00007fff8b550000 - 0x00007fff8b5c7000 	C:\Users\DELL\.gradle\native\0.2.8\x86_64-windows-gnu\gradle-fileevents.dll
0x00007ff81b670000 - 0x00007ff81b679000 	C:\Program Files\Android\Android Studio\jbr\bin\management.dll
0x00007ff817910000 - 0x00007ff81791b000 	C:\Program Files\Android\Android Studio\jbr\bin\management_ext.dll
0x00007ff82efc0000 - 0x00007ff82efc8000 	C:\Windows\System32\PSAPI.DLL
0x00007ff82c1b0000 - 0x00007ff82c1e2000 	C:\Windows\SYSTEM32\IPHLPAPI.DLL
0x00007ff8308e0000 - 0x00007ff8308ea000 	C:\Windows\System32\NSI.dll
0x00007ff825e00000 - 0x00007ff825e09000 	C:\Program Files\Android\Android Studio\jbr\bin\extnet.dll
0x00007ff82cfb0000 - 0x00007ff82cfcb000 	C:\Windows\SYSTEM32\CRYPTSP.dll
0x00007ff82c6c0000 - 0x00007ff82c6f9000 	C:\Windows\system32\rsaenh.dll
0x00007ff82cd80000 - 0x00007ff82cdb3000 	C:\Windows\SYSTEM32\USERENV.dll
0x00007ff82d8c0000 - 0x00007ff82d8ea000 	C:\Windows\SYSTEM32\bcrypt.dll
0x00007ff82cfd0000 - 0x00007ff82cfdc000 	C:\Windows\SYSTEM32\CRYPTBASE.dll
0x00007ff80ee10000 - 0x00007ff80ee18000 	C:\Windows\system32\wshunix.dll

JVMTI agents:
C:\Users\DELL\.gradle\wrapper\dists\gradle-9.3.1-bin\23ovyewtku6u96viwx3xl3oks\gradle-9.3.1\lib\agents\gradle-instrumentation-agent-9.3.1.jar path:C:\Program Files\Android\Android Studio\jbr\bin\instrument.dll, loaded, initialized, instrumentlib options:none

dbghelp: loaded successfully - version: 4.0.5 - missing functions: none
symbol engine: initialized successfully - sym options: 0x614 - pdb path: .;C:\Program Files\Android\Android Studio\jbr\bin;C:\Windows\SYSTEM32;C:\Windows\WinSxS\amd64_microsoft.windows.common-controls_6595b64144ccf1df_6.0.26100.8115_none_3e075c82e3354f9c;C:\Program Files\Android\Android Studio\jbr\bin\server;C:\Users\DELL\.gradle\native\660c5614fbf4a5f2a75b1949f50a0caf5cd603558e7d8a26e50b933a0cfb79d1\windows-amd64;C:\Users\DELL\.gradle\native\0.2.8\x86_64-windows-gnu

VM Arguments:
jvm_args: --add-opens=java.base/java.lang=ALL-UNNAMED --add-opens=java.base/java.lang.invoke=ALL-UNNAMED --add-opens=java.base/java.util=ALL-UNNAMED --add-opens=java.prefs/java.util.prefs=ALL-UNNAMED --add-exports=jdk.compiler/com.sun.tools.javac.api=ALL-UNNAMED --add-exports=jdk.compiler/com.sun.tools.javac.util=ALL-UNNAMED --add-opens=java.base/java.util=ALL-UNNAMED --add-opens=java.prefs/java.util.prefs=ALL-UNNAMED --add-opens=java.base/java.nio.charset=ALL-UNNAMED --add-opens=java.base/java.net=ALL-UNNAMED --add-opens=java.base/java.util.concurrent=ALL-UNNAMED --add-opens=java.base/java.util.concurrent.atomic=ALL-UNNAMED --add-opens=java.xml/javax.xml.namespace=ALL-UNNAMED --add-opens=java.base/java.time=ALL-UNNAMED -Xmx2048m -Dfile.encoding=UTF-8 -Duser.country=US -Duser.language=en -Duser.variant -javaagent:C:\Users\DELL\.gradle\wrapper\dists\gradle-9.3.1-bin\23ovyewtku6u96viwx3xl3oks\gradle-9.3.1\lib\agents\gradle-instrumentation-agent-9.3.1.jar 
java_command: org.gradle.launcher.daemon.bootstrap.GradleDaemon 9.3.1
java_class_path (initial): C:\Users\DELL\.gradle\wrapper\dists\gradle-9.3.1-bin\23ovyewtku6u96viwx3xl3oks\gradle-9.3.1\lib\gradle-daemon-main-9.3.1.jar
Launcher Type: SUN_STANDARD

[Global flags]
     intx CICompilerCount                          = 4                                         {product} {ergonomic}
     uint ConcGCThreads                            = 3                                         {product} {ergonomic}
     uint G1ConcRefinementThreads                  = 10                                        {product} {ergonomic}
   size_t G1HeapRegionSize                         = 1048576                                   {product} {ergonomic}
    uintx GCDrainStackTargetSize                   = 64                                        {product} {ergonomic}
   size_t InitialHeapSize                          = 264241152                                 {product} {ergonomic}
   size_t MarkStackSize                            = 4194304                                   {product} {ergonomic}
   size_t MaxHeapSize                              = 2147483648                                {product} {command line}
   size_t MaxNewSize                               = 1287651328                                {product} {ergonomic}
   size_t MinHeapDeltaBytes                        = 1048576                                   {product} {ergonomic}
   size_t MinHeapSize                              = 8388608                                   {product} {ergonomic}
    uintx NonNMethodCodeHeapSize                   = 5839372                                {pd product} {ergonomic}
    uintx NonProfiledCodeHeapSize                  = 122909434                              {pd product} {ergonomic}
    uintx ProfiledCodeHeapSize                     = 122909434                              {pd product} {ergonomic}
    uintx ReservedCodeCacheSize                    = 251658240                              {pd product} {ergonomic}
     bool SegmentedCodeCache                       = true                                      {product} {ergonomic}
   size_t SoftMaxHeapSize                          = 2147483648                             {manageable} {ergonomic}
     bool UseCompressedOops                        = true                           {product lp64_product} {ergonomic}
     bool UseG1GC                                  = true                                      {product} {ergonomic}
     bool UseLargePagesIndividualAllocation        = false                                  {pd product} {ergonomic}

Logging:
Log output configuration:
 #0: stdout all=warning uptime,level,tags foldmultilines=false
 #1: stderr all=off uptime,level,tags foldmultilines=false

Release file:
JAVA_VERSION="21.0.9" 
MODULES="java.base java.compiler java.datatransfer java.xml java.prefs java.desktop java.instrument java.logging java.management java.security.sasl java.naming java.rmi java.management.rmi java.net.http java.scripting java.security.jgss java.transaction.xa java.sql java.sql.rowset java.xml.crypto java.se java.smartcardio jdk.accessibility jdk.internal.jvmstat jdk.attach jdk.charsets jdk.internal.opt jdk.zipfs jdk.compiler jdk.crypto.ec jdk.crypto.cryptoki jdk.dynalink jdk.hotspot.agent jdk.httpserver jdk.internal.ed jdk.internal.le jdk.internal.vm.ci jdk.jartool jdk.javadoc jdk.jcmd jdk.jdeps jdk.jdwp.agent jdk.jdi jdk.jfr jdk.jlink jdk.jsobject jdk.localedata jdk.management jdk.management.agent jdk.management.jfr jdk.naming.dns jdk.naming.rmi jdk.net jdk.sctp jdk.security.auth jdk.security.jgss jdk.unsupported jdk.unsupported.desktop jdk.xml.dom" 
IMPLEMENTOR="JetBrains s.r.o." 
JAVA_RUNTIME_VERSION="21.0.9+-14787801-b1163.94" 
LIBC="default" 
OS_ARCH="x86_64" 
OS_NAME="Windows" 
SOURCE=".:git:0c757ddc9f2f" 

Environment Variables:
PATH=C:\Program Files (x86)\Common Files\Oracle\Java\java8path;C:\Program Files (x86)\Common Files\Oracle\Java\javapath;C:\Program Files\Microsoft MPI\Bin\;C:\Windows\system32;C:\Windows;C:\Windows\System32\Wbem;C:\Windows\System32\WindowsPowerShell\v1.0\;C:\Windows\System32\OpenSSH\;C:\Program Files\dotnet\;C:\msys64\ucrt64\bin;C:\Program Files (x86)\Windows Kits\10\Windows Performance Toolkit\;C:\Program Files (x86)\Microsoft SQL Server\160\Tools\Binn\;C:\Program Files\Microsoft SQL Server\160\Tools\Binn\;C:\Program Files\Microsoft SQL Server\Client SDK\ODBC\170\Tools\Binn\;C:\Program Files\Microsoft SQL Server\160\DTS\Binn\;C:\Program Files (x86)\Microsoft SQL Server\160\DTS\Binn\;C:\Program Files\Microsoft SQL Server\170\DTS\Binn\;C:\Program Files\Git\cmd;C:\Users\DELL\AppData\Local\Muse Hub\lib;C:\Program Files\PuTTY\;C:\Program Files\nodejs\;C:\Program Files\Void\bin;C:\Program Files\MySQL\MySQL Shell 8.0\bin\;C:\Users\DELL\AppData\Local\Programs\Python\Python310\Scripts\;C:\Users\DELL\AppData\Local\Programs\Python\Python310\;C:\Users\DELL\AppData\Local\Microsoft\WindowsApps;C:\Users\DELL\.dotnet\tools;C:\Users\DELL\AppData\Local\Programs\Microsoft VS Code\bin;C:\Users\DELL\AppData\Local\Pandoc\;C:\Users\DELL\AppData\Roaming\npm;C:\Program Files\MySQL\MySQL Server 8.0\bin;C:\Users\DELL\AppData\Local\Programs\cursor\resources\app\bin;C:\Users\DELL\AppData\Local\Programs\Antigravity\bin
USERNAME=DELL
OS=Windows_NT
PROCESSOR_IDENTIFIER=Intel64 Family 6 Model 154 Stepping 4, GenuineIntel
TMP=C:\Users\DELL\AppData\Local\Temp
TEMP=C:\Users\DELL\AppData\Local\Temp




Periodic native trim disabled

JNI global refs:
JNI global refs: 28, weak refs: 0

JNI global refs memory usage: 835, weak refs: 833

Process memory usage:
Resident Set Size: 776000K (4% of 16454388K total physical memory with 780452K free physical memory)

OOME stack traces (most recent first):
Classloader memory used:
Loader org.gradle.internal.classloader.VisitableURLClassLoader$InstrumentingVisitableURLClassLoader: 65445K
Loader org.gradle.internal.classloader.VisitableURLClassLoader                         : 45834K
Loader bootstrap                                                                       : 31989K
Loader org.gradle.initialization.MixInLegacyTypesClassLoader                           : 13005K
Loader jdk.internal.reflect.DelegatingClassLoader                                      : 547K
Loader jdk.internal.loader.ClassLoaders$PlatformClassLoader                            : 430K
Loader org.gradle.groovy.scripts.internal.DefaultScriptCompilationHandler$ScriptClassLoader: 272K
Loader jdk.internal.loader.ClassLoaders$AppClassLoader                                 : 231K
Loader org.gradle.internal.classloader.VisitableURLClassLoader                         : 34232B

Classes loaded by more than one classloader:
Class com.google.common.io.LineReader                                                 : loaded 2 times (x 72B)
Class com.google.common.base.PairwiseEquivalence                                      : loaded 2 times (x 83B)
Class com.google.common.base.Equivalence$Identity                                     : loaded 2 times (x 82B)
Class com.google.common.collect.RegularImmutableMap$KeySet                            : loaded 2 times (x 152B)
Class org.gradle.internal.classloader.FilteringClassLoader                            : loaded 2 times (x 105B)
Class [Lcom.google.common.collect.MapMakerInternalMap$Segment;                        : loaded 2 times (x 69B)
Class com.google.common.io.FileWriteMode                                              : loaded 2 times (x 79B)
Class [Lcom.google.common.base.AbstractIterator$State;                                : loaded 2 times (x 69B)
Class com.google.common.base.CharMatcher$IsEither                                     : loaded 2 times (x 111B)
Class org.gradle.internal.classloader.ClassLoaderHierarchy                            : loaded 2 times (x 70B)
Class build_vum9lm4dgnnr9clfhb7twf98$_run_closure1                                    : loaded 2 times (x 139B)
Class com.google.common.collect.AbstractMapBasedMultimap$WrappedCollection            : loaded 2 times (x 124B)
Class com.google.common.collect.ImmutableEnumSet                                      : loaded 2 times (x 146B)
Class com.google.common.util.concurrent.ExecutionError                                : loaded 2 times (x 82B)
Class com.google.common.collect.ImmutableList$1                                       : loaded 2 times (x 97B)
Class ijJvmDebugger1_858lgih2bb2q0e27cpsinjh49$_run_closure1                          : loaded 2 times (x 139B)
Class org.gradle.api.internal.classpath.ManifestUtil                                  : loaded 2 times (x 71B)
Class com.google.common.io.ByteArrayDataOutput                                        : loaded 2 times (x 70B)
Class com.google.common.collect.RegularImmutableMap                                   : loaded 2 times (x 121B)
Class com.google.common.collect.ImmutableMap$MapViewOfValuesAsSingletonSets           : loaded 2 times (x 126B)
Class com.google.common.collect.TransformedListIterator                               : loaded 2 times (x 93B)
Class [Lorg.objectweb.asm.Symbol;                                                     : loaded 2 times (x 69B)
Class org.objectweb.asm.ClassVisitor                                                  : loaded 2 times (x 88B)
Class com.google.common.collect.UnmodifiableListIterator                              : loaded 2 times (x 95B)
Class com.google.common.collect.MapMakerInternalMap$StrongKeyDummyValueEntry$LinkedStrongKeyDummyValueEntry: loaded 2 times (x 82B)
Class com.google.common.collect.MapMakerInternalMap$Strength                          : loaded 2 times (x 80B)
Class com.google.common.base.Platform$JdkPatternCompiler                              : loaded 2 times (x 75B)
Class org.objectweb.asm.MethodTooLargeException                                       : loaded 2 times (x 83B)
Class [Lcom.google.common.cache.CacheBuilder$OneWeigher;                              : loaded 2 times (x 69B)
Class com.google.common.base.Suppliers                                                : loaded 2 times (x 71B)
Class org.gradle.internal.classloader.DefaultClassLoaderFactory                       : loaded 2 times (x 82B)
Class [Lcom.google.common.collect.AbstractIterator$State;                             : loaded 2 times (x 69B)
Class com.google.common.base.CharMatcher$None                                         : loaded 2 times (x 112B)
Class org.gradle.internal.classloader.ClassLoaderVisitor                              : loaded 2 times (x 76B)
Class [Lcom.google.common.collect.ImmutableMapEntry;                                  : loaded 2 times (x 69B)
Class org.gradle.api.internal.classpath.EffectiveClassPath                            : loaded 2 times (x 90B)
Class com.google.common.collect.ListMultimap                                          : loaded 2 times (x 70B)
Class com.google.common.collect.ImmutableEnumMap                                      : loaded 2 times (x 126B)
Class com.google.common.base.Splitter                                                 : loaded 2 times (x 72B)
Class com.google.common.collect.Sets$1                                                : loaded 2 times (x 139B)
Class org.objectweb.asm.AnnotationVisitor                                             : loaded 2 times (x 78B)
Class org.gradle.api.internal.DefaultClassPathProvider                                : loaded 2 times (x 76B)
Class [Lcom.google.common.base.Function;                                              : loaded 2 times (x 69B)
Class com.google.common.collect.MapMakerInternalMap$Strength$1                        : loaded 2 times (x 80B)
Class com.google.common.collect.Maps$ViewCachingAbstractMap                           : loaded 2 times (x 125B)
Class com.google.common.collect.Sets$2                                                : loaded 2 times (x 139B)
Class [Lorg.gradle.api.internal.ClassPathProvider;                                    : loaded 2 times (x 69B)
Class org.gradle.api.internal.ClassPathProvider                                       : loaded 2 times (x 70B)
Class com.google.common.collect.MapMakerInternalMap$Strength$2                        : loaded 2 times (x 80B)
Class com.google.common.base.AbstractIterator$State                                   : loaded 2 times (x 79B)
Class [Lorg.objectweb.asm.AnnotationVisitor;                                          : loaded 2 times (x 69B)
Class com.google.common.collect.Sets$3                                                : loaded 2 times (x 139B)
Class com.google.common.cache.LocalCache$LocalLoadingCache                            : loaded 2 times (x 134B)
Class org.gradle.internal.service.UnknownServiceException                             : loaded 2 times (x 83B)
Class com.google.common.io.ByteArrayDataInput                                         : loaded 2 times (x 70B)
Class com.google.common.collect.MapMakerInternalMap$StrongValueEntry                  : loaded 2 times (x 70B)
Class com.google.common.collect.Sets$4                                                : loaded 2 times (x 139B)
Class org.objectweb.asm.ModuleVisitor                                                 : loaded 2 times (x 81B)
Class com.google.common.cache.LocalCache$Strength$1                                   : loaded 2 times (x 81B)
Class com.google.common.collect.Collections2$FilteredCollection                       : loaded 2 times (x 119B)
Class com.google.common.util.concurrent.SettableFuture                                : loaded 2 times (x 114B)
Class com.google.common.cache.LocalCache$Strength$2                                   : loaded 2 times (x 81B)
Class [Lcom.google.common.collect.Maps$EntryFunction;                                 : loaded 2 times (x 69B)
Class com.google.common.io.ByteStreams                                                : loaded 2 times (x 71B)
Class com.google.common.collect.Interners$InternerImpl                                : loaded 2 times (x 75B)
Class com.google.common.collect.Interner                                              : loaded 2 times (x 70B)
Class com.google.common.collect.TransformedIterator                                   : loaded 2 times (x 80B)
Class com.google.common.base.Splitter$1                                               : loaded 2 times (x 77B)
Class com.google.common.cache.LocalCache$Strength$3                                   : loaded 2 times (x 81B)
Class com.google.common.collect.MapDifference                                         : loaded 2 times (x 70B)
Class com.google.common.collect.MapMaker$Dummy                                        : loaded 2 times (x 79B)
Class org.objectweb.asm.FieldWriter                                                   : loaded 2 times (x 78B)
Class com.google.common.cache.CacheBuilder$NullListener                               : loaded 2 times (x 82B)
Class org.gradle.internal.classpath.TransformedClassPath                              : loaded 2 times (x 96B)
Class org.gradle.internal.classloader.InstrumentingClassLoader                        : loaded 2 times (x 70B)
Class com.google.common.collect.Maps$IteratorBasedAbstractMap$1                       : loaded 2 times (x 138B)
Class com.google.common.collect.ImmutableListMultimap                                 : loaded 2 times (x 176B)
Class com.google.common.cache.CacheLoader$FunctionToCacheLoader                       : loaded 2 times (x 75B)
Class com.google.common.collect.Iterators$ArrayItr                                    : loaded 2 times (x 97B)
Class com.google.common.collect.ImmutableCollection$Builder                           : loaded 2 times (x 76B)
Class com.google.common.collect.EmptyImmutableListMultimap                            : loaded 2 times (x 176B)
Class com.google.common.collect.BaseImmutableMultimap                                 : loaded 2 times (x 123B)
Class com.google.common.base.Joiner                                                   : loaded 2 times (x 79B)
Class com.google.common.base.MoreObjects                                              : loaded 2 times (x 71B)
Class com.google.common.collect.Platform                                              : loaded 2 times (x 71B)
Class [Lorg.objectweb.asm.Type;                                                       : loaded 2 times (x 69B)
Class com.google.common.collect.UnmodifiableIterator                                  : loaded 2 times (x 80B)
Class org.gradle.internal.service.ServiceLocator                                      : loaded 2 times (x 70B)
Class com.google.common.base.Ascii                                                    : loaded 2 times (x 71B)
Class com.google.common.collect.SingletonImmutableBiMap                               : loaded 2 times (x 143B)
Class com.google.common.cache.LocalCache$1                                            : loaded 2 times (x 89B)
Class com.google.common.collect.Iterators$SingletonIterator                           : loaded 2 times (x 81B)
Class com.google.common.collect.AbstractMapEntry                                      : loaded 2 times (x 81B)
Class settings_cqu13lbp78xniu3qlwonyc3q3                                              : loaded 2 times (x 171B)
Class com.google.common.collect.MapMakerInternalMap$AbstractStrongKeyEntry            : loaded 2 times (x 80B)
Class com.google.common.collect.Sets$ImprovedAbstractSet                              : loaded 2 times (x 135B)
Class com.google.common.collect.ImmutableList$Builder                                 : loaded 2 times (x 77B)
Class com.google.common.collect.AbstractMultimap                                      : loaded 2 times (x 123B)
Class com.google.common.cache.LocalCache$2                                            : loaded 2 times (x 142B)
Class ijJvmDebugger1_858lgih2bb2q0e27cpsinjh49$_run_closure1$_closure2                : loaded 2 times (x 140B)
Class com.google.common.collect.RegularImmutableAsList                                : loaded 2 times (x 217B)
Class com.google.common.base.Optional                                                 : loaded 2 times (x 80B)
Class com.google.common.util.concurrent.AbstractFuture$Trusted                        : loaded 2 times (x 70B)
Class com.google.common.collect.Iterators                                             : loaded 2 times (x 71B)
Class com.google.common.io.ByteSink$AsCharSink                                        : loaded 2 times (x 80B)
Class com.google.common.collect.Lists$StringAsImmutableList                           : loaded 2 times (x 207B)
Class com.google.common.util.concurrent.UncheckedExecutionException                   : loaded 2 times (x 82B)
Class com.google.common.collect.AbstractMapBasedMultimap$KeySet$1                     : loaded 2 times (x 82B)
Class org.objectweb.asm.ClassWriter                                                   : loaded 2 times (x 106B)
Class com.google.common.base.CharMatcher$And                                          : loaded 2 times (x 112B)
Class com.google.common.cache.CacheLoader$UnsupportedLoadingOperationException        : loaded 2 times (x 82B)
Class org.gradle.internal.classloader.ClasspathUtil$1                                 : loaded 2 times (x 76B)
Class com.google.common.collect.FluentIterable$1                                      : loaded 2 times (x 81B)
Class com.google.common.base.Objects                                                  : loaded 2 times (x 71B)
Class org.objectweb.asm.FieldVisitor                                                  : loaded 2 times (x 77B)
Class com.google.common.collect.IndexedImmutableSet                                   : loaded 2 times (x 152B)
Class com.google.common.collect.ImmutableMap$1                                        : loaded 2 times (x 81B)
Class com.google.common.collect.BiMap                                                 : loaded 2 times (x 70B)
Class org.gradle.api.internal.classpath.DefaultModuleRegistry$DefaultModule           : loaded 2 times (x 86B)
Class com.google.common.base.Absent                                                   : loaded 2 times (x 80B)
Class com.google.common.collect.FluentIterable$2                                      : loaded 2 times (x 81B)
Class com.google.common.primitives.Ints                                               : loaded 2 times (x 71B)
Class com.google.common.collect.AbstractIterator                                      : loaded 2 times (x 82B)
Class com.google.common.collect.FluentIterable$3                                      : loaded 2 times (x 81B)
Class com.google.common.collect.ObjectArrays                                          : loaded 2 times (x 71B)
Class com.google.common.math.MathPreconditions                                        : loaded 2 times (x 71B)
Class com.google.common.collect.Multiset                                              : loaded 2 times (x 70B)
Class com.google.common.collect.ArrayListMultimapGwtSerializationDependencies         : loaded 2 times (x 172B)
Class com.google.common.collect.AbstractIndexedListIterator                           : loaded 2 times (x 96B)
Class com.google.common.collect.ImmutableMapEntrySet                                  : loaded 2 times (x 152B)
Class org.gradle.api.internal.classpath.Module                                        : loaded 2 times (x 70B)
Class com.google.common.cache.Weigher                                                 : loaded 2 times (x 70B)
Class org.gradle.api.internal.classpath.UnknownModuleException                        : loaded 2 times (x 82B)
Class com.google.common.base.Stopwatch                                                : loaded 2 times (x 72B)
Class com.google.common.cache.LocalCache$Strength                                     : loaded 2 times (x 81B)
Class com.google.common.cache.Cache                                                   : loaded 2 times (x 70B)
Class com.google.common.io.AppendableWriter                                           : loaded 2 times (x 100B)
Class com.google.common.base.NullnessCasts                                            : loaded 2 times (x 71B)
Class com.google.common.util.concurrent.AbstractFuture$Cancellation                   : loaded 2 times (x 72B)
Class com.google.common.collect.ImmutableMap$Builder                                  : loaded 2 times (x 82B)
Class com.google.common.collect.Maps$EntryFunction$1                                  : loaded 2 times (x 91B)
Class com.google.common.base.Present                                                  : loaded 2 times (x 81B)
Class com.google.common.collect.AbstractMapBasedMultimap$WrappedCollection$WrappedIterator: loaded 2 times (x 84B)
Class com.google.common.cache.RemovalListener                                         : loaded 2 times (x 70B)
Class org.gradle.api.internal.DefaultClassPathRegistry                                : loaded 2 times (x 76B)
Class com.google.common.collect.Maps$EntryFunction$2                                  : loaded 2 times (x 91B)
Class com.google.common.collect.ImmutableMultimap$Keys                                : loaded 2 times (x 166B)
Class com.google.common.primitives.IntsMethodsForWeb                                  : loaded 2 times (x 71B)
Class com.google.common.collect.Multimap                                              : loaded 2 times (x 70B)
Class org.gradle.api.internal.ClassPathRegistry                                       : loaded 2 times (x 70B)
Class org.gradle.internal.classpath.DefaultClassPath$ImmutableUniqueList              : loaded 2 times (x 199B)
Class com.google.common.collect.NullnessCasts                                         : loaded 2 times (x 71B)
Class com.google.common.collect.MapMakerInternalMap$Segment                           : loaded 2 times (x 142B)
Class com.google.common.base.ExtraObjectsMethodsForWeb                                : loaded 2 times (x 71B)
Class com.google.common.io.ByteSink                                                   : loaded 2 times (x 76B)
Class com.google.common.cache.CacheBuilder                                            : loaded 2 times (x 72B)
Class com.google.common.collect.SingletonImmutableList                                : loaded 2 times (x 207B)
Class org.gradle.internal.classpath.ClassPath                                         : loaded 2 times (x 70B)
Class com.google.common.collect.Interners$InternerBuilder                             : loaded 2 times (x 76B)
Class com.google.common.io.Files$FileByteSource                                       : loaded 2 times (x 85B)
Class com.google.common.base.JdkPattern                                               : loaded 2 times (x 75B)
Class com.google.common.collect.ImmutableList$ReverseImmutableList                    : loaded 2 times (x 209B)
Class com.google.common.io.CharStreams$NullWriter                                     : loaded 2 times (x 99B)
Class org.objectweb.asm.SymbolTable$Entry                                             : loaded 2 times (x 74B)
Class org.objectweb.asm.Edge                                                          : loaded 2 times (x 72B)
Class com.google.common.base.Suppliers$SupplierOfInstance                             : loaded 2 times (x 79B)
Class com.google.common.collect.Iterators$1                                           : loaded 2 times (x 81B)
Class com.google.common.cache.LocalCache$ComputingValueReference                      : loaded 2 times (x 96B)
Class com.google.common.collect.SingletonImmutableSet                                 : loaded 2 times (x 146B)
Class com.google.common.collect.ImmutableMap$IteratorBasedImmutableMap                : loaded 2 times (x 126B)
Class build_vum9lm4dgnnr9clfhb7twf98                                                  : loaded 2 times (x 172B)
Class com.google.common.cache.LocalCache$Segment                                      : loaded 2 times (x 154B)
Class com.google.common.collect.AbstractListMultimap                                  : loaded 2 times (x 172B)
Class [Lorg.objectweb.asm.SymbolTable$Entry;                                          : loaded 2 times (x 69B)
Class com.google.common.cache.CacheLoader                                             : loaded 2 times (x 74B)
Class com.google.common.collect.Iterators$4                                           : loaded 2 times (x 82B)
Class com.google.common.collect.ImmutableBiMap                                        : loaded 2 times (x 143B)
Class org.gradle.api.internal.classpath.ModuleRegistry                                : loaded 2 times (x 70B)
Class org.gradle.internal.installation.GradleInstallation$1                           : loaded 2 times (x 75B)
Class com.google.common.base.Splitter$SplittingIterator                               : loaded 2 times (x 84B)
Class com.google.common.collect.ImmutableSet$JdkBackedSetBuilderImpl                  : loaded 2 times (x 76B)
Class com.google.common.util.concurrent.internal.InternalFutureFailureAccess          : loaded 2 times (x 72B)
Class com.google.common.collect.Iterators$5                                           : loaded 2 times (x 82B)
Class com.google.common.collect.Iterators$6                                           : loaded 2 times (x 81B)
Class com.google.common.collect.ImmutableMultimap$Values                              : loaded 2 times (x 126B)
Class com.google.common.base.CharMatcher$ForPredicate                                 : loaded 2 times (x 112B)
Class com.google.common.cache.LocalCache$LocalManualCache$1                           : loaded 2 times (x 75B)
Class ijKotlinCoroutineJvmDebugInit1_7ur5bwen8i9sx3ssfdbh6sgvx$_run_closure1$_closure2: loaded 2 times (x 139B)
Class com.google.common.base.CharMatcher$AnyOf                                        : loaded 2 times (x 112B)
Class com.google.common.collect.ImmutableCollection                                   : loaded 2 times (x 125B)
Class org.gradle.api.internal.classpath.DefaultModuleRegistry                         : loaded 2 times (x 86B)
Class com.google.common.collect.Lists                                                 : loaded 2 times (x 71B)
Class com.google.common.util.concurrent.ListenableFuture                              : loaded 2 times (x 70B)
Class com.google.common.cache.ReferenceEntry                                          : loaded 2 times (x 70B)
Class com.google.common.base.Converter                                                : loaded 2 times (x 90B)
Class com.google.common.collect.ImmutableSet$CachingAsList                            : loaded 2 times (x 148B)
Class com.google.common.collect.AbstractMapBasedMultimap                              : loaded 2 times (x 139B)
Class com.google.common.util.concurrent.AbstractFuture                                : loaded 2 times (x 106B)
Class com.google.common.base.FunctionalEquivalence                                    : loaded 2 times (x 83B)
Class com.google.common.collect.Iterators$9                                           : loaded 2 times (x 81B)
Class com.google.common.collect.ImmutableAsList                                       : loaded 2 times (x 209B)
Class com.google.common.io.CharStreams                                                : loaded 2 times (x 71B)
Class com.google.common.collect.ImmutableMultiset                                     : loaded 2 times (x 163B)
Class org.objectweb.asm.RecordComponentVisitor                                        : loaded 2 times (x 77B)
Class com.google.common.cache.CacheLoader$SupplierToCacheLoader                       : loaded 2 times (x 75B)
Class com.google.common.collect.Maps$EntryTransformer                                 : loaded 2 times (x 70B)
Class org.gradle.internal.service.ServiceLookupException                              : loaded 2 times (x 82B)
Class [Lcom.google.common.cache.LocalCache$EntryFactory;                              : loaded 2 times (x 69B)
Class org.gradle.internal.classloader.ClassLoaderFactory                              : loaded 2 times (x 70B)
Class com.google.common.base.CommonPattern                                            : loaded 2 times (x 74B)
Class com.google.common.base.CharMatcher$IsNot                                        : loaded 2 times (x 111B)
Class com.google.common.cache.LocalCache$LocalManualCache                             : loaded 2 times (x 99B)
Class org.gradle.internal.service.CachingServiceLocator                               : loaded 2 times (x 82B)
Class com.google.common.collect.AbstractMapBasedMultimap$KeySet                       : loaded 2 times (x 137B)
Class com.google.common.math.IntMath                                                  : loaded 2 times (x 71B)
Class com.google.common.collect.MapMakerInternalMap$InternalEntry                     : loaded 2 times (x 70B)
Class com.google.common.collect.ImmutableMapEntry                                     : loaded 2 times (x 85B)
Class com.google.common.base.Predicates                                               : loaded 2 times (x 71B)
Class com.google.common.collect.ImmutableMultimap                                     : loaded 2 times (x 147B)
Class com.google.common.base.Equivalence                                              : loaded 2 times (x 82B)
Class com.google.common.base.Function                                                 : loaded 2 times (x 70B)
Class com.google.common.collect.ImmutableMapEntry$NonTerminalImmutableMapEntry        : loaded 2 times (x 85B)
Class com.google.common.collect.IndexedImmutableSet$1                                 : loaded 2 times (x 213B)
Class com.google.common.cache.CacheBuilder$OneWeigher                                 : loaded 2 times (x 82B)
Class com.google.common.collect.RegularImmutableList                                  : loaded 2 times (x 213B)
Class com.google.common.collect.Maps$EntryFunction                                    : loaded 2 times (x 91B)
Class org.gradle.internal.classloader.ClasspathUtil                                   : loaded 2 times (x 71B)
Class com.google.common.util.concurrent.Uninterruptibles                              : loaded 2 times (x 71B)
Class com.google.common.util.concurrent.LazyLogger                                    : loaded 2 times (x 72B)
Class com.google.common.collect.Maps                                                  : loaded 2 times (x 71B)
Class org.gradle.api.specs.Spec                                                       : loaded 2 times (x 70B)
Class com.google.common.collect.MapMaker                                              : loaded 2 times (x 72B)
Class [Lcom.google.common.collect.ImmutableEntry;                                     : loaded 2 times (x 69B)
Class com.google.common.collect.Sets$3$1                                              : loaded 2 times (x 82B)
Class com.google.common.cache.LocalCache$LoadingValueReference                        : loaded 2 times (x 96B)
Class com.google.common.collect.MapMakerInternalMap$StrongKeyDummyValueEntry          : loaded 2 times (x 82B)
Class com.google.common.io.LineReader$1                                               : loaded 2 times (x 75B)
Class com.google.common.collect.CollectSpliterators                                   : loaded 2 times (x 71B)
Class com.google.common.collect.AbstractMapBasedMultimap$AsMap                        : loaded 2 times (x 128B)
Class com.google.common.base.Platform                                                 : loaded 2 times (x 71B)
Class com.google.common.collect.AbstractMapBasedMultimap$WrappedList                  : loaded 2 times (x 205B)
Class [Lorg.objectweb.asm.AnnotationWriter;                                           : loaded 2 times (x 69B)
Class com.google.common.collect.Maps$8                                                : loaded 2 times (x 82B)
Class com.google.common.base.Predicates$CompositionPredicate                          : loaded 2 times (x 88B)
Class com.google.common.collect.Sets$SetView                                          : loaded 2 times (x 138B)
Class com.google.common.cache.LocalCache$StrongValueReference                         : loaded 2 times (x 90B)
Class com.google.common.graph.SuccessorsFunction                                      : loaded 2 times (x 70B)
Class org.objectweb.asm.Type                                                          : loaded 2 times (x 72B)
Class org.gradle.internal.classloader.VisitableURLClassLoader$InstrumentingVisitableURLClassLoader: loaded 2 times (x 123B)
Class com.google.common.collect.MapMakerInternalMap$StrongKeyDummyValueEntry$Helper   : loaded 2 times (x 79B)
Class com.google.common.io.Files$FileByteSink                                         : loaded 2 times (x 77B)
Class com.google.common.math.IntMath$1                                                : loaded 2 times (x 71B)
Class org.objectweb.asm.ByteVector                                                    : loaded 2 times (x 79B)
Class [Lcom.google.common.cache.CacheBuilder$NullListener;                            : loaded 2 times (x 69B)
Class org.gradle.internal.classloader.VisitableURLClassLoader$Spec                    : loaded 2 times (x 74B)
Class org.gradle.internal.classpath.DefaultClassPath                                  : loaded 2 times (x 90B)
Class com.google.common.base.AbstractIterator                                         : loaded 2 times (x 80B)
Class org.objectweb.asm.Symbol                                                        : loaded 2 times (x 73B)
Class ijKotlinCoroutineJvmDebugInit1_7ur5bwen8i9sx3ssfdbh6sgvx$_run_closure1          : loaded 2 times (x 139B)
Class com.google.common.collect.Sets$FilteredSet                                      : loaded 2 times (x 137B)
Class com.google.common.io.Java8Compatibility                                         : loaded 2 times (x 71B)
Class com.google.common.io.Closer                                                     : loaded 2 times (x 78B)
Class com.google.common.base.CharMatcher$BitSetMatcher                                : loaded 2 times (x 112B)
Class com.google.common.collect.RegularImmutableMap$Values                            : loaded 2 times (x 207B)
Class com.google.common.collect.ImmutableSet                                          : loaded 2 times (x 145B)
Class org.gradle.internal.classloader.ClassLoaderSpec                                 : loaded 2 times (x 71B)
Class org.objectweb.asm.AnnotationWriter                                              : loaded 2 times (x 79B)
Class com.google.common.cache.CacheStats                                              : loaded 2 times (x 71B)
Class com.google.common.collect.Interners                                             : loaded 2 times (x 71B)
Class com.google.common.collect.ImmutableMultisetGwtSerializationDependencies         : loaded 2 times (x 125B)
Class com.google.common.io.Closer$Suppressor                                          : loaded 2 times (x 70B)
Class com.google.common.io.LineProcessor                                              : loaded 2 times (x 70B)
Class org.objectweb.asm.RecordComponentWriter                                         : loaded 2 times (x 78B)
Class com.google.common.util.concurrent.AbstractFuture$Listener                       : loaded 2 times (x 72B)
Class com.google.common.base.CharMatcher$Or                                           : loaded 2 times (x 112B)
Class ijKotlinCoroutineJvmDebugInit1_7ur5bwen8i9sx3ssfdbh6sgvx                        : loaded 2 times (x 171B)
Class org.objectweb.asm.Attribute                                                     : loaded 2 times (x 77B)
Class com.google.common.base.Supplier                                                 : loaded 2 times (x 70B)
Class org.gradle.internal.classloader.VisitableURLClassLoader                         : loaded 2 times (x 117B)
Class com.google.common.collect.ImmutableList$SerializedForm                          : loaded 2 times (x 73B)
Class org.gradle.internal.Cast                                                        : loaded 2 times (x 71B)
Class org.gradle.api.Action                                                           : loaded 2 times (x 70B)
Class com.google.common.collect.MapMakerInternalMap                                   : loaded 2 times (x 161B)
Class com.google.common.base.Strings                                                  : loaded 2 times (x 71B)
Class com.google.common.collect.Sets                                                  : loaded 2 times (x 71B)
Class org.objectweb.asm.Handler                                                       : loaded 2 times (x 72B)
Class com.google.common.base.CharMatcher$FastMatcher                                  : loaded 2 times (x 111B)
Class com.google.common.base.Ticker                                                   : loaded 2 times (x 72B)
Class [Lcom.google.common.cache.LocalCache$Segment;                                   : loaded 2 times (x 69B)
Class com.google.common.base.Predicate                                                : loaded 2 times (x 70B)
Class [Lcom.google.common.cache.LocalCache$Strength;                                  : loaded 2 times (x 69B)
Class com.google.common.cache.CacheBuilder$1                                          : loaded 2 times (x 85B)
Class com.google.common.collect.ImmutableMap                                          : loaded 2 times (x 120B)
Class org.gradle.internal.classpath.DefaultClassPath$ImmutableUniqueList$Builder      : loaded 2 times (x 75B)
Class com.google.common.collect.MapMakerInternalMap$WeakValueReference                : loaded 2 times (x 70B)
Class com.google.common.base.CharMatcher$NegatedFastMatcher                           : loaded 2 times (x 113B)
Class com.google.common.cache.LocalCache                                              : loaded 2 times (x 187B)
Class com.google.common.cache.CacheBuilder$2                                          : loaded 2 times (x 79B)
Class com.google.common.collect.ArrayListMultimap                                     : loaded 2 times (x 172B)
Class com.google.common.cache.CacheBuilder$3                                          : loaded 2 times (x 72B)
Class [Lcom.google.common.collect.AbstractMapEntry;                                   : loaded 2 times (x 69B)
Class com.google.common.collect.ImmutableEntry                                        : loaded 2 times (x 82B)
Class org.gradle.api.GradleException                                                  : loaded 2 times (x 82B)
Class com.google.common.base.Suppliers$MemoizingSupplier                              : loaded 2 times (x 79B)
Class com.google.common.collect.CollectPreconditions                                  : loaded 2 times (x 71B)
Class com.google.common.collect.Maps$AbstractFilteredMap                              : loaded 2 times (x 127B)
Class [Lcom.google.common.collect.MapMakerInternalMap$Strength;                       : loaded 2 times (x 69B)
Class [Lcom.google.common.io.FileWriteMode;                                           : loaded 2 times (x 69B)
Class com.google.common.collect.SortedMapDifference                                   : loaded 2 times (x 70B)
Class com.google.common.collect.MapMakerInternalMap$StrongKeyDummyValueSegment        : loaded 2 times (x 142B)
Class com.google.common.collect.Iterables$4                                           : loaded 2 times (x 81B)
Class com.google.common.io.Files                                                      : loaded 2 times (x 71B)
Class com.google.common.cache.LocalCache$EntryFactory                                 : loaded 2 times (x 83B)
Class com.google.common.collect.Iterables$5                                           : loaded 2 times (x 81B)
Class [Lcom.google.common.collect.MapMaker$Dummy;                                     : loaded 2 times (x 69B)
Class com.google.common.base.CharMatcher$Whitespace                                   : loaded 2 times (x 112B)
Class com.google.common.cache.LocalCache$AbstractReferenceEntry                       : loaded 2 times (x 107B)
Class org.gradle.internal.IoActions                                                   : loaded 2 times (x 71B)
Class com.google.common.collect.ImmutableMapKeySet                                    : loaded 2 times (x 152B)
Class org.objectweb.asm.SymbolTable                                                   : loaded 2 times (x 72B)
Class com.google.common.cache.CacheLoader$InvalidCacheLoadException                   : loaded 2 times (x 82B)
Class com.google.common.collect.ImmutableSet$RegularSetBuilderImpl                    : loaded 2 times (x 77B)
Class settings_cqu13lbp78xniu3qlwonyc3q3$_run_closure1                                : loaded 2 times (x 139B)
Class org.gradle.internal.classloader.SystemClassLoaderSpec                           : loaded 2 times (x 71B)
Class com.google.common.collect.FluentIterable                                        : loaded 2 times (x 81B)
Class com.google.common.cache.LocalCache$StrongEntry                                  : loaded 2 times (x 108B)
Class com.google.common.util.concurrent.AbstractFuture$TrustedFuture                  : loaded 2 times (x 114B)
Class com.google.common.cache.LoadingCache                                            : loaded 2 times (x 70B)
Class com.google.common.io.ByteStreams$LimitedInputStream                             : loaded 2 times (x 92B)
Class com.google.common.base.Suppliers$NonSerializableMemoizingSupplier               : loaded 2 times (x 79B)
Class org.objectweb.asm.MethodWriter                                                  : loaded 2 times (x 106B)
Class [Lcom.google.common.cache.Weigher;                                              : loaded 2 times (x 69B)
Class com.google.common.collect.RegularImmutableMap$BucketOverflowException           : loaded 2 times (x 82B)
Class com.google.common.collect.ImmutableMultimap$1                                   : loaded 2 times (x 82B)
Class com.google.common.collect.AbstractMapBasedMultimap$RandomAccessWrappedList      : loaded 2 times (x 205B)
Class com.google.common.collect.AbstractIterator$State                                : loaded 2 times (x 79B)
Class com.google.common.collect.ImmutableMultimap$2                                   : loaded 2 times (x 81B)
Class com.google.common.collect.RegularImmutableBiMap                                 : loaded 2 times (x 149B)
Class com.google.common.base.CharMatcher$Negated                                      : loaded 2 times (x 113B)
Class com.google.common.base.CharMatcher$Is                                           : loaded 2 times (x 111B)
Class com.google.common.cache.LocalCache$ValueReference                               : loaded 2 times (x 70B)
Class com.google.common.hash.PrimitiveSink                                            : loaded 2 times (x 70B)
Class com.google.common.base.PatternCompiler                                          : loaded 2 times (x 70B)
Class com.google.common.util.concurrent.AbstractFuture$Failure                        : loaded 2 times (x 72B)
Class com.google.common.base.Equivalence$Equals                                       : loaded 2 times (x 82B)
Class com.google.common.collect.Hashing                                               : loaded 2 times (x 71B)
Class com.google.common.base.Preconditions                                            : loaded 2 times (x 71B)
Class com.google.common.io.CharSink                                                   : loaded 2 times (x 79B)
Class com.google.common.base.Joiner$1                                                 : loaded 2 times (x 80B)
Class org.objectweb.asm.Label                                                         : loaded 2 times (x 73B)
Class org.objectweb.asm.CurrentFrame                                                  : loaded 2 times (x 73B)
Class org.objectweb.asm.ClassTooLargeException                                        : loaded 2 times (x 83B)
Class com.google.common.base.CharMatcher                                              : loaded 2 times (x 111B)
Class com.google.common.collect.PeekingIterator                                       : loaded 2 times (x 70B)
Class com.google.common.collect.MapMakerInternalMap$InternalEntryHelper               : loaded 2 times (x 70B)
Class com.google.common.collect.Table                                                 : loaded 2 times (x 70B)
Class com.google.common.collect.Maps$IteratorBasedAbstractMap                         : loaded 2 times (x 125B)
Class com.google.common.base.Joiner$2                                                 : loaded 2 times (x 79B)
Class org.objectweb.asm.Frame                                                         : loaded 2 times (x 73B)
Class org.objectweb.asm.MethodVisitor                                                 : loaded 2 times (x 105B)
Class com.google.common.base.CharMatcher$1                                            : loaded 2 times (x 113B)
Class com.google.common.base.CharMatcher$NamedFastMatcher                             : loaded 2 times (x 112B)
Class com.google.common.cache.LocalCache$EntryFactory$1                               : loaded 2 times (x 83B)
Class [Lcom.google.common.cache.RemovalListener;                                      : loaded 2 times (x 69B)
Class com.google.common.cache.LocalCache$EntryFactory$2                               : loaded 2 times (x 83B)
Class org.gradle.api.internal.classpath.GlobalCacheRootsProvider                      : loaded 2 times (x 70B)
Class org.objectweb.asm.ModuleWriter                                                  : loaded 2 times (x 82B)
Class com.google.common.cache.LocalCache$EntryFactory$3                               : loaded 2 times (x 83B)
Class com.google.common.base.Ticker$1                                                 : loaded 2 times (x 72B)
Class com.google.common.collect.Maps$BiMapConverter                                   : loaded 2 times (x 90B)
Class com.google.common.collect.ImmutableMapEntrySet$RegularEntrySet                  : loaded 2 times (x 152B)
Class com.google.common.collect.CollectSpliterators$1                                 : loaded 2 times (x 90B)
Class com.google.common.collect.ImmutableSet$Builder                                  : loaded 2 times (x 85B)
Class com.google.common.base.CharMatcher$InRange                                      : loaded 2 times (x 111B)
Class com.google.common.cache.LocalCache$EntryFactory$4                               : loaded 2 times (x 83B)
Class com.google.common.io.ByteStreams$1                                              : loaded 2 times (x 85B)
Class com.google.common.cache.LocalCache$EntryFactory$5                               : loaded 2 times (x 83B)
Class com.google.common.cache.LocalCache$EntryFactory$6                               : loaded 2 times (x 83B)
Class org.gradle.internal.installation.CurrentGradleInstallationLocator               : loaded 2 times (x 71B)
Class com.google.common.collect.ImmutableMultimap$Builder                             : loaded 2 times (x 86B)
Class com.google.common.collect.Maps$KeySet                                           : loaded 2 times (x 137B)
Class com.google.common.collect.ImmutableSet$EmptySetBuilderImpl                      : loaded 2 times (x 76B)
Class com.google.common.cache.LocalCache$EntryFactory$7                               : loaded 2 times (x 83B)
Class com.google.common.collect.ImmutableList                                         : loaded 2 times (x 206B)
Class ijJvmDebugger1_858lgih2bb2q0e27cpsinjh49                                        : loaded 2 times (x 171B)
Class org.gradle.internal.service.DefaultServiceLocator                               : loaded 2 times (x 83B)
Class com.google.common.collect.ImmutableMultimap$EntryCollection                     : loaded 2 times (x 128B)
Class com.google.common.collect.Maps$EntrySet                                         : loaded 2 times (x 136B)
Class com.google.common.cache.LocalCache$EntryFactory$8                               : loaded 2 times (x 83B)
Class com.google.common.collect.ImmutableSet$SetBuilderImpl                           : loaded 2 times (x 76B)
Class org.gradle.internal.installation.CurrentGradleInstallation                      : loaded 2 times (x 73B)
Class com.google.common.cache.CacheLoader$1                                           : loaded 2 times (x 75B)
Class com.google.common.collect.ForwardingObject                                      : loaded 2 times (x 72B)
Class com.google.common.collect.ImmutableList$SubList                                 : loaded 2 times (x 209B)
Class org.gradle.util.internal.GUtil                                                  : loaded 2 times (x 71B)
Class com.google.common.io.ByteSource                                                 : loaded 2 times (x 84B)
Class com.google.common.cache.AbstractCache$StatsCounter                              : loaded 2 times (x 70B)
Class com.google.common.collect.MapMakerInternalMap$1                                 : loaded 2 times (x 83B)
Class com.google.common.io.LineBuffer                                                 : loaded 2 times (x 75B)
Class com.google.common.collect.Iterators$MergingIterator                             : loaded 2 times (x 81B)
Class com.google.common.collect.RegularImmutableSet                                   : loaded 2 times (x 149B)
Class org.gradle.internal.installation.GradleInstallation                             : loaded 2 times (x 75B)
Class com.google.common.base.Splitter$Strategy                                        : loaded 2 times (x 70B)
Class com.google.common.collect.Iterables                                             : loaded 2 times (x 71B)

---------------  S Y S T E M  ---------------

OS:
 Windows 11 , 64 bit Build 26100 (10.0.26100.8246)
OS uptime: 0 days 7:39 hours

CPU: total 12 (initial active 12) (12 cores per cpu, 1 threads per core) family 6 model 154 stepping 4 microcode 0x43b, cx8, cmov, fxsr, mmx, 3dnowpref, sse, sse2, sse3, ssse3, sse4.1, sse4.2, popcnt, lzcnt, tsc, tscinvbit, avx, avx2, aes, erms, clmul, bmi1, bmi2, adx, sha, fma, vzeroupper, clflush, clflushopt, clwb, serialize, rdtscp, rdpid, fsrm, f16c, pku, cet_ibt, cet_ss
Processor Information for the first 12 processors :
  Max Mhz: 1300, Current Mhz: 1300, Mhz Limit: 1300

Memory: 4k page, system-wide physical 16068M (1070M free)
TotalPageFile size 31428M (AvailPageFile size 1M)
current process WorkingSet (physical memory assigned to process): 759M, peak: 766M
current process commit charge ("private bytes"): 974M, peak: 975M

vm_info: OpenJDK 64-Bit Server VM (21.0.9+-14787801-b1163.94) for windows-amd64 JRE (21.0.9+-14787801-b1163.94), built on 2026-01-27T21:15:44Z by "builder" with MS VC++ 16.10 / 16.11 (VS2019)

END.
