#
# There is insufficient memory for the Java Runtime Environment to continue.
# Native memory allocation (mmap) failed to map 316669952 bytes. Error detail: G1 virtual space
# Possible reasons:
#   The system is out of physical RAM or swap space
#   This process is running with CompressedOops enabled, and the Java Heap may be blocking the growth of the native heap
# Possible solutions:
#   Reduce memory load on the system
#   Increase physical memory or swap space
#   Check if swap backing store is full
#   Decrease Java heap size (-Xmx/-Xms)
#   Decrease number of Java threads
#   Decrease Java thread stack sizes (-Xss)
#   Set larger code cache with -XX:ReservedCodeCacheSize=
#   JVM is running with Zero Based Compressed Oops mode in which the Java heap is
#     placed in the first 32GB address space. The Java Heap base address is the
#     maximum limit for the native heap growth. Please use -XX:HeapBaseMinAddress
#     to set the Java Heap base and to place the Java Heap above 32GB virtual address.
# This output file may be truncated or incomplete.
#
#  Out of Memory Error (os_windows.cpp:3926), pid=63520, tid=63604
#
# JRE version: OpenJDK Runtime Environment JBR-21.0.10+1-1163.110-jcef (21.0.10+1) (build 21.0.10+1-b1163.110)
# Java VM: OpenJDK 64-Bit Server VM JBR-21.0.10+1-1163.110-jcef (21.0.10+1-b1163.110, mixed mode, sharing, tiered, compressed oops, compressed class ptrs, g1 gc, windows-amd64)
# No core dump will be written. Minidumps are not enabled by default on client versions of Windows
#

---------------  S U M M A R Y ------------

Command Line: --add-opens=java.base/java.lang=ALL-UNNAMED --add-opens=java.base/java.lang.invoke=ALL-UNNAMED --add-opens=java.base/java.util=ALL-UNNAMED --add-opens=java.prefs/java.util.prefs=ALL-UNNAMED --add-exports=jdk.compiler/com.sun.tools.javac.api=ALL-UNNAMED --add-exports=jdk.compiler/com.sun.tools.javac.util=ALL-UNNAMED --add-opens=java.base/java.util=ALL-UNNAMED --add-opens=java.prefs/java.util.prefs=ALL-UNNAMED --add-opens=java.base/java.nio.charset=ALL-UNNAMED --add-opens=java.base/java.net=ALL-UNNAMED --add-opens=java.base/java.util.concurrent=ALL-UNNAMED --add-opens=java.base/java.util.concurrent.atomic=ALL-UNNAMED --add-opens=java.xml/javax.xml.namespace=ALL-UNNAMED --add-opens=java.base/java.time=ALL-UNNAMED -XX:MaxMetaspaceSize=512m -XX:+UseG1GC -XX:+HeapDumpOnOutOfMemoryError -Xmx3072m -Dfile.encoding=UTF-8 -Duser.country=US -Duser.language=en -Duser.variant -javaagent:C:\Users\DELL\.gradle\wrapper\dists\gradle-9.3.1-bin\23ovyewtku6u96viwx3xl3oks\gradle-9.3.1\lib\agents\gradle-instrumentation-agent-9.3.1.jar org.gradle.launcher.daemon.bootstrap.GradleDaemon 9.3.1

Host: 12th Gen Intel(R) Core(TM) i5-1235U, 12 cores, 15G,  Windows 11 , 64 bit Build 26100 (10.0.26100.8246)
Time: Thu May 14 20:54:59 2026 SE Asia Standard Time elapsed time: 19.632423 seconds (0d 0h 0m 19s)

---------------  T H R E A D  ---------------

Current thread (0x000001cce2bb60c0):  VMThread "VM Thread"          [id=63604, stack(0x000000a362500000,0x000000a362600000) (1024K)]

Stack: [0x000000a362500000,0x000000a362600000]
Native frames: (J=compiled Java code, j=interpreted, Vv=VM code, C=native code)
V  [jvm.dll+0x6ed099]  os::win32::platform_print_native_stack+0xd9  (os_windows_x86.cpp:236)
V  [jvm.dll+0x8cb76b]  VMError::report+0xd8b  (vmError.cpp:1018)
V  [jvm.dll+0x8cdf0a]  VMError::report_and_die+0x79a  (vmError.cpp:1886)
V  [jvm.dll+0x8ce5e3]  VMError::report_and_die+0x43  (vmError.cpp:1656)
V  [jvm.dll+0x28e1c6]  report_vm_out_of_memory+0x56  (debug.cpp:225)
V  [jvm.dll+0x6e9955]  os::pd_commit_memory_or_exit+0x75  (os_windows.cpp:3934)
V  [jvm.dll+0x6dd4ea]  os::commit_memory_or_exit+0x2a  (os.cpp:1957)
V  [jvm.dll+0x369b4e]  G1PageBasedVirtualSpace::commit+0xde  (g1PageBasedVirtualSpace.cpp:196)
V  [jvm.dll+0x371a1b]  G1RegionsLargerThanCommitSizeMapper::commit_regions+0x7b  (g1RegionToSpaceMapper.cpp:100)
V  [jvm.dll+0x3c3619]  HeapRegionManager::expand_any+0xa9  (heapRegionManager.cpp:344)
V  [jvm.dll+0x3c38bb]  HeapRegionManager::expand_by+0xcb  (heapRegionManager.cpp:361)
V  [jvm.dll+0x33ce67]  G1CollectedHeap::expand+0xb7  (g1CollectedHeap.cpp:1107)
V  [jvm.dll+0x33cef7]  G1CollectedHeap::expand_heap_after_young_collection+0x37  (g1CollectedHeap.cpp:2514)
V  [jvm.dll+0x3822f2]  G1YoungCollector::post_evacuate_collection_set+0x3f2  (g1YoungCollector.cpp:1008)
V  [jvm.dll+0x380a9e]  G1YoungCollector::collect+0x43e  (g1YoungCollector.cpp:1078)
V  [jvm.dll+0x33c5c1]  G1CollectedHeap::do_collection_pause_at_safepoint+0x111  (g1CollectedHeap.cpp:2526)
V  [jvm.dll+0x3800da]  VM_G1CollectForAllocation::doit+0x6a  (g1VMOperations.cpp:147)
V  [jvm.dll+0x8d439f]  VM_Operation::evaluate+0x10f  (vmOperations.cpp:77)
V  [jvm.dll+0x8d5a63]  VMThread::inner_execute+0x263  (vmThread.cpp:435)
V  [jvm.dll+0x8d5fd4]  VMThread::loop+0x264  (vmThread.cpp:502)
V  [jvm.dll+0x8d60d3]  VMThread::run+0x63  (vmThread.cpp:180)
V  [jvm.dll+0x87544d]  Thread::call_run+0xcd  (thread.cpp:231)
V  [jvm.dll+0x6eb7fd]  os::win32::thread_native_entry+0x7d  (os_windows.cpp:557)
C  [ucrtbase.dll+0x37b0]
C  [KERNEL32.DLL+0x2e8d7]
C  [ntdll.dll+0x8c3fc]

VM_Operation (0x000000a36d8fcdd0): G1CollectForAllocation, mode: safepoint, requested by thread 0x000001cc9c2747a0


---------------  P R O C E S S  ---------------

Threads class SMR info:
_java_thread_list=0x000001cca5a840d0, length=174, elements={
0x000001ccc90c38a0, 0x000001cce2bd2030, 0x000001cce2bdd340, 0x000001cce2bddda0,
0x000001cce2be0ef0, 0x000001cce2be1cb0, 0x000001cce2be4720, 0x000001cce2be5180,
0x000001cce2bfddd0, 0x000001cc9c15b570, 0x000001cc9c4184c0, 0x000001cca1be9670,
0x000001cca2e43bf0, 0x000001cca2d334e0, 0x000001cca1a60560, 0x000001cca288bfa0,
0x000001cca2e22100, 0x000001cca2d2a440, 0x000001cca2d27ce0, 0x000001cca2d29db0,
0x000001cca2d26fc0, 0x000001cca2d27650, 0x000001cca2d28a00, 0x000001cca2d28370,
0x000001cca5ae37e0, 0x000001cca5ae5f40, 0x000001cca5ae5220, 0x000001cca5ae4b90,
0x000001cca5ae58b0, 0x000001cca5ae3150, 0x000001cca5ae72f0, 0x000001cca5ae6c60,
0x000001cca5ae86a0, 0x000001cca6b4fcf0, 0x000001cca6b4f660, 0x000001cca6b51dc0,
0x000001cca6b4e940, 0x000001cca6b510a0, 0x000001cca6b52ae0, 0x000001cca6b53800,
0x000001cca6b51730, 0x000001cca6b50380, 0x000001cca6b53e90, 0x000001cca6b50a10,
0x000001cca6b54520, 0x000001cca6b54bb0, 0x000001cca6b55240, 0x000001cca6b558d0,
0x000001cca6b55f60, 0x000001cca5ae8d30, 0x000001cc9c3599f0, 0x000001cc9c35c150,
0x000001cc9c35bac0, 0x000001cc9c35c7e0, 0x000001cc9c359360, 0x000001cc9c35ada0,
0x000001cc9c35a080, 0x000001cc9c35b430, 0x000001cc9c35a710, 0x000001cca1e77190,
0x000001cca1e78540, 0x000001cca1e77820, 0x000001cca1e77eb0, 0x000001cca1e78bd0,
0x000001cca1e79260, 0x000001cca1e76470, 0x000001cca1e798f0, 0x000001cca1e79f80,
0x000001cca1e7d400, 0x000001cca1e7a610, 0x000001cca1e7da90, 0x000001cca1e7c050,
0x000001cca1e7b9c0, 0x000001cca1e7b330, 0x000001cc9c43bc40, 0x000001cc9c15c310,
0x000001cca414b780, 0x000001cc9c43c2d0, 0x000001cc9c43c960, 0x000001cca697d970,
0x000001cca697bf30, 0x000001cca697e690, 0x000001cca697c5c0, 0x000001cca6980df0,
0x000001cca697ed20, 0x000001cca697f3b0, 0x000001cca697fa40, 0x000001cca69800d0,
0x000001cca6980760, 0x000001cc9c43e3a0, 0x000001cc9c43ea30, 0x000001cca81215f0,
0x000001cca8120240, 0x000001cca811e170, 0x000001cca8121c80, 0x000001cca811e800,
0x000001cca81208d0, 0x000001cca8120f60, 0x000001cca811ee90, 0x000001cca811fbb0,
0x000001cca811f520, 0x000001cca8124a70, 0x000001cca8122310, 0x000001cca81229a0,
0x000001cca8125100, 0x000001cca76f5ed0, 0x000001cca76f5840, 0x000001cca8123d50,
0x000001cca81243e0, 0x000001cca8125790, 0x000001cca6979e60, 0x000001cca697a4f0,
0x000001cca697e000, 0x000001cc9c43f0c0, 0x000001cca8735dc0, 0x000001cca8736450,
0x000001cca8738520, 0x000001cca8737170, 0x000001cca8737e90, 0x000001cca87350a0,
0x000001cca8736ae0, 0x000001cca8738bb0, 0x000001cca8735730, 0x000001cca87398d0,
0x000001cca8739240, 0x000001cca873ac80, 0x000001cca8739f60, 0x000001cca76f23c0,
0x000001cca76efc60, 0x000001cca76ef5d0, 0x000001cca76f3770, 0x000001cca76f51b0,
0x000001cca76f3e00, 0x000001cca76f4b20, 0x000001cca76f30e0, 0x000001cca76f6bf0,
0x000001cca76f4490, 0x000001cca873a5f0, 0x000001cca8737800, 0x000001cca873c030,
0x000001cca76f02f0, 0x000001cca76f0980, 0x000001cca88199a0, 0x000001cca8818c80,
0x000001cca88185f0, 0x000001cca881ba70, 0x000001cca881a6c0, 0x000001cca881ad50,
0x000001cca881c100, 0x000001cca8819310, 0x000001cca881b3e0, 0x000001cca881c790,
0x000001cca881a030, 0x000001cca881e860, 0x000001cca881eef0, 0x000001cca881f580,
0x000001cca881d4b0, 0x000001cca881fc10, 0x000001cca88202a0, 0x000001cca881ce20,
0x000001cca8820930, 0x000001cca881e1d0, 0x000001cca8820fc0, 0x000001cca2348d80,
0x000001cca2349410, 0x000001cca23486f0, 0x000001cca2348060, 0x000001cc9c274110,
0x000001cc9c2747a0, 0x000001cc9c272d60, 0x000001cca8402cd0, 0x000001cca84039f0,
0x000001cca8403360, 0x000001cca8402640
}

Java Threads: ( => current thread )
  0x000001ccc90c38a0 JavaThread "main"                              [_thread_blocked, id=63576, stack(0x000000a361e00000,0x000000a361f00000) (1024K)]
  0x000001cce2bd2030 JavaThread "Common-Cleaner"             daemon [_thread_blocked, id=63608, stack(0x000000a362600000,0x000000a362700000) (1024K)]
  0x000001cce2bdd340 JavaThread "Reference Handler"          daemon [_thread_blocked, id=63612, stack(0x000000a362700000,0x000000a362800000) (1024K)]
  0x000001cce2bddda0 JavaThread "Finalizer"                  daemon [_thread_blocked, id=63616, stack(0x000000a362800000,0x000000a362900000) (1024K)]
  0x000001cce2be0ef0 JavaThread "Signal Dispatcher"          daemon [_thread_blocked, id=63620, stack(0x000000a362900000,0x000000a362a00000) (1024K)]
  0x000001cce2be1cb0 JavaThread "Attach Listener"            daemon [_thread_blocked, id=63624, stack(0x000000a362a00000,0x000000a362b00000) (1024K)]
  0x000001cce2be4720 JavaThread "Service Thread"             daemon [_thread_blocked, id=63628, stack(0x000000a362b00000,0x000000a362c00000) (1024K)]
  0x000001cce2be5180 JavaThread "Monitor Deflation Thread"   daemon [_thread_blocked, id=63632, stack(0x000000a362c00000,0x000000a362d00000) (1024K)]
  0x000001cce2bfddd0 JavaThread "C2 CompilerThread0"         daemon [_thread_blocked, id=63636, stack(0x000000a362d00000,0x000000a362e00000) (1024K)]
  0x000001cc9c15b570 JavaThread "C1 CompilerThread0"         daemon [_thread_blocked, id=63640, stack(0x000000a362e00000,0x000000a362f00000) (1024K)]
  0x000001cc9c4184c0 JavaThread "Notification Thread"        daemon [_thread_blocked, id=63648, stack(0x000000a363000000,0x000000a363100000) (1024K)]
  0x000001cca1be9670 JavaThread "Daemon health stats"               [_thread_blocked, id=63792, stack(0x000000a363600000,0x000000a363700000) (1024K)]
  0x000001cca2e43bf0 JavaThread "Incoming local TCP Connector on port 54894"        [_thread_in_native, id=63800, stack(0x000000a363800000,0x000000a363900000) (1024K)]
  0x000001cca2d334e0 JavaThread "Daemon periodic checks"            [_thread_blocked, id=63804, stack(0x000000a363900000,0x000000a363a00000) (1024K)]
  0x000001cca1a60560 JavaThread "Daemon"                            [_thread_blocked, id=63812, stack(0x000000a363a00000,0x000000a363b00000) (1024K)]
  0x000001cca288bfa0 JavaThread "Handler for socket connection from /127.0.0.1:54894 to /127.0.0.1:54895"        [_thread_in_native, id=63816, stack(0x000000a363b00000,0x000000a363c00000) (1024K)]
  0x000001cca2e22100 JavaThread "Cancel handler"                    [_thread_blocked, id=63820, stack(0x000000a363c00000,0x000000a363d00000) (1024K)]
  0x000001cca2d2a440 JavaThread "Daemon worker"                     [_thread_blocked, id=63824, stack(0x000000a363d00000,0x000000a363e00000) (1024K)]
  0x000001cca2d27ce0 JavaThread "Asynchronous log dispatcher for DefaultDaemonConnection: socket connection from /127.0.0.1:54894 to /127.0.0.1:54895"        [_thread_blocked, id=63828, stack(0x000000a363e00000,0x000000a363f00000) (1024K)]
  0x000001cca2d29db0 JavaThread "Stdin handler"                     [_thread_blocked, id=63832, stack(0x000000a363f00000,0x000000a364000000) (1024K)]
  0x000001cca2d26fc0 JavaThread "Daemon client event forwarder"        [_thread_blocked, id=63836, stack(0x000000a364000000,0x000000a364100000) (1024K)]
  0x000001cca2d27650 JavaThread "Cache worker for journal cache (C:\Users\DELL\.gradle\caches\journal-1)"        [_thread_blocked, id=63864, stack(0x000000a364500000,0x000000a364600000) (1024K)]
  0x000001cca2d28a00 JavaThread "File lock request listener"        [_thread_in_native, id=63868, stack(0x000000a364600000,0x000000a364700000) (1024K)]
  0x000001cca2d28370 JavaThread "Cache worker for file hash cache (C:\Users\DELL\.gradle\caches\9.3.1\fileHashes)"        [_thread_blocked, id=63876, stack(0x000000a364700000,0x000000a364800000) (1024K)]
  0x000001cca5ae37e0 JavaThread "Cache worker for file hash cache (D:\MEox\UITer\DOAN\Mosco_Megre\Mosco\client\.gradle\9.3.1\fileHashes)"        [_thread_blocked, id=63900, stack(0x000000a364a00000,0x000000a364b00000) (1024K)]
  0x000001cca5ae5f40 JavaThread "Cache worker for Build Output Cleanup Cache (D:\MEox\UITer\DOAN\Mosco_Megre\Mosco\client\.gradle\buildOutputCleanup)"        [_thread_blocked, id=63904, stack(0x000000a364b00000,0x000000a364c00000) (1024K)]
  0x000001cca5ae5220 JavaThread "File watcher server"        daemon [_thread_blocked, id=63932, stack(0x000000a364c00000,0x000000a364d00000) (1024K)]
  0x000001cca5ae4b90 JavaThread "File watcher consumer"      daemon [_thread_blocked, id=63936, stack(0x000000a364d00000,0x000000a364e00000) (1024K)]
  0x000001cca5ae58b0 JavaThread "Cache worker for checksums cache (D:\MEox\UITer\DOAN\Mosco_Megre\Mosco\client\.gradle\9.3.1\checksums)"        [_thread_blocked, id=63940, stack(0x000000a364e00000,0x000000a364f00000) (1024K)]
  0x000001cca5ae3150 JavaThread "Cache worker for file content cache (C:\Users\DELL\.gradle\caches\9.3.1\fileContent)"        [_thread_blocked, id=63944, stack(0x000000a364f00000,0x000000a365000000) (1024K)]
  0x000001cca5ae72f0 JavaThread "Cache worker for cache directory md-supplier (C:\Users\DELL\.gradle\caches\9.3.1\md-supplier)"        [_thread_blocked, id=63948, stack(0x000000a365000000,0x000000a365100000) (1024K)]
  0x000001cca5ae6c60 JavaThread "Cache worker for cache directory md-rule (C:\Users\DELL\.gradle\caches\9.3.1\md-rule)"        [_thread_blocked, id=63952, stack(0x000000a365100000,0x000000a365200000) (1024K)]
  0x000001cca5ae86a0 JavaThread "jar transforms"                    [_thread_blocked, id=63956, stack(0x000000a365200000,0x000000a365300000) (1024K)]
  0x000001cca6b4fcf0 JavaThread "Unconstrained build operations"        [_thread_blocked, id=63968, stack(0x000000a365300000,0x000000a365400000) (1024K)]
  0x000001cca6b4f660 JavaThread "Unconstrained build operations Thread 2"        [_thread_blocked, id=63972, stack(0x000000a365400000,0x000000a365500000) (1024K)]
  0x000001cca6b51dc0 JavaThread "Unconstrained build operations Thread 3"        [_thread_blocked, id=63976, stack(0x000000a365500000,0x000000a365600000) (1024K)]
  0x000001cca6b4e940 JavaThread "jar transforms Thread 2"           [_thread_blocked, id=63980, stack(0x000000a365600000,0x000000a365700000) (1024K)]
  0x000001cca6b510a0 JavaThread "Problems report writer"            [_thread_blocked, id=63984, stack(0x000000a365700000,0x000000a365800000) (1024K)]
  0x000001cca6b52ae0 JavaThread "jar transforms Thread 3"           [_thread_blocked, id=64104, stack(0x000000a365800000,0x000000a365900000) (1024K)]
  0x000001cca6b53800 JavaThread "Unconstrained build operations Thread 4"        [_thread_blocked, id=64124, stack(0x000000a365900000,0x000000a365a00000) (1024K)]
  0x000001cca6b51730 JavaThread "Unconstrained build operations Thread 5"        [_thread_blocked, id=64128, stack(0x000000a365a00000,0x000000a365b00000) (1024K)]
  0x000001cca6b50380 JavaThread "Unconstrained build operations Thread 6"        [_thread_blocked, id=64132, stack(0x000000a365b00000,0x000000a365c00000) (1024K)]
  0x000001cca6b53e90 JavaThread "Unconstrained build operations Thread 7"        [_thread_blocked, id=64136, stack(0x000000a365c00000,0x000000a365d00000) (1024K)]
  0x000001cca6b50a10 JavaThread "Unconstrained build operations Thread 8"        [_thread_blocked, id=64140, stack(0x000000a365d00000,0x000000a365e00000) (1024K)]
  0x000001cca6b54520 JavaThread "Unconstrained build operations Thread 9"        [_thread_blocked, id=64144, stack(0x000000a365e00000,0x000000a365f00000) (1024K)]
  0x000001cca6b54bb0 JavaThread "Unconstrained build operations Thread 10"        [_thread_blocked, id=64148, stack(0x000000a365f00000,0x000000a366000000) (1024K)]
  0x000001cca6b55240 JavaThread "Unconstrained build operations Thread 11"        [_thread_blocked, id=64152, stack(0x000000a366000000,0x000000a366100000) (1024K)]
  0x000001cca6b558d0 JavaThread "Unconstrained build operations Thread 12"        [_thread_blocked, id=64156, stack(0x000000a366100000,0x000000a366200000) (1024K)]
  0x000001cca6b55f60 JavaThread "Unconstrained build operations Thread 13"        [_thread_blocked, id=64160, stack(0x000000a366200000,0x000000a366300000) (1024K)]
  0x000001cca5ae8d30 JavaThread "Unconstrained build operations Thread 14"        [_thread_blocked, id=64164, stack(0x000000a366300000,0x000000a366400000) (1024K)]
  0x000001cc9c3599f0 JavaThread "Unconstrained build operations Thread 15"        [_thread_blocked, id=64172, stack(0x000000a366400000,0x000000a366500000) (1024K)]
  0x000001cc9c35c150 JavaThread "Unconstrained build operations Thread 16"        [_thread_blocked, id=64176, stack(0x000000a366500000,0x000000a366600000) (1024K)]
  0x000001cc9c35bac0 JavaThread "Unconstrained build operations Thread 17"        [_thread_blocked, id=64180, stack(0x000000a366600000,0x000000a366700000) (1024K)]
  0x000001cc9c35c7e0 JavaThread "Unconstrained build operations Thread 18"        [_thread_blocked, id=64184, stack(0x000000a366700000,0x000000a366800000) (1024K)]
  0x000001cc9c359360 JavaThread "Unconstrained build operations Thread 19"        [_thread_blocked, id=64188, stack(0x000000a366800000,0x000000a366900000) (1024K)]
  0x000001cc9c35ada0 JavaThread "Unconstrained build operations Thread 20"        [_thread_blocked, id=64192, stack(0x000000a366900000,0x000000a366a00000) (1024K)]
  0x000001cc9c35a080 JavaThread "Unconstrained build operations Thread 21"        [_thread_blocked, id=64196, stack(0x000000a366a00000,0x000000a366b00000) (1024K)]
  0x000001cc9c35b430 JavaThread "Unconstrained build operations Thread 22"        [_thread_blocked, id=64200, stack(0x000000a366b00000,0x000000a366c00000) (1024K)]
  0x000001cc9c35a710 JavaThread "Unconstrained build operations Thread 23"        [_thread_blocked, id=64204, stack(0x000000a366c00000,0x000000a366d00000) (1024K)]
  0x000001cca1e77190 JavaThread "Unconstrained build operations Thread 24"        [_thread_blocked, id=64208, stack(0x000000a366d00000,0x000000a366e00000) (1024K)]
  0x000001cca1e78540 JavaThread "Unconstrained build operations Thread 25"        [_thread_blocked, id=64212, stack(0x000000a366e00000,0x000000a366f00000) (1024K)]
  0x000001cca1e77820 JavaThread "Unconstrained build operations Thread 26"        [_thread_blocked, id=64232, stack(0x000000a366f00000,0x000000a367000000) (1024K)]
  0x000001cca1e77eb0 JavaThread "Unconstrained build operations Thread 27"        [_thread_blocked, id=64236, stack(0x000000a367000000,0x000000a367100000) (1024K)]
  0x000001cca1e78bd0 JavaThread "Unconstrained build operations Thread 28"        [_thread_blocked, id=64240, stack(0x000000a367100000,0x000000a367200000) (1024K)]
  0x000001cca1e79260 JavaThread "Unconstrained build operations Thread 29"        [_thread_blocked, id=64244, stack(0x000000a367200000,0x000000a367300000) (1024K)]
  0x000001cca1e76470 JavaThread "Unconstrained build operations Thread 30"        [_thread_blocked, id=64248, stack(0x000000a367300000,0x000000a367400000) (1024K)]
  0x000001cca1e798f0 JavaThread "Unconstrained build operations Thread 31"        [_thread_blocked, id=64252, stack(0x000000a367400000,0x000000a367500000) (1024K)]
  0x000001cca1e79f80 JavaThread "Unconstrained build operations Thread 32"        [_thread_blocked, id=64256, stack(0x000000a367500000,0x000000a367600000) (1024K)]
  0x000001cca1e7d400 JavaThread "Unconstrained build operations Thread 33"        [_thread_blocked, id=64260, stack(0x000000a367600000,0x000000a367700000) (1024K)]
  0x000001cca1e7a610 JavaThread "Unconstrained build operations Thread 34"        [_thread_blocked, id=64264, stack(0x000000a367700000,0x000000a367800000) (1024K)]
  0x000001cca1e7da90 JavaThread "Unconstrained build operations Thread 35"        [_thread_blocked, id=64268, stack(0x000000a367800000,0x000000a367900000) (1024K)]
  0x000001cca1e7c050 JavaThread "Unconstrained build operations Thread 36"        [_thread_blocked, id=64272, stack(0x000000a367900000,0x000000a367a00000) (1024K)]
  0x000001cca1e7b9c0 JavaThread "jar transforms Thread 4"           [_thread_blocked, id=64284, stack(0x000000a367a00000,0x000000a367b00000) (1024K)]
  0x000001cca1e7b330 JavaThread "jar transforms Thread 5"           [_thread_blocked, id=64288, stack(0x000000a367b00000,0x000000a367c00000) (1024K)]
  0x000001cc9c43bc40 JavaThread "Memory manager"                    [_thread_blocked, id=64296, stack(0x000000a363700000,0x000000a363800000) (1024K)]
  0x000001cc9c15c310 JavaThread "C2 CompilerThread1"         daemon [_thread_blocked, id=64304, stack(0x000000a362f00000,0x000000a363000000) (1024K)]
  0x000001cca414b780 JavaThread "C2 CompilerThread2"         daemon [_thread_blocked, id=64308, stack(0x000000a367c00000,0x000000a367d00000) (1024K)]
  0x000001cc9c43c2d0 JavaThread "build event listener"              [_thread_blocked, id=64312, stack(0x000000a367d00000,0x000000a367e00000) (1024K)]
  0x000001cc9c43c960 JavaThread "jar transforms Thread 6"           [_thread_blocked, id=64340, stack(0x000000a367e00000,0x000000a367f00000) (1024K)]
  0x000001cca697d970 JavaThread "pool-3-thread-1"                   [_thread_blocked, id=64484, stack(0x000000a367f00000,0x000000a368000000) (1024K)]
  0x000001cca697bf30 JavaThread "build event listener"              [_thread_blocked, id=64488, stack(0x000000a368000000,0x000000a368100000) (1024K)]
  0x000001cca697e690 JavaThread "included builds"                   [_thread_blocked, id=64492, stack(0x000000a368100000,0x000000a368200000) (1024K)]
  0x000001cca697c5c0 JavaThread "Execution worker"                  [_thread_blocked, id=64496, stack(0x000000a368200000,0x000000a368300000) (1024K)]
  0x000001cca6980df0 JavaThread "Execution worker Thread 2"         [_thread_blocked, id=64500, stack(0x000000a368300000,0x000000a368400000) (1024K)]
  0x000001cca697ed20 JavaThread "Execution worker Thread 3"         [_thread_blocked, id=64504, stack(0x000000a368400000,0x000000a368500000) (1024K)]
  0x000001cca697f3b0 JavaThread "Execution worker Thread 4"         [_thread_blocked, id=64508, stack(0x000000a368500000,0x000000a368600000) (1024K)]
  0x000001cca697fa40 JavaThread "Execution worker Thread 5"         [_thread_blocked, id=63120, stack(0x000000a368600000,0x000000a368700000) (1024K)]
  0x000001cca69800d0 JavaThread "Execution worker Thread 6"         [_thread_blocked, id=62924, stack(0x000000a368700000,0x000000a368800000) (1024K)]
  0x000001cca6980760 JavaThread "Execution worker Thread 7"         [_thread_blocked, id=60672, stack(0x000000a368800000,0x000000a368900000) (1024K)]
  0x000001cc9c43e3a0 JavaThread "Execution worker Thread 8"         [_thread_blocked, id=54008, stack(0x000000a368900000,0x000000a368a00000) (1024K)]
  0x000001cc9c43ea30 JavaThread "Execution worker Thread 9"         [_thread_blocked, id=62576, stack(0x000000a368a00000,0x000000a368b00000) (1024K)]
  0x000001cca81215f0 JavaThread "Execution worker Thread 10"        [_thread_blocked, id=13836, stack(0x000000a368b00000,0x000000a368c00000) (1024K)]
  0x000001cca8120240 JavaThread "Execution worker Thread 11"        [_thread_blocked, id=62968, stack(0x000000a368c00000,0x000000a368d00000) (1024K)]
  0x000001cca811e170 JavaThread "Cache worker for execution history cache (D:\MEox\UITer\DOAN\Mosco_Megre\Mosco\client\.gradle\9.3.1\executionHistory)"        [_thread_blocked, id=61532, stack(0x000000a368d00000,0x000000a368e00000) (1024K)]
  0x000001cca8121c80 JavaThread "Unconstrained build operations Thread 37"        [_thread_blocked, id=59976, stack(0x000000a368e00000,0x000000a368f00000) (1024K)]
  0x000001cca811e800 JavaThread "Unconstrained build operations Thread 38"        [_thread_blocked, id=50956, stack(0x000000a368f00000,0x000000a369000000) (1024K)]
  0x000001cca81208d0 JavaThread "Unconstrained build operations Thread 39"        [_thread_blocked, id=54396, stack(0x000000a369000000,0x000000a369100000) (1024K)]
  0x000001cca8120f60 JavaThread "Unconstrained build operations Thread 40"        [_thread_blocked, id=62712, stack(0x000000a369100000,0x000000a369200000) (1024K)]
  0x000001cca811ee90 JavaThread "Unconstrained build operations Thread 41"        [_thread_blocked, id=63132, stack(0x000000a369200000,0x000000a369300000) (1024K)]
  0x000001cca811fbb0 JavaThread "Unconstrained build operations Thread 42"        [_thread_blocked, id=60520, stack(0x000000a369300000,0x000000a369400000) (1024K)]
  0x000001cca811f520 JavaThread "Unconstrained build operations Thread 43"        [_thread_blocked, id=61144, stack(0x000000a369400000,0x000000a369500000) (1024K)]
  0x000001cca8124a70 JavaThread "Unconstrained build operations Thread 44"        [_thread_blocked, id=54224, stack(0x000000a369500000,0x000000a369600000) (1024K)]
  0x000001cca8122310 JavaThread "Unconstrained build operations Thread 45"        [_thread_blocked, id=62024, stack(0x000000a369600000,0x000000a369700000) (1024K)]
  0x000001cca81229a0 JavaThread "Unconstrained build operations Thread 46"        [_thread_blocked, id=18148, stack(0x000000a369700000,0x000000a369800000) (1024K)]
  0x000001cca8125100 JavaThread "Unconstrained build operations Thread 47"        [_thread_blocked, id=53980, stack(0x000000a369800000,0x000000a369900000) (1024K)]
  0x000001cca76f5ed0 JavaThread "Unconstrained build operations Thread 48"        [_thread_blocked, id=62720, stack(0x000000a369900000,0x000000a369a00000) (1024K)]
  0x000001cca76f5840 JavaThread "Unconstrained build operations Thread 49"        [_thread_blocked, id=63108, stack(0x000000a369a00000,0x000000a369b00000) (1024K)]
  0x000001cca8123d50 JavaThread "Unconstrained build operations Thread 50"        [_thread_blocked, id=62596, stack(0x000000a369b00000,0x000000a369c00000) (1024K)]
  0x000001cca81243e0 JavaThread "Unconstrained build operations Thread 51"        [_thread_blocked, id=60624, stack(0x000000a369c00000,0x000000a369d00000) (1024K)]
  0x000001cca8125790 JavaThread "Unconstrained build operations Thread 52"        [_thread_blocked, id=52052, stack(0x000000a369d00000,0x000000a369e00000) (1024K)]
  0x000001cca6979e60 JavaThread "Unconstrained build operations Thread 53"        [_thread_blocked, id=57936, stack(0x000000a369e00000,0x000000a369f00000) (1024K)]
  0x000001cca697a4f0 JavaThread "Unconstrained build operations Thread 54"        [_thread_blocked, id=63400, stack(0x000000a369f00000,0x000000a36a000000) (1024K)]
  0x000001cca697e000 JavaThread "Unconstrained build operations Thread 55"        [_thread_blocked, id=61156, stack(0x000000a36a000000,0x000000a36a100000) (1024K)]
  0x000001cc9c43f0c0 JavaThread "Unconstrained build operations Thread 56"        [_thread_blocked, id=61008, stack(0x000000a36a100000,0x000000a36a200000) (1024K)]
  0x000001cca8735dc0 JavaThread "Unconstrained build operations Thread 57"        [_thread_blocked, id=62516, stack(0x000000a36a200000,0x000000a36a300000) (1024K)]
  0x000001cca8736450 JavaThread "Unconstrained build operations Thread 58"        [_thread_blocked, id=59504, stack(0x000000a36a300000,0x000000a36a400000) (1024K)]
  0x000001cca8738520 JavaThread "Unconstrained build operations Thread 59"        [_thread_blocked, id=63560, stack(0x000000a36a400000,0x000000a36a500000) (1024K)]
  0x000001cca8737170 JavaThread "Unconstrained build operations Thread 60"        [_thread_blocked, id=63556, stack(0x000000a36a500000,0x000000a36a600000) (1024K)]
  0x000001cca8737e90 JavaThread "Unconstrained build operations Thread 61"        [_thread_blocked, id=63528, stack(0x000000a36a600000,0x000000a36a700000) (1024K)]
  0x000001cca87350a0 JavaThread "Unconstrained build operations Thread 62"        [_thread_blocked, id=63652, stack(0x000000a36a700000,0x000000a36a800000) (1024K)]
  0x000001cca8736ae0 JavaThread "Unconstrained build operations Thread 63"        [_thread_blocked, id=60380, stack(0x000000a36a800000,0x000000a36a900000) (1024K)]
  0x000001cca8738bb0 JavaThread "Unconstrained build operations Thread 64"        [_thread_blocked, id=60472, stack(0x000000a36a900000,0x000000a36aa00000) (1024K)]
  0x000001cca8735730 JavaThread "Unconstrained build operations Thread 65"        [_thread_blocked, id=63924, stack(0x000000a36aa00000,0x000000a36ab00000) (1024K)]
  0x000001cca87398d0 JavaThread "Unconstrained build operations Thread 66"        [_thread_blocked, id=63920, stack(0x000000a36ab00000,0x000000a36ac00000) (1024K)]
  0x000001cca8739240 JavaThread "Unconstrained build operations Thread 67"        [_thread_blocked, id=63916, stack(0x000000a36ac00000,0x000000a36ad00000) (1024K)]
  0x000001cca873ac80 JavaThread "Unconstrained build operations Thread 68"        [_thread_blocked, id=63912, stack(0x000000a36ad00000,0x000000a36ae00000) (1024K)]
  0x000001cca8739f60 JavaThread "Unconstrained build operations Thread 69"        [_thread_blocked, id=63908, stack(0x000000a36ae00000,0x000000a36af00000) (1024K)]
  0x000001cca76f23c0 JavaThread "WorkerExecutor Queue"              [_thread_blocked, id=64052, stack(0x000000a36af00000,0x000000a36b000000) (1024K)]
  0x000001cca76efc60 JavaThread "Unconstrained build operations Thread 70"        [_thread_blocked, id=64300, stack(0x000000a36b000000,0x000000a36b100000) (1024K)]
  0x000001cca76ef5d0 JavaThread "Unconstrained build operations Thread 71"        [_thread_blocked, id=61328, stack(0x000000a36b100000,0x000000a36b200000) (1024K)]
  0x000001cca76f3770 JavaThread "Unconstrained build operations Thread 72"        [_thread_blocked, id=64372, stack(0x000000a36b200000,0x000000a36b300000) (1024K)]
  0x000001cca76f51b0 JavaThread "Unconstrained build operations Thread 73"        [_thread_blocked, id=64368, stack(0x000000a36b300000,0x000000a36b400000) (1024K)]
  0x000001cca76f3e00 JavaThread "Unconstrained build operations Thread 74"        [_thread_blocked, id=64364, stack(0x000000a36b400000,0x000000a36b500000) (1024K)]
  0x000001cca76f4b20 JavaThread "Unconstrained build operations Thread 75"        [_thread_blocked, id=64400, stack(0x000000a36b500000,0x000000a36b600000) (1024K)]
  0x000001cca76f30e0 JavaThread "Unconstrained build operations Thread 76"        [_thread_blocked, id=64396, stack(0x000000a36b600000,0x000000a36b700000) (1024K)]
  0x000001cca76f6bf0 JavaThread "Unconstrained build operations Thread 77"        [_thread_blocked, id=64392, stack(0x000000a36b700000,0x000000a36b800000) (1024K)]
  0x000001cca76f4490 JavaThread "Unconstrained build operations Thread 78"        [_thread_blocked, id=64384, stack(0x000000a36b800000,0x000000a36b900000) (1024K)]
  0x000001cca873a5f0 JavaThread "Unconstrained build operations Thread 79"        [_thread_blocked, id=64380, stack(0x000000a36b900000,0x000000a36ba00000) (1024K)]
  0x000001cca8737800 JavaThread "Unconstrained build operations Thread 80"        [_thread_blocked, id=64388, stack(0x000000a36ba00000,0x000000a36bb00000) (1024K)]
  0x000001cca873c030 JavaThread "Unconstrained build operations Thread 81"        [_thread_blocked, id=64440, stack(0x000000a36bb00000,0x000000a36bc00000) (1024K)]
  0x000001cca76f02f0 JavaThread "WorkerExecutor Queue Thread 2"        [_thread_blocked, id=64428, stack(0x000000a36bc00000,0x000000a36bd00000) (1024K)]
  0x000001cca76f0980 JavaThread "Unconstrained build operations Thread 82"        [_thread_blocked, id=64404, stack(0x000000a36bd00000,0x000000a36be00000) (1024K)]
  0x000001cca88199a0 JavaThread "Unconstrained build operations Thread 83"        [_thread_blocked, id=55964, stack(0x000000a36be00000,0x000000a36bf00000) (1024K)]
  0x000001cca8818c80 JavaThread "Unconstrained build operations Thread 84"        [_thread_blocked, id=64332, stack(0x000000a36bf00000,0x000000a36c000000) (1024K)]
  0x000001cca88185f0 JavaThread "Unconstrained build operations Thread 85"        [_thread_blocked, id=50340, stack(0x000000a36c000000,0x000000a36c100000) (1024K)]
  0x000001cca881ba70 JavaThread "Unconstrained build operations Thread 86"        [_thread_blocked, id=40680, stack(0x000000a36c100000,0x000000a36c200000) (1024K)]
  0x000001cca881a6c0 JavaThread "Unconstrained build operations Thread 87"        [_thread_blocked, id=17996, stack(0x000000a36c200000,0x000000a36c300000) (1024K)]
  0x000001cca881ad50 JavaThread "Unconstrained build operations Thread 88"        [_thread_blocked, id=61924, stack(0x000000a36c300000,0x000000a36c400000) (1024K)]
  0x000001cca881c100 JavaThread "Unconstrained build operations Thread 89"        [_thread_blocked, id=63224, stack(0x000000a36c400000,0x000000a36c500000) (1024K)]
  0x000001cca8819310 JavaThread "Unconstrained build operations Thread 90"        [_thread_blocked, id=33436, stack(0x000000a36c500000,0x000000a36c600000) (1024K)]
  0x000001cca881b3e0 JavaThread "Unconstrained build operations Thread 91"        [_thread_blocked, id=54100, stack(0x000000a36c600000,0x000000a36c700000) (1024K)]
  0x000001cca881c790 JavaThread "Unconstrained build operations Thread 92"        [_thread_blocked, id=61716, stack(0x000000a36c700000,0x000000a36c800000) (1024K)]
  0x000001cca881a030 JavaThread "Unconstrained build operations Thread 93"        [_thread_blocked, id=60068, stack(0x000000a36c800000,0x000000a36c900000) (1024K)]
  0x000001cca881e860 JavaThread "Unconstrained build operations Thread 94"        [_thread_blocked, id=18644, stack(0x000000a36c900000,0x000000a36ca00000) (1024K)]
  0x000001cca881eef0 JavaThread "Unconstrained build operations Thread 95"        [_thread_blocked, id=54692, stack(0x000000a36ca00000,0x000000a36cb00000) (1024K)]
  0x000001cca881f580 JavaThread "Unconstrained build operations Thread 96"        [_thread_blocked, id=59948, stack(0x000000a36cb00000,0x000000a36cc00000) (1024K)]
  0x000001cca881d4b0 JavaThread "Unconstrained build operations Thread 97"        [_thread_blocked, id=59792, stack(0x000000a36cc00000,0x000000a36cd00000) (1024K)]
  0x000001cca881fc10 JavaThread "Unconstrained build operations Thread 98"        [_thread_blocked, id=61732, stack(0x000000a36cd00000,0x000000a36ce00000) (1024K)]
  0x000001cca88202a0 JavaThread "Unconstrained build operations Thread 99"        [_thread_blocked, id=62548, stack(0x000000a36ce00000,0x000000a36cf00000) (1024K)]
  0x000001cca881ce20 JavaThread "Unconstrained build operations Thread 100"        [_thread_blocked, id=13508, stack(0x000000a36cf00000,0x000000a36d000000) (1024K)]
  0x000001cca8820930 JavaThread "Unconstrained build operations Thread 101"        [_thread_blocked, id=6088, stack(0x000000a36d000000,0x000000a36d100000) (1024K)]
  0x000001cca881e1d0 JavaThread "Unconstrained build operations Thread 102"        [_thread_blocked, id=49524, stack(0x000000a36d100000,0x000000a36d200000) (1024K)]
  0x000001cca8820fc0 JavaThread "Unconstrained build operations Thread 103"        [_thread_blocked, id=17604, stack(0x000000a36d200000,0x000000a36d300000) (1024K)]
  0x000001cca2348d80 JavaThread "Unconstrained build operations Thread 104"        [_thread_blocked, id=45264, stack(0x000000a36d300000,0x000000a36d400000) (1024K)]
  0x000001cca2349410 JavaThread "Unconstrained build operations Thread 105"        [_thread_blocked, id=14028, stack(0x000000a36d400000,0x000000a36d500000) (1024K)]
  0x000001cca23486f0 JavaThread "Unconstrained build operations Thread 106"        [_thread_blocked, id=62912, stack(0x000000a36d500000,0x000000a36d600000) (1024K)]
  0x000001cca2348060 JavaThread "Unconstrained build operations Thread 107"        [_thread_blocked, id=59136, stack(0x000000a36d600000,0x000000a36d700000) (1024K)]
  0x000001cc9c274110 JavaThread "Unconstrained build operations Thread 108"        [_thread_blocked, id=60492, stack(0x000000a36d700000,0x000000a36d800000) (1024K)]
  0x000001cc9c2747a0 JavaThread "Unconstrained build operations Thread 109"        [_thread_blocked, id=52848, stack(0x000000a36d800000,0x000000a36d900000) (1024K)]
  0x000001cc9c272d60 JavaThread "Unconstrained build operations Thread 110"        [_thread_blocked, id=19316, stack(0x000000a36d900000,0x000000a36da00000) (1024K)]
  0x000001cca8402cd0 JavaThread "Unconstrained build operations Thread 111"        [_thread_blocked, id=60908, stack(0x000000a36da00000,0x000000a36db00000) (1024K)]
  0x000001cca84039f0 JavaThread "Unconstrained build operations Thread 112"        [_thread_blocked, id=27316, stack(0x000000a36db00000,0x000000a36dc00000) (1024K)]
  0x000001cca8403360 JavaThread "Unconstrained build operations Thread 113"        [_thread_blocked, id=58864, stack(0x000000a36dc00000,0x000000a36dd00000) (1024K)]
  0x000001cca8402640 JavaThread "Unconstrained build operations Thread 114"        [_thread_blocked, id=12840, stack(0x000000a36dd00000,0x000000a36de00000) (1024K)]
Total: 174

Other Threads:
=>0x000001cce2bb60c0 VMThread "VM Thread"                           [id=63604, stack(0x000000a362500000,0x000000a362600000) (1024K)]
  0x000001cce2ba3e70 WatcherThread "VM Periodic Task Thread"        [id=63600, stack(0x000000a362400000,0x000000a362500000) (1024K)]
  0x000001ccc9117fa0 WorkerThread "GC Thread#0"                     [id=63580, stack(0x000000a361f00000,0x000000a362000000) (1024K)]
  0x000001cc9c7bd9d0 WorkerThread "GC Thread#1"                     [id=63656, stack(0x000000a363100000,0x000000a363200000) (1024K)]
  0x000001cc9cacbb40 WorkerThread "GC Thread#2"                     [id=63660, stack(0x000000a363200000,0x000000a363300000) (1024K)]
  0x000001cc9c93e050 WorkerThread "GC Thread#3"                     [id=63664, stack(0x000000a363300000,0x000000a363400000) (1024K)]
  0x000001cc9c93e400 WorkerThread "GC Thread#4"                     [id=63668, stack(0x000000a363400000,0x000000a363500000) (1024K)]
  0x000001cc9c93e7b0 WorkerThread "GC Thread#5"                     [id=63672, stack(0x000000a363500000,0x000000a363600000) (1024K)]
  0x000001cca27682a0 WorkerThread "GC Thread#6"                     [id=63840, stack(0x000000a364100000,0x000000a364200000) (1024K)]
  0x000001cca2768650 WorkerThread "GC Thread#7"                     [id=63844, stack(0x000000a364200000,0x000000a364300000) (1024K)]
  0x000001cca2d055d0 WorkerThread "GC Thread#8"                     [id=63848, stack(0x000000a364300000,0x000000a364400000) (1024K)]
  0x000001cca2d04360 WorkerThread "GC Thread#9"                     [id=63852, stack(0x000000a364400000,0x000000a364500000) (1024K)]
  0x000001ccc9124f90 ConcurrentGCThread "G1 Main Marker"            [id=63584, stack(0x000000a362000000,0x000000a362100000) (1024K)]
  0x000001ccc9125aa0 WorkerThread "G1 Conc#0"                       [id=63588, stack(0x000000a362100000,0x000000a362200000) (1024K)]
  0x000001cca40a59f0 WorkerThread "G1 Conc#1"                       [id=63884, stack(0x000000a364800000,0x000000a364900000) (1024K)]
  0x000001cca40a4b30 WorkerThread "G1 Conc#2"                       [id=63888, stack(0x000000a364900000,0x000000a364a00000) (1024K)]
  0x000001ccc917d600 ConcurrentGCThread "G1 Refine#0"               [id=63592, stack(0x000000a362200000,0x000000a362300000) (1024K)]
  0x000001ccc917e020 ConcurrentGCThread "G1 Service"                [id=63596, stack(0x000000a362300000,0x000000a362400000) (1024K)]
Total: 18

Threads with active compile tasks:
C2 CompilerThread0  19780 16325       4       org.gradle.internal.vfs.impl.DefaultFileSystemAccess::readSnapshotFromLocation (27 bytes)
C1 CompilerThread0  19780 16355       3       com.sun.org.apache.xerces.internal.impl.XMLScanner::reset (140 bytes)
C2 CompilerThread1  19780 16298   !   4       org.gradle.internal.execution.impl.DefaultInputFingerprinter$InputCollectingVisitor::visitInputProperty (115 bytes)
C2 CompilerThread2  19780 16322       4       org.gradle.internal.snapshot.impl.AbstractValueProcessor::processValue (402 bytes)
Total: 4

VM state: at safepoint (normal execution)

VM Mutex/Monitor currently owned by a thread:  ([mutex/lock_event])
[0x00007ffe3a7d8db0] Threads_lock - owner thread: 0x000001cce2bb60c0
[0x00007ffe3a7d8eb0] Heap_lock - owner thread: 0x000001cc9c2747a0

Heap address: 0x0000000740000000, size: 3072 MB, Compressed Oops mode: Zero based, Oop shift amount: 3

CDS archive(s) mapped at: [0x000001cc80000000-0x000001cc81c20000-0x000001cc81c20000), size 29491200, SharedBaseAddress: 0x000001cc80000000, ArchiveRelocationMode: 1.
Compressed class space mapped at: 0x000001cc82000000-0x000001cc9c000000, reserved size: 436207616
Narrow klass base: 0x000001cc80000000, Narrow klass shift: 0, Narrow klass range: 0x100000000

GC Precious Log:
 CardTable entry size: 512
 Card Set container configuration: InlinePtr #cards 4 size 8 Array Of Cards #cards 16 size 48 Howl #buckets 8 coarsen threshold 3686 Howl Bitmap #cards 512 size 80 coarsen threshold 460 Card regions per heap region 1 cards per card region 4096
 CPUs: 12 total, 12 available
 Memory: 16068M
 Large Page Support: Disabled
 NUMA Support: Disabled
 Compressed Oops: Enabled (Zero based)
 Heap Region Size: 2M
 Heap Min Capacity: 8M
 Heap Initial Capacity: 252M
 Heap Max Capacity: 3G
 Pre-touch: Disabled
 Parallel Workers: 10
 Concurrent Workers: 3
 Concurrent Refinement Workers: 10
 Periodic GC: Disabled

Heap:
 garbage-first heap   total 342016K, used 175023K [0x0000000740000000, 0x0000000800000000)
  region size 2048K, 4 young (8192K), 4 survivors (8192K)
 Metaspace       used 109153K, committed 111488K, reserved 557056K
  class space    used 15470K, committed 16640K, reserved 425984K

Heap Regions: E=young(eden), S=young(survivor), O=old, HS=humongous(starts), HC=humongous(continues), CS=collection set, F=free, TAMS=top-at-mark-start, PB=parsable bottom
|   0|0x0000000740000000, 0x0000000740200000, 0x0000000740200000|100%|HS|  |TAMS 0x0000000740000000| PB 0x0000000740000000| Complete 
|   1|0x0000000740200000, 0x0000000740400000, 0x0000000740400000|100%|HC|  |TAMS 0x0000000740200000| PB 0x0000000740200000| Complete 
|   2|0x0000000740400000, 0x0000000740600000, 0x0000000740600000|100%| O|  |TAMS 0x0000000740400000| PB 0x0000000740400000| Untracked 
|   3|0x0000000740600000, 0x0000000740800000, 0x0000000740800000|100%| O|  |TAMS 0x0000000740600000| PB 0x0000000740600000| Untracked 
|   4|0x0000000740800000, 0x0000000740a00000, 0x0000000740a00000|100%| O|  |TAMS 0x0000000740800000| PB 0x0000000740800000| Untracked 
|   5|0x0000000740a00000, 0x0000000740c00000, 0x0000000740c00000|100%| O|  |TAMS 0x0000000740a00000| PB 0x0000000740a00000| Untracked 
|   6|0x0000000740c00000, 0x0000000740e00000, 0x0000000740e00000|100%| O|  |TAMS 0x0000000740c00000| PB 0x0000000740c00000| Untracked 
|   7|0x0000000740e00000, 0x0000000741000000, 0x0000000741000000|100%| O|  |TAMS 0x0000000740e00000| PB 0x0000000740e00000| Untracked 
|   8|0x0000000741000000, 0x0000000741200000, 0x0000000741200000|100%| O|  |TAMS 0x0000000741000000| PB 0x0000000741000000| Untracked 
|   9|0x0000000741200000, 0x0000000741400000, 0x0000000741400000|100%| O|  |TAMS 0x0000000741200000| PB 0x0000000741200000| Untracked 
|  10|0x0000000741400000, 0x0000000741600000, 0x0000000741600000|100%| O|  |TAMS 0x0000000741400000| PB 0x0000000741400000| Untracked 
|  11|0x0000000741600000, 0x0000000741800000, 0x0000000741800000|100%| O|  |TAMS 0x0000000741600000| PB 0x0000000741600000| Untracked 
|  12|0x0000000741800000, 0x0000000741a00000, 0x0000000741a00000|100%| O|  |TAMS 0x0000000741800000| PB 0x0000000741800000| Untracked 
|  13|0x0000000741a00000, 0x0000000741c00000, 0x0000000741c00000|100%| O|  |TAMS 0x0000000741a00000| PB 0x0000000741a00000| Untracked 
|  14|0x0000000741c00000, 0x0000000741e00000, 0x0000000741e00000|100%| O|  |TAMS 0x0000000741c00000| PB 0x0000000741c00000| Untracked 
|  15|0x0000000741e00000, 0x0000000742000000, 0x0000000742000000|100%| O|  |TAMS 0x0000000741e00000| PB 0x0000000741e00000| Untracked 
|  16|0x0000000742000000, 0x0000000742200000, 0x0000000742200000|100%| O|  |TAMS 0x0000000742000000| PB 0x0000000742000000| Untracked 
|  17|0x0000000742200000, 0x0000000742400000, 0x0000000742400000|100%|HS|  |TAMS 0x0000000742200000| PB 0x0000000742200000| Complete 
|  18|0x0000000742400000, 0x0000000742600000, 0x0000000742600000|100%| O|  |TAMS 0x0000000742400000| PB 0x0000000742400000| Untracked 
|  19|0x0000000742600000, 0x0000000742800000, 0x0000000742800000|100%| O|  |TAMS 0x0000000742600000| PB 0x0000000742600000| Untracked 
|  20|0x0000000742800000, 0x0000000742a00000, 0x0000000742a00000|100%| O|  |TAMS 0x0000000742800000| PB 0x0000000742800000| Untracked 
|  21|0x0000000742a00000, 0x0000000742c00000, 0x0000000742c00000|100%| O|  |TAMS 0x0000000742a00000| PB 0x0000000742a00000| Untracked 
|  22|0x0000000742c00000, 0x0000000742e00000, 0x0000000742e00000|100%| O|  |TAMS 0x0000000742c00000| PB 0x0000000742c00000| Untracked 
|  23|0x0000000742e00000, 0x0000000743000000, 0x0000000743000000|100%| O|  |TAMS 0x0000000742e00000| PB 0x0000000742e00000| Untracked 
|  24|0x0000000743000000, 0x0000000743200000, 0x0000000743200000|100%| O|  |TAMS 0x0000000743000000| PB 0x0000000743000000| Untracked 
|  25|0x0000000743200000, 0x0000000743400000, 0x0000000743400000|100%| O|  |TAMS 0x0000000743200000| PB 0x0000000743200000| Untracked 
|  26|0x0000000743400000, 0x0000000743600000, 0x0000000743600000|100%| O|  |TAMS 0x0000000743400000| PB 0x0000000743400000| Untracked 
|  27|0x0000000743600000, 0x0000000743800000, 0x0000000743800000|100%| O|  |TAMS 0x0000000743600000| PB 0x0000000743600000| Untracked 
|  28|0x0000000743800000, 0x0000000743a00000, 0x0000000743a00000|100%|HS|  |TAMS 0x0000000743800000| PB 0x0000000743800000| Complete 
|  29|0x0000000743a00000, 0x0000000743c00000, 0x0000000743c00000|100%| O|  |TAMS 0x0000000743a00000| PB 0x0000000743a00000| Untracked 
|  30|0x0000000743c00000, 0x0000000743e00000, 0x0000000743e00000|100%| O|  |TAMS 0x0000000743c00000| PB 0x0000000743c00000| Untracked 
|  31|0x0000000743e00000, 0x0000000744000000, 0x0000000744000000|100%| O|  |TAMS 0x0000000743e00000| PB 0x0000000743e00000| Untracked 
|  32|0x0000000744000000, 0x0000000744200000, 0x0000000744200000|100%| O|  |TAMS 0x0000000744000000| PB 0x0000000744000000| Untracked 
|  33|0x0000000744200000, 0x0000000744400000, 0x0000000744400000|100%| O|  |TAMS 0x0000000744200000| PB 0x0000000744200000| Untracked 
|  34|0x0000000744400000, 0x0000000744600000, 0x0000000744600000|100%| O|  |TAMS 0x0000000744400000| PB 0x0000000744400000| Untracked 
|  35|0x0000000744600000, 0x0000000744800000, 0x0000000744800000|100%| O|  |TAMS 0x0000000744600000| PB 0x0000000744600000| Untracked 
|  36|0x0000000744800000, 0x0000000744a00000, 0x0000000744a00000|100%| O|  |TAMS 0x0000000744800000| PB 0x0000000744800000| Untracked 
|  37|0x0000000744a00000, 0x0000000744c00000, 0x0000000744c00000|100%| O|  |TAMS 0x0000000744a00000| PB 0x0000000744a00000| Untracked 
|  38|0x0000000744c00000, 0x0000000744e00000, 0x0000000744e00000|100%| O|  |TAMS 0x0000000744c00000| PB 0x0000000744c00000| Untracked 
|  39|0x0000000744e00000, 0x0000000745000000, 0x0000000745000000|100%| O|  |TAMS 0x0000000744e00000| PB 0x0000000744e00000| Untracked 
|  40|0x0000000745000000, 0x0000000745200000, 0x0000000745200000|100%| O|  |TAMS 0x0000000745000000| PB 0x0000000745000000| Untracked 
|  41|0x0000000745200000, 0x0000000745400000, 0x0000000745400000|100%| O|  |TAMS 0x0000000745200000| PB 0x0000000745200000| Untracked 
|  42|0x0000000745400000, 0x0000000745600000, 0x0000000745600000|100%| O|  |TAMS 0x0000000745400000| PB 0x0000000745400000| Untracked 
|  43|0x0000000745600000, 0x0000000745800000, 0x0000000745800000|100%| O|  |TAMS 0x0000000745600000| PB 0x0000000745600000| Untracked 
|  44|0x0000000745800000, 0x0000000745a00000, 0x0000000745a00000|100%| O|  |TAMS 0x0000000745800000| PB 0x0000000745800000| Untracked 
|  45|0x0000000745a00000, 0x0000000745c00000, 0x0000000745c00000|100%| O|  |TAMS 0x0000000745a00000| PB 0x0000000745a00000| Untracked 
|  46|0x0000000745c00000, 0x0000000745e00000, 0x0000000745e00000|100%| O|  |TAMS 0x0000000745c00000| PB 0x0000000745c00000| Untracked 
|  47|0x0000000745e00000, 0x0000000746000000, 0x0000000746000000|100%| O|  |TAMS 0x0000000745e00000| PB 0x0000000745e00000| Untracked 
|  48|0x0000000746000000, 0x0000000746200000, 0x0000000746200000|100%| O|  |TAMS 0x0000000746000000| PB 0x0000000746000000| Untracked 
|  49|0x0000000746200000, 0x0000000746400000, 0x0000000746400000|100%| O|  |TAMS 0x0000000746200000| PB 0x0000000746200000| Untracked 
|  50|0x0000000746400000, 0x0000000746600000, 0x0000000746600000|100%| O|  |TAMS 0x0000000746400000| PB 0x0000000746400000| Untracked 
|  51|0x0000000746600000, 0x0000000746800000, 0x0000000746800000|100%| O|  |TAMS 0x0000000746600000| PB 0x0000000746600000| Untracked 
|  52|0x0000000746800000, 0x0000000746a00000, 0x0000000746a00000|100%| O|  |TAMS 0x0000000746800000| PB 0x0000000746800000| Untracked 
|  53|0x0000000746a00000, 0x0000000746bd21f0, 0x0000000746c00000| 91%| O|  |TAMS 0x0000000746a00000| PB 0x0000000746a00000| Untracked 
|  54|0x0000000746c00000, 0x0000000746c00000, 0x0000000746e00000|  0%| F|  |TAMS 0x0000000746c00000| PB 0x0000000746c00000| Untracked 
|  55|0x0000000746e00000, 0x0000000746e00000, 0x0000000747000000|  0%| F|  |TAMS 0x0000000746e00000| PB 0x0000000746e00000| Untracked 
|  56|0x0000000747000000, 0x0000000747000000, 0x0000000747200000|  0%| F|  |TAMS 0x0000000747000000| PB 0x0000000747000000| Untracked 
|  57|0x0000000747200000, 0x0000000747200000, 0x0000000747400000|  0%| F|  |TAMS 0x0000000747200000| PB 0x0000000747200000| Untracked 
|  58|0x0000000747400000, 0x0000000747400000, 0x0000000747600000|  0%| F|  |TAMS 0x0000000747400000| PB 0x0000000747400000| Untracked 
|  59|0x0000000747600000, 0x0000000747800000, 0x0000000747800000|100%| O|  |TAMS 0x0000000747600000| PB 0x0000000747600000| Untracked 
|  60|0x0000000747800000, 0x0000000747a00000, 0x0000000747a00000|100%| O|  |TAMS 0x0000000747800000| PB 0x0000000747800000| Untracked 
|  61|0x0000000747a00000, 0x0000000747c00000, 0x0000000747c00000|100%| O|  |TAMS 0x0000000747a00000| PB 0x0000000747a00000| Untracked 
|  62|0x0000000747c00000, 0x0000000747c00000, 0x0000000747e00000|  0%| F|  |TAMS 0x0000000747c00000| PB 0x0000000747c00000| Untracked 
|  63|0x0000000747e00000, 0x0000000747e00000, 0x0000000748000000|  0%| F|  |TAMS 0x0000000747e00000| PB 0x0000000747e00000| Untracked 
|  64|0x0000000748000000, 0x0000000748000000, 0x0000000748200000|  0%| F|  |TAMS 0x0000000748000000| PB 0x0000000748000000| Untracked 
|  65|0x0000000748200000, 0x0000000748200000, 0x0000000748400000|  0%| F|  |TAMS 0x0000000748200000| PB 0x0000000748200000| Untracked 
|  66|0x0000000748400000, 0x0000000748400000, 0x0000000748600000|  0%| F|  |TAMS 0x0000000748400000| PB 0x0000000748400000| Untracked 
|  67|0x0000000748600000, 0x0000000748719c70, 0x0000000748800000| 55%| S|CS|TAMS 0x0000000748600000| PB 0x0000000748600000| Complete 
|  68|0x0000000748800000, 0x0000000748a00000, 0x0000000748a00000|100%| S|CS|TAMS 0x0000000748800000| PB 0x0000000748800000| Complete 
|  69|0x0000000748a00000, 0x0000000748c00000, 0x0000000748c00000|100%| S|CS|TAMS 0x0000000748a00000| PB 0x0000000748a00000| Complete 
|  70|0x0000000748c00000, 0x0000000748e00000, 0x0000000748e00000|100%| S|CS|TAMS 0x0000000748c00000| PB 0x0000000748c00000| Complete 
|  71|0x0000000748e00000, 0x0000000748e00000, 0x0000000749000000|  0%| F|  |TAMS 0x0000000748e00000| PB 0x0000000748e00000| Untracked 
|  72|0x0000000749000000, 0x0000000749000000, 0x0000000749200000|  0%| F|  |TAMS 0x0000000749000000| PB 0x0000000749000000| Untracked 
|  73|0x0000000749200000, 0x0000000749200000, 0x0000000749400000|  0%| F|  |TAMS 0x0000000749200000| PB 0x0000000749200000| Untracked 
|  74|0x0000000749400000, 0x0000000749400000, 0x0000000749600000|  0%| F|  |TAMS 0x0000000749400000| PB 0x0000000749400000| Untracked 
|  75|0x0000000749600000, 0x0000000749600000, 0x0000000749800000|  0%| F|  |TAMS 0x0000000749600000| PB 0x0000000749600000| Untracked 
|  76|0x0000000749800000, 0x0000000749800000, 0x0000000749a00000|  0%| F|  |TAMS 0x0000000749800000| PB 0x0000000749800000| Untracked 
|  77|0x0000000749a00000, 0x0000000749a00000, 0x0000000749c00000|  0%| F|  |TAMS 0x0000000749a00000| PB 0x0000000749a00000| Untracked 
|  78|0x0000000749c00000, 0x0000000749c00000, 0x0000000749e00000|  0%| F|  |TAMS 0x0000000749c00000| PB 0x0000000749c00000| Untracked 
|  79|0x0000000749e00000, 0x0000000749e00000, 0x000000074a000000|  0%| F|  |TAMS 0x0000000749e00000| PB 0x0000000749e00000| Untracked 
|  80|0x000000074a000000, 0x000000074a000000, 0x000000074a200000|  0%| F|  |TAMS 0x000000074a000000| PB 0x000000074a000000| Untracked 
|  81|0x000000074a200000, 0x000000074a200000, 0x000000074a400000|  0%| F|  |TAMS 0x000000074a200000| PB 0x000000074a200000| Untracked 
|  82|0x000000074a400000, 0x000000074a400000, 0x000000074a600000|  0%| F|  |TAMS 0x000000074a400000| PB 0x000000074a400000| Untracked 
|  83|0x000000074a600000, 0x000000074a600000, 0x000000074a800000|  0%| F|  |TAMS 0x000000074a600000| PB 0x000000074a600000| Untracked 
|  84|0x000000074a800000, 0x000000074a800000, 0x000000074aa00000|  0%| F|  |TAMS 0x000000074a800000| PB 0x000000074a800000| Untracked 
|  85|0x000000074aa00000, 0x000000074aa00000, 0x000000074ac00000|  0%| F|  |TAMS 0x000000074aa00000| PB 0x000000074aa00000| Untracked 
|  86|0x000000074ac00000, 0x000000074ac00000, 0x000000074ae00000|  0%| F|  |TAMS 0x000000074ac00000| PB 0x000000074ac00000| Untracked 
|  87|0x000000074ae00000, 0x000000074ae00000, 0x000000074b000000|  0%| F|  |TAMS 0x000000074ae00000| PB 0x000000074ae00000| Untracked 
|  88|0x000000074b000000, 0x000000074b000000, 0x000000074b200000|  0%| F|  |TAMS 0x000000074b000000| PB 0x000000074b000000| Untracked 
|  89|0x000000074b200000, 0x000000074b200000, 0x000000074b400000|  0%| F|  |TAMS 0x000000074b200000| PB 0x000000074b200000| Untracked 
|  90|0x000000074b400000, 0x000000074b400000, 0x000000074b600000|  0%| F|  |TAMS 0x000000074b400000| PB 0x000000074b400000| Untracked 
|  91|0x000000074b600000, 0x000000074b600000, 0x000000074b800000|  0%| F|  |TAMS 0x000000074b600000| PB 0x000000074b600000| Untracked 
|  92|0x000000074b800000, 0x000000074b800000, 0x000000074ba00000|  0%| F|  |TAMS 0x000000074b800000| PB 0x000000074b800000| Untracked 
|  93|0x000000074ba00000, 0x000000074ba00000, 0x000000074bc00000|  0%| F|  |TAMS 0x000000074ba00000| PB 0x000000074ba00000| Untracked 
|  94|0x000000074bc00000, 0x000000074bc00000, 0x000000074be00000|  0%| F|  |TAMS 0x000000074bc00000| PB 0x000000074bc00000| Untracked 
|  95|0x000000074be00000, 0x000000074be00000, 0x000000074c000000|  0%| F|  |TAMS 0x000000074be00000| PB 0x000000074be00000| Untracked 
|  96|0x000000074c000000, 0x000000074c000000, 0x000000074c200000|  0%| F|  |TAMS 0x000000074c000000| PB 0x000000074c000000| Untracked 
|  97|0x000000074c200000, 0x000000074c200000, 0x000000074c400000|  0%| F|  |TAMS 0x000000074c200000| PB 0x000000074c200000| Untracked 
|  98|0x000000074c400000, 0x000000074c400000, 0x000000074c600000|  0%| F|  |TAMS 0x000000074c400000| PB 0x000000074c400000| Untracked 
|  99|0x000000074c600000, 0x000000074c600000, 0x000000074c800000|  0%| F|  |TAMS 0x000000074c600000| PB 0x000000074c600000| Untracked 
| 100|0x000000074c800000, 0x000000074c800000, 0x000000074ca00000|  0%| F|  |TAMS 0x000000074c800000| PB 0x000000074c800000| Untracked 
| 101|0x000000074ca00000, 0x000000074ca00000, 0x000000074cc00000|  0%| F|  |TAMS 0x000000074ca00000| PB 0x000000074ca00000| Untracked 
| 102|0x000000074cc00000, 0x000000074cc00000, 0x000000074ce00000|  0%| F|  |TAMS 0x000000074cc00000| PB 0x000000074cc00000| Untracked 
| 103|0x000000074ce00000, 0x000000074ce00000, 0x000000074d000000|  0%| F|  |TAMS 0x000000074ce00000| PB 0x000000074ce00000| Untracked 
| 104|0x000000074d000000, 0x000000074d000000, 0x000000074d200000|  0%| F|  |TAMS 0x000000074d000000| PB 0x000000074d000000| Untracked 
| 105|0x000000074d200000, 0x000000074d200000, 0x000000074d400000|  0%| F|  |TAMS 0x000000074d200000| PB 0x000000074d200000| Untracked 
| 106|0x000000074d400000, 0x000000074d400000, 0x000000074d600000|  0%| F|  |TAMS 0x000000074d400000| PB 0x000000074d400000| Untracked 
| 107|0x000000074d600000, 0x000000074d600000, 0x000000074d800000|  0%| F|  |TAMS 0x000000074d600000| PB 0x000000074d600000| Untracked 
| 108|0x000000074d800000, 0x000000074d800000, 0x000000074da00000|  0%| F|  |TAMS 0x000000074d800000| PB 0x000000074d800000| Untracked 
| 109|0x000000074da00000, 0x000000074da00000, 0x000000074dc00000|  0%| F|  |TAMS 0x000000074da00000| PB 0x000000074da00000| Untracked 
| 110|0x000000074dc00000, 0x000000074dc00000, 0x000000074de00000|  0%| F|  |TAMS 0x000000074dc00000| PB 0x000000074dc00000| Untracked 
| 111|0x000000074de00000, 0x000000074de00000, 0x000000074e000000|  0%| F|  |TAMS 0x000000074de00000| PB 0x000000074de00000| Untracked 
| 112|0x000000074e000000, 0x000000074e000000, 0x000000074e200000|  0%| F|  |TAMS 0x000000074e000000| PB 0x000000074e000000| Untracked 
| 113|0x000000074e200000, 0x000000074e200000, 0x000000074e400000|  0%| F|  |TAMS 0x000000074e200000| PB 0x000000074e200000| Untracked 
| 114|0x000000074e400000, 0x000000074e400000, 0x000000074e600000|  0%| F|  |TAMS 0x000000074e400000| PB 0x000000074e400000| Untracked 
| 115|0x000000074e600000, 0x000000074e600000, 0x000000074e800000|  0%| F|  |TAMS 0x000000074e600000| PB 0x000000074e600000| Untracked 
| 116|0x000000074e800000, 0x000000074e800000, 0x000000074ea00000|  0%| F|  |TAMS 0x000000074e800000| PB 0x000000074e800000| Untracked 
| 117|0x000000074ea00000, 0x000000074ea00000, 0x000000074ec00000|  0%| F|  |TAMS 0x000000074ea00000| PB 0x000000074ea00000| Untracked 
| 118|0x000000074ec00000, 0x000000074ec00000, 0x000000074ee00000|  0%| F|  |TAMS 0x000000074ec00000| PB 0x000000074ec00000| Untracked 
| 119|0x000000074ee00000, 0x000000074ee00000, 0x000000074f000000|  0%| F|  |TAMS 0x000000074ee00000| PB 0x000000074ee00000| Untracked 
| 120|0x000000074f000000, 0x000000074f000000, 0x000000074f200000|  0%| F|  |TAMS 0x000000074f000000| PB 0x000000074f000000| Untracked 
| 121|0x000000074f200000, 0x000000074f200000, 0x000000074f400000|  0%| F|  |TAMS 0x000000074f200000| PB 0x000000074f200000| Untracked 
| 122|0x000000074f400000, 0x000000074f400000, 0x000000074f600000|  0%| F|  |TAMS 0x000000074f400000| PB 0x000000074f400000| Untracked 
| 123|0x000000074f600000, 0x000000074f600000, 0x000000074f800000|  0%| F|  |TAMS 0x000000074f600000| PB 0x000000074f600000| Untracked 
| 124|0x000000074f800000, 0x000000074f800000, 0x000000074fa00000|  0%| F|  |TAMS 0x000000074f800000| PB 0x000000074f800000| Untracked 
| 125|0x000000074fa00000, 0x000000074fa00000, 0x000000074fc00000|  0%| F|  |TAMS 0x000000074fa00000| PB 0x000000074fa00000| Untracked 
| 126|0x000000074fc00000, 0x000000074fc00000, 0x000000074fe00000|  0%| F|  |TAMS 0x000000074fc00000| PB 0x000000074fc00000| Untracked 
| 127|0x000000074fe00000, 0x000000074fe00000, 0x0000000750000000|  0%| F|  |TAMS 0x000000074fe00000| PB 0x000000074fe00000| Untracked 
| 128|0x0000000750000000, 0x0000000750000000, 0x0000000750200000|  0%| F|  |TAMS 0x0000000750000000| PB 0x0000000750000000| Untracked 
| 129|0x0000000750200000, 0x0000000750200000, 0x0000000750400000|  0%| F|  |TAMS 0x0000000750200000| PB 0x0000000750200000| Untracked 
| 130|0x0000000750400000, 0x0000000750400000, 0x0000000750600000|  0%| F|  |TAMS 0x0000000750400000| PB 0x0000000750400000| Untracked 
| 131|0x0000000750600000, 0x0000000750600000, 0x0000000750800000|  0%| F|  |TAMS 0x0000000750600000| PB 0x0000000750600000| Untracked 
| 132|0x0000000750800000, 0x0000000750800000, 0x0000000750a00000|  0%| F|  |TAMS 0x0000000750800000| PB 0x0000000750800000| Untracked 
| 133|0x0000000750a00000, 0x0000000750a00000, 0x0000000750c00000|  0%| F|  |TAMS 0x0000000750a00000| PB 0x0000000750a00000| Untracked 
| 134|0x0000000750c00000, 0x0000000750c00000, 0x0000000750e00000|  0%| F|  |TAMS 0x0000000750c00000| PB 0x0000000750c00000| Untracked 
| 135|0x0000000750e00000, 0x0000000750e00000, 0x0000000751000000|  0%| F|  |TAMS 0x0000000750e00000| PB 0x0000000750e00000| Untracked 
| 136|0x0000000751000000, 0x0000000751000000, 0x0000000751200000|  0%| F|  |TAMS 0x0000000751000000| PB 0x0000000751000000| Untracked 
|1506|0x00000007fc400000, 0x00000007fc600000, 0x00000007fc600000|100%| O|  |TAMS 0x00000007fc400000| PB 0x00000007fc400000| Untracked 
|1507|0x00000007fc600000, 0x00000007fc800000, 0x00000007fc800000|100%| O|  |TAMS 0x00000007fc600000| PB 0x00000007fc600000| Untracked 
|1508|0x00000007fc800000, 0x00000007fca00000, 0x00000007fca00000|100%| O|  |TAMS 0x00000007fc800000| PB 0x00000007fc800000| Untracked 
|1509|0x00000007fca00000, 0x00000007fcc00000, 0x00000007fcc00000|100%| O|  |TAMS 0x00000007fca00000| PB 0x00000007fca00000| Untracked 
|1510|0x00000007fcc00000, 0x00000007fce00000, 0x00000007fce00000|100%| O|  |TAMS 0x00000007fcc00000| PB 0x00000007fcc00000| Untracked 
|1511|0x00000007fce00000, 0x00000007fd000000, 0x00000007fd000000|100%| O|  |TAMS 0x00000007fce00000| PB 0x00000007fce00000| Untracked 
|1512|0x00000007fd000000, 0x00000007fd200000, 0x00000007fd200000|100%| O|  |TAMS 0x00000007fd000000| PB 0x00000007fd000000| Untracked 
|1513|0x00000007fd200000, 0x00000007fd400000, 0x00000007fd400000|100%| O|  |TAMS 0x00000007fd200000| PB 0x00000007fd200000| Untracked 
|1514|0x00000007fd400000, 0x00000007fd600000, 0x00000007fd600000|100%| O|  |TAMS 0x00000007fd400000| PB 0x00000007fd400000| Untracked 
|1515|0x00000007fd600000, 0x00000007fd800000, 0x00000007fd800000|100%| O|  |TAMS 0x00000007fd600000| PB 0x00000007fd600000| Untracked 
|1516|0x00000007fd800000, 0x00000007fda00000, 0x00000007fda00000|100%| O|  |TAMS 0x00000007fd800000| PB 0x00000007fd800000| Untracked 
|1517|0x00000007fda00000, 0x00000007fda00000, 0x00000007fdc00000|  0%| F|  |TAMS 0x00000007fda00000| PB 0x00000007fda00000| Untracked 
|1518|0x00000007fdc00000, 0x00000007fdc00000, 0x00000007fde00000|  0%| F|  |TAMS 0x00000007fdc00000| PB 0x00000007fdc00000| Untracked 
|1519|0x00000007fde00000, 0x00000007fe000000, 0x00000007fe000000|100%| O|  |TAMS 0x00000007fde00000| PB 0x00000007fde00000| Untracked 
|1520|0x00000007fe000000, 0x00000007fe200000, 0x00000007fe200000|100%| O|  |TAMS 0x00000007fe000000| PB 0x00000007fe000000| Untracked 
|1521|0x00000007fe200000, 0x00000007fe200000, 0x00000007fe400000|  0%| F|  |TAMS 0x00000007fe200000| PB 0x00000007fe200000| Untracked 
|1522|0x00000007fe400000, 0x00000007fe400000, 0x00000007fe600000|  0%| F|  |TAMS 0x00000007fe400000| PB 0x00000007fe400000| Untracked 
|1523|0x00000007fe600000, 0x00000007fe800000, 0x00000007fe800000|100%| O|  |TAMS 0x00000007fe600000| PB 0x00000007fe600000| Untracked 
|1524|0x00000007fe800000, 0x00000007fea00000, 0x00000007fea00000|100%| O|  |TAMS 0x00000007fe800000| PB 0x00000007fe800000| Untracked 
|1525|0x00000007fea00000, 0x00000007fec00000, 0x00000007fec00000|100%| O|  |TAMS 0x00000007fea00000| PB 0x00000007fea00000| Untracked 
|1526|0x00000007fec00000, 0x00000007fee00000, 0x00000007fee00000|100%| O|  |TAMS 0x00000007fec00000| PB 0x00000007fec00000| Untracked 
|1527|0x00000007fee00000, 0x00000007ff000000, 0x00000007ff000000|100%| O|  |TAMS 0x00000007fee00000| PB 0x00000007fee00000| Untracked 
|1528|0x00000007ff000000, 0x00000007ff200000, 0x00000007ff200000|100%| O|  |TAMS 0x00000007ff000000| PB 0x00000007ff000000| Untracked 
|1529|0x00000007ff200000, 0x00000007ff200000, 0x00000007ff400000|  0%| F|  |TAMS 0x00000007ff200000| PB 0x00000007ff200000| Untracked 
|1530|0x00000007ff400000, 0x00000007ff600000, 0x00000007ff600000|100%| O|  |TAMS 0x00000007ff400000| PB 0x00000007ff400000| Untracked 
|1531|0x00000007ff600000, 0x00000007ff800000, 0x00000007ff800000|100%| O|  |TAMS 0x00000007ff600000| PB 0x00000007ff600000| Untracked 
|1532|0x00000007ff800000, 0x00000007ffa00000, 0x00000007ffa00000|100%| O|  |TAMS 0x00000007ff800000| PB 0x00000007ff800000| Untracked 
|1533|0x00000007ffa00000, 0x00000007ffc00000, 0x00000007ffc00000|100%| O|  |TAMS 0x00000007ffa00000| PB 0x00000007ffa00000| Untracked 
|1534|0x00000007ffc00000, 0x00000007ffe00000, 0x00000007ffe00000|100%| O|  |TAMS 0x00000007ffc00000| PB 0x00000007ffc00000| Untracked 
|1535|0x00000007ffe00000, 0x0000000800000000, 0x0000000800000000|100%| O|  |TAMS 0x00000007ffe00000| PB 0x00000007ffe00000| Untracked 

Card table byte_map: [0x000001ccdd0d0000,0x000001ccdd6d0000] _byte_map_base: 0x000001ccd96d0000

Marking Bits: (CMBitMap*) 0x000001ccc91186b0
 Bits: [0x000001ccdd6d0000, 0x000001cce06d0000)

Polling page: 0x000001ccc6ef0000

Metaspace:

Usage:
  Non-class:     91.49 MB used.
      Class:     15.11 MB used.
       Both:    106.59 MB used.

Virtual space:
  Non-class space:      128.00 MB reserved,      92.62 MB ( 72%) committed,  2 nodes.
      Class space:      416.00 MB reserved,      16.25 MB (  4%) committed,  1 nodes.
             Both:      544.00 MB reserved,     108.88 MB ( 20%) committed. 

Chunk freelists:
   Non-Class:  3.22 MB
       Class:  15.72 MB
        Both:  18.94 MB

MaxMetaspaceSize: 512.00 MB
CompressedClassSpaceSize: 416.00 MB
Initial GC threshold: 21.00 MB
Current GC threshold: 178.38 MB
CDS: on
 - commit_granule_bytes: 65536.
 - commit_granule_words: 8192.
 - virtual_space_node_default_size: 8388608.
 - enlarge_chunks_in_place: 1.
 - use_allocation_guard: 0.


Internal statistics:

num_allocs_failed_limit: 12.
num_arena_births: 4594.
num_arena_deaths: 0.
num_vsnodes_births: 3.
num_vsnodes_deaths: 0.
num_space_committed: 1738.
num_space_uncommitted: 0.
num_chunks_returned_to_freelist: 12.
num_chunks_taken_from_freelist: 9863.
num_chunk_merges: 12.
num_chunk_splits: 6471.
num_chunks_enlarged: 4027.
num_inconsistent_stats: 0.

CodeHeap 'non-profiled nmethods': size=120000Kb used=10271Kb max_used=10271Kb free=109728Kb
 bounds [0x000001ccd5040000, 0x000001ccd5a50000, 0x000001ccdc570000]
CodeHeap 'profiled nmethods': size=120000Kb used=25920Kb max_used=25920Kb free=94079Kb
 bounds [0x000001cccd570000, 0x000001ccceed0000, 0x000001ccd4aa0000]
CodeHeap 'non-nmethods': size=5760Kb used=2059Kb max_used=2115Kb free=3700Kb
 bounds [0x000001ccd4aa0000, 0x000001ccd4d10000, 0x000001ccd5040000]
CodeCache: size=245760Kb, used=38250Kb, max_used=38306Kb, free=207507Kb
 total_blobs=14442, nmethods=13527, adapters=819, full_count=0
Compilation: enabled, stopped_count=0, restarted_count=0

Compilation events (20 events):
Event: 17.623 Thread 0x000001cc9c15b570 nmethod 16345 0x000001ccd5a46210 code [0x000001ccd5a463a0, 0x000001ccd5a464b8]
Event: 17.623 Thread 0x000001cc9c15b570 16346       1       com.sun.org.apache.xerces.internal.parsers.AbstractXMLDocumentParser::setDTDSource (6 bytes)
Event: 17.623 Thread 0x000001cc9c15b570 nmethod 16346 0x000001ccd5a46510 code [0x000001ccd5a466a0, 0x000001ccd5a467b8]
Event: 17.623 Thread 0x000001cc9c15b570 16347       1       com.sun.org.apache.xerces.internal.impl.XMLDTDScannerImpl::setDTDContentModelHandler (6 bytes)
Event: 17.623 Thread 0x000001cc9c15b570 nmethod 16347 0x000001ccd5a46810 code [0x000001ccd5a469a0, 0x000001ccd5a46ac0]
Event: 17.623 Thread 0x000001cc9c15b570 16348       1       com.sun.org.apache.xerces.internal.impl.dtd.XMLDTDProcessor::setDTDContentModelSource (6 bytes)
Event: 17.623 Thread 0x000001cc9c15b570 nmethod 16348 0x000001ccd5a46b10 code [0x000001ccd5a46ca0, 0x000001ccd5a46db8]
Event: 17.623 Thread 0x000001cc9c15b570 16349       1       com.sun.org.apache.xerces.internal.impl.dtd.XMLDTDProcessor::setDTDContentModelHandler (6 bytes)
Event: 17.623 Thread 0x000001cc9c15b570 nmethod 16349 0x000001ccd5a46e10 code [0x000001ccd5a46fa0, 0x000001ccd5a470b8]
Event: 17.623 Thread 0x000001cc9c15b570 16350       1       com.sun.org.apache.xerces.internal.parsers.AbstractXMLDocumentParser::setDTDContentModelSource (6 bytes)
Event: 17.623 Thread 0x000001cc9c15b570 nmethod 16350 0x000001ccd5a47110 code [0x000001ccd5a472a0, 0x000001ccd5a473b8]
Event: 17.623 Thread 0x000001cc9c15b570 16351       1       com.sun.org.apache.xerces.internal.impl.XMLDTDScannerImpl::setScannerState (6 bytes)
Event: 17.623 Thread 0x000001cc9c15b570 nmethod 16351 0x000001ccd5a47410 code [0x000001ccd5a475a0, 0x000001ccd5a47668]
Event: 17.623 Thread 0x000001cc9c15b570 16352       1       com.sun.org.apache.xerces.internal.impl.dtd.XMLDTDValidator::getGrammarBucket (5 bytes)
Event: 17.623 Thread 0x000001cc9c15b570 nmethod 16352 0x000001ccd5a47710 code [0x000001ccd5a478a0, 0x000001ccd5a47970]
Event: 17.623 Thread 0x000001cc9c15b570 16353       1       com.sun.org.apache.xerces.internal.impl.XMLEntityManager::getCurrentResourceIdentifier (5 bytes)
Event: 17.623 Thread 0x000001cc9c15b570 nmethod 16353 0x000001ccd5a47a10 code [0x000001ccd5a47ba0, 0x000001ccd5a47c70]
Event: 17.623 Thread 0x000001cc9c15b570 16354  s    3       java.util.Vector::isEmpty (13 bytes)
Event: 17.623 Thread 0x000001cc9c15b570 nmethod 16354 0x000001ccceec0710 code [0x000001ccceec08c0, 0x000001ccceec0ae0]
Event: 17.624 Thread 0x000001cc9c15b570 16355       3       com.sun.org.apache.xerces.internal.impl.XMLScanner::reset (140 bytes)

GC Heap History (20 events):
Event: 14.280 GC heap after
{Heap after GC invocations=35 (full 0):
 garbage-first heap   total 217088K, used 115476K [0x0000000740000000, 0x0000000800000000)
  region size 2048K, 3 young (6144K), 3 survivors (6144K)
 Metaspace       used 101594K, committed 103872K, reserved 557056K
  class space    used 14646K, committed 15744K, reserved 425984K
}
Event: 14.437 GC heap before
{Heap before GC invocations=35 (full 0):
 garbage-first heap   total 217088K, used 199444K [0x0000000740000000, 0x0000000800000000)
  region size 2048K, 44 young (90112K), 3 survivors (6144K)
 Metaspace       used 101596K, committed 103872K, reserved 557056K
  class space    used 14646K, committed 15744K, reserved 425984K
}
Event: 14.441 GC heap after
{Heap after GC invocations=36 (full 0):
 garbage-first heap   total 217088K, used 114536K [0x0000000740000000, 0x0000000800000000)
  region size 2048K, 3 young (6144K), 3 survivors (6144K)
 Metaspace       used 101596K, committed 103872K, reserved 557056K
  class space    used 14646K, committed 15744K, reserved 425984K
}
Event: 14.514 GC heap before
{Heap before GC invocations=36 (full 0):
 garbage-first heap   total 217088K, used 200552K [0x0000000740000000, 0x0000000800000000)
  region size 2048K, 45 young (92160K), 3 survivors (6144K)
 Metaspace       used 101602K, committed 103872K, reserved 557056K
  class space    used 14646K, committed 15744K, reserved 425984K
}
Event: 14.517 GC heap after
{Heap after GC invocations=37 (full 0):
 garbage-first heap   total 270336K, used 115114K [0x0000000740000000, 0x0000000800000000)
  region size 2048K, 4 young (8192K), 4 survivors (8192K)
 Metaspace       used 101602K, committed 103872K, reserved 557056K
  class space    used 14646K, committed 15744K, reserved 425984K
}
Event: 15.061 GC heap before
{Heap before GC invocations=38 (full 0):
 garbage-first heap   total 270336K, used 248234K [0x0000000740000000, 0x0000000800000000)
  region size 2048K, 69 young (141312K), 4 survivors (8192K)
 Metaspace       used 102403K, committed 104640K, reserved 557056K
  class space    used 14791K, committed 15872K, reserved 425984K
}
Event: 15.066 GC heap after
{Heap after GC invocations=39 (full 0):
 garbage-first heap   total 270336K, used 119566K [0x0000000740000000, 0x0000000800000000)
  region size 2048K, 6 young (12288K), 6 survivors (12288K)
 Metaspace       used 102403K, committed 104640K, reserved 557056K
  class space    used 14791K, committed 15872K, reserved 425984K
}
Event: 15.187 GC heap before
{Heap before GC invocations=39 (full 0):
 garbage-first heap   total 270336K, used 246542K [0x0000000740000000, 0x0000000800000000)
  region size 2048K, 69 young (141312K), 6 survivors (12288K)
 Metaspace       used 102410K, committed 104704K, reserved 557056K
  class space    used 14791K, committed 15872K, reserved 425984K
}
Event: 15.193 GC heap after
{Heap after GC invocations=40 (full 0):
 garbage-first heap   total 270336K, used 118970K [0x0000000740000000, 0x0000000800000000)
  region size 2048K, 5 young (10240K), 5 survivors (10240K)
 Metaspace       used 102410K, committed 104704K, reserved 557056K
  class space    used 14791K, committed 15872K, reserved 425984K
}
Event: 15.257 GC heap before
{Heap before GC invocations=40 (full 0):
 garbage-first heap   total 270336K, used 135354K [0x0000000740000000, 0x0000000800000000)
  region size 2048K, 14 young (28672K), 5 survivors (10240K)
 Metaspace       used 102698K, committed 105024K, reserved 557056K
  class space    used 14831K, committed 15936K, reserved 425984K
}
Event: 15.261 GC heap after
{Heap after GC invocations=41 (full 0):
 garbage-first heap   total 270336K, used 119378K [0x0000000740000000, 0x0000000800000000)
  region size 2048K, 5 young (10240K), 5 survivors (10240K)
 Metaspace       used 102698K, committed 105024K, reserved 557056K
  class space    used 14831K, committed 15936K, reserved 425984K
}
Event: 16.313 GC heap before
{Heap before GC invocations=42 (full 0):
 garbage-first heap   total 270336K, used 266834K [0x0000000740000000, 0x0000000800000000)
  region size 2048K, 69 young (141312K), 5 survivors (10240K)
 Metaspace       used 104931K, committed 107264K, reserved 557056K
  class space    used 15051K, committed 16192K, reserved 425984K
}
Event: 16.334 GC heap after
{Heap after GC invocations=43 (full 0):
 garbage-first heap   total 313344K, used 152437K [0x0000000740000000, 0x0000000800000000)
  region size 2048K, 9 young (18432K), 9 survivors (18432K)
 Metaspace       used 104931K, committed 107264K, reserved 557056K
  class space    used 15051K, committed 16192K, reserved 425984K
}
Event: 16.787 GC heap before
{Heap before GC invocations=43 (full 0):
 garbage-first heap   total 313344K, used 299893K [0x0000000740000000, 0x0000000800000000)
  region size 2048K, 68 young (139264K), 9 survivors (18432K)
 Metaspace       used 106355K, committed 108672K, reserved 557056K
  class space    used 15175K, committed 16320K, reserved 425984K
}
Event: 16.916 GC heap after
{Heap after GC invocations=44 (full 0):
 garbage-first heap   total 342016K, used 168480K [0x0000000740000000, 0x0000000800000000)
  region size 2048K, 8 young (16384K), 8 survivors (16384K)
 Metaspace       used 106355K, committed 108672K, reserved 557056K
  class space    used 15175K, committed 16320K, reserved 425984K
}
Event: 17.189 GC heap before
{Heap before GC invocations=44 (full 0):
 garbage-first heap   total 342016K, used 291360K [0x0000000740000000, 0x0000000800000000)
  region size 2048K, 69 young (141312K), 8 survivors (16384K)
 Metaspace       used 106890K, committed 109248K, reserved 557056K
  class space    used 15236K, committed 16384K, reserved 425984K
}
Event: 17.197 GC heap after
{Heap after GC invocations=45 (full 0):
 garbage-first heap   total 342016K, used 175190K [0x0000000740000000, 0x0000000800000000)
  region size 2048K, 4 young (8192K), 4 survivors (8192K)
 Metaspace       used 106890K, committed 109248K, reserved 557056K
  class space    used 15236K, committed 16384K, reserved 425984K
}
Event: 17.435 GC heap before
{Heap before GC invocations=46 (full 0):
 garbage-first heap   total 342016K, used 298070K [0x0000000740000000, 0x0000000800000000)
  region size 2048K, 65 young (133120K), 4 survivors (8192K)
 Metaspace       used 107567K, committed 109952K, reserved 557056K
  class space    used 15304K, committed 16448K, reserved 425984K
}
Event: 17.441 GC heap after
{Heap after GC invocations=47 (full 0):
 garbage-first heap   total 342016K, used 179139K [0x0000000740000000, 0x0000000800000000)
  region size 2048K, 6 young (12288K), 6 survivors (12288K)
 Metaspace       used 107567K, committed 109952K, reserved 557056K
  class space    used 15304K, committed 16448K, reserved 425984K
}
Event: 17.625 GC heap before
{Heap before GC invocations=47 (full 0):
 garbage-first heap   total 342016K, used 302019K [0x0000000740000000, 0x0000000800000000)
  region size 2048K, 67 young (137216K), 6 survivors (12288K)
 Metaspace       used 109153K, committed 111488K, reserved 557056K
  class space    used 15470K, committed 16640K, reserved 425984K
}

Dll operation events (4 events):
Event: 0.006 Loaded shared library C:\Users\DELL\.gradle\jdks\jetbrains_s_r_o_-21-amd64-windows.2\bin\java.dll
Event: 0.037 Loaded shared library C:\Users\DELL\.gradle\jdks\jetbrains_s_r_o_-21-amd64-windows.2\bin\jsvml.dll
Event: 0.052 Loaded shared library C:\Users\DELL\.gradle\jdks\jetbrains_s_r_o_-21-amd64-windows.2\bin\zip.dll
Event: 0.530 Loaded shared library C:\Users\DELL\.gradle\jdks\jetbrains_s_r_o_-21-amd64-windows.2\bin\verify.dll

Deoptimization events (20 events):
Event: 17.503 Thread 0x000001cca76f02f0 DEOPT PACKING pc=0x000001ccce7ad18c sp=0x000000a36bcfd8f0
Event: 17.503 Thread 0x000001cca76f02f0 DEOPT UNPACKING pc=0x000001ccd4af4bc2 sp=0x000000a36bcfcd90 mode 0
Event: 17.511 Thread 0x000001cca76f02f0 Uncommon trap: trap_request=0xffffff45 fr.pc=0x000001ccd5a28f6c relative=0x000000000000166c
Event: 17.511 Thread 0x000001cca76f02f0 Uncommon trap: reason=unstable_if action=reinterpret pc=0x000001ccd5a28f6c method=com.sun.org.apache.xerces.internal.impl.XMLEntityScanner.scanContent(Lcom/sun/org/apache/xerces/internal/xni/XMLString;)I @ 275 c2
Event: 17.511 Thread 0x000001cca76f02f0 DEOPT PACKING pc=0x000001ccd5a28f6c sp=0x000000a36bcfdaa0
Event: 17.511 Thread 0x000001cca76f02f0 DEOPT UNPACKING pc=0x000001ccd4af4422 sp=0x000000a36bcfda10 mode 2
Event: 17.521 Thread 0x000001cca76f02f0 Uncommon trap: trap_request=0xffffff45 fr.pc=0x000001ccd5a019d8 relative=0x00000000000000f8
Event: 17.521 Thread 0x000001cca76f02f0 Uncommon trap: reason=unstable_if action=reinterpret pc=0x000001ccd5a019d8 method=com.sun.org.apache.xerces.internal.impl.XMLEntityScanner.skipString(Ljava/lang/String;)Z @ 59 c2
Event: 17.521 Thread 0x000001cca76f02f0 DEOPT PACKING pc=0x000001ccd5a019d8 sp=0x000000a36bcfdad0
Event: 17.521 Thread 0x000001cca76f02f0 DEOPT UNPACKING pc=0x000001ccd4af4422 sp=0x000000a36bcfda88 mode 2
Event: 17.522 Thread 0x000001cca76f02f0 DEOPT PACKING pc=0x000001ccce7ad18c sp=0x000000a36bcfd5d0
Event: 17.522 Thread 0x000001cca76f02f0 DEOPT UNPACKING pc=0x000001ccd4af4bc2 sp=0x000000a36bcfca70 mode 0
Event: 17.550 Thread 0x000001cca697e690 Uncommon trap: trap_request=0xffffffc6 fr.pc=0x000001ccd53ff2bc relative=0x000000000000011c
Event: 17.550 Thread 0x000001cca697e690 Uncommon trap: reason=bimorphic_or_optimized_type_check action=maybe_recompile pc=0x000001ccd53ff2bc method=com.google.common.collect.RegularImmutableMap.checkNoConflictInKeyBucket(Ljava/lang/Object;Ljava/lang/Object;Lcom/google/common/collect/ImmutableMa
Event: 17.550 Thread 0x000001cca697e690 DEOPT PACKING pc=0x000001ccd53ff2bc sp=0x000000a3681fba30
Event: 17.550 Thread 0x000001cca697e690 DEOPT UNPACKING pc=0x000001ccd4af4422 sp=0x000000a3681fb9e8 mode 2
Event: 17.562 Thread 0x000001cca76f02f0 DEOPT PACKING pc=0x000001cccd5f4408 sp=0x000000a36bcfd930
Event: 17.562 Thread 0x000001cca76f02f0 DEOPT UNPACKING pc=0x000001ccd4af4bc2 sp=0x000000a36bcfce18 mode 0
Event: 17.583 Thread 0x000001cca76f02f0 DEOPT PACKING pc=0x000001cccea393ac sp=0x000000a36bcfd650
Event: 17.583 Thread 0x000001cca76f02f0 DEOPT UNPACKING pc=0x000001ccd4af4bc2 sp=0x000000a36bcfcba8 mode 0

Classes loaded (20 events):
Event: 16.628 Loading class com/sun/org/apache/xerces/internal/util/NamespaceSupport$Prefixes
Event: 16.629 Loading class com/sun/org/apache/xerces/internal/util/NamespaceSupport$Prefixes done
Event: 16.629 Loading class com/sun/xml/internal/stream/events/CharacterEvent
Event: 16.629 Loading class javax/xml/stream/events/Characters
Event: 16.629 Loading class javax/xml/stream/events/Characters done
Event: 16.629 Loading class com/sun/xml/internal/stream/events/CharacterEvent done
Event: 16.636 Loading class com/sun/xml/internal/stream/events/EndElementEvent
Event: 16.637 Loading class javax/xml/stream/events/EndElement
Event: 16.637 Loading class javax/xml/stream/events/EndElement done
Event: 16.637 Loading class com/sun/xml/internal/stream/events/EndElementEvent done
Event: 17.012 Loading class java/lang/StringUTF16$CodePointsSpliterator
Event: 17.012 Loading class java/lang/StringUTF16$CodePointsSpliterator done
Event: 17.342 Loading class com/sun/org/apache/xerces/internal/util/URI
Event: 17.349 Loading class com/sun/org/apache/xerces/internal/util/URI done
Event: 17.354 Loading class com/sun/org/apache/xerces/internal/dom/DeferredElementImpl
Event: 17.354 Loading class com/sun/org/apache/xerces/internal/dom/DeferredElementImpl done
Event: 17.355 Loading class com/sun/org/apache/xerces/internal/dom/DeferredAttrImpl
Event: 17.355 Loading class com/sun/org/apache/xerces/internal/dom/DeferredAttrImpl done
Event: 17.365 Loading class com/sun/org/apache/xerces/internal/dom/DeferredCommentImpl
Event: 17.366 Loading class com/sun/org/apache/xerces/internal/dom/DeferredCommentImpl done

Classes unloaded (0 events):
No events

Classes redefined (0 events):
No events

Internal exceptions (20 events):
Event: 17.610 Thread 0x000001cca76f23c0 Exception <a 'sun/nio/fs/WindowsException'{0x000000074a9d5cc8}> (0x000000074a9d5cc8) 
thrown [s\src\hotspot\share\prims\jni.cpp, line 537]
Event: 17.611 Thread 0x000001cca23486f0 Exception <a 'sun/nio/fs/WindowsException'{0x000000074a619900}> (0x000000074a619900) 
thrown [s\src\hotspot\share\prims\jni.cpp, line 537]
Event: 17.611 Thread 0x000001cc9c274110 Exception <a 'sun/nio/fs/WindowsException'{0x000000074a6c11c8}> (0x000000074a6c11c8) 
thrown [s\src\hotspot\share\prims\jni.cpp, line 537]
Event: 17.611 Thread 0x000001cca8402cd0 Exception <a 'sun/nio/fs/WindowsException'{0x000000074a77e438}> (0x000000074a77e438) 
thrown [s\src\hotspot\share\prims\jni.cpp, line 537]
Event: 17.612 Thread 0x000001cca76f23c0 Exception <a 'sun/nio/fs/WindowsException'{0x000000074a9fe8e8}> (0x000000074a9fe8e8) 
thrown [s\src\hotspot\share\prims\jni.cpp, line 537]
Event: 17.613 Thread 0x000001cca76f23c0 Exception <a 'sun/nio/fs/WindowsException'{0x000000074a5e9740}> (0x000000074a5e9740) 
thrown [s\src\hotspot\share\prims\jni.cpp, line 537]
Event: 17.614 Thread 0x000001cc9c272d60 Exception <a 'sun/nio/fs/WindowsException'{0x000000074a2162d8}> (0x000000074a2162d8) 
thrown [s\src\hotspot\share\prims\jni.cpp, line 537]
Event: 17.614 Thread 0x000001cc9c2747a0 Exception <a 'sun/nio/fs/WindowsException'{0x000000074a315368}> (0x000000074a315368) 
thrown [s\src\hotspot\share\prims\jni.cpp, line 537]
Event: 17.614 Thread 0x000001cca76f23c0 Exception <a 'sun/nio/fs/WindowsException'{0x000000074a5f1b48}> (0x000000074a5f1b48) 
thrown [s\src\hotspot\share\prims\jni.cpp, line 537]
Event: 17.615 Thread 0x000001cca2348d80 Exception <a 'sun/nio/fs/WindowsException'{0x000000074a3ccbc0}> (0x000000074a3ccbc0) 
thrown [s\src\hotspot\share\prims\jni.cpp, line 537]
Event: 17.616 Thread 0x000001cca76f23c0 Exception <a 'sun/nio/fs/WindowsException'{0x000000074a0efb80}> (0x000000074a0efb80) 
thrown [s\src\hotspot\share\prims\jni.cpp, line 537]
Event: 17.616 Thread 0x000001cca697e690 Exception <a 'sun/nio/fs/WindowsException'{0x000000074a0c76d8}> (0x000000074a0c76d8) 
thrown [s\src\hotspot\share\prims\jni.cpp, line 537]
Event: 17.617 Thread 0x000001cca76f23c0 Exception <a 'sun/nio/fs/WindowsException'{0x000000074a107640}> (0x000000074a107640) 
thrown [s\src\hotspot\share\prims\jni.cpp, line 537]
Event: 17.618 Thread 0x000001cca76f23c0 Exception <a 'sun/nio/fs/WindowsException'{0x000000074a113b40}> (0x000000074a113b40) 
thrown [s\src\hotspot\share\prims\jni.cpp, line 537]
Event: 17.619 Thread 0x000001cca2349410 Exception <a 'sun/nio/fs/WindowsException'{0x000000074a0e92e8}> (0x000000074a0e92e8) 
thrown [s\src\hotspot\share\prims\jni.cpp, line 537]
Event: 17.620 Thread 0x000001cca76f23c0 Exception <a 'sun/nio/fs/WindowsException'{0x000000074a11e5f0}> (0x000000074a11e5f0) 
thrown [s\src\hotspot\share\prims\jni.cpp, line 537]
Event: 17.620 Thread 0x000001cca76f23c0 Exception <a 'sun/nio/fs/WindowsException'{0x000000074a126928}> (0x000000074a126928) 
thrown [s\src\hotspot\share\prims\jni.cpp, line 537]
Event: 17.623 Thread 0x000001cca76f23c0 Exception <a 'sun/nio/fs/WindowsException'{0x0000000749ee8240}> (0x0000000749ee8240) 
thrown [s\src\hotspot\share\prims\jni.cpp, line 537]
Event: 17.623 Thread 0x000001cca76f23c0 Exception <a 'sun/nio/fs/WindowsException'{0x0000000749ef0648}> (0x0000000749ef0648) 
thrown [s\src\hotspot\share\prims\jni.cpp, line 537]
Event: 17.624 Thread 0x000001cca84039f0 Exception <a 'sun/nio/fs/WindowsException'{0x0000000749a1e7f8}> (0x0000000749a1e7f8) 
thrown [s\src\hotspot\share\prims\jni.cpp, line 537]

ZGC Phase Switch (0 events):
No events

VM Operations (20 events):
Event: 16.566 Executing safepoint VM operation: ICBufferFull done
Event: 16.624 Executing non-safepoint VM operation: HandshakeAllThreads (Deoptimize)
Event: 16.625 Executing non-safepoint VM operation: HandshakeAllThreads (Deoptimize) done
Event: 16.787 Executing safepoint VM operation: G1CollectForAllocation (G1 Evacuation Pause)
Event: 16.916 Executing safepoint VM operation: G1CollectForAllocation (G1 Evacuation Pause) done
Event: 17.088 Executing non-safepoint VM operation: HandshakeAllThreads (Deoptimize)
Event: 17.089 Executing non-safepoint VM operation: HandshakeAllThreads (Deoptimize) done
Event: 17.165 Executing safepoint VM operation: ICBufferFull
Event: 17.165 Executing safepoint VM operation: ICBufferFull done
Event: 17.189 Executing safepoint VM operation: G1CollectForAllocation (G1 Evacuation Pause)
Event: 17.197 Executing safepoint VM operation: G1CollectForAllocation (G1 Evacuation Pause) done
Event: 17.290 Executing safepoint VM operation: G1PauseRemark
Event: 17.295 Executing safepoint VM operation: G1PauseRemark done
Event: 17.316 Executing non-safepoint VM operation: HandshakeAllThreads (Deoptimize)
Event: 17.317 Executing non-safepoint VM operation: HandshakeAllThreads (Deoptimize) done
Event: 17.347 Executing safepoint VM operation: G1PauseCleanup
Event: 17.347 Executing safepoint VM operation: G1PauseCleanup done
Event: 17.435 Executing safepoint VM operation: G1CollectForAllocation (G1 Evacuation Pause)
Event: 17.441 Executing safepoint VM operation: G1CollectForAllocation (G1 Evacuation Pause) done
Event: 17.625 Executing safepoint VM operation: G1CollectForAllocation (G1 Evacuation Pause)

Memory protections (0 events):
No events

Nmethod flushes (20 events):
Event: 17.294 Thread 0x000001cce2bb60c0 flushing  nmethod 0x000001ccce15e710
Event: 17.294 Thread 0x000001cce2bb60c0 flushing  nmethod 0x000001ccce1d5b90
Event: 17.294 Thread 0x000001cce2bb60c0 flushing  nmethod 0x000001ccce1d6790
Event: 17.294 Thread 0x000001cce2bb60c0 flushing  nmethod 0x000001ccce8d0810
Event: 17.294 Thread 0x000001cce2bb60c0 flushing  nmethod 0x000001ccce9b2e10
Event: 17.294 Thread 0x000001cce2bb60c0 flushing  nmethod 0x000001ccd5428d90
Event: 17.294 Thread 0x000001cce2bb60c0 flushing  nmethod 0x000001ccd547e190
Event: 17.294 Thread 0x000001cce2bb60c0 flushing  nmethod 0x000001ccd5531e90
Event: 17.294 Thread 0x000001cce2bb60c0 flushing  nmethod 0x000001cccd631710
Event: 17.294 Thread 0x000001cce2bb60c0 flushing  nmethod 0x000001cccd840d90
Event: 17.294 Thread 0x000001cce2bb60c0 flushing  nmethod 0x000001cccd8fb490
Event: 17.294 Thread 0x000001cce2bb60c0 flushing  nmethod 0x000001cccd8fbb10
Event: 17.294 Thread 0x000001cce2bb60c0 flushing  nmethod 0x000001cccda0cc90
Event: 17.294 Thread 0x000001cce2bb60c0 flushing  nmethod 0x000001cccdfe9a90
Event: 17.294 Thread 0x000001cce2bb60c0 flushing  nmethod 0x000001cccdff3410
Event: 17.294 Thread 0x000001cce2bb60c0 flushing  nmethod 0x000001cccdff3890
Event: 17.294 Thread 0x000001cce2bb60c0 flushing  nmethod 0x000001ccce02fd10
Event: 17.294 Thread 0x000001cce2bb60c0 flushing  nmethod 0x000001ccce184110
Event: 17.294 Thread 0x000001cce2bb60c0 flushing  nmethod 0x000001ccce329390
Event: 17.294 Thread 0x000001cce2bb60c0 flushing  nmethod 0x000001ccce86bf10

Events (20 events):
Event: 17.259 Thread 0x000001cca697e690 Thread added: 0x000001cca881eef0
Event: 17.260 Thread 0x000001cca697e690 Thread added: 0x000001cca881f580
Event: 17.260 Thread 0x000001cca697e690 Thread added: 0x000001cca881d4b0
Event: 17.260 Thread 0x000001cca697e690 Thread added: 0x000001cca881fc10
Event: 17.261 Thread 0x000001cca697e690 Thread added: 0x000001cca88202a0
Event: 17.261 Thread 0x000001cca697e690 Thread added: 0x000001cca881ce20
Event: 17.261 Thread 0x000001cca697e690 Thread added: 0x000001cca8820930
Event: 17.262 Thread 0x000001cca697e690 Thread added: 0x000001cca881e1d0
Event: 17.262 Thread 0x000001cca697e690 Thread added: 0x000001cca8820fc0
Event: 17.586 Thread 0x000001cca697e690 Thread added: 0x000001cca2348d80
Event: 17.587 Thread 0x000001cca697e690 Thread added: 0x000001cca2349410
Event: 17.587 Thread 0x000001cca697e690 Thread added: 0x000001cca23486f0
Event: 17.587 Thread 0x000001cca697e690 Thread added: 0x000001cca2348060
Event: 17.588 Thread 0x000001cca697e690 Thread added: 0x000001cc9c274110
Event: 17.588 Thread 0x000001cca697e690 Thread added: 0x000001cc9c2747a0
Event: 17.588 Thread 0x000001cca697e690 Thread added: 0x000001cc9c272d60
Event: 17.589 Thread 0x000001cca697e690 Thread added: 0x000001cca8402cd0
Event: 17.589 Thread 0x000001cca697e690 Thread added: 0x000001cca84039f0
Event: 17.590 Thread 0x000001cca697e690 Thread added: 0x000001cca8403360
Event: 17.590 Thread 0x000001cca697e690 Thread added: 0x000001cca8402640


Dynamic libraries:
0x00007ff6c6730000 - 0x00007ff6c673a000 	C:\Users\DELL\.gradle\jdks\jetbrains_s_r_o_-21-amd64-windows.2\bin\java.exe
0x00007ffeb1740000 - 0x00007ffeb19a7000 	C:\WINDOWS\SYSTEM32\ntdll.dll
0x00007ffeb0700000 - 0x00007ffeb07c9000 	C:\WINDOWS\System32\KERNEL32.DLL
0x00007ffeaf010000 - 0x00007ffeaf404000 	C:\WINDOWS\System32\KERNELBASE.dll
0x00007ffeae010000 - 0x00007ffeae15b000 	C:\WINDOWS\System32\ucrtbase.dll
0x00007ffe9b930000 - 0x00007ffe9b948000 	C:\Users\DELL\.gradle\jdks\jetbrains_s_r_o_-21-amd64-windows.2\bin\jli.dll
0x00007ffe9b910000 - 0x00007ffe9b92e000 	C:\Users\DELL\.gradle\jdks\jetbrains_s_r_o_-21-amd64-windows.2\bin\VCRUNTIME140.dll
0x00007ffeb0890000 - 0x00007ffeb0a55000 	C:\WINDOWS\System32\USER32.dll
0x00007ffe952b0000 - 0x00007ffe95543000 	C:\WINDOWS\WinSxS\amd64_microsoft.windows.common-controls_6595b64144ccf1df_6.0.26100.8115_none_3e075c82e3354f9c\COMCTL32.dll
0x00007ffeae320000 - 0x00007ffeae347000 	C:\WINDOWS\System32\win32u.dll
0x00007ffeafd30000 - 0x00007ffeafdd9000 	C:\WINDOWS\System32\msvcrt.dll
0x00007ffeb0a60000 - 0x00007ffeb0a8b000 	C:\WINDOWS\System32\GDI32.dll
0x00007ffeae1f0000 - 0x00007ffeae31b000 	C:\WINDOWS\System32\gdi32full.dll
0x00007ffeae580000 - 0x00007ffeae623000 	C:\WINDOWS\System32\msvcp_win.dll
0x00007ffeb0a90000 - 0x00007ffeb0ac2000 	C:\WINDOWS\System32\IMM32.DLL
0x00007ffea63d0000 - 0x00007ffea63dc000 	C:\Users\DELL\.gradle\jdks\jetbrains_s_r_o_-21-amd64-windows.2\bin\vcruntime140_1.dll
0x00007ffe777e0000 - 0x00007ffe77869000 	C:\Users\DELL\.gradle\jdks\jetbrains_s_r_o_-21-amd64-windows.2\bin\msvcp140.dll
0x00007ffe39b00000 - 0x00007ffe3a8cc000 	C:\Users\DELL\.gradle\jdks\jetbrains_s_r_o_-21-amd64-windows.2\bin\server\jvm.dll
0x00007ffeafde0000 - 0x00007ffeafe96000 	C:\WINDOWS\System32\ADVAPI32.dll
0x00007ffeb07d0000 - 0x00007ffeb0877000 	C:\WINDOWS\System32\sechost.dll
0x00007ffeb1580000 - 0x00007ffeb1698000 	C:\WINDOWS\System32\RPCRT4.dll
0x00007ffeb1460000 - 0x00007ffeb14e0000 	C:\WINDOWS\System32\WS2_32.dll
0x00007ffeade90000 - 0x00007ffeadeee000 	C:\WINDOWS\SYSTEM32\POWRPROF.dll
0x00007ffeaac30000 - 0x00007ffeaac66000 	C:\WINDOWS\SYSTEM32\WINMM.dll
0x00007ffea2700000 - 0x00007ffea270b000 	C:\WINDOWS\SYSTEM32\VERSION.dll
0x00007ffeade50000 - 0x00007ffeade64000 	C:\WINDOWS\SYSTEM32\UMPDC.dll
0x00007ffeacda0000 - 0x00007ffeacdbb000 	C:\WINDOWS\SYSTEM32\kernel.appcore.dll
0x00007ffea26d0000 - 0x00007ffea26da000 	C:\Users\DELL\.gradle\jdks\jetbrains_s_r_o_-21-amd64-windows.2\bin\jimage.dll
0x00007ffeabbc0000 - 0x00007ffeabe02000 	C:\WINDOWS\SYSTEM32\DBGHELP.DLL
0x00007ffeb1010000 - 0x00007ffeb1392000 	C:\WINDOWS\System32\combase.dll
0x00007ffeafea0000 - 0x00007ffeaff78000 	C:\WINDOWS\System32\OLEAUT32.dll
0x00007ffe92a40000 - 0x00007ffe92a7b000 	C:\WINDOWS\SYSTEM32\dbgcore.DLL
0x00007ffeae4d0000 - 0x00007ffeae575000 	C:\WINDOWS\System32\bcryptPrimitives.dll
0x00007ffe9b900000 - 0x00007ffe9b910000 	C:\Users\DELL\.gradle\jdks\jetbrains_s_r_o_-21-amd64-windows.2\bin\instrument.dll
0x00007ffe9b8d0000 - 0x00007ffe9b8f1000 	C:\Users\DELL\.gradle\jdks\jetbrains_s_r_o_-21-amd64-windows.2\bin\java.dll
0x00007ffeaff90000 - 0x00007ffeb06f7000 	C:\WINDOWS\System32\SHELL32.dll
0x00007ffeaeea0000 - 0x00007ffeaf00a000 	C:\WINDOWS\System32\wintypes.dll
0x00007ffeae630000 - 0x00007ffeaee98000 	C:\WINDOWS\System32\windows.storage.dll
0x00007ffeb0f10000 - 0x00007ffeb1008000 	C:\WINDOWS\System32\SHCORE.dll
0x00007ffeb0e50000 - 0x00007ffeb0eb6000 	C:\WINDOWS\System32\shlwapi.dll
0x00007ffeadf30000 - 0x00007ffeadf59000 	C:\WINDOWS\SYSTEM32\profapi.dll
0x00007ffe69090000 - 0x00007ffe69167000 	C:\Users\DELL\.gradle\jdks\jetbrains_s_r_o_-21-amd64-windows.2\bin\jsvml.dll
0x00007ffe9b880000 - 0x00007ffe9b898000 	C:\Users\DELL\.gradle\jdks\jetbrains_s_r_o_-21-amd64-windows.2\bin\zip.dll
0x00007ffe9b7d0000 - 0x00007ffe9b7e1000 	C:\Users\DELL\.gradle\jdks\jetbrains_s_r_o_-21-amd64-windows.2\bin\net.dll
0x00007ffea4750000 - 0x00007ffea487d000 	C:\WINDOWS\SYSTEM32\WINHTTP.dll
0x00007ffead310000 - 0x00007ffead37c000 	C:\WINDOWS\system32\mswsock.dll
0x00007ffe9b600000 - 0x00007ffe9b616000 	C:\Users\DELL\.gradle\jdks\jetbrains_s_r_o_-21-amd64-windows.2\bin\nio.dll
0x00007ffe9b8c0000 - 0x00007ffe9b8d0000 	C:\Users\DELL\.gradle\jdks\jetbrains_s_r_o_-21-amd64-windows.2\bin\verify.dll
0x00007ffe6d4a0000 - 0x00007ffe6d4c7000 	C:\Users\DELL\.gradle\native\660c5614fbf4a5f2a75b1949f50a0caf5cd603558e7d8a26e50b933a0cfb79d1\windows-amd64\native-platform.dll
0x00007ffe3c170000 - 0x00007ffe3c1e7000 	C:\Users\DELL\.gradle\native\0.2.8\x86_64-windows-gnu\gradle-fileevents.dll
0x00007ffe9b5f0000 - 0x00007ffe9b5fa000 	C:\Users\DELL\.gradle\jdks\jetbrains_s_r_o_-21-amd64-windows.2\bin\management.dll
0x00007ffe97700000 - 0x00007ffe9770c000 	C:\Users\DELL\.gradle\jdks\jetbrains_s_r_o_-21-amd64-windows.2\bin\management_ext.dll
0x00007ffeb16c0000 - 0x00007ffeb16c8000 	C:\WINDOWS\System32\PSAPI.DLL
0x00007ffeac7a0000 - 0x00007ffeac7d2000 	C:\WINDOWS\SYSTEM32\IPHLPAPI.DLL
0x00007ffeafac0000 - 0x00007ffeafaca000 	C:\WINDOWS\System32\NSI.dll
0x00007ffe97420000 - 0x00007ffe97429000 	C:\Users\DELL\.gradle\jdks\jetbrains_s_r_o_-21-amd64-windows.2\bin\extnet.dll
0x00007ffead5f0000 - 0x00007ffead60b000 	C:\WINDOWS\SYSTEM32\CRYPTSP.dll
0x00007ffeacd00000 - 0x00007ffeacd39000 	C:\WINDOWS\system32\rsaenh.dll
0x00007ffead3c0000 - 0x00007ffead3f3000 	C:\WINDOWS\SYSTEM32\USERENV.dll
0x00007ffeadf00000 - 0x00007ffeadf2a000 	C:\WINDOWS\SYSTEM32\bcrypt.dll
0x00007ffead610000 - 0x00007ffead61c000 	C:\WINDOWS\SYSTEM32\CRYPTBASE.dll
0x00007ffe97410000 - 0x00007ffe9741e000 	C:\Users\DELL\.gradle\jdks\jetbrains_s_r_o_-21-amd64-windows.2\bin\sunmscapi.dll
0x00007ffeae350000 - 0x00007ffeae4c7000 	C:\WINDOWS\System32\CRYPT32.dll
0x00007ffead810000 - 0x00007ffead840000 	C:\WINDOWS\SYSTEM32\ncrypt.dll
0x00007ffead7c0000 - 0x00007ffead7ff000 	C:\WINDOWS\SYSTEM32\NTASN1.dll
0x00007ffe8d750000 - 0x00007ffe8d758000 	C:\WINDOWS\system32\wshunix.dll
0x00007ffeacec0000 - 0x00007ffeacef6000 	C:\WINDOWS\SYSTEM32\ntmarta.dll

JVMTI agents:
C:\Users\DELL\.gradle\wrapper\dists\gradle-9.3.1-bin\23ovyewtku6u96viwx3xl3oks\gradle-9.3.1\lib\agents\gradle-instrumentation-agent-9.3.1.jar path:C:\Users\DELL\.gradle\jdks\jetbrains_s_r_o_-21-amd64-windows.2\bin\instrument.dll, loaded, initialized, instrumentlib options:none

dbghelp: loaded successfully - version: 4.0.5 - missing functions: none
symbol engine: initialized successfully - sym options: 0x614 - pdb path: .;C:\Users\DELL\.gradle\jdks\jetbrains_s_r_o_-21-amd64-windows.2\bin;C:\WINDOWS\SYSTEM32;C:\WINDOWS\WinSxS\amd64_microsoft.windows.common-controls_6595b64144ccf1df_6.0.26100.8115_none_3e075c82e3354f9c;C:\Users\DELL\.gradle\jdks\jetbrains_s_r_o_-21-amd64-windows.2\bin\server;C:\Users\DELL\.gradle\native\660c5614fbf4a5f2a75b1949f50a0caf5cd603558e7d8a26e50b933a0cfb79d1\windows-amd64;C:\Users\DELL\.gradle\native\0.2.8\x86_64-windows-gnu

VM Arguments:
jvm_args: --add-opens=java.base/java.lang=ALL-UNNAMED --add-opens=java.base/java.lang.invoke=ALL-UNNAMED --add-opens=java.base/java.util=ALL-UNNAMED --add-opens=java.prefs/java.util.prefs=ALL-UNNAMED --add-exports=jdk.compiler/com.sun.tools.javac.api=ALL-UNNAMED --add-exports=jdk.compiler/com.sun.tools.javac.util=ALL-UNNAMED --add-opens=java.base/java.util=ALL-UNNAMED --add-opens=java.prefs/java.util.prefs=ALL-UNNAMED --add-opens=java.base/java.nio.charset=ALL-UNNAMED --add-opens=java.base/java.net=ALL-UNNAMED --add-opens=java.base/java.util.concurrent=ALL-UNNAMED --add-opens=java.base/java.util.concurrent.atomic=ALL-UNNAMED --add-opens=java.xml/javax.xml.namespace=ALL-UNNAMED --add-opens=java.base/java.time=ALL-UNNAMED -XX:MaxMetaspaceSize=512m -XX:+UseG1GC -XX:+HeapDumpOnOutOfMemoryError -Xmx3072m -Dfile.encoding=UTF-8 -Duser.country=US -Duser.language=en -Duser.variant -javaagent:C:\Users\DELL\.gradle\wrapper\dists\gradle-9.3.1-bin\23ovyewtku6u96viwx3xl3oks\gradle-9.3.1\lib\agents\gradle-instrumentation-agent-9.3.1.jar 
java_command: org.gradle.launcher.daemon.bootstrap.GradleDaemon 9.3.1
java_class_path (initial): C:\Users\DELL\.gradle\wrapper\dists\gradle-9.3.1-bin\23ovyewtku6u96viwx3xl3oks\gradle-9.3.1\lib\gradle-daemon-main-9.3.1.jar
Launcher Type: SUN_STANDARD

[Global flags]
     intx CICompilerCount                          = 4                                         {product} {ergonomic}
   size_t CompressedClassSpaceSize                 = 436207616                                 {product} {ergonomic}
     uint ConcGCThreads                            = 3                                         {product} {ergonomic}
     uint G1ConcRefinementThreads                  = 10                                        {product} {ergonomic}
   size_t G1HeapRegionSize                         = 2097152                                   {product} {ergonomic}
    uintx GCDrainStackTargetSize                   = 64                                        {product} {ergonomic}
     bool HeapDumpOnOutOfMemoryError               = true                                   {manageable} {command line}
   size_t InitialHeapSize                          = 264241152                                 {product} {ergonomic}
   size_t MarkStackSize                            = 4194304                                   {product} {ergonomic}
   size_t MaxHeapSize                              = 3221225472                                {product} {command line}
   size_t MaxMetaspaceSize                         = 536870912                                 {product} {command line}
   size_t MaxNewSize                               = 1931476992                                {product} {ergonomic}
   size_t MinHeapDeltaBytes                        = 2097152                                   {product} {ergonomic}
   size_t MinHeapSize                              = 8388608                                   {product} {ergonomic}
    uintx NonNMethodCodeHeapSize                   = 5839372                                {pd product} {ergonomic}
    uintx NonProfiledCodeHeapSize                  = 122909434                              {pd product} {ergonomic}
    uintx ProfiledCodeHeapSize                     = 122909434                              {pd product} {ergonomic}
    uintx ReservedCodeCacheSize                    = 251658240                              {pd product} {ergonomic}
     bool SegmentedCodeCache                       = true                                      {product} {ergonomic}
   size_t SoftMaxHeapSize                          = 3221225472                             {manageable} {ergonomic}
     bool UseCompressedOops                        = true                           {product lp64_product} {ergonomic}
     bool UseG1GC                                  = true                                      {product} {command line}
     bool UseLargePagesIndividualAllocation        = false                                  {pd product} {ergonomic}

Logging:
Log output configuration:
 #0: stdout all=warning uptime,level,tags foldmultilines=false
 #1: stderr all=off uptime,level,tags foldmultilines=false

Release file:
JAVA_VERSION="21.0.10" 
MODULES="java.base java.datatransfer java.xml java.prefs java.desktop gluegen.rt java.compiler java.instrument java.logging java.management java.security.sasl java.naming java.rmi java.management.rmi java.net.http java.scripting java.security.jgss java.transaction.xa java.sql java.sql.rowset java.xml.crypto java.se java.smartcardio jogl.all jcef jdk.accessibility jdk.internal.jvmstat jdk.attach jdk.charsets jdk.internal.opt jdk.zipfs jdk.compiler jdk.crypto.ec jdk.crypto.cryptoki jdk.crypto.mscapi jdk.dynalink jdk.internal.ed jdk.editpad jdk.hotspot.agent jdk.httpserver jdk.incubator.vector jdk.internal.le jdk.internal.vm.ci jdk.internal.vm.compiler jdk.internal.vm.compiler.management jdk.jartool jdk.javadoc jdk.jcmd jdk.management jdk.management.agent jdk.jconsole jdk.jdeps jdk.jdwp.agent jdk.jdi jdk.jfr jdk.jlink jdk.jpackage jdk.jshell jdk.jsobject jdk.jstatd jdk.localedata jdk.management.jfr jdk.naming.dns jdk.naming.rmi jdk.net jdk.nio.mapmode jdk.random jdk.sctp jdk.security.auth jdk.security.jgss jdk.unsupported jdk.unsupported.desktop jdk.xml.dom" 
IMPLEMENTOR="JetBrains s.r.o." 
IMPLEMENTOR_VERSION="JBRSDK-21.0.10+1-1163.110-jcef" 
JAVA_RUNTIME_VERSION="21.0.10+1-b1163.110" 
LIBC="default" 
OS_ARCH="x86_64" 
OS_NAME="Windows" 
SOURCE=".:git:c22232424a0f+ jcef_git:git:4a605f44671a" 
JCEF_VERSION="137.0.17.1107+ge397b56" 
JCEF_COMMIT_HASH="e397b569415d3c67b114495985454e5201955573" 

Environment Variables:
JAVA_HOME=C:\Program Files\Microsoft\jdk-21.0.11.10-hotspot\
PATH=C:\Program Files\Microsoft\jdk-21.0.11.10-hotspot\bin;C:\Program Files (x86)\Common Files\Oracle\Java\java8path;C:\Program Files (x86)\Common Files\Oracle\Java\javapath;C:\Program Files\Microsoft MPI\Bin\;C:\WINDOWS\system32;C:\WINDOWS;C:\WINDOWS\System32\Wbem;C:\WINDOWS\System32\WindowsPowerShell\v1.0\;C:\WINDOWS\System32\OpenSSH\;C:\Program Files\dotnet\;C:\msys64\ucrt64\bin;C:\Program Files (x86)\Windows Kits\10\Windows Performance Toolkit\;C:\Program Files (x86)\Microsoft SQL Server\160\Tools\Binn\;C:\Program Files\Microsoft SQL Server\160\Tools\Binn\;C:\Program Files\Microsoft SQL Server\Client SDK\ODBC\170\Tools\Binn\;C:\Program Files\Microsoft SQL Server\160\DTS\Binn\;C:\Program Files (x86)\Microsoft SQL Server\160\DTS\Binn\;C:\Program Files\Microsoft SQL Server\170\DTS\Binn\;C:\Program Files\Git\cmd;C:\WINDOWS\system32\config\systemprofile\AppData\Local\Muse Hub\lib;C:\Program Files\PuTTY\;C:\Program Files\nodejs\;C:\Program Files\Void\bin;C:\Program Files\Docker\Docker\resources\bin;C:\Program Files\MySQL\MySQL Shell 8.0\bin\;C:\Users\DELL\AppData\Local\Programs\Python\Python310\Scripts\;C:\Users\DELL\AppData\Local\Programs\Python\Python310\;C:\Users\DELL\AppData\Local\Microsoft\WindowsApps;C:\Users\DELL\.dotnet\tools;C:\Users\DELL\AppData\Local\Programs\Microsoft VS Code\bin;C:\Users\DELL\AppData\Local\Pandoc\;C:\Users\DELL\AppData\Roaming\npm;C:\Program Files\MySQL\MySQL Server 8.0\bin;C:\Users\DELL\AppData\Local\Programs\cursor\resources\app\bin;C:\Users\DELL\AppData\Local\Programs\Antigravity\bin;C:\Users\DELL\AppData\Local\Microsoft\WindowsApps;C:\Program Files\Microsoft\jdk-21.0.11.10-hotspot\\bin;
USERNAME=DELL
OS=Windows_NT
PROCESSOR_IDENTIFIER=Intel64 Family 6 Model 154 Stepping 4, GenuineIntel
TMP=C:\Users\DELL\AppData\Local\Temp
TEMP=C:\Users\DELL\AppData\Local\Temp




Periodic native trim disabled

JNI global refs:
JNI global refs: 30, weak refs: 2

JNI global refs memory usage: 835, weak refs: 833

Process memory usage:
Resident Set Size: 739908K (4% of 16454388K total physical memory with 910820K free physical memory)

OOME stack traces (most recent first):
Classloader memory used:
Loader org.gradle.internal.classloader.VisitableURLClassLoader                         : 43878K
Loader org.gradle.internal.classloader.VisitableURLClassLoader$InstrumentingVisitableURLClassLoader: 37417K
Loader bootstrap                                                                       : 15137K
Loader org.gradle.initialization.MixInLegacyTypesClassLoader                           : 11565K
Loader jdk.internal.loader.ClassLoaders$PlatformClassLoader                            : 498K
Loader jdk.internal.loader.ClassLoaders$AppClassLoader                                 : 235K
Loader jdk.internal.reflect.DelegatingClassLoader                                      : 232K
Loader org.gradle.groovy.scripts.internal.DefaultScriptCompilationHandler$ScriptClassLoader: 153K
Loader org.gradle.internal.classloader.VisitableURLClassLoader                         : 35592B

Classes loaded by more than one classloader:
Class com.google.common.base.PairwiseEquivalence                                      : loaded 2 times (x 83B)
Class com.google.common.base.Equivalence$Identity                                     : loaded 2 times (x 82B)
Class com.google.common.collect.RegularImmutableMap$KeySet                            : loaded 2 times (x 152B)
Class org.gradle.internal.classloader.FilteringClassLoader                            : loaded 2 times (x 105B)
Class [Lcom.google.common.collect.MapMakerInternalMap$Segment;                        : loaded 2 times (x 69B)
Class com.google.common.io.FileWriteMode                                              : loaded 2 times (x 79B)
Class [Lcom.google.common.base.AbstractIterator$State;                                : loaded 2 times (x 69B)
Class com.google.common.base.CharMatcher$IsEither                                     : loaded 2 times (x 111B)
Class org.gradle.internal.classloader.ClassLoaderHierarchy                            : loaded 2 times (x 70B)
Class build_vum9lm4dgnnr9clfhb7twf98$_run_closure1                                    : loaded 2 times (x 139B)
Class com.google.common.collect.AbstractMapBasedMultimap$WrappedCollection            : loaded 2 times (x 124B)
Class com.google.common.collect.ImmutableEnumSet                                      : loaded 2 times (x 146B)
Class com.google.common.util.concurrent.ExecutionError                                : loaded 2 times (x 82B)
Class com.google.common.collect.ImmutableList$1                                       : loaded 2 times (x 97B)
Class org.gradle.api.internal.classpath.ManifestUtil                                  : loaded 2 times (x 71B)
Class com.google.common.collect.RegularImmutableMap                                   : loaded 2 times (x 121B)
Class com.google.common.collect.ImmutableMap$MapViewOfValuesAsSingletonSets           : loaded 2 times (x 126B)
Class com.google.common.collect.TransformedListIterator                               : loaded 2 times (x 93B)
Class [Lorg.objectweb.asm.Symbol;                                                     : loaded 2 times (x 69B)
Class org.objectweb.asm.ClassVisitor                                                  : loaded 2 times (x 88B)
Class com.google.common.collect.UnmodifiableListIterator                              : loaded 2 times (x 95B)
Class com.google.common.collect.MapMakerInternalMap$StrongKeyDummyValueEntry$LinkedStrongKeyDummyValueEntry: loaded 2 times (x 82B)
Class com.google.common.collect.MapMakerInternalMap$Strength                          : loaded 2 times (x 80B)
Class com.google.common.base.Platform$JdkPatternCompiler                              : loaded 2 times (x 75B)
Class org.objectweb.asm.MethodTooLargeException                                       : loaded 2 times (x 83B)
Class [Lcom.google.common.cache.CacheBuilder$OneWeigher;                              : loaded 2 times (x 69B)
Class com.google.common.base.Suppliers                                                : loaded 2 times (x 71B)
Class org.gradle.internal.classloader.DefaultClassLoaderFactory                       : loaded 2 times (x 82B)
Class com.google.common.base.CharMatcher$None                                         : loaded 2 times (x 112B)
Class org.gradle.internal.classloader.ClassLoaderVisitor                              : loaded 2 times (x 76B)
Class [Lcom.google.common.collect.ImmutableMapEntry;                                  : loaded 2 times (x 69B)
Class org.gradle.api.internal.classpath.EffectiveClassPath                            : loaded 2 times (x 90B)
Class [Lorg.apache.commons.io.StandardLineSeparator;                                  : loaded 2 times (x 69B)
Class org.apache.commons.io.output.StringBuilderWriter                                : loaded 2 times (x 100B)
Class com.google.common.collect.ListMultimap                                          : loaded 2 times (x 70B)
Class com.google.common.collect.ImmutableEnumMap                                      : loaded 2 times (x 126B)
Class com.google.common.collect.Iterators$EmptyModifiableIterator                     : loaded 2 times (x 86B)
Class com.google.common.base.Splitter                                                 : loaded 2 times (x 72B)
Class com.google.common.collect.Sets$1                                                : loaded 2 times (x 139B)
Class org.objectweb.asm.AnnotationVisitor                                             : loaded 2 times (x 78B)
Class org.gradle.api.internal.DefaultClassPathProvider                                : loaded 2 times (x 76B)
Class com.google.common.collect.MapMakerInternalMap$Strength$1                        : loaded 2 times (x 80B)
Class com.google.common.collect.Maps$ViewCachingAbstractMap                           : loaded 2 times (x 125B)
Class com.google.common.collect.Sets$2                                                : loaded 2 times (x 139B)
Class [Lorg.gradle.api.internal.ClassPathProvider;                                    : loaded 2 times (x 69B)
Class org.gradle.api.internal.ClassPathProvider                                       : loaded 2 times (x 70B)
Class com.google.common.collect.MapMakerInternalMap$Strength$2                        : loaded 2 times (x 80B)
Class com.google.common.base.AbstractIterator$State                                   : loaded 2 times (x 79B)
Class [Lorg.objectweb.asm.AnnotationVisitor;                                          : loaded 2 times (x 69B)
Class com.google.common.collect.Sets$3                                                : loaded 2 times (x 139B)
Class com.google.common.cache.LocalCache$LocalLoadingCache                            : loaded 2 times (x 134B)
Class org.gradle.internal.service.UnknownServiceException                             : loaded 2 times (x 83B)
Class com.google.common.collect.MapMakerInternalMap$StrongValueEntry                  : loaded 2 times (x 70B)
Class com.google.common.collect.Sets$4                                                : loaded 2 times (x 139B)
Class org.objectweb.asm.ModuleVisitor                                                 : loaded 2 times (x 81B)
Class com.google.common.cache.LocalCache$Strength$1                                   : loaded 2 times (x 81B)
Class org.apache.commons.io.output.QueueOutputStream                                  : loaded 2 times (x 87B)
Class com.google.common.util.concurrent.SettableFuture                                : loaded 2 times (x 114B)
Class com.google.common.cache.LocalCache$Strength$2                                   : loaded 2 times (x 81B)
Class com.google.common.collect.Interners$InternerImpl                                : loaded 2 times (x 75B)
Class com.google.common.collect.Interner                                              : loaded 2 times (x 70B)
Class com.google.common.collect.TransformedIterator                                   : loaded 2 times (x 80B)
Class com.google.common.base.Splitter$1                                               : loaded 2 times (x 77B)
Class com.google.common.cache.LocalCache$Strength$3                                   : loaded 2 times (x 81B)
Class com.google.common.collect.MapDifference                                         : loaded 2 times (x 70B)
Class com.google.common.collect.MapMaker$Dummy                                        : loaded 2 times (x 79B)
Class org.objectweb.asm.FieldWriter                                                   : loaded 2 times (x 78B)
Class com.google.common.cache.CacheBuilder$NullListener                               : loaded 2 times (x 82B)
Class org.gradle.internal.classpath.TransformedClassPath                              : loaded 2 times (x 96B)
Class org.gradle.internal.classloader.InstrumentingClassLoader                        : loaded 2 times (x 70B)
Class org.apache.commons.io.output.UnsynchronizedByteArrayOutputStream                : loaded 2 times (x 102B)
Class com.google.common.cache.CacheLoader$FunctionToCacheLoader                       : loaded 2 times (x 75B)
Class com.google.common.collect.Iterators$ArrayItr                                    : loaded 2 times (x 97B)
Class com.google.common.collect.ImmutableCollection$Builder                           : loaded 2 times (x 76B)
Class org.apache.commons.io.output.ByteArrayOutputStream                              : loaded 2 times (x 102B)
Class com.google.common.base.Joiner                                                   : loaded 2 times (x 79B)
Class com.google.common.base.MoreObjects                                              : loaded 2 times (x 71B)
Class com.google.common.collect.Platform                                              : loaded 2 times (x 71B)
Class [Lorg.objectweb.asm.Type;                                                       : loaded 2 times (x 69B)
Class com.google.common.collect.UnmodifiableIterator                                  : loaded 2 times (x 80B)
Class org.gradle.internal.service.ServiceLocator                                      : loaded 2 times (x 70B)
Class com.google.common.collect.SingletonImmutableBiMap                               : loaded 2 times (x 143B)
Class com.google.common.base.Ascii                                                    : loaded 2 times (x 71B)
Class com.google.common.cache.LocalCache$1                                            : loaded 2 times (x 89B)
Class com.google.common.collect.Iterators$SingletonIterator                           : loaded 2 times (x 81B)
Class com.google.common.collect.AbstractMapEntry                                      : loaded 2 times (x 81B)
Class settings_cqu13lbp78xniu3qlwonyc3q3                                              : loaded 2 times (x 171B)
Class com.google.common.collect.MapMakerInternalMap$AbstractStrongKeyEntry            : loaded 2 times (x 80B)
Class com.google.common.collect.Sets$ImprovedAbstractSet                              : loaded 2 times (x 135B)
Class com.google.common.collect.ImmutableList$Builder                                 : loaded 2 times (x 77B)
Class com.google.common.collect.AbstractMultimap                                      : loaded 2 times (x 123B)
Class com.google.common.cache.LocalCache$2                                            : loaded 2 times (x 142B)
Class com.google.common.collect.RegularImmutableAsList                                : loaded 2 times (x 217B)
Class com.google.common.util.concurrent.AbstractFuture$Trusted                        : loaded 2 times (x 70B)
Class com.google.common.collect.Iterators                                             : loaded 2 times (x 71B)
Class com.google.common.io.ByteSink$AsCharSink                                        : loaded 2 times (x 80B)
Class com.google.common.collect.Lists$StringAsImmutableList                           : loaded 2 times (x 207B)
Class com.google.common.util.concurrent.UncheckedExecutionException                   : loaded 2 times (x 82B)
Class com.google.common.collect.AbstractMapBasedMultimap$KeySet$1                     : loaded 2 times (x 82B)
Class org.objectweb.asm.ClassWriter                                                   : loaded 2 times (x 106B)
Class com.google.common.base.CharMatcher$And                                          : loaded 2 times (x 112B)
Class com.google.common.cache.CacheLoader$UnsupportedLoadingOperationException        : loaded 2 times (x 82B)
Class org.gradle.internal.classloader.ClasspathUtil$1                                 : loaded 2 times (x 76B)
Class com.google.common.base.Objects                                                  : loaded 2 times (x 71B)
Class org.objectweb.asm.FieldVisitor                                                  : loaded 2 times (x 77B)
Class com.google.common.collect.IndexedImmutableSet                                   : loaded 2 times (x 152B)
Class com.google.common.collect.ImmutableMap$1                                        : loaded 2 times (x 81B)
Class com.google.common.collect.BiMap                                                 : loaded 2 times (x 70B)
Class org.gradle.api.internal.classpath.DefaultModuleRegistry$DefaultModule           : loaded 2 times (x 86B)
Class com.google.common.primitives.Ints                                               : loaded 2 times (x 71B)
Class com.google.common.collect.AbstractIterator                                      : loaded 2 times (x 82B)
Class com.google.common.collect.ObjectArrays                                          : loaded 2 times (x 71B)
Class com.google.common.math.MathPreconditions                                        : loaded 2 times (x 71B)
Class com.google.common.collect.Multiset                                              : loaded 2 times (x 70B)
Class com.google.common.collect.ArrayListMultimapGwtSerializationDependencies         : loaded 2 times (x 172B)
Class com.google.common.collect.AbstractIndexedListIterator                           : loaded 2 times (x 96B)
Class org.apache.commons.io.output.NullOutputStream                                   : loaded 2 times (x 85B)
Class com.google.common.collect.ImmutableMapEntrySet                                  : loaded 2 times (x 152B)
Class org.gradle.api.internal.classpath.Module                                        : loaded 2 times (x 70B)
Class com.google.common.cache.Weigher                                                 : loaded 2 times (x 70B)
Class org.gradle.api.internal.classpath.UnknownModuleException                        : loaded 2 times (x 82B)
Class com.google.common.base.Stopwatch                                                : loaded 2 times (x 72B)
Class com.google.common.cache.LocalCache$Strength                                     : loaded 2 times (x 81B)
Class com.google.common.cache.Cache                                                   : loaded 2 times (x 70B)
Class org.apache.commons.io.filefilter.IOFileFilter                                   : loaded 2 times (x 70B)
Class com.google.common.base.NullnessCasts                                            : loaded 2 times (x 71B)
Class com.google.common.util.concurrent.AbstractFuture$Cancellation                   : loaded 2 times (x 72B)
Class com.google.common.collect.ImmutableMap$Builder                                  : loaded 2 times (x 82B)
Class com.google.common.collect.AbstractMapBasedMultimap$WrappedCollection$WrappedIterator: loaded 2 times (x 84B)
Class com.google.common.cache.RemovalListener                                         : loaded 2 times (x 70B)
Class org.gradle.api.internal.DefaultClassPathRegistry                                : loaded 2 times (x 76B)
Class com.google.common.primitives.IntsMethodsForWeb                                  : loaded 2 times (x 71B)
Class com.google.common.collect.Multimap                                              : loaded 2 times (x 70B)
Class org.gradle.api.internal.ClassPathRegistry                                       : loaded 2 times (x 70B)
Class org.gradle.internal.classpath.DefaultClassPath$ImmutableUniqueList              : loaded 2 times (x 199B)
Class com.google.common.collect.MapMakerInternalMap$Segment                           : loaded 2 times (x 142B)
Class com.google.common.base.ExtraObjectsMethodsForWeb                                : loaded 2 times (x 71B)
Class org.apache.commons.io.IOUtils                                                   : loaded 2 times (x 71B)
Class com.google.common.io.ByteSink                                                   : loaded 2 times (x 76B)
Class com.google.common.cache.CacheBuilder                                            : loaded 2 times (x 72B)
Class com.google.common.collect.SingletonImmutableList                                : loaded 2 times (x 207B)
Class org.gradle.internal.classpath.ClassPath                                         : loaded 2 times (x 70B)
Class com.google.common.collect.Interners$InternerBuilder                             : loaded 2 times (x 76B)
Class com.google.common.io.Files$FileByteSource                                       : loaded 2 times (x 85B)
Class com.google.common.base.JdkPattern                                               : loaded 2 times (x 75B)
Class com.google.common.collect.ImmutableList$ReverseImmutableList                    : loaded 2 times (x 209B)
Class org.objectweb.asm.SymbolTable$Entry                                             : loaded 2 times (x 74B)
Class org.objectweb.asm.Edge                                                          : loaded 2 times (x 72B)
Class com.google.common.base.Suppliers$SupplierOfInstance                             : loaded 2 times (x 79B)
Class com.google.common.collect.Iterators$1                                           : loaded 2 times (x 81B)
Class com.google.common.cache.LocalCache$ComputingValueReference                      : loaded 2 times (x 96B)
Class com.google.common.collect.SingletonImmutableSet                                 : loaded 2 times (x 146B)
Class com.google.common.collect.ImmutableMap$IteratorBasedImmutableMap                : loaded 2 times (x 126B)
Class build_vum9lm4dgnnr9clfhb7twf98                                                  : loaded 2 times (x 172B)
Class com.google.common.cache.LocalCache$Segment                                      : loaded 2 times (x 154B)
Class com.google.common.collect.AbstractListMultimap                                  : loaded 2 times (x 172B)
Class [Lorg.objectweb.asm.SymbolTable$Entry;                                          : loaded 2 times (x 69B)
Class com.google.common.cache.CacheLoader                                             : loaded 2 times (x 74B)
Class com.google.common.collect.Iterators$4                                           : loaded 2 times (x 82B)
Class com.google.common.collect.ImmutableBiMap                                        : loaded 2 times (x 143B)
Class org.gradle.api.internal.classpath.ModuleRegistry                                : loaded 2 times (x 70B)
Class org.gradle.internal.installation.GradleInstallation$1                           : loaded 2 times (x 75B)
Class com.google.common.base.Splitter$SplittingIterator                               : loaded 2 times (x 84B)
Class org.apache.commons.io.output.NullWriter                                         : loaded 2 times (x 99B)
Class com.google.common.collect.ImmutableSet$JdkBackedSetBuilderImpl                  : loaded 2 times (x 76B)
Class com.google.common.util.concurrent.internal.InternalFutureFailureAccess          : loaded 2 times (x 72B)
Class com.google.common.collect.Iterators$5                                           : loaded 2 times (x 82B)
Class com.google.common.base.CharMatcher$ForPredicate                                 : loaded 2 times (x 112B)
Class com.google.common.cache.LocalCache$LocalManualCache$1                           : loaded 2 times (x 75B)
Class com.google.common.base.CharMatcher$AnyOf                                        : loaded 2 times (x 112B)
Class com.google.common.collect.ImmutableCollection                                   : loaded 2 times (x 125B)
Class org.gradle.api.internal.classpath.DefaultModuleRegistry                         : loaded 2 times (x 86B)
Class com.google.common.collect.Lists                                                 : loaded 2 times (x 71B)
Class com.google.common.util.concurrent.ListenableFuture                              : loaded 2 times (x 70B)
Class com.google.common.cache.ReferenceEntry                                          : loaded 2 times (x 70B)
Class com.google.common.base.Converter                                                : loaded 2 times (x 90B)
Class com.google.common.collect.ImmutableSet$CachingAsList                            : loaded 2 times (x 148B)
Class com.google.common.collect.AbstractMapBasedMultimap                              : loaded 2 times (x 139B)
Class com.google.common.util.concurrent.AbstractFuture                                : loaded 2 times (x 106B)
Class com.google.common.base.FunctionalEquivalence                                    : loaded 2 times (x 83B)
Class com.google.common.collect.Iterators$9                                           : loaded 2 times (x 81B)
Class com.google.common.collect.ImmutableAsList                                       : loaded 2 times (x 209B)
Class org.objectweb.asm.RecordComponentVisitor                                        : loaded 2 times (x 77B)
Class com.google.common.cache.CacheLoader$SupplierToCacheLoader                       : loaded 2 times (x 75B)
Class com.google.common.collect.Maps$EntryTransformer                                 : loaded 2 times (x 70B)
Class org.gradle.internal.service.ServiceLookupException                              : loaded 2 times (x 82B)
Class [Lcom.google.common.cache.LocalCache$EntryFactory;                              : loaded 2 times (x 69B)
Class org.gradle.internal.classloader.ClassLoaderFactory                              : loaded 2 times (x 70B)
Class org.apache.commons.io.CloseableURLConnection                                    : loaded 2 times (x 116B)
Class com.google.common.base.CommonPattern                                            : loaded 2 times (x 74B)
Class com.google.common.base.CharMatcher$IsNot                                        : loaded 2 times (x 111B)
Class com.google.common.cache.LocalCache$LocalManualCache                             : loaded 2 times (x 99B)
Class org.gradle.internal.service.CachingServiceLocator                               : loaded 2 times (x 82B)
Class com.google.common.collect.AbstractMapBasedMultimap$KeySet                       : loaded 2 times (x 137B)
Class com.google.common.math.IntMath                                                  : loaded 2 times (x 71B)
Class com.google.common.collect.MapMakerInternalMap$InternalEntry                     : loaded 2 times (x 70B)
Class com.google.common.collect.ImmutableMapEntry                                     : loaded 2 times (x 85B)
Class com.google.common.base.Equivalence                                              : loaded 2 times (x 82B)
Class com.google.common.base.Function                                                 : loaded 2 times (x 70B)
Class com.google.common.collect.ImmutableMapEntry$NonTerminalImmutableMapEntry        : loaded 2 times (x 85B)
Class org.apache.commons.io.output.AbstractByteArrayOutputStream                      : loaded 2 times (x 102B)
Class com.google.common.collect.IndexedImmutableSet$1                                 : loaded 2 times (x 213B)
Class com.google.common.cache.CacheBuilder$OneWeigher                                 : loaded 2 times (x 82B)
Class com.google.common.collect.RegularImmutableList                                  : loaded 2 times (x 213B)
Class org.gradle.internal.classloader.ClasspathUtil                                   : loaded 2 times (x 71B)
Class com.google.common.util.concurrent.Uninterruptibles                              : loaded 2 times (x 71B)
Class com.google.common.util.concurrent.LazyLogger                                    : loaded 2 times (x 72B)
Class com.google.common.collect.Maps                                                  : loaded 2 times (x 71B)
Class org.gradle.api.specs.Spec                                                       : loaded 2 times (x 70B)
Class com.google.common.collect.MapMaker                                              : loaded 2 times (x 72B)
Class org.apache.commons.io.file.PathFilter                                           : loaded 2 times (x 70B)
Class [Lcom.google.common.collect.ImmutableEntry;                                     : loaded 2 times (x 69B)
Class com.google.common.cache.LocalCache$LoadingValueReference                        : loaded 2 times (x 96B)
Class com.google.common.collect.MapMakerInternalMap$StrongKeyDummyValueEntry          : loaded 2 times (x 82B)
Class com.google.common.base.Platform                                                 : loaded 2 times (x 71B)
Class com.google.common.collect.AbstractMapBasedMultimap$WrappedList                  : loaded 2 times (x 205B)
Class [Lorg.objectweb.asm.AnnotationWriter;                                           : loaded 2 times (x 69B)
Class com.google.common.collect.Maps$8                                                : loaded 2 times (x 82B)
Class [Lcom.google.common.collect.Iterators$EmptyModifiableIterator;                  : loaded 2 times (x 69B)
Class com.google.common.collect.Sets$SetView                                          : loaded 2 times (x 138B)
Class com.google.common.cache.LocalCache$StrongValueReference                         : loaded 2 times (x 90B)
Class com.google.common.graph.SuccessorsFunction                                      : loaded 2 times (x 70B)
Class org.objectweb.asm.Type                                                          : loaded 2 times (x 72B)
Class org.gradle.internal.classloader.VisitableURLClassLoader$InstrumentingVisitableURLClassLoader: loaded 2 times (x 123B)
Class com.google.common.collect.MapMakerInternalMap$StrongKeyDummyValueEntry$Helper   : loaded 2 times (x 79B)
Class com.google.common.io.Files$FileByteSink                                         : loaded 2 times (x 77B)
Class com.google.common.math.IntMath$1                                                : loaded 2 times (x 71B)
Class org.objectweb.asm.ByteVector                                                    : loaded 2 times (x 79B)
Class [Lcom.google.common.cache.CacheBuilder$NullListener;                            : loaded 2 times (x 69B)
Class org.gradle.internal.classloader.VisitableURLClassLoader$Spec                    : loaded 2 times (x 74B)
Class org.gradle.internal.classpath.DefaultClassPath                                  : loaded 2 times (x 90B)
Class com.google.common.base.AbstractIterator                                         : loaded 2 times (x 80B)
Class org.objectweb.asm.Symbol                                                        : loaded 2 times (x 73B)
Class com.google.common.io.Closer                                                     : loaded 2 times (x 78B)
Class com.google.common.base.CharMatcher$BitSetMatcher                                : loaded 2 times (x 112B)
Class com.google.common.collect.RegularImmutableMap$Values                            : loaded 2 times (x 207B)
Class com.google.common.collect.ImmutableSet                                          : loaded 2 times (x 145B)
Class org.gradle.internal.classloader.ClassLoaderSpec                                 : loaded 2 times (x 71B)
Class org.objectweb.asm.AnnotationWriter                                              : loaded 2 times (x 79B)
Class com.google.common.cache.CacheStats                                              : loaded 2 times (x 71B)
Class com.google.common.collect.Interners                                             : loaded 2 times (x 71B)
Class com.google.common.io.Closer$Suppressor                                          : loaded 2 times (x 70B)
Class com.google.common.io.LineProcessor                                              : loaded 2 times (x 70B)
Class org.objectweb.asm.RecordComponentWriter                                         : loaded 2 times (x 78B)
Class com.google.common.util.concurrent.AbstractFuture$Listener                       : loaded 2 times (x 72B)
Class com.google.common.base.CharMatcher$Or                                           : loaded 2 times (x 112B)
Class org.objectweb.asm.Attribute                                                     : loaded 2 times (x 77B)
Class com.google.common.base.Supplier                                                 : loaded 2 times (x 70B)
Class org.gradle.internal.classloader.VisitableURLClassLoader                         : loaded 2 times (x 117B)
Class org.gradle.internal.Cast                                                        : loaded 2 times (x 71B)
Class org.gradle.api.Action                                                           : loaded 2 times (x 70B)
Class com.google.common.collect.MapMakerInternalMap                                   : loaded 2 times (x 161B)
Class com.google.common.base.Strings                                                  : loaded 2 times (x 71B)
Class com.google.common.collect.Sets                                                  : loaded 2 times (x 71B)
Class org.objectweb.asm.Handler                                                       : loaded 2 times (x 72B)
Class com.google.common.base.CharMatcher$FastMatcher                                  : loaded 2 times (x 111B)
Class com.google.common.base.Ticker                                                   : loaded 2 times (x 72B)
Class [Lcom.google.common.cache.LocalCache$Segment;                                   : loaded 2 times (x 69B)
Class com.google.common.base.Predicate                                                : loaded 2 times (x 70B)
Class [Lcom.google.common.cache.LocalCache$Strength;                                  : loaded 2 times (x 69B)
Class com.google.common.cache.CacheBuilder$1                                          : loaded 2 times (x 85B)
Class com.google.common.collect.ImmutableMap                                          : loaded 2 times (x 120B)
Class org.gradle.internal.classpath.DefaultClassPath$ImmutableUniqueList$Builder      : loaded 2 times (x 75B)
Class com.google.common.collect.MapMakerInternalMap$WeakValueReference                : loaded 2 times (x 70B)
Class com.google.common.base.CharMatcher$NegatedFastMatcher                           : loaded 2 times (x 113B)
Class com.google.common.cache.LocalCache                                              : loaded 2 times (x 187B)
Class com.google.common.cache.CacheBuilder$2                                          : loaded 2 times (x 79B)
Class com.google.common.collect.ArrayListMultimap                                     : loaded 2 times (x 172B)
Class com.google.common.cache.CacheBuilder$3                                          : loaded 2 times (x 72B)
Class [Lcom.google.common.collect.AbstractMapEntry;                                   : loaded 2 times (x 69B)
Class com.google.common.collect.ImmutableEntry                                        : loaded 2 times (x 82B)
Class org.gradle.api.GradleException                                                  : loaded 2 times (x 82B)
Class org.apache.commons.io.StandardLineSeparator                                     : loaded 2 times (x 79B)
Class com.google.common.collect.CollectPreconditions                                  : loaded 2 times (x 71B)
Class [Lcom.google.common.collect.MapMakerInternalMap$Strength;                       : loaded 2 times (x 69B)
Class [Lcom.google.common.io.FileWriteMode;                                           : loaded 2 times (x 69B)
Class com.google.common.collect.SortedMapDifference                                   : loaded 2 times (x 70B)
Class com.google.common.collect.MapMakerInternalMap$StrongKeyDummyValueSegment        : loaded 2 times (x 142B)
Class com.google.common.io.Files                                                      : loaded 2 times (x 71B)
Class com.google.common.cache.LocalCache$EntryFactory                                 : loaded 2 times (x 83B)
Class [Lcom.google.common.collect.MapMaker$Dummy;                                     : loaded 2 times (x 69B)
Class com.google.common.base.CharMatcher$Whitespace                                   : loaded 2 times (x 112B)
Class com.google.common.cache.LocalCache$AbstractReferenceEntry                       : loaded 2 times (x 107B)
Class org.gradle.internal.IoActions                                                   : loaded 2 times (x 71B)
Class com.google.common.collect.ImmutableMapKeySet                                    : loaded 2 times (x 152B)
Class org.objectweb.asm.SymbolTable                                                   : loaded 2 times (x 72B)
Class com.google.common.cache.CacheLoader$InvalidCacheLoadException                   : loaded 2 times (x 82B)
Class com.google.common.collect.ImmutableSet$RegularSetBuilderImpl                    : loaded 2 times (x 77B)
Class settings_cqu13lbp78xniu3qlwonyc3q3$_run_closure1                                : loaded 2 times (x 139B)
Class org.gradle.internal.classloader.SystemClassLoaderSpec                           : loaded 2 times (x 71B)
Class com.google.common.cache.LocalCache$StrongEntry                                  : loaded 2 times (x 108B)
Class com.google.common.util.concurrent.AbstractFuture$TrustedFuture                  : loaded 2 times (x 114B)
Class com.google.common.cache.LoadingCache                                            : loaded 2 times (x 70B)
Class org.objectweb.asm.MethodWriter                                                  : loaded 2 times (x 106B)
Class [Lcom.google.common.cache.Weigher;                                              : loaded 2 times (x 69B)
Class com.google.common.collect.RegularImmutableMap$BucketOverflowException           : loaded 2 times (x 82B)
Class com.google.common.collect.AbstractMapBasedMultimap$RandomAccessWrappedList      : loaded 2 times (x 205B)
Class com.google.common.collect.RegularImmutableBiMap                                 : loaded 2 times (x 149B)
Class com.google.common.base.CharMatcher$Negated                                      : loaded 2 times (x 113B)
Class com.google.common.base.CharMatcher$Is                                           : loaded 2 times (x 111B)
Class com.google.common.cache.LocalCache$ValueReference                               : loaded 2 times (x 70B)
Class com.google.common.base.PatternCompiler                                          : loaded 2 times (x 70B)
Class com.google.common.util.concurrent.AbstractFuture$Failure                        : loaded 2 times (x 72B)
Class com.google.common.base.Equivalence$Equals                                       : loaded 2 times (x 82B)
Class com.google.common.collect.Hashing                                               : loaded 2 times (x 71B)
Class com.google.common.base.Preconditions                                            : loaded 2 times (x 71B)
Class com.google.common.io.CharSink                                                   : loaded 2 times (x 79B)
Class com.google.common.base.Joiner$1                                                 : loaded 2 times (x 80B)
Class org.objectweb.asm.Label                                                         : loaded 2 times (x 73B)
Class org.objectweb.asm.CurrentFrame                                                  : loaded 2 times (x 73B)
Class org.objectweb.asm.ClassTooLargeException                                        : loaded 2 times (x 83B)
Class com.google.common.base.CharMatcher                                              : loaded 2 times (x 111B)
Class com.google.common.collect.PeekingIterator                                       : loaded 2 times (x 70B)
Class com.google.common.collect.MapMakerInternalMap$InternalEntryHelper               : loaded 2 times (x 70B)
Class com.google.common.collect.Table                                                 : loaded 2 times (x 70B)
Class com.google.common.collect.Maps$IteratorBasedAbstractMap                         : loaded 2 times (x 125B)
Class com.google.common.base.Joiner$2                                                 : loaded 2 times (x 79B)
Class org.objectweb.asm.Frame                                                         : loaded 2 times (x 73B)
Class org.objectweb.asm.MethodVisitor                                                 : loaded 2 times (x 105B)
Class com.google.common.base.CharMatcher$NamedFastMatcher                             : loaded 2 times (x 112B)
Class com.google.common.base.CharMatcher$1                                            : loaded 2 times (x 113B)
Class com.google.common.cache.LocalCache$EntryFactory$1                               : loaded 2 times (x 83B)
Class [Lcom.google.common.cache.RemovalListener;                                      : loaded 2 times (x 69B)
Class com.google.common.cache.LocalCache$EntryFactory$2                               : loaded 2 times (x 83B)
Class org.gradle.api.internal.classpath.GlobalCacheRootsProvider                      : loaded 2 times (x 70B)
Class org.objectweb.asm.ModuleWriter                                                  : loaded 2 times (x 82B)
Class com.google.common.cache.LocalCache$EntryFactory$3                               : loaded 2 times (x 83B)
Class com.google.common.base.Ticker$1                                                 : loaded 2 times (x 72B)
Class com.google.common.collect.Maps$BiMapConverter                                   : loaded 2 times (x 90B)
Class com.google.common.collect.ImmutableMapEntrySet$RegularEntrySet                  : loaded 2 times (x 152B)
Class com.google.common.collect.ImmutableSet$Builder                                  : loaded 2 times (x 85B)
Class com.google.common.base.CharMatcher$InRange                                      : loaded 2 times (x 111B)
Class com.google.common.cache.LocalCache$EntryFactory$4                               : loaded 2 times (x 83B)
Class com.google.common.cache.LocalCache$EntryFactory$5                               : loaded 2 times (x 83B)
Class org.apache.commons.io.output.AppendableWriter                                   : loaded 2 times (x 100B)
Class com.google.common.cache.LocalCache$EntryFactory$6                               : loaded 2 times (x 83B)
Class org.gradle.internal.installation.CurrentGradleInstallationLocator               : loaded 2 times (x 71B)
Class org.apache.commons.io.output.ThresholdingOutputStream                           : loaded 2 times (x 95B)
Class com.google.common.collect.Maps$KeySet                                           : loaded 2 times (x 137B)
Class com.google.common.collect.ImmutableSet$EmptySetBuilderImpl                      : loaded 2 times (x 76B)
Class com.google.common.cache.LocalCache$EntryFactory$7                               : loaded 2 times (x 83B)
Class com.google.common.collect.ImmutableList                                         : loaded 2 times (x 206B)
Class org.gradle.internal.service.DefaultServiceLocator                               : loaded 2 times (x 83B)
Class com.google.common.collect.Maps$EntrySet                                         : loaded 2 times (x 136B)
Class com.google.common.cache.LocalCache$EntryFactory$8                               : loaded 2 times (x 83B)
Class com.google.common.collect.ImmutableSet$SetBuilderImpl                           : loaded 2 times (x 76B)
Class org.gradle.internal.installation.CurrentGradleInstallation                      : loaded 2 times (x 73B)
Class com.google.common.cache.CacheLoader$1                                           : loaded 2 times (x 75B)
Class com.google.common.collect.ImmutableList$SubList                                 : loaded 2 times (x 209B)
Class org.gradle.util.internal.GUtil                                                  : loaded 2 times (x 71B)
Class com.google.common.io.ByteSource                                                 : loaded 2 times (x 84B)
Class com.google.common.cache.AbstractCache$StatsCounter                              : loaded 2 times (x 70B)
Class com.google.common.collect.MapMakerInternalMap$1                                 : loaded 2 times (x 83B)
Class com.google.common.collect.Iterators$MergingIterator                             : loaded 2 times (x 81B)
Class com.google.common.collect.RegularImmutableSet                                   : loaded 2 times (x 149B)
Class org.gradle.internal.installation.GradleInstallation                             : loaded 2 times (x 75B)
Class com.google.common.base.Splitter$Strategy                                        : loaded 2 times (x 70B)
Class com.google.common.collect.Iterables                                             : loaded 2 times (x 71B)

---------------  S Y S T E M  ---------------

OS:
 Windows 11 , 64 bit Build 26100 (10.0.26100.8246)
OS uptime: 0 days 8:46 hours

CPU: total 12 (initial active 12) (6 cores per cpu, 2 threads per core) family 6 model 154 stepping 4 microcode 0x43b, cx8, cmov, fxsr, ht, mmx, 3dnowpref, sse, sse2, sse3, ssse3, sse4.1, sse4.2, popcnt, lzcnt, tsc, tscinvbit, avx, avx2, aes, erms, clmul, bmi1, bmi2, adx, sha, fma, vzeroupper, clflush, clflushopt, clwb, serialize, rdtscp, rdpid, fsrm, f16c, pku, cet_ibt, cet_ss
Processor Information for the first 12 processors :
  Max Mhz: 1300, Current Mhz: 1300, Mhz Limit: 1300

Memory: 4k page, system-wide physical 16068M (889M free)
TotalPageFile size 31428M (AvailPageFile size 100M)
current process WorkingSet (physical memory assigned to process): 722M, peak: 722M
current process commit charge ("private bytes"): 765M, peak: 1034M

vm_info: OpenJDK 64-Bit Server VM (21.0.10+1-b1163.110) for windows-amd64 JRE (21.0.10+1-b1163.110), built on 2026-03-06 by "builduser" with MS VC++ 17.14 (VS2022)

END.
