#
# There is insufficient memory for the Java Runtime Environment to continue.
# Native memory allocation (mmap) failed to map 1048576 bytes. Error detail: G1 virtual space
# Possible reasons:
#   The system is out of physical RAM or swap space
#   This process is running with CompressedOops enabled, and the Java Heap may be blocking the growth of the native heap
# Possible solutions:
#   Reduce memory load on the system
#   Increase physical memory or swap space
#   Check if swap backing store is full
#   Decrease Java heap size (-Xmx/-Xms)
#   Decrease number of Java threads
#   Decrease Java thread stack sizes (-Xss)
#   Set larger code cache with -XX:ReservedCodeCacheSize=
#   JVM is running with Unscaled Compressed Oops mode in which the Java heap is
#     placed in the first 4GB address space. The Java Heap base address is the
#     maximum limit for the native heap growth. Please use -XX:HeapBaseMinAddress
#     to set the Java Heap base and to place the Java Heap above 4GB virtual address.
# This output file may be truncated or incomplete.
#
#  Out of Memory Error (os_windows.cpp:3925), pid=65592, tid=30804
#
# JRE version: OpenJDK Runtime Environment (21.0.9) (build 21.0.9+-14787801-b1163.94)
# Java VM: OpenJDK 64-Bit Server VM (21.0.9+-14787801-b1163.94, mixed mode, tiered, compressed oops, compressed class ptrs, g1 gc, windows-amd64)
# No core dump will be written. Minidumps are not enabled by default on client versions of Windows
#

---------------  S U M M A R Y ------------

Command Line: --add-opens=java.base/java.lang=ALL-UNNAMED --add-opens=java.base/java.lang.invoke=ALL-UNNAMED --add-opens=java.base/java.util=ALL-UNNAMED --add-opens=java.prefs/java.util.prefs=ALL-UNNAMED --add-exports=jdk.compiler/com.sun.tools.javac.api=ALL-UNNAMED --add-exports=jdk.compiler/com.sun.tools.javac.util=ALL-UNNAMED --add-opens=java.base/java.util=ALL-UNNAMED --add-opens=java.prefs/java.util.prefs=ALL-UNNAMED --add-opens=java.base/java.nio.charset=ALL-UNNAMED --add-opens=java.base/java.net=ALL-UNNAMED --add-opens=java.base/java.util.concurrent=ALL-UNNAMED --add-opens=java.base/java.util.concurrent.atomic=ALL-UNNAMED --add-opens=java.xml/javax.xml.namespace=ALL-UNNAMED --add-opens=java.base/java.time=ALL-UNNAMED -Xmx2048m -Dfile.encoding=UTF-8 -Duser.country=US -Duser.language=en -Duser.variant -javaagent:C:\Users\DELL\.gradle\wrapper\dists\gradle-9.3.1-bin\23ovyewtku6u96viwx3xl3oks\gradle-9.3.1\lib\agents\gradle-instrumentation-agent-9.3.1.jar org.gradle.launcher.daemon.bootstrap.GradleDaemon 9.3.1

Host: 12th Gen Intel(R) Core(TM) i5-1235U, 12 cores, 15G,  Windows 11 , 64 bit Build 26100 (10.0.26100.8246)
Time: Sun May  3 00:08:14 2026 SE Asia Standard Time elapsed time: 41.473309 seconds (0d 0h 0m 41s)

---------------  T H R E A D  ---------------

Current thread (0x000002259b62e390):  JavaThread "ForkJoinPool.commonPool-worker-1" daemon [_thread_in_vm, id=30804, stack(0x0000003882700000,0x0000003882800000) (1024K)]

Stack: [0x0000003882700000,0x0000003882800000]
Native frames: (J=compiled Java code, j=interpreted, Vv=VM code, C=native code)
V  [jvm.dll+0x6d6c99]
V  [jvm.dll+0x866b83]
V  [jvm.dll+0x8691ae]
V  [jvm.dll+0x869893]
V  [jvm.dll+0x280776]
V  [jvm.dll+0x6d3555]
V  [jvm.dll+0x6c6bea]
V  [jvm.dll+0x3587fb]
V  [jvm.dll+0x360476]
V  [jvm.dll+0x3b234b]
V  [jvm.dll+0x3b2a04]
V  [jvm.dll+0x3b2556]
V  [jvm.dll+0x32b344]
V  [jvm.dll+0x3294df]
V  [jvm.dll+0x668440]
V  [jvm.dll+0x240562]
V  [jvm.dll+0x82b397]
V  [jvm.dll+0x733557]
C  0x000002258763aba9

The last pc belongs to _new_array_Java (printed below).
Java frames: (J=compiled Java code, j=interpreted, Vv=VM code)
v  ~RuntimeStub::_new_array_Java 0x000002258763aba9
J 13628 c2 java.nio.ByteBuffer.allocate(I)Ljava/nio/ByteBuffer; java.base@21.0.9 (20 bytes) @ 0x0000022587b42c74 [0x0000022587b42a20+0x0000000000000254]
j  com.android.apksig.internal.apk.ApkSigningBlockUtils$ChunkSupplier.get()Lcom/android/apksig/internal/apk/ApkSigningBlockUtils$ChunkSupplier$Chunk;+99
j  com.android.apksig.internal.apk.ApkSigningBlockUtils$ChunkDigester.run()V+226
j  java.util.concurrent.ForkJoinTask$AdaptedInterruptibleRunnable.compute()Ljava/lang/Object;+4 java.base@21.0.9
j  java.util.concurrent.ForkJoinTask$InterruptibleTask.exec()Z+51 java.base@21.0.9
j  java.util.concurrent.ForkJoinTask.doExec()V+10 java.base@21.0.9
j  java.util.concurrent.ForkJoinPool$WorkQueue.topLevelExec(Ljava/util/concurrent/ForkJoinTask;Ljava/util/concurrent/ForkJoinPool$WorkQueue;I)V+49 java.base@21.0.9
j  java.util.concurrent.ForkJoinPool.scan(Ljava/util/concurrent/ForkJoinPool$WorkQueue;JI)J+245 java.base@21.0.9
j  java.util.concurrent.ForkJoinPool.runWorker(Ljava/util/concurrent/ForkJoinPool$WorkQueue;)V+62 java.base@21.0.9
j  java.util.concurrent.ForkJoinWorkerThread.run()V+31 java.base@21.0.9
v  ~StubRoutines::call_stub 0x000002258753100d
--------------------------------------------------------------------------------
Decoding CodeBlob, name: _new_array_Java, at  [0x000002258763ab80, 0x000002258763abf0]  112 bytes
[MachCode]
  0x000002258763ab80: 4881 ec28 | 0000 0048 | 896c 2420 | 4989 a798 | 0300 0048 | 8bca 418b | d04d 8bc7 | 49ba 2035 
  0x000002258763aba0: 98f6 ff7f | 0000 41ff | d20f 1f84 | 0000 0000 | 004d 89a7 | 9803 0000 | 4d89 a7a0 | 0300 0049 
  0x000002258763abc0: 8b87 f003 | 0000 4d89 | a7f0 0300 | 004d 3b67 | 0875 0648 | 83c4 205d | c333 db49 | ba00 0f53 
  0x000002258763abe0: 8725 0200 | 0048 83c4 | 205d 41ff | e2f4 f4f4 
[/MachCode]
--------------------------------------------------------------------------------


Compiled method (c2) 41515 13628       4       java.nio.ByteBuffer::allocate (20 bytes)
 total in heap  [0x0000022587b42890,0x0000022587b42e60] = 1488
 relocation     [0x0000022587b429f0,0x0000022587b42a20] = 48
 main code      [0x0000022587b42a20,0x0000022587b42cd8] = 696
 stub code      [0x0000022587b42cd8,0x0000022587b42cf0] = 24
 metadata       [0x0000022587b42cf0,0x0000022587b42d70] = 128
 scopes data    [0x0000022587b42d70,0x0000022587b42db0] = 64
 scopes pcs     [0x0000022587b42db0,0x0000022587b42e00] = 80
 dependencies   [0x0000022587b42e00,0x0000022587b42e30] = 48
 handler table  [0x0000022587b42e30,0x0000022587b42e60] = 48

[Constant Pool (empty)]

[MachCode]
[Verified Entry Point]
  # {method} {0x000002258f25f5d8} 'allocate' '(I)Ljava/nio/ByteBuffer;' in 'java/nio/ByteBuffer'
  # parm0:    rdx       = int
  #           [sp+0x60]  (sp of caller)
  0x0000022587b42a20: 8984 2400 | 80ff ff55 | 4883 ec50 | 4181 7f20 | 2500 0000 | 0f85 9202 | 0000 8954 | 2420 85d2 
  0x0000022587b42a40: 0f8c 4602 | 0000 498b | afb8 0100 | 004c 8bd5 | 4983 c238 | 4d3b 97c8 | 0100 000f | 83d9 0100 
  0x0000022587b42a60: 004d 8997 | b801 0000 | 410f 0d8a | c000 0000 | 48c7 4500 | 0100 0000 

  0x0000022587b42a78: ;   {metadata('java/nio/HeapByteBuffer')}
  0x0000022587b42a78: c745 0864 | f700 2044 | 8965 0c4c | 8965 104c | 8965 184c | 8965 204c | 8965 284c | 8965 3044 
  0x0000022587b42a98: 8b5c 2420 | 4181 fb00 | 0010 000f | 87db 0100 | 0049 63cb | 4181 fb00 | 0010 000f | 87a7 0100 
  0x0000022587b42ab8: 004d 8b87 | b801 0000 | 4883 c117 | 4c8b d149 | 83e2 f84d | 8bd8 4d03 | da4d 3b9f | c801 0000 
  0x0000022587b42ad8: 0f83 8201 | 0000 4d89 | 9fb8 0100 | 0041 0f0d | 8bc0 0000 | 0049 c700 | 0100 0000 | 410f 0d8b 
  0x0000022587b42af8: 0001 0000 

  0x0000022587b42afc: ;   {metadata({type array byte})}
  0x0000022587b42afc: 41c7 4008 | 5981 0020 | 448b 4c24 | 2045 8948 | 0c41 0f0d | 8b40 0100 | 0049 8bf8 | 4883 c710 
  0x0000022587b42b1c: 410f 0d8b | 8001 0000 | 48c1 e903 | 4883 c1fe | 4833 c048 | 83f9 087f | 1048 ffc9 | 784f 4889 
  0x0000022587b42b3c: 04cf 48ff | c97d f7eb | 44c5 fdef | c0e9 0d00 | 0000 c5fe | 7f07 c5fe | 7f47 2048 | 83c7 4048 
  0x0000022587b42b5c: 83e9 087d | ed48 83c1 | 047c 0cc5 | fe7f 0748 | 83c7 2048 | 83e9 0448 | 83c1 047e | 1048 ffc9 
  0x0000022587b42b7c: c5f9 d607 | 4883 c708 | 48ff c97d | f3c7 450c | ffff ffff | 448b 5424 | 2044 8955 | 1c44 8955 
  0x0000022587b42b9c: 20c6 452d | 0144 8865 | 2e4d 8bd8 | 4489 5d30 | 4d8b d04c | 8bdd 4d33 | d349 c1ea | 144d 85d2 
  0x0000022587b42bbc: 7416 49c1 | eb09 48b9 | 0000 cef5 | 2502 0000 | 4903 cb80 | 3902 7522 | 4489 6528 | 48c7 4510 
  0x0000022587b42bdc: 1000 0000 | 488b c548 | 83c4 505d 

  0x0000022587b42be8: ;   {poll_return}
  0x0000022587b42be8: 493b a748 | 0400 000f | 87c1 0000 | 00c3 4d8b | 5748 4d8b | 5f58 f083 | 4424 c000 | 8039 0074 
  0x0000022587b42c08: cb44 8821 | 4d85 d275 | 1a49 8bd7 | 49ba 9022 | 57f6 ff7f | 0000 41ff 

  0x0000022587b42c20: ;   {other}
  0x0000022587b42c20: d20f 1f84 | 0000 0000 | 00eb a94b | 894c 13f8 | 4983 c2f8 | 4d89 5748 

  0x0000022587b42c38: ;   {metadata('java/nio/HeapByteBuffer')}
  0x0000022587b42c38: eb9a 48ba | 20bb 0700 | 0100 0000 | 8b6c 2420 

  0x0000022587b42c48: ;   {runtime_call _new_instance_Java}
  0x0000022587b42c48: 6666 90e8 

  0x0000022587b42c4c: ; ImmutableOopMap {}
                      ;*new {reexecute=0 rethrow=0 return_oop=1}
                      ; - java.nio.ByteBuffer::allocate@9
  0x0000022587b42c4c: 3082 afff 

  0x0000022587b42c50: ;   {other}
  0x0000022587b42c50: 0f1f 8400 | c003 0000 | 488b e8e9 | 37fe ffff 

  0x0000022587b42c60: ;   {metadata({type array byte})}
  0x0000022587b42c60: 48ba c80a | 0400 0100 | 0000 448b 

  0x0000022587b42c6c: ;   {runtime_call _new_array_Java}
  0x0000022587b42c6c: 4424 20e8 

  0x0000022587b42c70: ; ImmutableOopMap {rbp=Oop }
                      ;*newarray {reexecute=0 rethrow=0 return_oop=1}
                      ; - java.nio.HeapByteBuffer::<init>@6
                      ; - java.nio.ByteBuffer::allocate@16
  0x0000022587b42c70: 0c7f afff 

  0x0000022587b42c74: ;   {other}
  0x0000022587b42c74: 0f1f 8400 | e403 0001 | 4c8b c0e9 | 05ff ffff | 4963 cbe9 | 20fe ffff | ba45 ffff | ff8b 6c24 
  0x0000022587b42c94: ;   {runtime_call UncommonTrapBlob}
  0x0000022587b42c94: 2066 90e8 

  0x0000022587b42c98: ; ImmutableOopMap {}
                      ;*ifge {reexecute=1 rethrow=0 return_oop=0}
                      ; - (reexecute) java.nio.ByteBuffer::allocate@1
  0x0000022587b42c98: 6416 a4ff 

  0x0000022587b42c9c: ;   {other}
  0x0000022587b42c9c: 0f1f 8400 | 0c04 0002 | 488b d0eb | 0348 8bd0 | 4883 c450 

  0x0000022587b42cb0: ;   {runtime_call _rethrow_Java}
  0x0000022587b42cb0: 5de9 4a9a 

  0x0000022587b42cb4: ;   {internal_word}
  0x0000022587b42cb4: afff 49ba | e82b b487 | 2502 0000 | 4d89 9760 

  0x0000022587b42cc4: ;   {runtime_call SafepointBlob}
  0x0000022587b42cc4: 0400 00e9 | 3427 a4ff 

  0x0000022587b42ccc: ;   {runtime_call StubRoutines (final stubs)}
  0x0000022587b42ccc: e82f 8aa2 | ffe9 64fd | ffff f4f4 
[Exception Handler]
  0x0000022587b42cd8: ;   {no_reloc}
  0x0000022587b42cd8: e9a3 84af | ffe8 0000 | 0000 4883 

  0x0000022587b42ce4: ;   {runtime_call DeoptimizationBlob}
  0x0000022587b42ce4: 2c24 05e9 | b419 a4ff | f4f4 f4f4 
[/MachCode]


---------------  P R O C E S S  ---------------

Threads class SMR info:
_java_thread_list=0x0000022594d45530, length=214, elements={
0x00000225f05bf770, 0x00000225fb33a730, 0x00000225fb3432b0, 0x00000225fb3444b0,
0x00000225fb357be0, 0x00000225fb368670, 0x00000225fb3690d0, 0x00000225fb36ab40,
0x00000225fb36cef0, 0x00000225fb36d990, 0x00000225930b9160, 0x00000225953f8ea0,
0x0000022594394bf0, 0x0000022594f55860, 0x00000225954d50a0, 0x00000225953427b0,
0x0000022594e792e0, 0x0000022593e14e70, 0x0000022593e175d0, 0x0000022593e14150,
0x0000022593e147e0, 0x0000022593e16f40, 0x0000022593e15500, 0x0000022593e15b90,
0x0000022596699780, 0x0000022596699e10, 0x000002259669a4a0, 0x000002259669b1c0,
0x000002259669ab30, 0x000002259669cc00, 0x000002259669dfb0, 0x000002259669e640,
0x000002259669d290, 0x000002259669bee0, 0x000002259669f9f0, 0x000002259669c570,
0x00000225966a0080, 0x00000225966a0710, 0x000002259669d920, 0x000002259807ef50,
0x00000225980816b0, 0x0000022598080300, 0x000002259807f5e0, 0x0000022598081d40,
0x00000225980823d0, 0x0000022598082a60, 0x00000225980830f0, 0x000002259807fc70,
0x0000022598083e10, 0x0000022598080990, 0x0000022598083780, 0x00000225980844a0,
0x0000022598081020, 0x0000022598084b30, 0x0000022598085850, 0x00000225980851c0,
0x0000022598085ee0, 0x0000022598086570, 0x0000022599fa0550, 0x0000022599fa1f90,
0x0000022599fa1900, 0x0000022599fa2620, 0x0000022599fa2cb0, 0x0000022599f9fec0,
0x0000022599fa0be0, 0x0000022599fa1270, 0x0000022599f9f830, 0x0000022599fa39d0,
0x0000022599fa46f0, 0x0000022599fa6130, 0x0000022599fa3340, 0x0000022599fa6e50,
0x0000022599fa4060, 0x0000022599fa4d80, 0x0000022599fa67c0, 0x0000022599fa5aa0,
0x0000022594bca4c0, 0x00000225989071e0, 0x0000022598908c20, 0x0000022594bcb1e0,
0x0000022594bcfa10, 0x0000022594bcf380, 0x0000022594bcecf0, 0x0000022594bd0730,
0x0000022594bd00a0, 0x0000022594bd1450, 0x0000022594bd1ae0, 0x0000022594bd0dc0,
0x00000225a0053420, 0x00000225a0052070, 0x00000225a0054e60, 0x00000225a00547d0,
0x00000225a0052d90, 0x00000225a0052700, 0x00000225a0055b80, 0x00000225a0056210,
0x00000225a0054140, 0x00000225a00554f0, 0x00000225a0053ab0, 0x00000225a0057c50,
0x00000225a00568a0, 0x00000225a00575c0, 0x00000225a0059000, 0x0000022598907f00,
0x0000022598905110, 0x00000225989057a0, 0x000002259890c0a0, 0x0000022598909940,
0x000002259890c730, 0x000002259890b380, 0x00000225989092b0, 0x0000022598909fd0,
0x000002259890a660, 0x000002259890acf0, 0x00000225a0056f30, 0x00000225a00582e0,
0x0000022594bce660, 0x0000022594bcb870, 0x00000225a0058970, 0x00000225965ad7d0,
0x00000225965aeb80, 0x00000225965ade60, 0x00000225965ae4f0, 0x00000225965af210,
0x00000225965abd90, 0x00000225965ac420, 0x00000225965acab0, 0x000002259b3e54e0,
0x000002259b3e3aa0, 0x000002259b3e5b70, 0x000002259b3e6200, 0x000002259b3e3410,
0x000002259b3e47c0, 0x000002259b3e2d80, 0x000002259b3e6890, 0x000002259b3e4130,
0x000002259b3ea3a0, 0x000002259b3e8960, 0x000002259b3e7c40, 0x000002259b3e82d0,
0x000002259b3e4e50, 0x000002259b3e8ff0, 0x000002259b3e9680, 0x000002259b3e9d10,
0x0000022598907870, 0x000002259890ba10, 0x0000022594c17a10, 0x0000022594c17380,
0x0000022594c16cf0, 0x000002259afe6780, 0x000002259986cb50, 0x000002259986b7a0,
0x000002259986be30, 0x000002259986c4c0, 0x000002259affb400, 0x000002259affba90,
0x000002259affc7b0, 0x000002259affc120, 0x000002259aa7b590, 0x000002259aa7d660,
0x000002259aa71470, 0x000002259aa70de0, 0x000002259aa71b00, 0x000002259aa72190,
0x00000225992693a0, 0x000002259926a0c0, 0x000002259926bb00, 0x000002259926b470,
0x000002259926c190, 0x0000022599269a30, 0x000002259926a750, 0x00000225a09608b0,
0x00000225a0962980, 0x00000225a0960f40, 0x00000225a0961c60, 0x00000225a09615d0,
0x00000225a09622f0, 0x00000225a0d8b390, 0x00000225a0d89fe0, 0x00000225a0d8a670,
0x00000225a0d8ba20, 0x00000225a0d8c0b0, 0x00000225a0d8cdd0, 0x00000225a0d8c740,
0x00000225a061d190, 0x0000022594c15fd0, 0x0000022594c16660, 0x0000022594c18730,
0x0000022594c152b0, 0x00000225a00931f0, 0x00000225a0963010, 0x000002259aec9840,
0x000002259aeca560, 0x000002259aecb910, 0x000002259afe53d0, 0x000002259afe5a60,
0x000002259aa7e380, 0x000002259aa7cfd0, 0x000002259aa7c940, 0x00000225a0a5b7c0,
0x00000225a0a5b130, 0x00000225a0a5be50, 0x00000225a0af4680, 0x000002259b62e390,
0x0000022599a642c0, 0x000002259aa7c2b0, 0x0000022594c18dc0, 0x00000225a73d3a10,
0x00000225a8923ff0, 0x0000022594550050, 0x00000225a09636a0, 0x0000022599a62880,
0x00000225a0094c30, 0x0000022599a63c30
}

Java Threads: ( => current thread )
  0x00000225f05bf770 JavaThread "main"                              [_thread_blocked, id=44572, stack(0x00000038f7e00000,0x00000038f7f00000) (1024K)]
  0x00000225fb33a730 JavaThread "Common-Cleaner"             daemon [_thread_blocked, id=64952, stack(0x00000038f8600000,0x00000038f8700000) (1024K)]
  0x00000225fb3432b0 JavaThread "Reference Handler"          daemon [_thread_blocked, id=31124, stack(0x00000038f8700000,0x00000038f8800000) (1024K)]
  0x00000225fb3444b0 JavaThread "Finalizer"                  daemon [_thread_blocked, id=42284, stack(0x00000038f8800000,0x00000038f8900000) (1024K)]
  0x00000225fb357be0 JavaThread "Signal Dispatcher"          daemon [_thread_blocked, id=54716, stack(0x00000038f8900000,0x00000038f8a00000) (1024K)]
  0x00000225fb368670 JavaThread "Attach Listener"            daemon [_thread_blocked, id=9028, stack(0x00000038f8a00000,0x00000038f8b00000) (1024K)]
  0x00000225fb3690d0 JavaThread "Service Thread"             daemon [_thread_blocked, id=58084, stack(0x00000038f8b00000,0x00000038f8c00000) (1024K)]
  0x00000225fb36ab40 JavaThread "Monitor Deflation Thread"   daemon [_thread_blocked, id=54080, stack(0x00000038f8c00000,0x00000038f8d00000) (1024K)]
  0x00000225fb36cef0 JavaThread "C2 CompilerThread0"         daemon [_thread_blocked, id=64224, stack(0x00000038f8d00000,0x00000038f8e00000) (1024K)]
  0x00000225fb36d990 JavaThread "C1 CompilerThread0"         daemon [_thread_blocked, id=62288, stack(0x00000038f8e00000,0x00000038f8f00000) (1024K)]
  0x00000225930b9160 JavaThread "Notification Thread"        daemon [_thread_blocked, id=59804, stack(0x00000038f8f00000,0x00000038f9000000) (1024K)]
  0x00000225953f8ea0 JavaThread "Daemon health stats"               [_thread_blocked, id=2496, stack(0x00000038f9600000,0x00000038f9700000) (1024K)]
  0x0000022594394bf0 JavaThread "Incoming local TCP Connector on port 52238"        [_thread_in_native, id=14556, stack(0x00000038f9700000,0x00000038f9800000) (1024K)]
  0x0000022594f55860 JavaThread "Daemon periodic checks"            [_thread_blocked, id=18964, stack(0x00000038f9800000,0x00000038f9900000) (1024K)]
  0x00000225954d50a0 JavaThread "Daemon"                            [_thread_blocked, id=38000, stack(0x00000038f9900000,0x00000038f9a00000) (1024K)]
  0x00000225953427b0 JavaThread "Handler for socket connection from /127.0.0.1:52238 to /127.0.0.1:52239"        [_thread_in_native, id=29580, stack(0x00000038f9a00000,0x00000038f9b00000) (1024K)]
  0x0000022594e792e0 JavaThread "Cancel handler"                    [_thread_blocked, id=58008, stack(0x00000038f9b00000,0x00000038f9c00000) (1024K)]
  0x0000022593e14e70 JavaThread "Daemon worker"                     [_thread_blocked, id=52904, stack(0x00000038f9c00000,0x00000038f9d00000) (1024K)]
  0x0000022593e175d0 JavaThread "Asynchronous log dispatcher for DefaultDaemonConnection: socket connection from /127.0.0.1:52238 to /127.0.0.1:52239"        [_thread_blocked, id=59628, stack(0x00000038f9d00000,0x00000038f9e00000) (1024K)]
  0x0000022593e14150 JavaThread "Stdin handler"                     [_thread_blocked, id=26748, stack(0x00000038f9e00000,0x00000038f9f00000) (1024K)]
  0x0000022593e147e0 JavaThread "Daemon client event forwarder"        [_thread_blocked, id=40048, stack(0x00000038fa300000,0x00000038fa400000) (1024K)]
  0x0000022593e16f40 JavaThread "Cache worker for journal cache (C:\Users\DELL\.gradle\caches\journal-1)"        [_thread_blocked, id=53872, stack(0x00000038fa600000,0x00000038fa700000) (1024K)]
  0x0000022593e15500 JavaThread "File lock request listener"        [_thread_in_native, id=14272, stack(0x00000038fa700000,0x00000038fa800000) (1024K)]
  0x0000022593e15b90 JavaThread "Cache worker for file hash cache (C:\Users\DELL\.gradle\caches\9.3.1\fileHashes)"        [_thread_blocked, id=64272, stack(0x00000038fa800000,0x00000038fa900000) (1024K)]
  0x0000022596699780 JavaThread "Cache worker for file hash cache (D:\MEox\UITer\DOAN\Mosco_Megre\Mosco\client\.gradle\9.3.1\fileHashes)"        [_thread_blocked, id=30496, stack(0x00000038fa900000,0x00000038faa00000) (1024K)]
  0x0000022596699e10 JavaThread "Cache worker for Build Output Cleanup Cache (D:\MEox\UITer\DOAN\Mosco_Megre\Mosco\client\.gradle\buildOutputCleanup)"        [_thread_blocked, id=57704, stack(0x00000038faa00000,0x00000038fab00000) (1024K)]
  0x000002259669a4a0 JavaThread "File watcher server"        daemon [_thread_in_native, id=8948, stack(0x00000038fab00000,0x00000038fac00000) (1024K)]
  0x000002259669b1c0 JavaThread "File watcher consumer"      daemon [_thread_blocked, id=7292, stack(0x00000038fac00000,0x00000038fad00000) (1024K)]
  0x000002259669ab30 JavaThread "Cache worker for checksums cache (D:\MEox\UITer\DOAN\Mosco_Megre\Mosco\client\.gradle\9.3.1\checksums)"        [_thread_blocked, id=4100, stack(0x00000038fad00000,0x00000038fae00000) (1024K)]
  0x000002259669cc00 JavaThread "Cache worker for file content cache (C:\Users\DELL\.gradle\caches\9.3.1\fileContent)"        [_thread_blocked, id=33440, stack(0x00000038fae00000,0x00000038faf00000) (1024K)]
  0x000002259669dfb0 JavaThread "Cache worker for cache directory md-supplier (C:\Users\DELL\.gradle\caches\9.3.1\md-supplier)"        [_thread_blocked, id=47512, stack(0x00000038faf00000,0x00000038fb000000) (1024K)]
  0x000002259669e640 JavaThread "Cache worker for cache directory md-rule (C:\Users\DELL\.gradle\caches\9.3.1\md-rule)"        [_thread_blocked, id=44820, stack(0x00000038fb000000,0x00000038fb100000) (1024K)]
  0x000002259669d290 JavaThread "jar transforms"                    [_thread_blocked, id=14568, stack(0x00000038fb200000,0x00000038fb300000) (1024K)]
  0x000002259669bee0 JavaThread "Unconstrained build operations"        [_thread_blocked, id=26556, stack(0x00000038fb300000,0x00000038fb400000) (1024K)]
  0x000002259669f9f0 JavaThread "Unconstrained build operations Thread 2"        [_thread_blocked, id=53592, stack(0x00000038fb400000,0x00000038fb500000) (1024K)]
  0x000002259669c570 JavaThread "Unconstrained build operations Thread 3"        [_thread_blocked, id=47736, stack(0x00000038fb500000,0x00000038fb600000) (1024K)]
  0x00000225966a0080 JavaThread "jar transforms Thread 2"           [_thread_blocked, id=16756, stack(0x00000038fb600000,0x00000038fb700000) (1024K)]
  0x00000225966a0710 JavaThread "Problems report writer"            [_thread_blocked, id=25824, stack(0x00000038fb700000,0x00000038fb800000) (1024K)]
  0x000002259669d920 JavaThread "jar transforms Thread 3"           [_thread_blocked, id=13364, stack(0x00000038fb800000,0x00000038fb900000) (1024K)]
  0x000002259807ef50 JavaThread "Unconstrained build operations Thread 4"        [_thread_blocked, id=37112, stack(0x00000038fb900000,0x00000038fba00000) (1024K)]
  0x00000225980816b0 JavaThread "Unconstrained build operations Thread 5"        [_thread_blocked, id=19144, stack(0x00000038fba00000,0x00000038fbb00000) (1024K)]
  0x0000022598080300 JavaThread "Unconstrained build operations Thread 6"        [_thread_blocked, id=24604, stack(0x00000038fbb00000,0x00000038fbc00000) (1024K)]
  0x000002259807f5e0 JavaThread "Unconstrained build operations Thread 7"        [_thread_blocked, id=27620, stack(0x00000038fbc00000,0x00000038fbd00000) (1024K)]
  0x0000022598081d40 JavaThread "Unconstrained build operations Thread 8"        [_thread_blocked, id=52780, stack(0x00000038fbd00000,0x00000038fbe00000) (1024K)]
  0x00000225980823d0 JavaThread "Unconstrained build operations Thread 9"        [_thread_blocked, id=43384, stack(0x00000038fbe00000,0x00000038fbf00000) (1024K)]
  0x0000022598082a60 JavaThread "Unconstrained build operations Thread 10"        [_thread_blocked, id=53884, stack(0x00000038fbf00000,0x00000038fc000000) (1024K)]
  0x00000225980830f0 JavaThread "Unconstrained build operations Thread 11"        [_thread_blocked, id=15292, stack(0x00000038fc000000,0x00000038fc100000) (1024K)]
  0x000002259807fc70 JavaThread "Unconstrained build operations Thread 12"        [_thread_blocked, id=54656, stack(0x00000038fc100000,0x00000038fc200000) (1024K)]
  0x0000022598083e10 JavaThread "Unconstrained build operations Thread 13"        [_thread_blocked, id=43744, stack(0x00000038fc200000,0x00000038fc300000) (1024K)]
  0x0000022598080990 JavaThread "Unconstrained build operations Thread 14"        [_thread_blocked, id=3712, stack(0x00000038fc300000,0x00000038fc400000) (1024K)]
  0x0000022598083780 JavaThread "Unconstrained build operations Thread 15"        [_thread_blocked, id=7796, stack(0x00000038fc400000,0x00000038fc500000) (1024K)]
  0x00000225980844a0 JavaThread "Unconstrained build operations Thread 16"        [_thread_blocked, id=16460, stack(0x00000038fc500000,0x00000038fc600000) (1024K)]
  0x0000022598081020 JavaThread "Unconstrained build operations Thread 17"        [_thread_blocked, id=40812, stack(0x00000038fc600000,0x00000038fc700000) (1024K)]
  0x0000022598084b30 JavaThread "Unconstrained build operations Thread 18"        [_thread_blocked, id=46804, stack(0x00000038fc700000,0x00000038fc800000) (1024K)]
  0x0000022598085850 JavaThread "Unconstrained build operations Thread 19"        [_thread_blocked, id=63460, stack(0x00000038fc800000,0x00000038fc900000) (1024K)]
  0x00000225980851c0 JavaThread "Unconstrained build operations Thread 20"        [_thread_blocked, id=28952, stack(0x00000038fc900000,0x00000038fca00000) (1024K)]
  0x0000022598085ee0 JavaThread "Unconstrained build operations Thread 21"        [_thread_blocked, id=35980, stack(0x00000038fca00000,0x00000038fcb00000) (1024K)]
  0x0000022598086570 JavaThread "Unconstrained build operations Thread 22"        [_thread_blocked, id=22980, stack(0x00000038fcb00000,0x00000038fcc00000) (1024K)]
  0x0000022599fa0550 JavaThread "Unconstrained build operations Thread 23"        [_thread_blocked, id=60508, stack(0x00000038fcc00000,0x00000038fcd00000) (1024K)]
  0x0000022599fa1f90 JavaThread "Unconstrained build operations Thread 24"        [_thread_blocked, id=29048, stack(0x00000038fcd00000,0x00000038fce00000) (1024K)]
  0x0000022599fa1900 JavaThread "Unconstrained build operations Thread 25"        [_thread_blocked, id=53080, stack(0x00000038fce00000,0x00000038fcf00000) (1024K)]
  0x0000022599fa2620 JavaThread "Unconstrained build operations Thread 26"        [_thread_blocked, id=43152, stack(0x00000038fcf00000,0x00000038fd000000) (1024K)]
  0x0000022599fa2cb0 JavaThread "Unconstrained build operations Thread 27"        [_thread_blocked, id=59544, stack(0x00000038fd000000,0x00000038fd100000) (1024K)]
  0x0000022599f9fec0 JavaThread "Unconstrained build operations Thread 28"        [_thread_blocked, id=59420, stack(0x00000038fd100000,0x00000038fd200000) (1024K)]
  0x0000022599fa0be0 JavaThread "Unconstrained build operations Thread 29"        [_thread_blocked, id=23832, stack(0x00000038fd200000,0x00000038fd300000) (1024K)]
  0x0000022599fa1270 JavaThread "Unconstrained build operations Thread 30"        [_thread_blocked, id=28096, stack(0x00000038fd300000,0x00000038fd400000) (1024K)]
  0x0000022599f9f830 JavaThread "Unconstrained build operations Thread 31"        [_thread_blocked, id=23104, stack(0x00000038fd400000,0x00000038fd500000) (1024K)]
  0x0000022599fa39d0 JavaThread "Unconstrained build operations Thread 32"        [_thread_blocked, id=57792, stack(0x00000038fd500000,0x00000038fd600000) (1024K)]
  0x0000022599fa46f0 JavaThread "Unconstrained build operations Thread 33"        [_thread_blocked, id=55680, stack(0x00000038fd600000,0x00000038fd700000) (1024K)]
  0x0000022599fa6130 JavaThread "Unconstrained build operations Thread 34"        [_thread_blocked, id=65244, stack(0x00000038fd700000,0x00000038fd800000) (1024K)]
  0x0000022599fa3340 JavaThread "Unconstrained build operations Thread 35"        [_thread_blocked, id=36316, stack(0x00000038fd800000,0x00000038fd900000) (1024K)]
  0x0000022599fa6e50 JavaThread "Unconstrained build operations Thread 36"        [_thread_blocked, id=41596, stack(0x00000038fd900000,0x00000038fda00000) (1024K)]
  0x0000022599fa4060 JavaThread "jar transforms Thread 4"           [_thread_blocked, id=54424, stack(0x00000038fda00000,0x00000038fdb00000) (1024K)]
  0x0000022599fa4d80 JavaThread "jar transforms Thread 5"           [_thread_blocked, id=32580, stack(0x00000038fdb00000,0x00000038fdc00000) (1024K)]
  0x0000022599fa67c0 JavaThread "Memory manager"                    [_thread_blocked, id=52352, stack(0x00000038fdc00000,0x00000038fdd00000) (1024K)]
  0x0000022599fa5aa0 JavaThread "build event listener"              [_thread_blocked, id=14396, stack(0x00000038fb100000,0x00000038fb200000) (1024K)]
  0x0000022594bca4c0 JavaThread "jar transforms Thread 6"           [_thread_blocked, id=18544, stack(0x00000038fde00000,0x00000038fdf00000) (1024K)]
  0x00000225989071e0 JavaThread "pool-3-thread-1"                   [_thread_blocked, id=27140, stack(0x00000038fdd00000,0x00000038fde00000) (1024K)]
  0x0000022598908c20 JavaThread "build event listener"              [_thread_blocked, id=54008, stack(0x00000038fdf00000,0x00000038fe000000) (1024K)]
  0x0000022594bcb1e0 JavaThread "included builds"                   [_thread_blocked, id=21068, stack(0x00000038fe000000,0x00000038fe100000) (1024K)]
  0x0000022594bcfa10 JavaThread "Execution worker"                  [_thread_blocked, id=47076, stack(0x00000038fe100000,0x00000038fe200000) (1024K)]
  0x0000022594bcf380 JavaThread "Execution worker Thread 2"         [_thread_blocked, id=4012, stack(0x00000038fe200000,0x00000038fe300000) (1024K)]
  0x0000022594bcecf0 JavaThread "Execution worker Thread 3"         [_thread_blocked, id=26856, stack(0x00000038fe300000,0x00000038fe400000) (1024K)]
  0x0000022594bd0730 JavaThread "Execution worker Thread 4"         [_thread_blocked, id=17372, stack(0x00000038fe400000,0x00000038fe500000) (1024K)]
  0x0000022594bd00a0 JavaThread "Execution worker Thread 5"         [_thread_blocked, id=29760, stack(0x00000038fe500000,0x00000038fe600000) (1024K)]
  0x0000022594bd1450 JavaThread "Execution worker Thread 6"         [_thread_blocked, id=53332, stack(0x00000038fe600000,0x00000038fe700000) (1024K)]
  0x0000022594bd1ae0 JavaThread "Execution worker Thread 7"         [_thread_blocked, id=19740, stack(0x00000038fe700000,0x00000038fe800000) (1024K)]
  0x0000022594bd0dc0 JavaThread "Execution worker Thread 8"         [_thread_blocked, id=34104, stack(0x00000038fe800000,0x00000038fe900000) (1024K)]
  0x00000225a0053420 JavaThread "Execution worker Thread 9"         [_thread_blocked, id=53316, stack(0x00000038fe900000,0x00000038fea00000) (1024K)]
  0x00000225a0052070 JavaThread "Execution worker Thread 10"        [_thread_blocked, id=19208, stack(0x00000038fea00000,0x00000038feb00000) (1024K)]
  0x00000225a0054e60 JavaThread "Execution worker Thread 11"        [_thread_blocked, id=65520, stack(0x00000038feb00000,0x00000038fec00000) (1024K)]
  0x00000225a00547d0 JavaThread "Cache worker for execution history cache (D:\MEox\UITer\DOAN\Mosco_Megre\Mosco\client\.gradle\9.3.1\executionHistory)"        [_thread_blocked, id=29256, stack(0x00000038fec00000,0x00000038fed00000) (1024K)]
  0x00000225a0052d90 JavaThread "Unconstrained build operations Thread 37"        [_thread_blocked, id=65324, stack(0x00000038fee00000,0x00000038fef00000) (1024K)]
  0x00000225a0052700 JavaThread "Unconstrained build operations Thread 38"        [_thread_blocked, id=48960, stack(0x00000038fef00000,0x00000038ff000000) (1024K)]
  0x00000225a0055b80 JavaThread "Unconstrained build operations Thread 39"        [_thread_blocked, id=55664, stack(0x00000038ff000000,0x00000038ff100000) (1024K)]
  0x00000225a0056210 JavaThread "Unconstrained build operations Thread 40"        [_thread_blocked, id=37692, stack(0x00000038ff100000,0x00000038ff200000) (1024K)]
  0x00000225a0054140 JavaThread "Unconstrained build operations Thread 41"        [_thread_blocked, id=48120, stack(0x00000038ff200000,0x00000038ff300000) (1024K)]
  0x00000225a00554f0 JavaThread "Unconstrained build operations Thread 42"        [_thread_blocked, id=51204, stack(0x00000038ff300000,0x00000038ff400000) (1024K)]
  0x00000225a0053ab0 JavaThread "Unconstrained build operations Thread 43"        [_thread_blocked, id=66432, stack(0x00000038ff400000,0x00000038ff500000) (1024K)]
  0x00000225a0057c50 JavaThread "Unconstrained build operations Thread 44"        [_thread_blocked, id=58524, stack(0x00000038ff500000,0x00000038ff600000) (1024K)]
  0x00000225a00568a0 JavaThread "Unconstrained build operations Thread 45"        [_thread_blocked, id=28300, stack(0x00000038ff600000,0x00000038ff700000) (1024K)]
  0x00000225a00575c0 JavaThread "Unconstrained build operations Thread 46"        [_thread_blocked, id=49252, stack(0x00000038ff700000,0x00000038ff800000) (1024K)]
  0x00000225a0059000 JavaThread "Unconstrained build operations Thread 47"        [_thread_blocked, id=52368, stack(0x00000038ff800000,0x00000038ff900000) (1024K)]
  0x0000022598907f00 JavaThread "Unconstrained build operations Thread 48"        [_thread_blocked, id=41264, stack(0x00000038ff900000,0x00000038ffa00000) (1024K)]
  0x0000022598905110 JavaThread "WorkerExecutor Queue"              [_thread_blocked, id=65892, stack(0x00000038ffa00000,0x00000038ffb00000) (1024K)]
  0x00000225989057a0 JavaThread "Unconstrained build operations Thread 49"        [_thread_blocked, id=22292, stack(0x00000038ffb00000,0x00000038ffc00000) (1024K)]
  0x000002259890c0a0 JavaThread "Unconstrained build operations Thread 50"        [_thread_blocked, id=18516, stack(0x00000038ffc00000,0x00000038ffd00000) (1024K)]
  0x0000022598909940 JavaThread "Unconstrained build operations Thread 51"        [_thread_blocked, id=37976, stack(0x00000038ffd00000,0x00000038ffe00000) (1024K)]
  0x000002259890c730 JavaThread "Unconstrained build operations Thread 52"        [_thread_blocked, id=44704, stack(0x00000038ffe00000,0x00000038fff00000) (1024K)]
  0x000002259890b380 JavaThread "Unconstrained build operations Thread 53"        [_thread_blocked, id=44268, stack(0x00000038fff00000,0x0000003900000000) (1024K)]
  0x00000225989092b0 JavaThread "Unconstrained build operations Thread 54"        [_thread_blocked, id=46488, stack(0x0000003880000000,0x0000003880100000) (1024K)]
  0x0000022598909fd0 JavaThread "Unconstrained build operations Thread 55"        [_thread_blocked, id=13648, stack(0x0000003880100000,0x0000003880200000) (1024K)]
  0x000002259890a660 JavaThread "Unconstrained build operations Thread 56"        [_thread_blocked, id=56140, stack(0x0000003880200000,0x0000003880300000) (1024K)]
  0x000002259890acf0 JavaThread "Unconstrained build operations Thread 57"        [_thread_blocked, id=29772, stack(0x0000003880300000,0x0000003880400000) (1024K)]
  0x00000225a0056f30 JavaThread "Unconstrained build operations Thread 58"        [_thread_blocked, id=27488, stack(0x0000003880400000,0x0000003880500000) (1024K)]
  0x00000225a00582e0 JavaThread "Unconstrained build operations Thread 59"        [_thread_blocked, id=49856, stack(0x0000003880500000,0x0000003880600000) (1024K)]
  0x0000022594bce660 JavaThread "Unconstrained build operations Thread 60"        [_thread_blocked, id=50192, stack(0x0000003880600000,0x0000003880700000) (1024K)]
  0x0000022594bcb870 JavaThread "Unconstrained build operations Thread 61"        [_thread_blocked, id=50376, stack(0x0000003880700000,0x0000003880800000) (1024K)]
  0x00000225a0058970 JavaThread "Unconstrained build operations Thread 62"        [_thread_blocked, id=28764, stack(0x0000003880800000,0x0000003880900000) (1024K)]
  0x00000225965ad7d0 JavaThread "Unconstrained build operations Thread 63"        [_thread_blocked, id=50456, stack(0x0000003880900000,0x0000003880a00000) (1024K)]
  0x00000225965aeb80 JavaThread "Unconstrained build operations Thread 64"        [_thread_blocked, id=35656, stack(0x0000003880a00000,0x0000003880b00000) (1024K)]
  0x00000225965ade60 JavaThread "Unconstrained build operations Thread 65"        [_thread_blocked, id=49608, stack(0x0000003880b00000,0x0000003880c00000) (1024K)]
  0x00000225965ae4f0 JavaThread "Unconstrained build operations Thread 66"        [_thread_blocked, id=35876, stack(0x0000003880c00000,0x0000003880d00000) (1024K)]
  0x00000225965af210 JavaThread "Unconstrained build operations Thread 67"        [_thread_blocked, id=11332, stack(0x0000003880d00000,0x0000003880e00000) (1024K)]
  0x00000225965abd90 JavaThread "Unconstrained build operations Thread 68"        [_thread_blocked, id=2072, stack(0x0000003880e00000,0x0000003880f00000) (1024K)]
  0x00000225965ac420 JavaThread "Unconstrained build operations Thread 69"        [_thread_blocked, id=64080, stack(0x0000003880f00000,0x0000003881000000) (1024K)]
  0x00000225965acab0 JavaThread "Unconstrained build operations Thread 70"        [_thread_blocked, id=47680, stack(0x0000003881000000,0x0000003881100000) (1024K)]
  0x000002259b3e54e0 JavaThread "Unconstrained build operations Thread 71"        [_thread_blocked, id=64548, stack(0x0000003881100000,0x0000003881200000) (1024K)]
  0x000002259b3e3aa0 JavaThread "Unconstrained build operations Thread 72"        [_thread_blocked, id=46096, stack(0x0000003881200000,0x0000003881300000) (1024K)]
  0x000002259b3e5b70 JavaThread "Unconstrained build operations Thread 73"        [_thread_blocked, id=45216, stack(0x0000003881300000,0x0000003881400000) (1024K)]
  0x000002259b3e6200 JavaThread "Unconstrained build operations Thread 74"        [_thread_blocked, id=31816, stack(0x0000003881400000,0x0000003881500000) (1024K)]
  0x000002259b3e3410 JavaThread "Unconstrained build operations Thread 75"        [_thread_blocked, id=43908, stack(0x0000003881500000,0x0000003881600000) (1024K)]
  0x000002259b3e47c0 JavaThread "Unconstrained build operations Thread 76"        [_thread_blocked, id=48280, stack(0x0000003881600000,0x0000003881700000) (1024K)]
  0x000002259b3e2d80 JavaThread "Unconstrained build operations Thread 77"        [_thread_blocked, id=45616, stack(0x0000003881700000,0x0000003881800000) (1024K)]
  0x000002259b3e6890 JavaThread "Unconstrained build operations Thread 78"        [_thread_blocked, id=59748, stack(0x0000003881800000,0x0000003881900000) (1024K)]
  0x000002259b3e4130 JavaThread "Unconstrained build operations Thread 79"        [_thread_blocked, id=25116, stack(0x0000003881900000,0x0000003881a00000) (1024K)]
  0x000002259b3ea3a0 JavaThread "Unconstrained build operations Thread 80"        [_thread_blocked, id=66348, stack(0x0000003881a00000,0x0000003881b00000) (1024K)]
  0x000002259b3e8960 JavaThread "Unconstrained build operations Thread 81"        [_thread_blocked, id=58184, stack(0x0000003881b00000,0x0000003881c00000) (1024K)]
  0x000002259b3e7c40 JavaThread "Unconstrained build operations Thread 82"        [_thread_blocked, id=57080, stack(0x0000003881c00000,0x0000003881d00000) (1024K)]
  0x000002259b3e82d0 JavaThread "Unconstrained build operations Thread 83"        [_thread_blocked, id=32220, stack(0x0000003881d00000,0x0000003881e00000) (1024K)]
  0x000002259b3e4e50 JavaThread "Unconstrained build operations Thread 84"        [_thread_blocked, id=43952, stack(0x0000003881e00000,0x0000003881f00000) (1024K)]
  0x000002259b3e8ff0 JavaThread "Unconstrained build operations Thread 85"        [_thread_blocked, id=54568, stack(0x0000003881f00000,0x0000003882000000) (1024K)]
  0x000002259b3e9680 JavaThread "Unconstrained build operations Thread 86"        [_thread_blocked, id=40076, stack(0x0000003882000000,0x0000003882100000) (1024K)]
  0x000002259b3e9d10 JavaThread "Unconstrained build operations Thread 87"        [_thread_blocked, id=21140, stack(0x0000003882100000,0x0000003882200000) (1024K)]
  0x0000022598907870 JavaThread "Unconstrained build operations Thread 88"        [_thread_blocked, id=8880, stack(0x0000003882200000,0x0000003882300000) (1024K)]
  0x000002259890ba10 JavaThread "Unconstrained build operations Thread 89"        [_thread_blocked, id=54472, stack(0x0000003882300000,0x0000003882400000) (1024K)]
  0x0000022594c17a10 JavaThread "Unconstrained build operations Thread 90"        [_thread_blocked, id=10756, stack(0x0000003882400000,0x0000003882500000) (1024K)]
  0x0000022594c17380 JavaThread "Unconstrained build operations Thread 91"        [_thread_blocked, id=63156, stack(0x0000003882500000,0x0000003882600000) (1024K)]
  0x0000022594c16cf0 JavaThread "Unconstrained build operations Thread 92"        [_thread_blocked, id=59480, stack(0x0000003882600000,0x0000003882700000) (1024K)]
  0x000002259afe6780 JavaThread "Unconstrained build operations Thread 93"        [_thread_blocked, id=22796, stack(0x0000003882900000,0x0000003882a00000) (1024K)]
  0x000002259986cb50 JavaThread "Unconstrained build operations Thread 94"        [_thread_blocked, id=42628, stack(0x0000003882a00000,0x0000003882b00000) (1024K)]
  0x000002259986b7a0 JavaThread "Unconstrained build operations Thread 95"        [_thread_blocked, id=6136, stack(0x0000003882b00000,0x0000003882c00000) (1024K)]
  0x000002259986be30 JavaThread "Unconstrained build operations Thread 96"        [_thread_blocked, id=47960, stack(0x0000003882c00000,0x0000003882d00000) (1024K)]
  0x000002259986c4c0 JavaThread "Unconstrained build operations Thread 97"        [_thread_blocked, id=49188, stack(0x0000003882d00000,0x0000003882e00000) (1024K)]
  0x000002259affb400 JavaThread "Unconstrained build operations Thread 98"        [_thread_blocked, id=8572, stack(0x0000003882e00000,0x0000003882f00000) (1024K)]
  0x000002259affba90 JavaThread "Unconstrained build operations Thread 99"        [_thread_blocked, id=49444, stack(0x0000003882f00000,0x0000003883000000) (1024K)]
  0x000002259affc7b0 JavaThread "Unconstrained build operations Thread 100"        [_thread_blocked, id=47016, stack(0x0000003883000000,0x0000003883100000) (1024K)]
  0x000002259affc120 JavaThread "Unconstrained build operations Thread 101"        [_thread_blocked, id=30432, stack(0x0000003883100000,0x0000003883200000) (1024K)]
  0x000002259aa7b590 JavaThread "Unconstrained build operations Thread 102"        [_thread_blocked, id=8200, stack(0x0000003883200000,0x0000003883300000) (1024K)]
  0x000002259aa7d660 JavaThread "Unconstrained build operations Thread 103"        [_thread_blocked, id=36248, stack(0x0000003883300000,0x0000003883400000) (1024K)]
  0x000002259aa71470 JavaThread "Unconstrained build operations Thread 104"        [_thread_blocked, id=12416, stack(0x0000003883400000,0x0000003883500000) (1024K)]
  0x000002259aa70de0 JavaThread "Unconstrained build operations Thread 105"        [_thread_blocked, id=28940, stack(0x0000003883500000,0x0000003883600000) (1024K)]
  0x000002259aa71b00 JavaThread "Unconstrained build operations Thread 106"        [_thread_blocked, id=43180, stack(0x0000003883600000,0x0000003883700000) (1024K)]
  0x000002259aa72190 JavaThread "Unconstrained build operations Thread 107"        [_thread_blocked, id=32948, stack(0x0000003883700000,0x0000003883800000) (1024K)]
  0x00000225992693a0 JavaThread "Unconstrained build operations Thread 108"        [_thread_blocked, id=36548, stack(0x0000003883800000,0x0000003883900000) (1024K)]
  0x000002259926a0c0 JavaThread "Unconstrained build operations Thread 109"        [_thread_blocked, id=33476, stack(0x0000003883900000,0x0000003883a00000) (1024K)]
  0x000002259926bb00 JavaThread "Unconstrained build operations Thread 110"        [_thread_blocked, id=47148, stack(0x0000003883a00000,0x0000003883b00000) (1024K)]
  0x000002259926b470 JavaThread "Unconstrained build operations Thread 111"        [_thread_blocked, id=60516, stack(0x0000003883b00000,0x0000003883c00000) (1024K)]
  0x000002259926c190 JavaThread "Unconstrained build operations Thread 112"        [_thread_blocked, id=66012, stack(0x0000003883c00000,0x0000003883d00000) (1024K)]
  0x0000022599269a30 JavaThread "Unconstrained build operations Thread 113"        [_thread_blocked, id=62320, stack(0x0000003883d00000,0x0000003883e00000) (1024K)]
  0x000002259926a750 JavaThread "Unconstrained build operations Thread 114"        [_thread_blocked, id=29996, stack(0x0000003883e00000,0x0000003883f00000) (1024K)]
  0x00000225a09608b0 JavaThread "Unconstrained build operations Thread 115"        [_thread_blocked, id=27844, stack(0x0000003883f00000,0x0000003884000000) (1024K)]
  0x00000225a0962980 JavaThread "Cache worker for Java compile cache (C:\Users\DELL\.gradle\caches\9.3.1\javaCompile)"        [_thread_blocked, id=19808, stack(0x0000003884000000,0x0000003884100000) (1024K)]
  0x00000225a0960f40 JavaThread "Build operations"                  [_thread_blocked, id=15628, stack(0x0000003884100000,0x0000003884200000) (1024K)]
  0x00000225a0961c60 JavaThread "Build operations Thread 2"         [_thread_blocked, id=48932, stack(0x0000003884200000,0x0000003884300000) (1024K)]
  0x00000225a09615d0 JavaThread "Build operations Thread 3"         [_thread_blocked, id=31144, stack(0x0000003884300000,0x0000003884400000) (1024K)]
  0x00000225a09622f0 JavaThread "Build operations Thread 4"         [_thread_blocked, id=38708, stack(0x0000003884400000,0x0000003884500000) (1024K)]
  0x00000225a0d8b390 JavaThread "Build operations Thread 5"         [_thread_blocked, id=6368, stack(0x0000003884500000,0x0000003884600000) (1024K)]
  0x00000225a0d89fe0 JavaThread "Build operations Thread 6"         [_thread_blocked, id=31344, stack(0x0000003884600000,0x0000003884700000) (1024K)]
  0x00000225a0d8a670 JavaThread "Build operations Thread 7"         [_thread_blocked, id=64156, stack(0x0000003884700000,0x0000003884800000) (1024K)]
  0x00000225a0d8ba20 JavaThread "Build operations Thread 8"         [_thread_blocked, id=32848, stack(0x0000003884800000,0x0000003884900000) (1024K)]
  0x00000225a0d8c0b0 JavaThread "Build operations Thread 9"         [_thread_blocked, id=41216, stack(0x0000003884900000,0x0000003884a00000) (1024K)]
  0x00000225a0d8cdd0 JavaThread "Build operations Thread 10"        [_thread_blocked, id=38964, stack(0x0000003884a00000,0x0000003884b00000) (1024K)]
  0x00000225a0d8c740 JavaThread "Build operations Thread 11"        [_thread_blocked, id=56204, stack(0x0000003884b00000,0x0000003884c00000) (1024K)]
  0x00000225a061d190 JavaThread "Unconstrained build operations Thread 116"        [_thread_blocked, id=47632, stack(0x0000003884d00000,0x0000003884e00000) (1024K)]
  0x0000022594c15fd0 JavaThread "Unconstrained build operations Thread 117"        [_thread_blocked, id=30848, stack(0x0000003884e00000,0x0000003884f00000) (1024K)]
  0x0000022594c16660 JavaThread "Unconstrained build operations Thread 118"        [_thread_blocked, id=52856, stack(0x0000003884f00000,0x0000003885000000) (1024K)]
  0x0000022594c18730 JavaThread "Unconstrained build operations Thread 119"        [_thread_blocked, id=1744, stack(0x0000003885000000,0x0000003885100000) (1024K)]
  0x0000022594c152b0 JavaThread "Unconstrained build operations Thread 120"        [_thread_blocked, id=17488, stack(0x0000003885100000,0x0000003885200000) (1024K)]
  0x00000225a00931f0 JavaThread "WorkerExecutor Queue Thread 3"        [_thread_blocked, id=24372, stack(0x0000003885200000,0x0000003885300000) (1024K)]
  0x00000225a0963010 JavaThread "WorkerExecutor Queue Thread 4"        [_thread_blocked, id=62668, stack(0x0000003885300000,0x0000003885400000) (1024K)]
  0x000002259aec9840 JavaThread "pool-4-thread-1"                   [_thread_blocked, id=42108, stack(0x0000003885400000,0x0000003885500000) (1024K)]
  0x000002259aeca560 JavaThread "stderr"                            [_thread_in_native, id=52400, stack(0x0000003885500000,0x0000003885600000) (1024K)]
  0x000002259aecb910 JavaThread "stdout"                            [_thread_in_native, id=17732, stack(0x0000003885600000,0x0000003885700000) (1024K)]
  0x000002259afe53d0 JavaThread "WorkerExecutor Queue Thread 5"        [_thread_blocked, id=42064, stack(0x0000003882800000,0x0000003882900000) (1024K)]
  0x000002259afe5a60 JavaThread "WorkerExecutor Queue Thread 6"        [_thread_blocked, id=53632, stack(0x0000003884c00000,0x0000003884d00000) (1024K)]
  0x000002259aa7e380 JavaThread "WorkerExecutor Queue Thread 7"        [_thread_blocked, id=25964, stack(0x0000003885700000,0x0000003885800000) (1024K)]
  0x000002259aa7cfd0 JavaThread "WorkerExecutor Queue Thread 8"        [_thread_blocked, id=43028, stack(0x0000003885800000,0x0000003885900000) (1024K)]
  0x000002259aa7c940 JavaThread "WorkerExecutor Queue Thread 9"        [_thread_blocked, id=60896, stack(0x0000003885900000,0x0000003885a00000) (1024K)]
  0x00000225a0a5b7c0 JavaThread "WorkerExecutor Queue Thread 10"        [_thread_blocked, id=21288, stack(0x0000003885a00000,0x0000003885b00000) (1024K)]
  0x00000225a0a5b130 JavaThread "WorkerExecutor Queue Thread 11"        [_thread_blocked, id=60720, stack(0x0000003885c00000,0x0000003885d00000) (1024K)]
  0x00000225a0a5be50 JavaThread "WorkerExecutor Queue Thread 12"        [_thread_blocked, id=10488, stack(0x0000003885d00000,0x0000003885e00000) (1024K)]
  0x00000225a0af4680 JavaThread "WorkerExecutor Queue Thread 13"        [_thread_blocked, id=28464, stack(0x0000003885e00000,0x0000003885f00000) (1024K)]
=>0x000002259b62e390 JavaThread "ForkJoinPool.commonPool-worker-1" daemon [_thread_in_vm, id=30804, stack(0x0000003882700000,0x0000003882800000) (1024K)]
  0x0000022599a642c0 JavaThread "ForkJoinPool.commonPool-worker-2" daemon [_thread_blocked, id=10032, stack(0x0000003886000000,0x0000003886100000) (1024K)]
  0x000002259aa7c2b0 JavaThread "ForkJoinPool.commonPool-worker-3" daemon [_thread_blocked, id=56572, stack(0x0000003886100000,0x0000003886200000) (1024K)]
  0x0000022594c18dc0 JavaThread "ForkJoinPool.commonPool-worker-4" daemon [_thread_blocked, id=41224, stack(0x0000003886200000,0x0000003886300000) (1024K)]
  0x00000225a73d3a10 JavaThread "ForkJoinPool.commonPool-worker-5" daemon [_thread_blocked, id=41780, stack(0x0000003886300000,0x0000003886400000) (1024K)]
  0x00000225a8923ff0 JavaThread "ForkJoinPool.commonPool-worker-6" daemon [_thread_blocked, id=26388, stack(0x0000003886400000,0x0000003886500000) (1024K)]
  0x0000022594550050 JavaThread "ForkJoinPool.commonPool-worker-7" daemon [_thread_blocked, id=21464, stack(0x0000003886500000,0x0000003886600000) (1024K)]
  0x00000225a09636a0 JavaThread "ForkJoinPool.commonPool-worker-8" daemon [_thread_blocked, id=34416, stack(0x0000003886600000,0x0000003886700000) (1024K)]
  0x0000022599a62880 JavaThread "ForkJoinPool.commonPool-worker-9" daemon [_thread_blocked, id=43436, stack(0x0000003886700000,0x0000003886800000) (1024K)]
  0x00000225a0094c30 JavaThread "ForkJoinPool.commonPool-worker-10" daemon [_thread_blocked, id=44956, stack(0x0000003886800000,0x0000003886900000) (1024K)]
  0x0000022599a63c30 JavaThread "ForkJoinPool.commonPool-worker-11" daemon [_thread_blocked, id=51336, stack(0x0000003886900000,0x0000003886a00000) (1024K)]
Total: 214

Other Threads:
  0x00000225fb2bedc0 VMThread "VM Thread"                           [id=33568, stack(0x00000038f8500000,0x00000038f8600000) (1024K)]
  0x00000225fb2a19e0 WatcherThread "VM Periodic Task Thread"        [id=25228, stack(0x00000038f8400000,0x00000038f8500000) (1024K)]
  0x00000225f0618b80 WorkerThread "GC Thread#0"                     [id=41728, stack(0x00000038f7f00000,0x00000038f8000000) (1024K)]
  0x000002259348efe0 WorkerThread "GC Thread#1"                     [id=65880, stack(0x00000038f9100000,0x00000038f9200000) (1024K)]
  0x000002259348f380 WorkerThread "GC Thread#2"                     [id=30468, stack(0x00000038f9200000,0x00000038f9300000) (1024K)]
  0x000002259348f720 WorkerThread "GC Thread#3"                     [id=54168, stack(0x00000038f9300000,0x00000038f9400000) (1024K)]
  0x0000022593666010 WorkerThread "GC Thread#4"                     [id=10016, stack(0x00000038f9400000,0x00000038f9500000) (1024K)]
  0x00000225936663b0 WorkerThread "GC Thread#5"                     [id=24200, stack(0x00000038f9500000,0x00000038f9600000) (1024K)]
  0x000002259527e4a0 WorkerThread "GC Thread#6"                     [id=12180, stack(0x00000038f9f00000,0x00000038fa000000) (1024K)]
  0x0000022593e1b780 WorkerThread "GC Thread#7"                     [id=40724, stack(0x00000038fa000000,0x00000038fa100000) (1024K)]
  0x0000022593e1bb20 WorkerThread "GC Thread#8"                     [id=53128, stack(0x00000038fa100000,0x00000038fa200000) (1024K)]
  0x000002259527cc90 WorkerThread "GC Thread#9"                     [id=62212, stack(0x00000038fa200000,0x00000038fa300000) (1024K)]
  0x00000225f0629a70 ConcurrentGCThread "G1 Main Marker"            [id=54744, stack(0x00000038f8000000,0x00000038f8100000) (1024K)]
  0x00000225f062ac90 WorkerThread "G1 Conc#0"                       [id=63992, stack(0x00000038f8100000,0x00000038f8200000) (1024K)]
  0x00000225958f68c0 WorkerThread "G1 Conc#1"                       [id=63240, stack(0x00000038fa400000,0x00000038fa500000) (1024K)]
  0x00000225958f6c60 WorkerThread "G1 Conc#2"                       [id=43972, stack(0x00000038fa500000,0x00000038fa600000) (1024K)]
  0x00000225fb0fc700 ConcurrentGCThread "G1 Refine#0"               [id=39300, stack(0x00000038f8200000,0x00000038f8300000) (1024K)]
  0x00000225fb0fd080 ConcurrentGCThread "G1 Service"                [id=37028, stack(0x00000038f8300000,0x00000038f8400000) (1024K)]
Total: 18

Threads with active compile tasks:
Total: 0

VM state: not at safepoint (normal execution)

VM Mutex/Monitor currently owned by a thread:  ([mutex/lock_event])
[0x00007ffff6e08790] Heap_lock - owner thread: 0x000002259b62e390

Heap address: 0x0000000080000000, size: 2048 MB, Compressed Oops mode: 32-bit

CDS archive(s) not mapped
Compressed class space mapped at: 0x0000000100000000-0x0000000140000000, reserved size: 1073741824
Narrow klass base: 0x0000000000000000, Narrow klass shift: 3, Narrow klass range: 0x140000000

GC Precious Log:
 CardTable entry size: 512
 Card Set container configuration: InlinePtr #cards 5 size 8 Array Of Cards #cards 12 size 40 Howl #buckets 4 coarsen threshold 1843 Howl Bitmap #cards 512 size 80 coarsen threshold 460 Card regions per heap region 1 cards per card region 2048
 CPUs: 12 total, 12 available
 Memory: 16068M
 Large Page Support: Disabled
 NUMA Support: Disabled
 Compressed Oops: Enabled (32-bit)
 Heap Region Size: 1M
 Heap Min Capacity: 8M
 Heap Initial Capacity: 252M
 Heap Max Capacity: 2G
 Pre-touch: Disabled
 Parallel Workers: 10
 Concurrent Workers: 3
 Concurrent Refinement Workers: 10
 Periodic GC: Disabled

Heap:
 garbage-first heap   total 515072K, used 510494K [0x0000000080000000, 0x0000000100000000)
  region size 1024K, 156 young (159744K), 5 survivors (5120K)
 Metaspace       used 163992K, committed 166464K, reserved 1245184K
  class space    used 23162K, committed 24320K, reserved 1048576K

Heap Regions: E=young(eden), S=young(survivor), O=old, HS=humongous(starts), HC=humongous(continues), CS=collection set, F=free, TAMS=top-at-mark-start, PB=parsable bottom
|   0|0x0000000080000000, 0x0000000080100000, 0x0000000080100000|100%|HS|  |TAMS 0x0000000080000000| PB 0x0000000080000000| Complete 
|   1|0x0000000080100000, 0x0000000080200000, 0x0000000080200000|100%|HC|  |TAMS 0x0000000080100000| PB 0x0000000080100000| Complete 
|   2|0x0000000080200000, 0x0000000080300000, 0x0000000080300000|100%|HC|  |TAMS 0x0000000080200000| PB 0x0000000080200000| Complete 
|   3|0x0000000080300000, 0x0000000080400000, 0x0000000080400000|100%|HC|  |TAMS 0x0000000080300000| PB 0x0000000080300000| Complete 
|   4|0x0000000080400000, 0x0000000080500000, 0x0000000080500000|100%| O|  |TAMS 0x0000000080400000| PB 0x0000000080400000| Untracked 
|   5|0x0000000080500000, 0x0000000080600000, 0x0000000080600000|100%| O|  |TAMS 0x0000000080500000| PB 0x0000000080500000| Untracked 
|   6|0x0000000080600000, 0x0000000080700000, 0x0000000080700000|100%| O|  |TAMS 0x0000000080600000| PB 0x0000000080600000| Untracked 
|   7|0x0000000080700000, 0x0000000080800000, 0x0000000080800000|100%|HS|  |TAMS 0x0000000080700000| PB 0x0000000080700000| Complete 
|   8|0x0000000080800000, 0x0000000080900000, 0x0000000080900000|100%| O|  |TAMS 0x0000000080800000| PB 0x0000000080800000| Untracked 
|   9|0x0000000080900000, 0x0000000080a00000, 0x0000000080a00000|100%| O|  |TAMS 0x0000000080900000| PB 0x0000000080900000| Untracked 
|  10|0x0000000080a00000, 0x0000000080b00000, 0x0000000080b00000|100%| O|  |TAMS 0x0000000080a00000| PB 0x0000000080a00000| Untracked 
|  11|0x0000000080b00000, 0x0000000080c00000, 0x0000000080c00000|100%| O|  |TAMS 0x0000000080b00000| PB 0x0000000080b00000| Untracked 
|  12|0x0000000080c00000, 0x0000000080d00000, 0x0000000080d00000|100%| O|  |TAMS 0x0000000080c00000| PB 0x0000000080c00000| Untracked 
|  13|0x0000000080d00000, 0x0000000080e00000, 0x0000000080e00000|100%| O|  |TAMS 0x0000000080d00000| PB 0x0000000080d00000| Untracked 
|  14|0x0000000080e00000, 0x0000000080f00000, 0x0000000080f00000|100%| O|  |TAMS 0x0000000080e00000| PB 0x0000000080e00000| Untracked 
|  15|0x0000000080f00000, 0x0000000081000000, 0x0000000081000000|100%| O|  |TAMS 0x0000000080f00000| PB 0x0000000080f00000| Untracked 
|  16|0x0000000081000000, 0x0000000081100000, 0x0000000081100000|100%| O|  |TAMS 0x0000000081000000| PB 0x0000000081000000| Untracked 
|  17|0x0000000081100000, 0x0000000081200000, 0x0000000081200000|100%| O|  |TAMS 0x0000000081100000| PB 0x0000000081100000| Untracked 
|  18|0x0000000081200000, 0x0000000081300000, 0x0000000081300000|100%| O|  |TAMS 0x0000000081200000| PB 0x0000000081200000| Untracked 
|  19|0x0000000081300000, 0x0000000081400000, 0x0000000081400000|100%| O|  |TAMS 0x0000000081300000| PB 0x0000000081300000| Untracked 
|  20|0x0000000081400000, 0x0000000081500000, 0x0000000081500000|100%| O|  |TAMS 0x0000000081400000| PB 0x0000000081400000| Untracked 
|  21|0x0000000081500000, 0x0000000081600000, 0x0000000081600000|100%| O|  |TAMS 0x0000000081500000| PB 0x0000000081500000| Untracked 
|  22|0x0000000081600000, 0x0000000081700000, 0x0000000081700000|100%| O|  |TAMS 0x0000000081600000| PB 0x0000000081600000| Untracked 
|  23|0x0000000081700000, 0x0000000081800000, 0x0000000081800000|100%| O|  |TAMS 0x0000000081700000| PB 0x0000000081700000| Untracked 
|  24|0x0000000081800000, 0x0000000081900000, 0x0000000081900000|100%| O|  |TAMS 0x0000000081800000| PB 0x0000000081800000| Untracked 
|  25|0x0000000081900000, 0x0000000081a00000, 0x0000000081a00000|100%| O|  |TAMS 0x0000000081900000| PB 0x0000000081900000| Untracked 
|  26|0x0000000081a00000, 0x0000000081b00000, 0x0000000081b00000|100%| O|  |TAMS 0x0000000081a00000| PB 0x0000000081a00000| Untracked 
|  27|0x0000000081b00000, 0x0000000081c00000, 0x0000000081c00000|100%| O|  |TAMS 0x0000000081b00000| PB 0x0000000081b00000| Untracked 
|  28|0x0000000081c00000, 0x0000000081d00000, 0x0000000081d00000|100%| O|  |TAMS 0x0000000081c00000| PB 0x0000000081c00000| Untracked 
|  29|0x0000000081d00000, 0x0000000081e00000, 0x0000000081e00000|100%| O|  |TAMS 0x0000000081d00000| PB 0x0000000081d00000| Untracked 
|  30|0x0000000081e00000, 0x0000000081f00000, 0x0000000081f00000|100%| O|  |TAMS 0x0000000081e00000| PB 0x0000000081e00000| Untracked 
|  31|0x0000000081f00000, 0x0000000082000000, 0x0000000082000000|100%| O|  |TAMS 0x0000000081f00000| PB 0x0000000081f00000| Untracked 
|  32|0x0000000082000000, 0x0000000082100000, 0x0000000082100000|100%| O|  |TAMS 0x0000000082000000| PB 0x0000000082000000| Untracked 
|  33|0x0000000082100000, 0x0000000082200000, 0x0000000082200000|100%| O|  |TAMS 0x0000000082100000| PB 0x0000000082100000| Untracked 
|  34|0x0000000082200000, 0x0000000082300000, 0x0000000082300000|100%| O|  |TAMS 0x0000000082200000| PB 0x0000000082200000| Untracked 
|  35|0x0000000082300000, 0x0000000082400000, 0x0000000082400000|100%| O|  |TAMS 0x0000000082300000| PB 0x0000000082300000| Untracked 
|  36|0x0000000082400000, 0x0000000082500000, 0x0000000082500000|100%| O|  |TAMS 0x0000000082400000| PB 0x0000000082400000| Untracked 
|  37|0x0000000082500000, 0x0000000082600000, 0x0000000082600000|100%| O|  |TAMS 0x0000000082500000| PB 0x0000000082500000| Untracked 
|  38|0x0000000082600000, 0x0000000082700000, 0x0000000082700000|100%| O|  |TAMS 0x0000000082600000| PB 0x0000000082600000| Untracked 
|  39|0x0000000082700000, 0x0000000082800000, 0x0000000082800000|100%| O|  |TAMS 0x0000000082700000| PB 0x0000000082700000| Untracked 
|  40|0x0000000082800000, 0x0000000082900000, 0x0000000082900000|100%| O|  |TAMS 0x0000000082800000| PB 0x0000000082800000| Untracked 
|  41|0x0000000082900000, 0x0000000082a00000, 0x0000000082a00000|100%| O|  |TAMS 0x0000000082900000| PB 0x0000000082900000| Untracked 
|  42|0x0000000082a00000, 0x0000000082b00000, 0x0000000082b00000|100%| O|  |TAMS 0x0000000082a00000| PB 0x0000000082a00000| Untracked 
|  43|0x0000000082b00000, 0x0000000082c00000, 0x0000000082c00000|100%|HS|  |TAMS 0x0000000082b00000| PB 0x0000000082b00000| Complete 
|  44|0x0000000082c00000, 0x0000000082d00000, 0x0000000082d00000|100%| O|  |TAMS 0x0000000082c00000| PB 0x0000000082c00000| Untracked 
|  45|0x0000000082d00000, 0x0000000082e00000, 0x0000000082e00000|100%| O|  |TAMS 0x0000000082d00000| PB 0x0000000082d00000| Untracked 
|  46|0x0000000082e00000, 0x0000000082f00000, 0x0000000082f00000|100%| O|  |TAMS 0x0000000082e00000| PB 0x0000000082e00000| Untracked 
|  47|0x0000000082f00000, 0x0000000083000000, 0x0000000083000000|100%|HS|  |TAMS 0x0000000082f00000| PB 0x0000000082f00000| Complete 
|  48|0x0000000083000000, 0x0000000083100000, 0x0000000083100000|100%| O|  |TAMS 0x0000000083000000| PB 0x0000000083000000| Untracked 
|  49|0x0000000083100000, 0x0000000083200000, 0x0000000083200000|100%| O|  |TAMS 0x0000000083100000| PB 0x0000000083100000| Untracked 
|  50|0x0000000083200000, 0x0000000083300000, 0x0000000083300000|100%| O|  |TAMS 0x0000000083200000| PB 0x0000000083200000| Untracked 
|  51|0x0000000083300000, 0x0000000083400000, 0x0000000083400000|100%|HS|  |TAMS 0x0000000083300000| PB 0x0000000083300000| Complete 
|  52|0x0000000083400000, 0x0000000083500000, 0x0000000083500000|100%|HS|  |TAMS 0x0000000083400000| PB 0x0000000083400000| Complete 
|  53|0x0000000083500000, 0x0000000083600000, 0x0000000083600000|100%|HC|  |TAMS 0x0000000083500000| PB 0x0000000083500000| Complete 
|  54|0x0000000083600000, 0x0000000083700000, 0x0000000083700000|100%|HS|  |TAMS 0x0000000083600000| PB 0x0000000083600000| Complete 
|  55|0x0000000083700000, 0x0000000083800000, 0x0000000083800000|100%| O|  |TAMS 0x0000000083700000| PB 0x0000000083700000| Untracked 
|  56|0x0000000083800000, 0x0000000083900000, 0x0000000083900000|100%|HS|  |TAMS 0x0000000083800000| PB 0x0000000083800000| Complete 
|  57|0x0000000083900000, 0x0000000083a00000, 0x0000000083a00000|100%|HS|  |TAMS 0x0000000083900000| PB 0x0000000083900000| Complete 
|  58|0x0000000083a00000, 0x0000000083b00000, 0x0000000083b00000|100%|HS|  |TAMS 0x0000000083a00000| PB 0x0000000083a00000| Complete 
|  59|0x0000000083b00000, 0x0000000083c00000, 0x0000000083c00000|100%|HC|  |TAMS 0x0000000083b00000| PB 0x0000000083b00000| Complete 
|  60|0x0000000083c00000, 0x0000000083d00000, 0x0000000083d00000|100%| O|  |TAMS 0x0000000083c00000| PB 0x0000000083c00000| Untracked 
|  61|0x0000000083d00000, 0x0000000083e00000, 0x0000000083e00000|100%|HS|  |TAMS 0x0000000083d00000| PB 0x0000000083d00000| Complete 
|  62|0x0000000083e00000, 0x0000000083f00000, 0x0000000083f00000|100%| O|  |TAMS 0x0000000083e00000| PB 0x0000000083e00000| Untracked 
|  63|0x0000000083f00000, 0x0000000084000000, 0x0000000084000000|100%| O|  |TAMS 0x0000000083f00000| PB 0x0000000083f00000| Untracked 
|  64|0x0000000084000000, 0x0000000084100000, 0x0000000084100000|100%| O|  |TAMS 0x0000000084000000| PB 0x0000000084000000| Untracked 
|  65|0x0000000084100000, 0x0000000084200000, 0x0000000084200000|100%| O|  |TAMS 0x0000000084100000| PB 0x0000000084100000| Untracked 
|  66|0x0000000084200000, 0x0000000084300000, 0x0000000084300000|100%| O|  |TAMS 0x0000000084200000| PB 0x0000000084200000| Untracked 
|  67|0x0000000084300000, 0x0000000084400000, 0x0000000084400000|100%| O|  |TAMS 0x0000000084300000| PB 0x0000000084300000| Untracked 
|  68|0x0000000084400000, 0x0000000084500000, 0x0000000084500000|100%| O|  |TAMS 0x0000000084400000| PB 0x0000000084400000| Untracked 
|  69|0x0000000084500000, 0x0000000084600000, 0x0000000084600000|100%| O|  |TAMS 0x0000000084500000| PB 0x0000000084500000| Untracked 
|  70|0x0000000084600000, 0x0000000084700000, 0x0000000084700000|100%| O|  |TAMS 0x0000000084600000| PB 0x0000000084600000| Untracked 
|  71|0x0000000084700000, 0x0000000084800000, 0x0000000084800000|100%| O|  |TAMS 0x0000000084700000| PB 0x0000000084700000| Untracked 
|  72|0x0000000084800000, 0x0000000084900000, 0x0000000084900000|100%| O|  |TAMS 0x0000000084800000| PB 0x0000000084800000| Untracked 
|  73|0x0000000084900000, 0x0000000084a00000, 0x0000000084a00000|100%| O|  |TAMS 0x0000000084900000| PB 0x0000000084900000| Untracked 
|  74|0x0000000084a00000, 0x0000000084b00000, 0x0000000084b00000|100%| O|  |TAMS 0x0000000084a00000| PB 0x0000000084a00000| Untracked 
|  75|0x0000000084b00000, 0x0000000084c00000, 0x0000000084c00000|100%| O|  |TAMS 0x0000000084b00000| PB 0x0000000084b00000| Untracked 
|  76|0x0000000084c00000, 0x0000000084d00000, 0x0000000084d00000|100%| O|  |TAMS 0x0000000084c00000| PB 0x0000000084c00000| Untracked 
|  77|0x0000000084d00000, 0x0000000084e00000, 0x0000000084e00000|100%| O|  |TAMS 0x0000000084d00000| PB 0x0000000084d00000| Untracked 
|  78|0x0000000084e00000, 0x0000000084f00000, 0x0000000084f00000|100%| O|  |TAMS 0x0000000084e00000| PB 0x0000000084e00000| Untracked 
|  79|0x0000000084f00000, 0x0000000085000000, 0x0000000085000000|100%| O|  |TAMS 0x0000000084f00000| PB 0x0000000084f00000| Untracked 
|  80|0x0000000085000000, 0x0000000085100000, 0x0000000085100000|100%| O|  |TAMS 0x0000000085000000| PB 0x0000000085000000| Untracked 
|  81|0x0000000085100000, 0x0000000085200000, 0x0000000085200000|100%| O|  |TAMS 0x0000000085100000| PB 0x0000000085100000| Untracked 
|  82|0x0000000085200000, 0x0000000085300000, 0x0000000085300000|100%| O|  |TAMS 0x0000000085200000| PB 0x0000000085200000| Untracked 
|  83|0x0000000085300000, 0x0000000085400000, 0x0000000085400000|100%| O|  |TAMS 0x0000000085300000| PB 0x0000000085300000| Untracked 
|  84|0x0000000085400000, 0x0000000085500000, 0x0000000085500000|100%| O|  |TAMS 0x0000000085400000| PB 0x0000000085400000| Untracked 
|  85|0x0000000085500000, 0x0000000085600000, 0x0000000085600000|100%| O|  |TAMS 0x0000000085500000| PB 0x0000000085500000| Untracked 
|  86|0x0000000085600000, 0x0000000085700000, 0x0000000085700000|100%| O|  |TAMS 0x0000000085600000| PB 0x0000000085600000| Untracked 
|  87|0x0000000085700000, 0x0000000085800000, 0x0000000085800000|100%| O|  |TAMS 0x0000000085700000| PB 0x0000000085700000| Untracked 
|  88|0x0000000085800000, 0x0000000085900000, 0x0000000085900000|100%| O|  |TAMS 0x0000000085800000| PB 0x0000000085800000| Untracked 
|  89|0x0000000085900000, 0x0000000085a00000, 0x0000000085a00000|100%| O|  |TAMS 0x0000000085900000| PB 0x0000000085900000| Untracked 
|  90|0x0000000085a00000, 0x0000000085b00000, 0x0000000085b00000|100%| O|  |TAMS 0x0000000085a00000| PB 0x0000000085a00000| Untracked 
|  91|0x0000000085b00000, 0x0000000085c00000, 0x0000000085c00000|100%| O|  |TAMS 0x0000000085b00000| PB 0x0000000085b00000| Untracked 
|  92|0x0000000085c00000, 0x0000000085d00000, 0x0000000085d00000|100%| O|  |TAMS 0x0000000085c00000| PB 0x0000000085c00000| Untracked 
|  93|0x0000000085d00000, 0x0000000085e00000, 0x0000000085e00000|100%| O|  |TAMS 0x0000000085d00000| PB 0x0000000085d00000| Untracked 
|  94|0x0000000085e00000, 0x0000000085f00000, 0x0000000085f00000|100%| O|  |TAMS 0x0000000085e00000| PB 0x0000000085e00000| Untracked 
|  95|0x0000000085f00000, 0x0000000086000000, 0x0000000086000000|100%| O|  |TAMS 0x0000000085f00000| PB 0x0000000085f00000| Untracked 
|  96|0x0000000086000000, 0x0000000086100000, 0x0000000086100000|100%| O|  |TAMS 0x0000000086000000| PB 0x0000000086000000| Untracked 
|  97|0x0000000086100000, 0x0000000086200000, 0x0000000086200000|100%| O|  |TAMS 0x0000000086100000| PB 0x0000000086100000| Untracked 
|  98|0x0000000086200000, 0x0000000086300000, 0x0000000086300000|100%| O|  |TAMS 0x0000000086200000| PB 0x0000000086200000| Untracked 
|  99|0x0000000086300000, 0x0000000086400000, 0x0000000086400000|100%| O|  |TAMS 0x0000000086300000| PB 0x0000000086300000| Untracked 
| 100|0x0000000086400000, 0x0000000086500000, 0x0000000086500000|100%| O|  |TAMS 0x0000000086400000| PB 0x0000000086400000| Untracked 
| 101|0x0000000086500000, 0x0000000086600000, 0x0000000086600000|100%| O|  |TAMS 0x0000000086500000| PB 0x0000000086500000| Untracked 
| 102|0x0000000086600000, 0x0000000086700000, 0x0000000086700000|100%| O|  |TAMS 0x0000000086600000| PB 0x0000000086600000| Untracked 
| 103|0x0000000086700000, 0x0000000086800000, 0x0000000086800000|100%| O|  |TAMS 0x0000000086700000| PB 0x0000000086700000| Untracked 
| 104|0x0000000086800000, 0x0000000086900000, 0x0000000086900000|100%| O|  |TAMS 0x0000000086800000| PB 0x0000000086800000| Untracked 
| 105|0x0000000086900000, 0x0000000086a00000, 0x0000000086a00000|100%| O|  |TAMS 0x0000000086900000| PB 0x0000000086900000| Untracked 
| 106|0x0000000086a00000, 0x0000000086b00000, 0x0000000086b00000|100%| O|  |TAMS 0x0000000086a00000| PB 0x0000000086a00000| Untracked 
| 107|0x0000000086b00000, 0x0000000086c00000, 0x0000000086c00000|100%| O|  |TAMS 0x0000000086b00000| PB 0x0000000086b00000| Untracked 
| 108|0x0000000086c00000, 0x0000000086d00000, 0x0000000086d00000|100%| O|  |TAMS 0x0000000086c00000| PB 0x0000000086c00000| Untracked 
| 109|0x0000000086d00000, 0x0000000086e00000, 0x0000000086e00000|100%| O|  |TAMS 0x0000000086d00000| PB 0x0000000086d00000| Untracked 
| 110|0x0000000086e00000, 0x0000000086f00000, 0x0000000086f00000|100%| O|  |TAMS 0x0000000086e00000| PB 0x0000000086e00000| Untracked 
| 111|0x0000000086f00000, 0x0000000087000000, 0x0000000087000000|100%| O|  |TAMS 0x0000000086f00000| PB 0x0000000086f00000| Untracked 
| 112|0x0000000087000000, 0x0000000087100000, 0x0000000087100000|100%| O|  |TAMS 0x0000000087000000| PB 0x0000000087000000| Untracked 
| 113|0x0000000087100000, 0x0000000087200000, 0x0000000087200000|100%| O|  |TAMS 0x0000000087100000| PB 0x0000000087100000| Untracked 
| 114|0x0000000087200000, 0x0000000087300000, 0x0000000087300000|100%| O|  |TAMS 0x0000000087200000| PB 0x0000000087200000| Untracked 
| 115|0x0000000087300000, 0x0000000087400000, 0x0000000087400000|100%| O|  |TAMS 0x0000000087300000| PB 0x0000000087300000| Untracked 
| 116|0x0000000087400000, 0x0000000087500000, 0x0000000087500000|100%| O|  |TAMS 0x0000000087400000| PB 0x0000000087400000| Untracked 
| 117|0x0000000087500000, 0x0000000087600000, 0x0000000087600000|100%| O|  |TAMS 0x0000000087500000| PB 0x0000000087500000| Untracked 
| 118|0x0000000087600000, 0x0000000087700000, 0x0000000087700000|100%| O|  |TAMS 0x0000000087600000| PB 0x0000000087600000| Untracked 
| 119|0x0000000087700000, 0x0000000087800000, 0x0000000087800000|100%| O|  |TAMS 0x0000000087700000| PB 0x0000000087700000| Untracked 
| 120|0x0000000087800000, 0x0000000087900000, 0x0000000087900000|100%| O|  |TAMS 0x0000000087800000| PB 0x0000000087800000| Untracked 
| 121|0x0000000087900000, 0x0000000087a00000, 0x0000000087a00000|100%| O|  |TAMS 0x0000000087900000| PB 0x0000000087900000| Untracked 
| 122|0x0000000087a00000, 0x0000000087b00000, 0x0000000087b00000|100%| O|  |TAMS 0x0000000087a00000| PB 0x0000000087a00000| Untracked 
| 123|0x0000000087b00000, 0x0000000087c00000, 0x0000000087c00000|100%| O|  |TAMS 0x0000000087b00000| PB 0x0000000087b00000| Untracked 
| 124|0x0000000087c00000, 0x0000000087d00000, 0x0000000087d00000|100%| O|  |TAMS 0x0000000087c00000| PB 0x0000000087c00000| Untracked 
| 125|0x0000000087d00000, 0x0000000087e00000, 0x0000000087e00000|100%| O|  |TAMS 0x0000000087d00000| PB 0x0000000087d00000| Untracked 
| 126|0x0000000087e00000, 0x0000000087f00000, 0x0000000087f00000|100%| O|  |TAMS 0x0000000087e00000| PB 0x0000000087e00000| Untracked 
| 127|0x0000000087f00000, 0x0000000088000000, 0x0000000088000000|100%| O|  |TAMS 0x0000000087f00000| PB 0x0000000087f00000| Untracked 
| 128|0x0000000088000000, 0x0000000088100000, 0x0000000088100000|100%| O|  |TAMS 0x0000000088000000| PB 0x0000000088000000| Untracked 
| 129|0x0000000088100000, 0x0000000088200000, 0x0000000088200000|100%| O|  |TAMS 0x0000000088100000| PB 0x0000000088100000| Untracked 
| 130|0x0000000088200000, 0x0000000088300000, 0x0000000088300000|100%| O|  |TAMS 0x0000000088200000| PB 0x0000000088200000| Untracked 
| 131|0x0000000088300000, 0x0000000088400000, 0x0000000088400000|100%| O|  |TAMS 0x0000000088300000| PB 0x0000000088300000| Untracked 
| 132|0x0000000088400000, 0x0000000088500000, 0x0000000088500000|100%| O|  |TAMS 0x0000000088400000| PB 0x0000000088400000| Untracked 
| 133|0x0000000088500000, 0x0000000088600000, 0x0000000088600000|100%| O|  |TAMS 0x0000000088500000| PB 0x0000000088500000| Untracked 
| 134|0x0000000088600000, 0x0000000088700000, 0x0000000088700000|100%| O|  |TAMS 0x0000000088600000| PB 0x0000000088600000| Untracked 
| 135|0x0000000088700000, 0x0000000088800000, 0x0000000088800000|100%| O|  |TAMS 0x0000000088700000| PB 0x0000000088700000| Untracked 
| 136|0x0000000088800000, 0x0000000088900000, 0x0000000088900000|100%| O|Cm|TAMS 0x0000000088800000| PB 0x0000000088800000| Complete 
| 137|0x0000000088900000, 0x0000000088a00000, 0x0000000088a00000|100%| O|  |TAMS 0x0000000088900000| PB 0x0000000088900000| Untracked 
| 138|0x0000000088a00000, 0x0000000088b00000, 0x0000000088b00000|100%| O|  |TAMS 0x0000000088a00000| PB 0x0000000088a00000| Untracked 
| 139|0x0000000088b00000, 0x0000000088c00000, 0x0000000088c00000|100%| O|  |TAMS 0x0000000088b00000| PB 0x0000000088b00000| Untracked 
| 140|0x0000000088c00000, 0x0000000088d00000, 0x0000000088d00000|100%| O|  |TAMS 0x0000000088c00000| PB 0x0000000088c00000| Untracked 
| 141|0x0000000088d00000, 0x0000000088e00000, 0x0000000088e00000|100%|HS|  |TAMS 0x0000000088d00000| PB 0x0000000088d00000| Complete 
| 142|0x0000000088e00000, 0x0000000088f00000, 0x0000000088f00000|100%|HS|  |TAMS 0x0000000088e00000| PB 0x0000000088e00000| Complete 
| 143|0x0000000088f00000, 0x0000000089000000, 0x0000000089000000|100%|HS|  |TAMS 0x0000000088f00000| PB 0x0000000088f00000| Complete 
| 144|0x0000000089000000, 0x0000000089100000, 0x0000000089100000|100%|HC|  |TAMS 0x0000000089000000| PB 0x0000000089000000| Complete 
| 145|0x0000000089100000, 0x0000000089200000, 0x0000000089200000|100%|HS|  |TAMS 0x0000000089100000| PB 0x0000000089100000| Complete 
| 146|0x0000000089200000, 0x0000000089300000, 0x0000000089300000|100%|HS|  |TAMS 0x0000000089200000| PB 0x0000000089200000| Complete 
| 147|0x0000000089300000, 0x0000000089400000, 0x0000000089400000|100%|HS|  |TAMS 0x0000000089300000| PB 0x0000000089300000| Complete 
| 148|0x0000000089400000, 0x0000000089500000, 0x0000000089500000|100%|HC|  |TAMS 0x0000000089400000| PB 0x0000000089400000| Complete 
| 149|0x0000000089500000, 0x0000000089600000, 0x0000000089600000|100%|HS|  |TAMS 0x0000000089500000| PB 0x0000000089500000| Complete 
| 150|0x0000000089600000, 0x0000000089700000, 0x0000000089700000|100%|HC|  |TAMS 0x0000000089600000| PB 0x0000000089600000| Complete 
| 151|0x0000000089700000, 0x0000000089800000, 0x0000000089800000|100%| O|  |TAMS 0x0000000089700000| PB 0x0000000089700000| Untracked 
| 152|0x0000000089800000, 0x0000000089900000, 0x0000000089900000|100%| O|  |TAMS 0x0000000089800000| PB 0x0000000089800000| Untracked 
| 153|0x0000000089900000, 0x0000000089a00000, 0x0000000089a00000|100%| O|Cm|TAMS 0x0000000089900000| PB 0x0000000089900000| Complete 
| 154|0x0000000089a00000, 0x0000000089b00000, 0x0000000089b00000|100%| O|Cm|TAMS 0x0000000089a00000| PB 0x0000000089a00000| Complete 
| 155|0x0000000089b00000, 0x0000000089c00000, 0x0000000089c00000|100%| O|Cm|TAMS 0x0000000089b00000| PB 0x0000000089b00000| Complete 
| 156|0x0000000089c00000, 0x0000000089d00000, 0x0000000089d00000|100%| O|Cm|TAMS 0x0000000089c00000| PB 0x0000000089c00000| Complete 
| 157|0x0000000089d00000, 0x0000000089e00000, 0x0000000089e00000|100%| O|  |TAMS 0x0000000089d00000| PB 0x0000000089d00000| Untracked 
| 158|0x0000000089e00000, 0x0000000089e00000, 0x0000000089f00000|  0%| F|  |TAMS 0x0000000089e00000| PB 0x0000000089e00000| Untracked 
| 159|0x0000000089f00000, 0x000000008a000000, 0x000000008a000000|100%| O|  |TAMS 0x0000000089f00000| PB 0x0000000089f00000| Untracked 
| 160|0x000000008a000000, 0x000000008a100000, 0x000000008a100000|100%| O|  |TAMS 0x000000008a000000| PB 0x000000008a000000| Untracked 
| 161|0x000000008a100000, 0x000000008a200000, 0x000000008a200000|100%| O|  |TAMS 0x000000008a100000| PB 0x000000008a100000| Untracked 
| 162|0x000000008a200000, 0x000000008a300000, 0x000000008a300000|100%| O|  |TAMS 0x000000008a200000| PB 0x000000008a200000| Untracked 
| 163|0x000000008a300000, 0x000000008a400000, 0x000000008a400000|100%| O|  |TAMS 0x000000008a300000| PB 0x000000008a300000| Untracked 
| 164|0x000000008a400000, 0x000000008a500000, 0x000000008a500000|100%| O|  |TAMS 0x000000008a400000| PB 0x000000008a400000| Untracked 
| 165|0x000000008a500000, 0x000000008a600000, 0x000000008a600000|100%| O|  |TAMS 0x000000008a500000| PB 0x000000008a500000| Untracked 
| 166|0x000000008a600000, 0x000000008a700000, 0x000000008a700000|100%| O|  |TAMS 0x000000008a600000| PB 0x000000008a600000| Untracked 
| 167|0x000000008a700000, 0x000000008a800000, 0x000000008a800000|100%| O|  |TAMS 0x000000008a700000| PB 0x000000008a700000| Untracked 
| 168|0x000000008a800000, 0x000000008a900000, 0x000000008a900000|100%| O|  |TAMS 0x000000008a800000| PB 0x000000008a800000| Untracked 
| 169|0x000000008a900000, 0x000000008aa00000, 0x000000008aa00000|100%| O|  |TAMS 0x000000008a900000| PB 0x000000008a900000| Untracked 
| 170|0x000000008aa00000, 0x000000008aa00000, 0x000000008ab00000|  0%| F|  |TAMS 0x000000008aa00000| PB 0x000000008aa00000| Untracked 
| 171|0x000000008ab00000, 0x000000008ac00000, 0x000000008ac00000|100%| O|  |TAMS 0x000000008ab00000| PB 0x000000008ab00000| Untracked 
| 172|0x000000008ac00000, 0x000000008ad00000, 0x000000008ad00000|100%| O|  |TAMS 0x000000008ac00000| PB 0x000000008ac00000| Untracked 
| 173|0x000000008ad00000, 0x000000008ae00000, 0x000000008ae00000|100%| O|  |TAMS 0x000000008ad00000| PB 0x000000008ad00000| Untracked 
| 174|0x000000008ae00000, 0x000000008af00000, 0x000000008af00000|100%| O|  |TAMS 0x000000008ae00000| PB 0x000000008ae00000| Untracked 
| 175|0x000000008af00000, 0x000000008b000000, 0x000000008b000000|100%| O|  |TAMS 0x000000008af00000| PB 0x000000008af00000| Untracked 
| 176|0x000000008b000000, 0x000000008b100000, 0x000000008b100000|100%|HS|  |TAMS 0x000000008b000000| PB 0x000000008b000000| Complete 
| 177|0x000000008b100000, 0x000000008b200000, 0x000000008b200000|100%|HC|  |TAMS 0x000000008b100000| PB 0x000000008b100000| Complete 
| 178|0x000000008b200000, 0x000000008b300000, 0x000000008b300000|100%| O|  |TAMS 0x000000008b200000| PB 0x000000008b200000| Untracked 
| 179|0x000000008b300000, 0x000000008b400000, 0x000000008b400000|100%| O|  |TAMS 0x000000008b300000| PB 0x000000008b300000| Untracked 
| 180|0x000000008b400000, 0x000000008b500000, 0x000000008b500000|100%| O|  |TAMS 0x000000008b400000| PB 0x000000008b400000| Untracked 
| 181|0x000000008b500000, 0x000000008b600000, 0x000000008b600000|100%| O|  |TAMS 0x000000008b500000| PB 0x000000008b500000| Untracked 
| 182|0x000000008b600000, 0x000000008b700000, 0x000000008b700000|100%|HS|  |TAMS 0x000000008b600000| PB 0x000000008b600000| Complete 
| 183|0x000000008b700000, 0x000000008b800000, 0x000000008b800000|100%|HC|  |TAMS 0x000000008b700000| PB 0x000000008b700000| Complete 
| 184|0x000000008b800000, 0x000000008b900000, 0x000000008b900000|100%|HS|  |TAMS 0x000000008b800000| PB 0x000000008b800000| Complete 
| 185|0x000000008b900000, 0x000000008ba00000, 0x000000008ba00000|100%|HC|  |TAMS 0x000000008b900000| PB 0x000000008b900000| Complete 
| 186|0x000000008ba00000, 0x000000008bb00000, 0x000000008bb00000|100%| O|  |TAMS 0x000000008ba00000| PB 0x000000008ba00000| Untracked 
| 187|0x000000008bb00000, 0x000000008bbc7ea0, 0x000000008bc00000| 78%| O|  |TAMS 0x000000008bb00000| PB 0x000000008bb00000| Untracked 
| 188|0x000000008bc00000, 0x000000008bd00000, 0x000000008bd00000|100%|HS|  |TAMS 0x000000008bc00000| PB 0x000000008bc00000| Complete 
| 189|0x000000008bd00000, 0x000000008be00000, 0x000000008be00000|100%|HC|  |TAMS 0x000000008bd00000| PB 0x000000008bd00000| Complete 
| 190|0x000000008be00000, 0x000000008bf00000, 0x000000008bf00000|100%|HS|  |TAMS 0x000000008be00000| PB 0x000000008be00000| Complete 
| 191|0x000000008bf00000, 0x000000008c000000, 0x000000008c000000|100%|HC|  |TAMS 0x000000008bf00000| PB 0x000000008bf00000| Complete 
| 192|0x000000008c000000, 0x000000008c100000, 0x000000008c100000|100%|HS|  |TAMS 0x000000008c000000| PB 0x000000008c000000| Complete 
| 193|0x000000008c100000, 0x000000008c200000, 0x000000008c200000|100%|HC|  |TAMS 0x000000008c100000| PB 0x000000008c100000| Complete 
| 194|0x000000008c200000, 0x000000008c300000, 0x000000008c300000|100%|HS|  |TAMS 0x000000008c200000| PB 0x000000008c200000| Complete 
| 195|0x000000008c300000, 0x000000008c400000, 0x000000008c400000|100%|HC|  |TAMS 0x000000008c300000| PB 0x000000008c300000| Complete 
| 196|0x000000008c400000, 0x000000008c500000, 0x000000008c500000|100%|HS|  |TAMS 0x000000008c400000| PB 0x000000008c400000| Complete 
| 197|0x000000008c500000, 0x000000008c600000, 0x000000008c600000|100%|HC|  |TAMS 0x000000008c500000| PB 0x000000008c500000| Complete 
| 198|0x000000008c600000, 0x000000008c700000, 0x000000008c700000|100%|HS|  |TAMS 0x000000008c600000| PB 0x000000008c600000| Complete 
| 199|0x000000008c700000, 0x000000008c800000, 0x000000008c800000|100%|HC|  |TAMS 0x000000008c700000| PB 0x000000008c700000| Complete 
| 200|0x000000008c800000, 0x000000008c900000, 0x000000008c900000|100%|HS|  |TAMS 0x000000008c800000| PB 0x000000008c800000| Complete 
| 201|0x000000008c900000, 0x000000008ca00000, 0x000000008ca00000|100%|HC|  |TAMS 0x000000008c900000| PB 0x000000008c900000| Complete 
| 202|0x000000008ca00000, 0x000000008cb00000, 0x000000008cb00000|100%|HS|  |TAMS 0x000000008ca00000| PB 0x000000008ca00000| Complete 
| 203|0x000000008cb00000, 0x000000008cc00000, 0x000000008cc00000|100%|HC|  |TAMS 0x000000008cb00000| PB 0x000000008cb00000| Complete 
| 204|0x000000008cc00000, 0x000000008cd00000, 0x000000008cd00000|100%|HS|  |TAMS 0x000000008cc00000| PB 0x000000008cc00000| Complete 
| 205|0x000000008cd00000, 0x000000008ce00000, 0x000000008ce00000|100%|HC|  |TAMS 0x000000008cd00000| PB 0x000000008cd00000| Complete 
| 206|0x000000008ce00000, 0x000000008cf00000, 0x000000008cf00000|100%|HS|  |TAMS 0x000000008ce00000| PB 0x000000008ce00000| Complete 
| 207|0x000000008cf00000, 0x000000008d000000, 0x000000008d000000|100%|HC|  |TAMS 0x000000008cf00000| PB 0x000000008cf00000| Complete 
| 208|0x000000008d000000, 0x000000008d100000, 0x000000008d100000|100%|HS|  |TAMS 0x000000008d000000| PB 0x000000008d000000| Complete 
| 209|0x000000008d100000, 0x000000008d200000, 0x000000008d200000|100%|HC|  |TAMS 0x000000008d100000| PB 0x000000008d100000| Complete 
| 210|0x000000008d200000, 0x000000008d300000, 0x000000008d300000|100%|HS|  |TAMS 0x000000008d200000| PB 0x000000008d200000| Complete 
| 211|0x000000008d300000, 0x000000008d400000, 0x000000008d400000|100%|HC|  |TAMS 0x000000008d300000| PB 0x000000008d300000| Complete 
| 212|0x000000008d400000, 0x000000008d500000, 0x000000008d500000|100%|HS|  |TAMS 0x000000008d400000| PB 0x000000008d400000| Complete 
| 213|0x000000008d500000, 0x000000008d600000, 0x000000008d600000|100%|HC|  |TAMS 0x000000008d500000| PB 0x000000008d500000| Complete 
| 214|0x000000008d600000, 0x000000008d700000, 0x000000008d700000|100%|HS|  |TAMS 0x000000008d600000| PB 0x000000008d600000| Complete 
| 215|0x000000008d700000, 0x000000008d800000, 0x000000008d800000|100%|HC|  |TAMS 0x000000008d700000| PB 0x000000008d700000| Complete 
| 216|0x000000008d800000, 0x000000008d900000, 0x000000008d900000|100%|HS|  |TAMS 0x000000008d800000| PB 0x000000008d800000| Complete 
| 217|0x000000008d900000, 0x000000008da00000, 0x000000008da00000|100%|HC|  |TAMS 0x000000008d900000| PB 0x000000008d900000| Complete 
| 218|0x000000008da00000, 0x000000008db00000, 0x000000008db00000|100%|HS|  |TAMS 0x000000008da00000| PB 0x000000008da00000| Complete 
| 219|0x000000008db00000, 0x000000008dc00000, 0x000000008dc00000|100%|HC|  |TAMS 0x000000008db00000| PB 0x000000008db00000| Complete 
| 220|0x000000008dc00000, 0x000000008dd00000, 0x000000008dd00000|100%|HS|  |TAMS 0x000000008dc00000| PB 0x000000008dc00000| Complete 
| 221|0x000000008dd00000, 0x000000008de00000, 0x000000008de00000|100%|HC|  |TAMS 0x000000008dd00000| PB 0x000000008dd00000| Complete 
| 222|0x000000008de00000, 0x000000008df00000, 0x000000008df00000|100%|HS|  |TAMS 0x000000008de00000| PB 0x000000008de00000| Complete 
| 223|0x000000008df00000, 0x000000008e000000, 0x000000008e000000|100%|HC|  |TAMS 0x000000008df00000| PB 0x000000008df00000| Complete 
| 224|0x000000008e000000, 0x000000008e100000, 0x000000008e100000|100%|HS|  |TAMS 0x000000008e000000| PB 0x000000008e000000| Complete 
| 225|0x000000008e100000, 0x000000008e200000, 0x000000008e200000|100%|HC|  |TAMS 0x000000008e100000| PB 0x000000008e100000| Complete 
| 226|0x000000008e200000, 0x000000008e300000, 0x000000008e300000|100%|HS|  |TAMS 0x000000008e200000| PB 0x000000008e200000| Complete 
| 227|0x000000008e300000, 0x000000008e400000, 0x000000008e400000|100%|HC|  |TAMS 0x000000008e300000| PB 0x000000008e300000| Complete 
| 228|0x000000008e400000, 0x000000008e500000, 0x000000008e500000|100%|HS|  |TAMS 0x000000008e400000| PB 0x000000008e400000| Complete 
| 229|0x000000008e500000, 0x000000008e600000, 0x000000008e600000|100%|HC|  |TAMS 0x000000008e500000| PB 0x000000008e500000| Complete 
| 230|0x000000008e600000, 0x000000008e700000, 0x000000008e700000|100%|HS|  |TAMS 0x000000008e600000| PB 0x000000008e600000| Complete 
| 231|0x000000008e700000, 0x000000008e800000, 0x000000008e800000|100%|HC|  |TAMS 0x000000008e700000| PB 0x000000008e700000| Complete 
| 232|0x000000008e800000, 0x000000008e900000, 0x000000008e900000|100%|HS|  |TAMS 0x000000008e800000| PB 0x000000008e800000| Complete 
| 233|0x000000008e900000, 0x000000008ea00000, 0x000000008ea00000|100%|HC|  |TAMS 0x000000008e900000| PB 0x000000008e900000| Complete 
| 234|0x000000008ea00000, 0x000000008eb00000, 0x000000008eb00000|100%|HS|  |TAMS 0x000000008ea00000| PB 0x000000008ea00000| Complete 
| 235|0x000000008eb00000, 0x000000008ec00000, 0x000000008ec00000|100%|HC|  |TAMS 0x000000008eb00000| PB 0x000000008eb00000| Complete 
| 236|0x000000008ec00000, 0x000000008ed00000, 0x000000008ed00000|100%|HS|  |TAMS 0x000000008ec00000| PB 0x000000008ec00000| Complete 
| 237|0x000000008ed00000, 0x000000008ee00000, 0x000000008ee00000|100%|HC|  |TAMS 0x000000008ed00000| PB 0x000000008ed00000| Complete 
| 238|0x000000008ee00000, 0x000000008ef00000, 0x000000008ef00000|100%|HS|  |TAMS 0x000000008ee00000| PB 0x000000008ee00000| Complete 
| 239|0x000000008ef00000, 0x000000008f000000, 0x000000008f000000|100%|HC|  |TAMS 0x000000008ef00000| PB 0x000000008ef00000| Complete 
| 240|0x000000008f000000, 0x000000008f100000, 0x000000008f100000|100%|HS|  |TAMS 0x000000008f000000| PB 0x000000008f000000| Complete 
| 241|0x000000008f100000, 0x000000008f200000, 0x000000008f200000|100%|HC|  |TAMS 0x000000008f100000| PB 0x000000008f100000| Complete 
| 242|0x000000008f200000, 0x000000008f300000, 0x000000008f300000|100%|HS|  |TAMS 0x000000008f200000| PB 0x000000008f200000| Complete 
| 243|0x000000008f300000, 0x000000008f400000, 0x000000008f400000|100%|HC|  |TAMS 0x000000008f300000| PB 0x000000008f300000| Complete 
| 244|0x000000008f400000, 0x000000008f500000, 0x000000008f500000|100%|HS|  |TAMS 0x000000008f400000| PB 0x000000008f400000| Complete 
| 245|0x000000008f500000, 0x000000008f600000, 0x000000008f600000|100%|HC|  |TAMS 0x000000008f500000| PB 0x000000008f500000| Complete 
| 246|0x000000008f600000, 0x000000008f700000, 0x000000008f700000|100%|HS|  |TAMS 0x000000008f600000| PB 0x000000008f600000| Complete 
| 247|0x000000008f700000, 0x000000008f800000, 0x000000008f800000|100%|HC|  |TAMS 0x000000008f700000| PB 0x000000008f700000| Complete 
| 248|0x000000008f800000, 0x000000008f900000, 0x000000008f900000|100%|HS|  |TAMS 0x000000008f800000| PB 0x000000008f800000| Complete 
| 249|0x000000008f900000, 0x000000008fa00000, 0x000000008fa00000|100%|HC|  |TAMS 0x000000008f900000| PB 0x000000008f900000| Complete 
| 250|0x000000008fa00000, 0x000000008fb00000, 0x000000008fb00000|100%|HS|  |TAMS 0x000000008fa00000| PB 0x000000008fa00000| Complete 
| 251|0x000000008fb00000, 0x000000008fc00000, 0x000000008fc00000|100%|HC|  |TAMS 0x000000008fb00000| PB 0x000000008fb00000| Complete 
| 252|0x000000008fc00000, 0x000000008fd00000, 0x000000008fd00000|100%|HS|  |TAMS 0x000000008fc00000| PB 0x000000008fc00000| Complete 
| 253|0x000000008fd00000, 0x000000008fe00000, 0x000000008fe00000|100%|HC|  |TAMS 0x000000008fd00000| PB 0x000000008fd00000| Complete 
| 254|0x000000008fe00000, 0x000000008ff00000, 0x000000008ff00000|100%|HS|  |TAMS 0x000000008fe00000| PB 0x000000008fe00000| Complete 
| 255|0x000000008ff00000, 0x0000000090000000, 0x0000000090000000|100%|HC|  |TAMS 0x000000008ff00000| PB 0x000000008ff00000| Complete 
| 256|0x0000000090000000, 0x0000000090100000, 0x0000000090100000|100%|HS|  |TAMS 0x0000000090000000| PB 0x0000000090000000| Complete 
| 257|0x0000000090100000, 0x0000000090200000, 0x0000000090200000|100%|HC|  |TAMS 0x0000000090100000| PB 0x0000000090100000| Complete 
| 258|0x0000000090200000, 0x0000000090200000, 0x0000000090300000|  0%| F|  |TAMS 0x0000000090200000| PB 0x0000000090200000| Untracked 
| 259|0x0000000090300000, 0x00000000903bfd30, 0x0000000090400000| 74%| E|  |TAMS 0x0000000090300000| PB 0x0000000090300000| Complete 
| 260|0x0000000090400000, 0x0000000090500000, 0x0000000090500000|100%| E|CS|TAMS 0x0000000090400000| PB 0x0000000090400000| Complete 
| 261|0x0000000090500000, 0x0000000090600000, 0x0000000090600000|100%| E|CS|TAMS 0x0000000090500000| PB 0x0000000090500000| Complete 
| 262|0x0000000090600000, 0x0000000090700000, 0x0000000090700000|100%| E|CS|TAMS 0x0000000090600000| PB 0x0000000090600000| Complete 
| 263|0x0000000090700000, 0x0000000090800000, 0x0000000090800000|100%| E|CS|TAMS 0x0000000090700000| PB 0x0000000090700000| Complete 
| 264|0x0000000090800000, 0x0000000090900000, 0x0000000090900000|100%| E|CS|TAMS 0x0000000090800000| PB 0x0000000090800000| Complete 
| 265|0x0000000090900000, 0x0000000090a00000, 0x0000000090a00000|100%| E|  |TAMS 0x0000000090900000| PB 0x0000000090900000| Complete 
| 266|0x0000000090a00000, 0x0000000090b00000, 0x0000000090b00000|100%| E|CS|TAMS 0x0000000090a00000| PB 0x0000000090a00000| Complete 
| 267|0x0000000090b00000, 0x0000000090c00000, 0x0000000090c00000|100%| E|CS|TAMS 0x0000000090b00000| PB 0x0000000090b00000| Complete 
| 268|0x0000000090c00000, 0x0000000090d00000, 0x0000000090d00000|100%| E|CS|TAMS 0x0000000090c00000| PB 0x0000000090c00000| Complete 
| 269|0x0000000090d00000, 0x0000000090e00000, 0x0000000090e00000|100%| E|CS|TAMS 0x0000000090d00000| PB 0x0000000090d00000| Complete 
| 270|0x0000000090e00000, 0x0000000090f00000, 0x0000000090f00000|100%| E|CS|TAMS 0x0000000090e00000| PB 0x0000000090e00000| Complete 
| 271|0x0000000090f00000, 0x0000000091000000, 0x0000000091000000|100%| E|CS|TAMS 0x0000000090f00000| PB 0x0000000090f00000| Complete 
| 272|0x0000000091000000, 0x0000000091100000, 0x0000000091100000|100%| E|CS|TAMS 0x0000000091000000| PB 0x0000000091000000| Complete 
| 273|0x0000000091100000, 0x0000000091200000, 0x0000000091200000|100%| E|CS|TAMS 0x0000000091100000| PB 0x0000000091100000| Complete 
| 274|0x0000000091200000, 0x0000000091300000, 0x0000000091300000|100%| E|CS|TAMS 0x0000000091200000| PB 0x0000000091200000| Complete 
| 275|0x0000000091300000, 0x0000000091400000, 0x0000000091400000|100%| E|CS|TAMS 0x0000000091300000| PB 0x0000000091300000| Complete 
| 276|0x0000000091400000, 0x0000000091500000, 0x0000000091500000|100%| E|CS|TAMS 0x0000000091400000| PB 0x0000000091400000| Complete 
| 277|0x0000000091500000, 0x0000000091600000, 0x0000000091600000|100%| E|CS|TAMS 0x0000000091500000| PB 0x0000000091500000| Complete 
| 278|0x0000000091600000, 0x0000000091700000, 0x0000000091700000|100%| E|CS|TAMS 0x0000000091600000| PB 0x0000000091600000| Complete 
| 279|0x0000000091700000, 0x0000000091800000, 0x0000000091800000|100%| E|CS|TAMS 0x0000000091700000| PB 0x0000000091700000| Complete 
| 280|0x0000000091800000, 0x0000000091900000, 0x0000000091900000|100%| E|CS|TAMS 0x0000000091800000| PB 0x0000000091800000| Complete 
| 281|0x0000000091900000, 0x0000000091a00000, 0x0000000091a00000|100%| E|CS|TAMS 0x0000000091900000| PB 0x0000000091900000| Complete 
| 282|0x0000000091a00000, 0x0000000091b00000, 0x0000000091b00000|100%| E|CS|TAMS 0x0000000091a00000| PB 0x0000000091a00000| Complete 
| 283|0x0000000091b00000, 0x0000000091c00000, 0x0000000091c00000|100%| E|CS|TAMS 0x0000000091b00000| PB 0x0000000091b00000| Complete 
| 284|0x0000000091c00000, 0x0000000091d00000, 0x0000000091d00000|100%| E|CS|TAMS 0x0000000091c00000| PB 0x0000000091c00000| Complete 
| 285|0x0000000091d00000, 0x0000000091e00000, 0x0000000091e00000|100%| E|CS|TAMS 0x0000000091d00000| PB 0x0000000091d00000| Complete 
| 286|0x0000000091e00000, 0x0000000091f00000, 0x0000000091f00000|100%| E|CS|TAMS 0x0000000091e00000| PB 0x0000000091e00000| Complete 
| 287|0x0000000091f00000, 0x0000000092000000, 0x0000000092000000|100%| E|CS|TAMS 0x0000000091f00000| PB 0x0000000091f00000| Complete 
| 288|0x0000000092000000, 0x0000000092100000, 0x0000000092100000|100%| E|CS|TAMS 0x0000000092000000| PB 0x0000000092000000| Complete 
| 289|0x0000000092100000, 0x0000000092200000, 0x0000000092200000|100%| E|CS|TAMS 0x0000000092100000| PB 0x0000000092100000| Complete 
| 290|0x0000000092200000, 0x0000000092300000, 0x0000000092300000|100%| E|CS|TAMS 0x0000000092200000| PB 0x0000000092200000| Complete 
| 291|0x0000000092300000, 0x0000000092400000, 0x0000000092400000|100%| E|CS|TAMS 0x0000000092300000| PB 0x0000000092300000| Complete 
| 292|0x0000000092400000, 0x0000000092500000, 0x0000000092500000|100%| E|CS|TAMS 0x0000000092400000| PB 0x0000000092400000| Complete 
| 293|0x0000000092500000, 0x0000000092600000, 0x0000000092600000|100%| E|CS|TAMS 0x0000000092500000| PB 0x0000000092500000| Complete 
| 294|0x0000000092600000, 0x0000000092700000, 0x0000000092700000|100%| E|CS|TAMS 0x0000000092600000| PB 0x0000000092600000| Complete 
| 295|0x0000000092700000, 0x0000000092800000, 0x0000000092800000|100%| E|CS|TAMS 0x0000000092700000| PB 0x0000000092700000| Complete 
| 296|0x0000000092800000, 0x0000000092900000, 0x0000000092900000|100%| E|CS|TAMS 0x0000000092800000| PB 0x0000000092800000| Complete 
| 297|0x0000000092900000, 0x0000000092a00000, 0x0000000092a00000|100%| E|CS|TAMS 0x0000000092900000| PB 0x0000000092900000| Complete 
| 298|0x0000000092a00000, 0x0000000092b00000, 0x0000000092b00000|100%| E|CS|TAMS 0x0000000092a00000| PB 0x0000000092a00000| Complete 
| 299|0x0000000092b00000, 0x0000000092c00000, 0x0000000092c00000|100%| E|CS|TAMS 0x0000000092b00000| PB 0x0000000092b00000| Complete 
| 300|0x0000000092c00000, 0x0000000092d00000, 0x0000000092d00000|100%| E|CS|TAMS 0x0000000092c00000| PB 0x0000000092c00000| Complete 
| 301|0x0000000092d00000, 0x0000000092e00000, 0x0000000092e00000|100%| E|CS|TAMS 0x0000000092d00000| PB 0x0000000092d00000| Complete 
| 302|0x0000000092e00000, 0x0000000092f00000, 0x0000000092f00000|100%| E|CS|TAMS 0x0000000092e00000| PB 0x0000000092e00000| Complete 
| 303|0x0000000092f00000, 0x0000000093000000, 0x0000000093000000|100%| E|CS|TAMS 0x0000000092f00000| PB 0x0000000092f00000| Complete 
| 304|0x0000000093000000, 0x0000000093100000, 0x0000000093100000|100%| E|CS|TAMS 0x0000000093000000| PB 0x0000000093000000| Complete 
| 305|0x0000000093100000, 0x0000000093200000, 0x0000000093200000|100%| E|CS|TAMS 0x0000000093100000| PB 0x0000000093100000| Complete 
| 306|0x0000000093200000, 0x0000000093300000, 0x0000000093300000|100%| E|CS|TAMS 0x0000000093200000| PB 0x0000000093200000| Complete 
| 307|0x0000000093300000, 0x0000000093400000, 0x0000000093400000|100%| E|CS|TAMS 0x0000000093300000| PB 0x0000000093300000| Complete 
| 308|0x0000000093400000, 0x0000000093500000, 0x0000000093500000|100%| E|CS|TAMS 0x0000000093400000| PB 0x0000000093400000| Complete 
| 309|0x0000000093500000, 0x0000000093600000, 0x0000000093600000|100%| E|CS|TAMS 0x0000000093500000| PB 0x0000000093500000| Complete 
| 310|0x0000000093600000, 0x0000000093700000, 0x0000000093700000|100%| E|CS|TAMS 0x0000000093600000| PB 0x0000000093600000| Complete 
| 311|0x0000000093700000, 0x0000000093800000, 0x0000000093800000|100%| E|CS|TAMS 0x0000000093700000| PB 0x0000000093700000| Complete 
| 312|0x0000000093800000, 0x0000000093900000, 0x0000000093900000|100%| E|CS|TAMS 0x0000000093800000| PB 0x0000000093800000| Complete 
| 313|0x0000000093900000, 0x0000000093a00000, 0x0000000093a00000|100%| E|CS|TAMS 0x0000000093900000| PB 0x0000000093900000| Complete 
| 314|0x0000000093a00000, 0x0000000093b00000, 0x0000000093b00000|100%| E|CS|TAMS 0x0000000093a00000| PB 0x0000000093a00000| Complete 
| 315|0x0000000093b00000, 0x0000000093c00000, 0x0000000093c00000|100%| E|CS|TAMS 0x0000000093b00000| PB 0x0000000093b00000| Complete 
| 316|0x0000000093c00000, 0x0000000093d00000, 0x0000000093d00000|100%| E|CS|TAMS 0x0000000093c00000| PB 0x0000000093c00000| Complete 
| 317|0x0000000093d00000, 0x0000000093e00000, 0x0000000093e00000|100%| E|CS|TAMS 0x0000000093d00000| PB 0x0000000093d00000| Complete 
| 318|0x0000000093e00000, 0x0000000093f00000, 0x0000000093f00000|100%| E|CS|TAMS 0x0000000093e00000| PB 0x0000000093e00000| Complete 
| 319|0x0000000093f00000, 0x0000000094000000, 0x0000000094000000|100%| E|CS|TAMS 0x0000000093f00000| PB 0x0000000093f00000| Complete 
| 320|0x0000000094000000, 0x0000000094100000, 0x0000000094100000|100%| E|CS|TAMS 0x0000000094000000| PB 0x0000000094000000| Complete 
| 321|0x0000000094100000, 0x0000000094200000, 0x0000000094200000|100%| E|CS|TAMS 0x0000000094100000| PB 0x0000000094100000| Complete 
| 322|0x0000000094200000, 0x0000000094300000, 0x0000000094300000|100%| E|CS|TAMS 0x0000000094200000| PB 0x0000000094200000| Complete 
| 323|0x0000000094300000, 0x0000000094400000, 0x0000000094400000|100%| E|CS|TAMS 0x0000000094300000| PB 0x0000000094300000| Complete 
| 324|0x0000000094400000, 0x0000000094500000, 0x0000000094500000|100%| E|CS|TAMS 0x0000000094400000| PB 0x0000000094400000| Complete 
| 325|0x0000000094500000, 0x0000000094600000, 0x0000000094600000|100%| E|CS|TAMS 0x0000000094500000| PB 0x0000000094500000| Complete 
| 326|0x0000000094600000, 0x0000000094700000, 0x0000000094700000|100%| E|CS|TAMS 0x0000000094600000| PB 0x0000000094600000| Complete 
| 327|0x0000000094700000, 0x0000000094800000, 0x0000000094800000|100%| E|CS|TAMS 0x0000000094700000| PB 0x0000000094700000| Complete 
| 328|0x0000000094800000, 0x0000000094900000, 0x0000000094900000|100%| E|CS|TAMS 0x0000000094800000| PB 0x0000000094800000| Complete 
| 329|0x0000000094900000, 0x0000000094a00000, 0x0000000094a00000|100%| E|CS|TAMS 0x0000000094900000| PB 0x0000000094900000| Complete 
| 330|0x0000000094a00000, 0x0000000094b00000, 0x0000000094b00000|100%| E|CS|TAMS 0x0000000094a00000| PB 0x0000000094a00000| Complete 
| 331|0x0000000094b00000, 0x0000000094c00000, 0x0000000094c00000|100%| E|CS|TAMS 0x0000000094b00000| PB 0x0000000094b00000| Complete 
| 332|0x0000000094c00000, 0x0000000094d00000, 0x0000000094d00000|100%| E|CS|TAMS 0x0000000094c00000| PB 0x0000000094c00000| Complete 
| 333|0x0000000094d00000, 0x0000000094e00000, 0x0000000094e00000|100%| E|CS|TAMS 0x0000000094d00000| PB 0x0000000094d00000| Complete 
| 334|0x0000000094e00000, 0x0000000094f00000, 0x0000000094f00000|100%| E|CS|TAMS 0x0000000094e00000| PB 0x0000000094e00000| Complete 
| 335|0x0000000094f00000, 0x0000000095000000, 0x0000000095000000|100%| E|CS|TAMS 0x0000000094f00000| PB 0x0000000094f00000| Complete 
| 336|0x0000000095000000, 0x0000000095100000, 0x0000000095100000|100%| E|CS|TAMS 0x0000000095000000| PB 0x0000000095000000| Complete 
| 337|0x0000000095100000, 0x0000000095200000, 0x0000000095200000|100%| E|CS|TAMS 0x0000000095100000| PB 0x0000000095100000| Complete 
| 338|0x0000000095200000, 0x0000000095300000, 0x0000000095300000|100%| E|CS|TAMS 0x0000000095200000| PB 0x0000000095200000| Complete 
| 339|0x0000000095300000, 0x0000000095400000, 0x0000000095400000|100%| E|CS|TAMS 0x0000000095300000| PB 0x0000000095300000| Complete 
| 340|0x0000000095400000, 0x0000000095500000, 0x0000000095500000|100%| E|CS|TAMS 0x0000000095400000| PB 0x0000000095400000| Complete 
| 341|0x0000000095500000, 0x0000000095600000, 0x0000000095600000|100%| E|CS|TAMS 0x0000000095500000| PB 0x0000000095500000| Complete 
| 342|0x0000000095600000, 0x0000000095700000, 0x0000000095700000|100%| E|CS|TAMS 0x0000000095600000| PB 0x0000000095600000| Complete 
| 343|0x0000000095700000, 0x0000000095800000, 0x0000000095800000|100%| E|CS|TAMS 0x0000000095700000| PB 0x0000000095700000| Complete 
| 344|0x0000000095800000, 0x0000000095900000, 0x0000000095900000|100%| E|CS|TAMS 0x0000000095800000| PB 0x0000000095800000| Complete 
| 345|0x0000000095900000, 0x0000000095a00000, 0x0000000095a00000|100%| E|CS|TAMS 0x0000000095900000| PB 0x0000000095900000| Complete 
| 346|0x0000000095a00000, 0x0000000095b00000, 0x0000000095b00000|100%| E|CS|TAMS 0x0000000095a00000| PB 0x0000000095a00000| Complete 
| 347|0x0000000095b00000, 0x0000000095c00000, 0x0000000095c00000|100%| E|CS|TAMS 0x0000000095b00000| PB 0x0000000095b00000| Complete 
| 348|0x0000000095c00000, 0x0000000095d00000, 0x0000000095d00000|100%| E|CS|TAMS 0x0000000095c00000| PB 0x0000000095c00000| Complete 
| 349|0x0000000095d00000, 0x0000000095e00000, 0x0000000095e00000|100%| E|CS|TAMS 0x0000000095d00000| PB 0x0000000095d00000| Complete 
| 350|0x0000000095e00000, 0x0000000095f00000, 0x0000000095f00000|100%| E|CS|TAMS 0x0000000095e00000| PB 0x0000000095e00000| Complete 
| 351|0x0000000095f00000, 0x0000000096000000, 0x0000000096000000|100%| E|CS|TAMS 0x0000000095f00000| PB 0x0000000095f00000| Complete 
| 352|0x0000000096000000, 0x0000000096100000, 0x0000000096100000|100%| E|CS|TAMS 0x0000000096000000| PB 0x0000000096000000| Complete 
| 353|0x0000000096100000, 0x0000000096200000, 0x0000000096200000|100%| E|CS|TAMS 0x0000000096100000| PB 0x0000000096100000| Complete 
| 354|0x0000000096200000, 0x0000000096300000, 0x0000000096300000|100%| E|CS|TAMS 0x0000000096200000| PB 0x0000000096200000| Complete 
| 355|0x0000000096300000, 0x0000000096400000, 0x0000000096400000|100%| E|CS|TAMS 0x0000000096300000| PB 0x0000000096300000| Complete 
| 356|0x0000000096400000, 0x0000000096500000, 0x0000000096500000|100%| E|CS|TAMS 0x0000000096400000| PB 0x0000000096400000| Complete 
| 357|0x0000000096500000, 0x0000000096600000, 0x0000000096600000|100%| E|CS|TAMS 0x0000000096500000| PB 0x0000000096500000| Complete 
| 358|0x0000000096600000, 0x0000000096700000, 0x0000000096700000|100%| E|CS|TAMS 0x0000000096600000| PB 0x0000000096600000| Complete 
| 359|0x0000000096700000, 0x0000000096800000, 0x0000000096800000|100%| E|CS|TAMS 0x0000000096700000| PB 0x0000000096700000| Complete 
| 360|0x0000000096800000, 0x0000000096900000, 0x0000000096900000|100%| E|CS|TAMS 0x0000000096800000| PB 0x0000000096800000| Complete 
| 361|0x0000000096900000, 0x0000000096a00000, 0x0000000096a00000|100%| E|CS|TAMS 0x0000000096900000| PB 0x0000000096900000| Complete 
| 362|0x0000000096a00000, 0x0000000096b00000, 0x0000000096b00000|100%| E|CS|TAMS 0x0000000096a00000| PB 0x0000000096a00000| Complete 
| 363|0x0000000096b00000, 0x0000000096c00000, 0x0000000096c00000|100%| E|CS|TAMS 0x0000000096b00000| PB 0x0000000096b00000| Complete 
| 364|0x0000000096c00000, 0x0000000096d00000, 0x0000000096d00000|100%| E|CS|TAMS 0x0000000096c00000| PB 0x0000000096c00000| Complete 
| 365|0x0000000096d00000, 0x0000000096e00000, 0x0000000096e00000|100%| E|CS|TAMS 0x0000000096d00000| PB 0x0000000096d00000| Complete 
| 366|0x0000000096e00000, 0x0000000096f00000, 0x0000000096f00000|100%| E|CS|TAMS 0x0000000096e00000| PB 0x0000000096e00000| Complete 
| 367|0x0000000096f00000, 0x0000000097000000, 0x0000000097000000|100%| E|CS|TAMS 0x0000000096f00000| PB 0x0000000096f00000| Complete 
| 368|0x0000000097000000, 0x0000000097100000, 0x0000000097100000|100%| E|CS|TAMS 0x0000000097000000| PB 0x0000000097000000| Complete 
| 369|0x0000000097100000, 0x0000000097200000, 0x0000000097200000|100%| E|CS|TAMS 0x0000000097100000| PB 0x0000000097100000| Complete 
| 370|0x0000000097200000, 0x0000000097300000, 0x0000000097300000|100%| E|CS|TAMS 0x0000000097200000| PB 0x0000000097200000| Complete 
| 371|0x0000000097300000, 0x0000000097400000, 0x0000000097400000|100%| E|CS|TAMS 0x0000000097300000| PB 0x0000000097300000| Complete 
| 372|0x0000000097400000, 0x0000000097500000, 0x0000000097500000|100%| E|CS|TAMS 0x0000000097400000| PB 0x0000000097400000| Complete 
| 373|0x0000000097500000, 0x0000000097600000, 0x0000000097600000|100%| E|CS|TAMS 0x0000000097500000| PB 0x0000000097500000| Complete 
| 374|0x0000000097600000, 0x0000000097700000, 0x0000000097700000|100%| E|CS|TAMS 0x0000000097600000| PB 0x0000000097600000| Complete 
| 375|0x0000000097700000, 0x0000000097800000, 0x0000000097800000|100%| E|CS|TAMS 0x0000000097700000| PB 0x0000000097700000| Complete 
| 376|0x0000000097800000, 0x0000000097900000, 0x0000000097900000|100%| E|CS|TAMS 0x0000000097800000| PB 0x0000000097800000| Complete 
| 377|0x0000000097900000, 0x0000000097a00000, 0x0000000097a00000|100%| E|CS|TAMS 0x0000000097900000| PB 0x0000000097900000| Complete 
| 378|0x0000000097a00000, 0x0000000097b00000, 0x0000000097b00000|100%| E|CS|TAMS 0x0000000097a00000| PB 0x0000000097a00000| Complete 
| 379|0x0000000097b00000, 0x0000000097c00000, 0x0000000097c00000|100%| E|CS|TAMS 0x0000000097b00000| PB 0x0000000097b00000| Complete 
| 380|0x0000000097c00000, 0x0000000097d00000, 0x0000000097d00000|100%| E|CS|TAMS 0x0000000097c00000| PB 0x0000000097c00000| Complete 
| 381|0x0000000097d00000, 0x0000000097e00000, 0x0000000097e00000|100%| E|CS|TAMS 0x0000000097d00000| PB 0x0000000097d00000| Complete 
| 382|0x0000000097e00000, 0x0000000097f00000, 0x0000000097f00000|100%| E|CS|TAMS 0x0000000097e00000| PB 0x0000000097e00000| Complete 
| 383|0x0000000097f00000, 0x0000000098000000, 0x0000000098000000|100%| E|CS|TAMS 0x0000000097f00000| PB 0x0000000097f00000| Complete 
| 384|0x0000000098000000, 0x0000000098100000, 0x0000000098100000|100%| E|CS|TAMS 0x0000000098000000| PB 0x0000000098000000| Complete 
| 385|0x0000000098100000, 0x0000000098200000, 0x0000000098200000|100%| E|CS|TAMS 0x0000000098100000| PB 0x0000000098100000| Complete 
| 386|0x0000000098200000, 0x0000000098300000, 0x0000000098300000|100%| E|CS|TAMS 0x0000000098200000| PB 0x0000000098200000| Complete 
| 387|0x0000000098300000, 0x0000000098400000, 0x0000000098400000|100%| E|CS|TAMS 0x0000000098300000| PB 0x0000000098300000| Complete 
| 388|0x0000000098400000, 0x0000000098500000, 0x0000000098500000|100%| E|CS|TAMS 0x0000000098400000| PB 0x0000000098400000| Complete 
| 389|0x0000000098500000, 0x0000000098600000, 0x0000000098600000|100%| E|CS|TAMS 0x0000000098500000| PB 0x0000000098500000| Complete 
| 390|0x0000000098600000, 0x0000000098700000, 0x0000000098700000|100%| S|CS|TAMS 0x0000000098600000| PB 0x0000000098600000| Complete 
| 391|0x0000000098700000, 0x0000000098800000, 0x0000000098800000|100%| S|CS|TAMS 0x0000000098700000| PB 0x0000000098700000| Complete 
| 392|0x0000000098800000, 0x0000000098900000, 0x0000000098900000|100%| S|CS|TAMS 0x0000000098800000| PB 0x0000000098800000| Complete 
| 393|0x0000000098900000, 0x0000000098a00000, 0x0000000098a00000|100%| S|CS|TAMS 0x0000000098900000| PB 0x0000000098900000| Complete 
| 394|0x0000000098a00000, 0x0000000098b00000, 0x0000000098b00000|100%| S|CS|TAMS 0x0000000098a00000| PB 0x0000000098a00000| Complete 
| 395|0x0000000098b00000, 0x0000000098c00000, 0x0000000098c00000|100%| E|CS|TAMS 0x0000000098b00000| PB 0x0000000098b00000| Complete 
| 396|0x0000000098c00000, 0x0000000098d00000, 0x0000000098d00000|100%| E|CS|TAMS 0x0000000098c00000| PB 0x0000000098c00000| Complete 
| 397|0x0000000098d00000, 0x0000000098e00000, 0x0000000098e00000|100%| E|CS|TAMS 0x0000000098d00000| PB 0x0000000098d00000| Complete 
| 398|0x0000000098e00000, 0x0000000098f00000, 0x0000000098f00000|100%| E|CS|TAMS 0x0000000098e00000| PB 0x0000000098e00000| Complete 
| 399|0x0000000098f00000, 0x0000000099000000, 0x0000000099000000|100%| E|CS|TAMS 0x0000000098f00000| PB 0x0000000098f00000| Complete 
| 400|0x0000000099000000, 0x0000000099100000, 0x0000000099100000|100%| E|CS|TAMS 0x0000000099000000| PB 0x0000000099000000| Complete 
| 401|0x0000000099100000, 0x0000000099200000, 0x0000000099200000|100%| E|CS|TAMS 0x0000000099100000| PB 0x0000000099100000| Complete 
| 402|0x0000000099200000, 0x0000000099300000, 0x0000000099300000|100%| E|CS|TAMS 0x0000000099200000| PB 0x0000000099200000| Complete 
| 403|0x0000000099300000, 0x0000000099400000, 0x0000000099400000|100%| E|CS|TAMS 0x0000000099300000| PB 0x0000000099300000| Complete 
| 404|0x0000000099400000, 0x0000000099500000, 0x0000000099500000|100%| E|CS|TAMS 0x0000000099400000| PB 0x0000000099400000| Complete 
| 405|0x0000000099500000, 0x0000000099600000, 0x0000000099600000|100%| E|CS|TAMS 0x0000000099500000| PB 0x0000000099500000| Complete 
| 406|0x0000000099600000, 0x0000000099700000, 0x0000000099700000|100%| E|CS|TAMS 0x0000000099600000| PB 0x0000000099600000| Complete 
| 407|0x0000000099700000, 0x0000000099800000, 0x0000000099800000|100%| E|CS|TAMS 0x0000000099700000| PB 0x0000000099700000| Complete 
| 408|0x0000000099800000, 0x0000000099900000, 0x0000000099900000|100%| E|CS|TAMS 0x0000000099800000| PB 0x0000000099800000| Complete 
| 409|0x0000000099900000, 0x0000000099a00000, 0x0000000099a00000|100%|HS|  |TAMS 0x0000000099900000| PB 0x0000000099900000| Complete 
| 410|0x0000000099a00000, 0x0000000099b00000, 0x0000000099b00000|100%|HC|  |TAMS 0x0000000099a00000| PB 0x0000000099a00000| Complete 
| 411|0x0000000099b00000, 0x0000000099c00000, 0x0000000099c00000|100%|HS|  |TAMS 0x0000000099b00000| PB 0x0000000099b00000| Complete 
| 412|0x0000000099c00000, 0x0000000099d00000, 0x0000000099d00000|100%|HC|  |TAMS 0x0000000099c00000| PB 0x0000000099c00000| Complete 
| 413|0x0000000099d00000, 0x0000000099e00000, 0x0000000099e00000|100%|HS|  |TAMS 0x0000000099d00000| PB 0x0000000099d00000| Complete 
| 414|0x0000000099e00000, 0x0000000099f00000, 0x0000000099f00000|100%|HC|  |TAMS 0x0000000099e00000| PB 0x0000000099e00000| Complete 
| 415|0x0000000099f00000, 0x000000009a000000, 0x000000009a000000|100%|HS|  |TAMS 0x0000000099f00000| PB 0x0000000099f00000| Complete 
| 416|0x000000009a000000, 0x000000009a100000, 0x000000009a100000|100%|HC|  |TAMS 0x000000009a000000| PB 0x000000009a000000| Complete 
| 417|0x000000009a100000, 0x000000009a200000, 0x000000009a200000|100%|HS|  |TAMS 0x000000009a100000| PB 0x000000009a100000| Complete 
| 418|0x000000009a200000, 0x000000009a300000, 0x000000009a300000|100%|HC|  |TAMS 0x000000009a200000| PB 0x000000009a200000| Complete 
| 419|0x000000009a300000, 0x000000009a400000, 0x000000009a400000|100%|HS|  |TAMS 0x000000009a300000| PB 0x000000009a300000| Complete 
| 420|0x000000009a400000, 0x000000009a500000, 0x000000009a500000|100%|HC|  |TAMS 0x000000009a400000| PB 0x000000009a400000| Complete 
| 421|0x000000009a500000, 0x000000009a600000, 0x000000009a600000|100%|HS|  |TAMS 0x000000009a500000| PB 0x000000009a500000| Complete 
| 422|0x000000009a600000, 0x000000009a700000, 0x000000009a700000|100%|HC|  |TAMS 0x000000009a600000| PB 0x000000009a600000| Complete 
| 423|0x000000009a700000, 0x000000009a800000, 0x000000009a800000|100%|HS|  |TAMS 0x000000009a700000| PB 0x000000009a700000| Complete 
| 424|0x000000009a800000, 0x000000009a900000, 0x000000009a900000|100%|HC|  |TAMS 0x000000009a800000| PB 0x000000009a800000| Complete 
| 425|0x000000009a900000, 0x000000009aa00000, 0x000000009aa00000|100%|HS|  |TAMS 0x000000009a900000| PB 0x000000009a900000| Complete 
| 426|0x000000009aa00000, 0x000000009ab00000, 0x000000009ab00000|100%|HC|  |TAMS 0x000000009aa00000| PB 0x000000009aa00000| Complete 
| 427|0x000000009ab00000, 0x000000009ac00000, 0x000000009ac00000|100%|HS|  |TAMS 0x000000009ab00000| PB 0x000000009ab00000| Complete 
| 428|0x000000009ac00000, 0x000000009ad00000, 0x000000009ad00000|100%|HC|  |TAMS 0x000000009ac00000| PB 0x000000009ac00000| Complete 
| 429|0x000000009ad00000, 0x000000009ae00000, 0x000000009ae00000|100%|HS|  |TAMS 0x000000009ad00000| PB 0x000000009ad00000| Complete 
| 430|0x000000009ae00000, 0x000000009af00000, 0x000000009af00000|100%|HC|  |TAMS 0x000000009ae00000| PB 0x000000009ae00000| Complete 
| 431|0x000000009af00000, 0x000000009b000000, 0x000000009b000000|100%|HS|  |TAMS 0x000000009af00000| PB 0x000000009af00000| Complete 
| 432|0x000000009b000000, 0x000000009b100000, 0x000000009b100000|100%|HC|  |TAMS 0x000000009b000000| PB 0x000000009b000000| Complete 
| 433|0x000000009b100000, 0x000000009b200000, 0x000000009b200000|100%|HS|  |TAMS 0x000000009b100000| PB 0x000000009b100000| Complete 
| 434|0x000000009b200000, 0x000000009b300000, 0x000000009b300000|100%|HC|  |TAMS 0x000000009b200000| PB 0x000000009b200000| Complete 
| 435|0x000000009b300000, 0x000000009b400000, 0x000000009b400000|100%|HS|  |TAMS 0x000000009b300000| PB 0x000000009b300000| Complete 
| 436|0x000000009b400000, 0x000000009b500000, 0x000000009b500000|100%|HC|  |TAMS 0x000000009b400000| PB 0x000000009b400000| Complete 
| 437|0x000000009b500000, 0x000000009b600000, 0x000000009b600000|100%|HS|  |TAMS 0x000000009b500000| PB 0x000000009b500000| Complete 
| 438|0x000000009b600000, 0x000000009b700000, 0x000000009b700000|100%|HC|  |TAMS 0x000000009b600000| PB 0x000000009b600000| Complete 
| 439|0x000000009b700000, 0x000000009b800000, 0x000000009b800000|100%|HS|  |TAMS 0x000000009b700000| PB 0x000000009b700000| Complete 
| 440|0x000000009b800000, 0x000000009b900000, 0x000000009b900000|100%|HC|  |TAMS 0x000000009b800000| PB 0x000000009b800000| Complete 
| 441|0x000000009b900000, 0x000000009ba00000, 0x000000009ba00000|100%|HS|  |TAMS 0x000000009b900000| PB 0x000000009b900000| Complete 
| 442|0x000000009ba00000, 0x000000009bb00000, 0x000000009bb00000|100%|HC|  |TAMS 0x000000009ba00000| PB 0x000000009ba00000| Complete 
| 443|0x000000009bb00000, 0x000000009bc00000, 0x000000009bc00000|100%|HS|  |TAMS 0x000000009bb00000| PB 0x000000009bb00000| Complete 
| 444|0x000000009bc00000, 0x000000009bd00000, 0x000000009bd00000|100%|HC|  |TAMS 0x000000009bc00000| PB 0x000000009bc00000| Complete 
| 445|0x000000009bd00000, 0x000000009be00000, 0x000000009be00000|100%|HS|  |TAMS 0x000000009bd00000| PB 0x000000009bd00000| Complete 
| 446|0x000000009be00000, 0x000000009bf00000, 0x000000009bf00000|100%|HC|  |TAMS 0x000000009be00000| PB 0x000000009be00000| Complete 
| 447|0x000000009bf00000, 0x000000009c000000, 0x000000009c000000|100%|HS|  |TAMS 0x000000009bf00000| PB 0x000000009bf00000| Complete 
| 448|0x000000009c000000, 0x000000009c100000, 0x000000009c100000|100%|HC|  |TAMS 0x000000009c000000| PB 0x000000009c000000| Complete 
| 449|0x000000009c100000, 0x000000009c200000, 0x000000009c200000|100%|HS|  |TAMS 0x000000009c100000| PB 0x000000009c100000| Complete 
| 450|0x000000009c200000, 0x000000009c300000, 0x000000009c300000|100%|HC|  |TAMS 0x000000009c200000| PB 0x000000009c200000| Complete 
| 451|0x000000009c300000, 0x000000009c400000, 0x000000009c400000|100%|HS|  |TAMS 0x000000009c300000| PB 0x000000009c300000| Complete 
| 452|0x000000009c400000, 0x000000009c500000, 0x000000009c500000|100%|HC|  |TAMS 0x000000009c400000| PB 0x000000009c400000| Complete 
| 453|0x000000009c500000, 0x000000009c600000, 0x000000009c600000|100%|HS|  |TAMS 0x000000009c500000| PB 0x000000009c500000| Complete 
| 454|0x000000009c600000, 0x000000009c700000, 0x000000009c700000|100%|HC|  |TAMS 0x000000009c600000| PB 0x000000009c600000| Complete 
| 455|0x000000009c700000, 0x000000009c800000, 0x000000009c800000|100%|HS|  |TAMS 0x000000009c700000| PB 0x000000009c700000| Complete 
| 456|0x000000009c800000, 0x000000009c900000, 0x000000009c900000|100%|HC|  |TAMS 0x000000009c800000| PB 0x000000009c800000| Complete 
| 457|0x000000009c900000, 0x000000009ca00000, 0x000000009ca00000|100%|HS|  |TAMS 0x000000009c900000| PB 0x000000009c900000| Complete 
| 458|0x000000009ca00000, 0x000000009cb00000, 0x000000009cb00000|100%|HC|  |TAMS 0x000000009ca00000| PB 0x000000009ca00000| Complete 
| 459|0x000000009cb00000, 0x000000009cc00000, 0x000000009cc00000|100%|HS|  |TAMS 0x000000009cb00000| PB 0x000000009cb00000| Complete 
| 460|0x000000009cc00000, 0x000000009cd00000, 0x000000009cd00000|100%|HC|  |TAMS 0x000000009cc00000| PB 0x000000009cc00000| Complete 
| 461|0x000000009cd00000, 0x000000009ce00000, 0x000000009ce00000|100%|HS|  |TAMS 0x000000009cd00000| PB 0x000000009cd00000| Complete 
| 462|0x000000009ce00000, 0x000000009cf00000, 0x000000009cf00000|100%|HC|  |TAMS 0x000000009ce00000| PB 0x000000009ce00000| Complete 
| 463|0x000000009cf00000, 0x000000009d000000, 0x000000009d000000|100%|HS|  |TAMS 0x000000009cf00000| PB 0x000000009cf00000| Complete 
| 464|0x000000009d000000, 0x000000009d100000, 0x000000009d100000|100%|HC|  |TAMS 0x000000009d000000| PB 0x000000009d000000| Complete 
| 465|0x000000009d100000, 0x000000009d200000, 0x000000009d200000|100%|HS|  |TAMS 0x000000009d100000| PB 0x000000009d100000| Complete 
| 466|0x000000009d200000, 0x000000009d300000, 0x000000009d300000|100%|HC|  |TAMS 0x000000009d200000| PB 0x000000009d200000| Complete 
| 467|0x000000009d300000, 0x000000009d400000, 0x000000009d400000|100%|HS|  |TAMS 0x000000009d300000| PB 0x000000009d300000| Complete 
| 468|0x000000009d400000, 0x000000009d500000, 0x000000009d500000|100%|HC|  |TAMS 0x000000009d400000| PB 0x000000009d400000| Complete 
| 469|0x000000009d500000, 0x000000009d600000, 0x000000009d600000|100%|HS|  |TAMS 0x000000009d500000| PB 0x000000009d500000| Complete 
| 470|0x000000009d600000, 0x000000009d700000, 0x000000009d700000|100%|HC|  |TAMS 0x000000009d600000| PB 0x000000009d600000| Complete 
| 471|0x000000009d700000, 0x000000009d800000, 0x000000009d800000|100%|HS|  |TAMS 0x000000009d700000| PB 0x000000009d700000| Complete 
| 472|0x000000009d800000, 0x000000009d900000, 0x000000009d900000|100%|HC|  |TAMS 0x000000009d800000| PB 0x000000009d800000| Complete 
| 473|0x000000009d900000, 0x000000009da00000, 0x000000009da00000|100%|HS|  |TAMS 0x000000009d900000| PB 0x000000009d900000| Complete 
| 474|0x000000009da00000, 0x000000009db00000, 0x000000009db00000|100%|HC|  |TAMS 0x000000009da00000| PB 0x000000009da00000| Complete 
| 475|0x000000009db00000, 0x000000009dc00000, 0x000000009dc00000|100%|HS|  |TAMS 0x000000009db00000| PB 0x000000009db00000| Complete 
| 476|0x000000009dc00000, 0x000000009dd00000, 0x000000009dd00000|100%|HC|  |TAMS 0x000000009dc00000| PB 0x000000009dc00000| Complete 
| 477|0x000000009dd00000, 0x000000009de00000, 0x000000009de00000|100%|HS|  |TAMS 0x000000009dd00000| PB 0x000000009dd00000| Complete 
| 478|0x000000009de00000, 0x000000009df00000, 0x000000009df00000|100%|HC|  |TAMS 0x000000009de00000| PB 0x000000009de00000| Complete 
| 479|0x000000009df00000, 0x000000009e000000, 0x000000009e000000|100%|HS|  |TAMS 0x000000009df00000| PB 0x000000009df00000| Complete 
| 480|0x000000009e000000, 0x000000009e100000, 0x000000009e100000|100%|HC|  |TAMS 0x000000009e000000| PB 0x000000009e000000| Complete 
| 481|0x000000009e100000, 0x000000009e200000, 0x000000009e200000|100%|HS|  |TAMS 0x000000009e100000| PB 0x000000009e100000| Complete 
| 482|0x000000009e200000, 0x000000009e300000, 0x000000009e300000|100%|HC|  |TAMS 0x000000009e200000| PB 0x000000009e200000| Complete 
| 483|0x000000009e300000, 0x000000009e400000, 0x000000009e400000|100%|HS|  |TAMS 0x000000009e300000| PB 0x000000009e300000| Complete 
| 484|0x000000009e400000, 0x000000009e500000, 0x000000009e500000|100%|HC|  |TAMS 0x000000009e400000| PB 0x000000009e400000| Complete 
| 485|0x000000009e500000, 0x000000009e500000, 0x000000009e600000|  0%| F|  |TAMS 0x000000009e500000| PB 0x000000009e500000| Untracked 
|2031|0x00000000fef00000, 0x00000000ff000000, 0x00000000ff000000|100%| O|  |TAMS 0x00000000fef00000| PB 0x00000000fef00000| Untracked 
|2032|0x00000000ff000000, 0x00000000ff100000, 0x00000000ff100000|100%| O|  |TAMS 0x00000000ff000000| PB 0x00000000ff000000| Untracked 
|2033|0x00000000ff100000, 0x00000000ff200000, 0x00000000ff200000|100%| O|  |TAMS 0x00000000ff100000| PB 0x00000000ff100000| Untracked 
|2034|0x00000000ff200000, 0x00000000ff300000, 0x00000000ff300000|100%| O|  |TAMS 0x00000000ff200000| PB 0x00000000ff200000| Untracked 
|2035|0x00000000ff300000, 0x00000000ff400000, 0x00000000ff400000|100%| O|  |TAMS 0x00000000ff300000| PB 0x00000000ff300000| Untracked 
|2036|0x00000000ff400000, 0x00000000ff500000, 0x00000000ff500000|100%| O|  |TAMS 0x00000000ff400000| PB 0x00000000ff400000| Untracked 
|2037|0x00000000ff500000, 0x00000000ff600000, 0x00000000ff600000|100%| O|  |TAMS 0x00000000ff500000| PB 0x00000000ff500000| Untracked 
|2038|0x00000000ff600000, 0x00000000ff700000, 0x00000000ff700000|100%| O|  |TAMS 0x00000000ff600000| PB 0x00000000ff600000| Untracked 
|2039|0x00000000ff700000, 0x00000000ff800000, 0x00000000ff800000|100%| O|Cm|TAMS 0x00000000ff700000| PB 0x00000000ff700000| Complete 
|2040|0x00000000ff800000, 0x00000000ff900000, 0x00000000ff900000|100%| E|CS|TAMS 0x00000000ff800000| PB 0x00000000ff800000| Complete 
|2041|0x00000000ff900000, 0x00000000ffa00000, 0x00000000ffa00000|100%| E|CS|TAMS 0x00000000ff900000| PB 0x00000000ff900000| Complete 
|2042|0x00000000ffa00000, 0x00000000ffb00000, 0x00000000ffb00000|100%| E|CS|TAMS 0x00000000ffa00000| PB 0x00000000ffa00000| Complete 
|2043|0x00000000ffb00000, 0x00000000ffc00000, 0x00000000ffc00000|100%| E|CS|TAMS 0x00000000ffb00000| PB 0x00000000ffb00000| Complete 
|2044|0x00000000ffc00000, 0x00000000ffd00000, 0x00000000ffd00000|100%| O|  |TAMS 0x00000000ffc00000| PB 0x00000000ffc00000| Untracked 
|2045|0x00000000ffd00000, 0x00000000ffe00000, 0x00000000ffe00000|100%| E|CS|TAMS 0x00000000ffd00000| PB 0x00000000ffd00000| Complete 
|2046|0x00000000ffe00000, 0x00000000fff00000, 0x00000000fff00000|100%| O|  |TAMS 0x00000000ffe00000| PB 0x00000000ffe00000| Untracked 
|2047|0x00000000fff00000, 0x0000000100000000, 0x0000000100000000|100%| E|CS|TAMS 0x00000000fff00000| PB 0x00000000fff00000| Complete 

Card table byte_map: [0x00000225f60e0000,0x00000225f64e0000] _byte_map_base: 0x00000225f5ce0000

Marking Bits: (CMBitMap*) 0x00000225f0619190
 Bits: [0x00000225f64e0000, 0x00000225f84e0000)

Polling page: 0x00000225f0690000

Metaspace:

Usage:
  Non-class:    137.53 MB used.
      Class:     22.62 MB used.
       Both:    160.15 MB used.

Virtual space:
  Non-class space:      192.00 MB reserved,     138.81 MB ( 72%) committed,  3 nodes.
      Class space:        1.00 GB reserved,      23.75 MB (  2%) committed,  1 nodes.
             Both:        1.19 GB reserved,     162.56 MB ( 13%) committed. 

Chunk freelists:
   Non-Class:  5.03 MB
       Class:  8.08 MB
        Both:  13.11 MB

MaxMetaspaceSize: unlimited
CompressedClassSpaceSize: 1.00 GB
Initial GC threshold: 21.00 MB
Current GC threshold: 264.31 MB
CDS: off
 - commit_granule_bytes: 65536.
 - commit_granule_words: 8192.
 - virtual_space_node_default_size: 8388608.
 - enlarge_chunks_in_place: 1.
 - use_allocation_guard: 0.


Internal statistics:

num_allocs_failed_limit: 9.
num_arena_births: 4908.
num_arena_deaths: 4.
num_vsnodes_births: 4.
num_vsnodes_deaths: 0.
num_space_committed: 2635.
num_space_uncommitted: 10.
num_chunks_returned_to_freelist: 117.
num_chunks_taken_from_freelist: 11869.
num_chunk_merges: 46.
num_chunk_splits: 7959.
num_chunks_enlarged: 5236.
num_inconsistent_stats: 0.

CodeHeap 'non-profiled nmethods': size=120000Kb used=16027Kb max_used=16027Kb free=103972Kb
 bounds [0x0000022587ad0000, 0x0000022588a80000, 0x000002258f000000]
CodeHeap 'profiled nmethods': size=120000Kb used=39907Kb max_used=39907Kb free=80092Kb
 bounds [0x0000022580000000, 0x0000022582700000, 0x0000022587530000]
CodeHeap 'non-nmethods': size=5760Kb used=2123Kb max_used=2172Kb free=3636Kb
 bounds [0x0000022587530000, 0x00000225877a0000, 0x0000022587ad0000]
CodeCache: size=245760Kb, used=58057Kb, max_used=58106Kb, free=187700Kb
 total_blobs=21540, nmethods=20555, adapters=887, full_count=0
Compilation: enabled, stopped_count=0, restarted_count=0

Compilation events (20 events):
Event: 36.312 Thread 0x00000225fb36d990 nmethod 26214 0x00000225826f2690 code [0x00000225826f2a80, 0x00000225826f43d0]
Event: 36.312 Thread 0x00000225fb36d990 26215       3       com.android.zipflinger.CentralDirectoryRecord::buildExtraField (77 bytes)
Event: 36.312 Thread 0x00000225fb36cef0 nmethod 26196 0x0000022588a61290 code [0x0000022588a614a0, 0x0000022588a61c90]
Event: 36.312 Thread 0x00000225fb36cef0 26209       4       java.lang.Math::min (12 bytes)
Event: 36.312 Thread 0x00000225fb36d990 nmethod 26215 0x00000225826f4b10 code [0x00000225826f4d60, 0x00000225826f5498]
Event: 36.313 Thread 0x00000225fb36cef0 nmethod 26209 0x0000022588a62110 code [0x0000022588a62280, 0x0000022588a622f8]
Event: 36.313 Thread 0x00000225fb36cef0 26177   !   4       sun.nio.ch.FileChannelImpl::readInternal (274 bytes)
Event: 36.321 Thread 0x00000225fb36cef0 nmethod 26177 0x0000022588a62410 code [0x0000022588a62640, 0x0000022588a62eb0]
Event: 36.344 Thread 0x00000225fb36cef0 26216       4       sun.net.util.URLUtil::urlNoFragString (143 bytes)
Event: 36.345 Thread 0x00000225fb36d990 26217   !   3       sun.security.jca.ProviderConfig::getProvider (322 bytes)
Event: 36.346 Thread 0x00000225a054db60 nmethod 26197 0x0000022588a63610 code [0x0000022588a639e0, 0x0000022588a65948]
Event: 36.348 Thread 0x00000225fb36d990 nmethod 26217 0x00000225826f5690 code [0x00000225826f5b20, 0x00000225826f78b0]
Event: 36.348 Thread 0x00000225fb36d990 26218       3       java.nio.ByteBuffer::rewind (5 bytes)
Event: 36.349 Thread 0x00000225fb36d990 nmethod 26218 0x00000225826f8690 code [0x00000225826f8840, 0x00000225826f8a00]
Event: 36.374 Thread 0x00000225fb36cef0 nmethod 26216 0x0000022588a67490 code [0x0000022588a677a0, 0x0000022588a68ff8]
Event: 36.452 Thread 0x00000225a054c020 nmethod 26090 0x0000022588a69d90 code [0x0000022588a6a960, 0x0000022588a71650]
Event: 37.460 Thread 0x00000225fb36d990 26219       3       java.util.concurrent.atomic.AtomicInteger::getAndIncrement (12 bytes)
Event: 37.460 Thread 0x00000225fb36d990 nmethod 26219 0x00000225826f8a90 code [0x00000225826f8c20, 0x00000225826f8d38]
Event: 37.465 Thread 0x00000225fb36d990 26220       1       com.android.apksig.internal.apk.ApkSigningBlockUtils$ChunkDigests::access$1000 (5 bytes)
Event: 37.466 Thread 0x00000225fb36d990 nmethod 26220 0x0000022588a76c10 code [0x0000022588a76da0, 0x0000022588a76e50]

GC Heap History (20 events):
Event: 27.602 GC heap before
{Heap before GC invocations=67 (full 0):
 garbage-first heap   total 404480K, used 207994K [0x0000000080000000, 0x0000000100000000)
  region size 1024K, 46 young (47104K), 16 survivors (16384K)
 Metaspace       used 135895K, committed 138304K, reserved 1179648K
  class space    used 18421K, committed 19584K, reserved 1048576K
}
Event: 27.609 GC heap after
{Heap after GC invocations=68 (full 0):
 garbage-first heap   total 404480K, used 178594K [0x0000000080000000, 0x0000000100000000)
  region size 1024K, 8 young (8192K), 8 survivors (8192K)
 Metaspace       used 135895K, committed 138304K, reserved 1179648K
  class space    used 18421K, committed 19584K, reserved 1048576K
}
Event: 28.530 GC heap before
{Heap before GC invocations=69 (full 0):
 garbage-first heap   total 404480K, used 402850K [0x0000000080000000, 0x0000000100000000)
  region size 1024K, 200 young (204800K), 8 survivors (8192K)
 Metaspace       used 137096K, committed 139584K, reserved 1179648K
  class space    used 18526K, committed 19712K, reserved 1048576K
}
Event: 28.537 GC heap after
{Heap after GC invocations=70 (full 0):
 garbage-first heap   total 413696K, used 179622K [0x0000000080000000, 0x0000000100000000)
  region size 1024K, 9 young (9216K), 9 survivors (9216K)
 Metaspace       used 137096K, committed 139584K, reserved 1179648K
  class space    used 18526K, committed 19712K, reserved 1048576K
}
Event: 28.735 GC heap before
{Heap before GC invocations=70 (full 0):
 garbage-first heap   total 413696K, used 389542K [0x0000000080000000, 0x0000000100000000)
  region size 1024K, 213 young (218112K), 9 survivors (9216K)
 Metaspace       used 137736K, committed 140224K, reserved 1179648K
  class space    used 18588K, committed 19776K, reserved 1048576K
}
Event: 28.742 GC heap after
{Heap after GC invocations=71 (full 0):
 garbage-first heap   total 413696K, used 177080K [0x0000000080000000, 0x0000000100000000)
  region size 1024K, 10 young (10240K), 10 survivors (10240K)
 Metaspace       used 137736K, committed 140224K, reserved 1179648K
  class space    used 18588K, committed 19776K, reserved 1048576K
}
Event: 28.993 GC heap before
{Heap before GC invocations=71 (full 0):
 garbage-first heap   total 413696K, used 390072K [0x0000000080000000, 0x0000000100000000)
  region size 1024K, 219 young (224256K), 10 survivors (10240K)
 Metaspace       used 137816K, committed 140288K, reserved 1179648K
  class space    used 18597K, committed 19776K, reserved 1048576K
}
Event: 28.998 GC heap after
{Heap after GC invocations=72 (full 0):
 garbage-first heap   total 413696K, used 178774K [0x0000000080000000, 0x0000000100000000)
  region size 1024K, 11 young (11264K), 11 survivors (11264K)
 Metaspace       used 137816K, committed 140288K, reserved 1179648K
  class space    used 18597K, committed 19776K, reserved 1048576K
}
Event: 29.270 GC heap before
{Heap before GC invocations=73 (full 0):
 garbage-first heap   total 413696K, used 386646K [0x0000000080000000, 0x0000000100000000)
  region size 1024K, 219 young (224256K), 11 survivors (11264K)
 Metaspace       used 134995K, committed 137920K, reserved 1179648K
  class space    used 18385K, committed 19648K, reserved 1048576K
}
Event: 29.276 GC heap after
{Heap after GC invocations=74 (full 0):
 garbage-first heap   total 413696K, used 174429K [0x0000000080000000, 0x0000000100000000)
  region size 1024K, 12 young (12288K), 12 survivors (12288K)
 Metaspace       used 134995K, committed 137920K, reserved 1179648K
  class space    used 18385K, committed 19648K, reserved 1048576K
}
Event: 29.492 GC heap before
{Heap before GC invocations=74 (full 0):
 garbage-first heap   total 413696K, used 390493K [0x0000000080000000, 0x0000000100000000)
  region size 1024K, 224 young (229376K), 12 survivors (12288K)
 Metaspace       used 135488K, committed 137984K, reserved 1179648K
  class space    used 18436K, committed 19648K, reserved 1048576K
}
Event: 29.498 GC heap after
{Heap after GC invocations=75 (full 0):
 garbage-first heap   total 413696K, used 165625K [0x0000000080000000, 0x0000000100000000)
  region size 1024K, 13 young (13312K), 13 survivors (13312K)
 Metaspace       used 135488K, committed 137984K, reserved 1179648K
  class space    used 18436K, committed 19648K, reserved 1048576K
}
Event: 29.668 GC heap before
{Heap before GC invocations=75 (full 0):
 garbage-first heap   total 413696K, used 390905K [0x0000000080000000, 0x0000000100000000)
  region size 1024K, 234 young (239616K), 13 survivors (13312K)
 Metaspace       used 135970K, committed 138432K, reserved 1179648K
  class space    used 18531K, committed 19712K, reserved 1048576K
}
Event: 29.674 GC heap after
{Heap after GC invocations=76 (full 0):
 garbage-first heap   total 413696K, used 167067K [0x0000000080000000, 0x0000000100000000)
  region size 1024K, 15 young (15360K), 15 survivors (15360K)
 Metaspace       used 135970K, committed 138432K, reserved 1179648K
  class space    used 18531K, committed 19712K, reserved 1048576K
}
Event: 33.478 GC heap before
{Heap before GC invocations=77 (full 0):
 garbage-first heap   total 413696K, used 389275K [0x0000000080000000, 0x0000000100000000)
  region size 1024K, 234 young (239616K), 15 survivors (15360K)
 Metaspace       used 141037K, committed 143424K, reserved 1179648K
  class space    used 19248K, committed 20416K, reserved 1048576K
}
Event: 33.489 GC heap after
{Heap after GC invocations=78 (full 0):
 garbage-first heap   total 415744K, used 173490K [0x0000000080000000, 0x0000000100000000)
  region size 1024K, 24 young (24576K), 24 survivors (24576K)
 Metaspace       used 141037K, committed 143424K, reserved 1179648K
  class space    used 19248K, committed 20416K, reserved 1048576K
}
Event: 34.910 GC heap before
{Heap before GC invocations=78 (full 0):
 garbage-first heap   total 415744K, used 392626K [0x0000000080000000, 0x0000000100000000)
  region size 1024K, 239 young (244736K), 24 survivors (24576K)
 Metaspace       used 159278K, committed 161792K, reserved 1245184K
  class space    used 22494K, committed 23680K, reserved 1048576K
}
Event: 34.930 GC heap after
{Heap after GC invocations=79 (full 0):
 garbage-first heap   total 436224K, used 184618K [0x0000000080000000, 0x0000000100000000)
  region size 1024K, 30 young (30720K), 30 survivors (30720K)
 Metaspace       used 159278K, committed 161792K, reserved 1245184K
  class space    used 22494K, committed 23680K, reserved 1048576K
}
Event: 34.971 GC heap before
{Heap before GC invocations=79 (full 0):
 garbage-first heap   total 436224K, used 191786K [0x0000000080000000, 0x0000000100000000)
  region size 1024K, 38 young (38912K), 30 survivors (30720K)
 Metaspace       used 159551K, committed 161984K, reserved 1245184K
  class space    used 22530K, committed 23680K, reserved 1048576K
}
Event: 34.984 GC heap after
{Heap after GC invocations=80 (full 0):
 garbage-first heap   total 436224K, used 190239K [0x0000000080000000, 0x0000000100000000)
  region size 1024K, 5 young (5120K), 5 survivors (5120K)
 Metaspace       used 159551K, committed 161984K, reserved 1245184K
  class space    used 22530K, committed 23680K, reserved 1048576K
}

Dll operation events (3 events):
Event: 0.009 Loaded shared library C:\Program Files\Android\Android Studio\jbr\bin\java.dll
Event: 0.014 Loaded shared library C:\Program Files\Android\Android Studio\jbr\bin\zip.dll
Event: 0.600 Loaded shared library C:\Program Files\Android\Android Studio\jbr\bin\verify.dll

Deoptimization events (20 events):
Event: 36.262 Thread 0x00000225a0a5be50 DEOPT PACKING pc=0x0000022587b15e98 sp=0x0000003885dfdba0
Event: 36.262 Thread 0x00000225a0a5be50 DEOPT UNPACKING pc=0x00000225875843a2 sp=0x0000003885dfdb40 mode 2
Event: 36.262 Thread 0x00000225a0a5be50 Uncommon trap: trap_request=0xffffffc6 fr.pc=0x00000225883cf640 relative=0x00000000000005e0
Event: 36.262 Thread 0x00000225a0a5be50 Uncommon trap: reason=bimorphic_or_optimized_type_check action=maybe_recompile pc=0x00000225883cf640 method=com.google.common.collect.TransformedIterator.next()Ljava/lang/Object; @ 5 c2
Event: 36.262 Thread 0x00000225a0a5be50 DEOPT PACKING pc=0x00000225883cf640 sp=0x0000003885dfdb60
Event: 36.262 Thread 0x00000225a0a5be50 DEOPT UNPACKING pc=0x00000225875843a2 sp=0x0000003885dfdb28 mode 2
Event: 36.262 Thread 0x00000225a0a5be50 Uncommon trap: trap_request=0xffffffc6 fr.pc=0x0000022587b15e98 relative=0x00000000000000d8
Event: 36.262 Thread 0x00000225a0a5be50 Uncommon trap: reason=bimorphic_or_optimized_type_check action=maybe_recompile pc=0x0000022587b15e98 method=com.google.common.collect.TransformedIterator.hasNext()Z @ 4 c2
Event: 36.262 Thread 0x00000225a0a5be50 DEOPT PACKING pc=0x0000022587b15e98 sp=0x0000003885dfdba0
Event: 36.262 Thread 0x00000225a0a5be50 DEOPT UNPACKING pc=0x00000225875843a2 sp=0x0000003885dfdb40 mode 2
Event: 36.262 Thread 0x00000225a0a5be50 Uncommon trap: trap_request=0xffffffc6 fr.pc=0x00000225883cf640 relative=0x00000000000005e0
Event: 36.262 Thread 0x00000225a0a5be50 Uncommon trap: reason=bimorphic_or_optimized_type_check action=maybe_recompile pc=0x00000225883cf640 method=com.google.common.collect.TransformedIterator.next()Ljava/lang/Object; @ 5 c2
Event: 36.262 Thread 0x00000225a0a5be50 DEOPT PACKING pc=0x00000225883cf640 sp=0x0000003885dfdb60
Event: 36.262 Thread 0x00000225a0a5be50 DEOPT UNPACKING pc=0x00000225875843a2 sp=0x0000003885dfdb28 mode 2
Event: 36.284 Thread 0x00000225a0a5be50 DEOPT PACKING pc=0x0000022580028996 sp=0x0000003885dfd9b0
Event: 36.284 Thread 0x00000225a0a5be50 DEOPT UNPACKING pc=0x0000022587584b42 sp=0x0000003885dfcec8 mode 0
Event: 36.300 Thread 0x00000225a0a5be50 Uncommon trap: trap_request=0xffffff45 fr.pc=0x0000022587b65e38 relative=0x00000000000015f8
Event: 36.300 Thread 0x00000225a0a5be50 Uncommon trap: reason=unstable_if action=reinterpret pc=0x0000022587b65e38 method=sun.nio.ch.IOUtil.writeFromNativeBuffer(Ljava/io/FileDescriptor;Ljava/nio/ByteBuffer;JZZILsun/nio/ch/NativeDispatcher;)I @ 92 c2
Event: 36.300 Thread 0x00000225a0a5be50 DEOPT PACKING pc=0x0000022587b65e38 sp=0x0000003885dfd560
Event: 36.300 Thread 0x00000225a0a5be50 DEOPT UNPACKING pc=0x00000225875843a2 sp=0x0000003885dfd420 mode 2

Classes loaded (20 events):
Event: 36.258 Loading class java/util/concurrent/ForkJoinTask$InterruptibleTask done
Event: 36.258 Loading class java/util/concurrent/ForkJoinTask$AdaptedInterruptibleCallable done
Event: 36.259 Loading class java/util/concurrent/ForkJoinTask$Aux
Event: 36.259 Loading class java/util/concurrent/ForkJoinTask$Aux done
Event: 36.259 Loading class java/util/concurrent/ForkJoinPool$DefaultForkJoinWorkerThreadFactory$1
Event: 36.259 Loading class java/util/concurrent/ForkJoinPool$DefaultForkJoinWorkerThreadFactory$1 done
Event: 36.313 Loading class java/nio/BufferOverflowException
Event: 36.314 Loading class java/nio/BufferOverflowException done
Event: 36.318 Loading class java/security/InvalidAlgorithmParameterException
Event: 36.318 Loading class java/security/InvalidAlgorithmParameterException done
Event: 36.321 Loading class java/security/DigestException
Event: 36.321 Loading class java/security/DigestException done
Event: 36.323 Loading class java/security/spec/InvalidKeySpecException
Event: 36.323 Loading class java/security/spec/InvalidKeySpecException done
Event: 36.339 Loading class java/security/spec/MGF1ParameterSpec
Event: 36.339 Loading class java/security/spec/MGF1ParameterSpec done
Event: 36.345 Loading class java/util/concurrent/ForkJoinTask$AdaptedInterruptibleRunnable
Event: 36.345 Loading class java/util/concurrent/ForkJoinTask$AdaptedInterruptibleRunnable done
Event: 36.345 Loading class java/util/concurrent/CountedCompleter
Event: 36.346 Loading class java/util/concurrent/CountedCompleter done

Classes unloaded (20 events):
Event: 29.099 Thread 0x00000225fb2bedc0 Unloading class 0x00000001011d4b90 'kotlin/UNINITIALIZED_VALUE'
Event: 29.099 Thread 0x00000225fb2bedc0 Unloading class 0x00000001011d4930 'kotlin/SynchronizedLazyImpl'
Event: 29.099 Thread 0x00000225fb2bedc0 Unloading class 0x00000001011d4700 'kotlin/Lazy'
Event: 29.099 Thread 0x00000225fb2bedc0 Unloading class 0x00000001011d4470 'kotlin/NoWhenBranchMatchedException'
Event: 29.099 Thread 0x00000225fb2bedc0 Unloading class 0x00000001011d4238 'kotlin/LazyKt'
Event: 29.099 Thread 0x00000225fb2bedc0 Unloading class 0x00000001011d4000 'kotlin/LazyKt__LazyKt'
Event: 29.099 Thread 0x00000225fb2bedc0 Unloading class 0x00000001011d3d60 'kotlin/LazyKt__LazyJVMKt'
Event: 29.099 Thread 0x00000225fb2bedc0 Unloading class 0x00000001011d3ae8 'androidx/room/compiler/processing/javac/JavacBasicAnnotationProcessor$xEnv$2'
Event: 29.099 Thread 0x00000225fb2bedc0 Unloading class 0x00000001011d38b8 'kotlin/jvm/functions/Function0'
Event: 29.099 Thread 0x00000225fb2bedc0 Unloading class 0x00000001011d3628 'kotlin/UninitializedPropertyAccessException'
Event: 29.099 Thread 0x00000225fb2bedc0 Unloading class 0x00000001011d3390 'kotlin/KotlinNullPointerException'
Event: 29.099 Thread 0x00000225fb2bedc0 Unloading class 0x00000001011d3158 'kotlin/jvm/internal/Intrinsics'
Event: 29.099 Thread 0x00000225fb2bedc0 Unloading class 0x00000001011d2ee8 'androidx/room/RoomProcessor$1'
Event: 29.099 Thread 0x00000225fb2bedc0 Unloading class 0x00000001011d2c90 'kotlin/jvm/internal/Lambda'
Event: 29.099 Thread 0x00000225fb2bedc0 Unloading class 0x00000001011d2a60 'kotlin/jvm/internal/FunctionBase'
Event: 29.099 Thread 0x00000225fb2bedc0 Unloading class 0x00000001011d2830 'kotlin/jvm/functions/Function1'
Event: 29.099 Thread 0x00000225fb2bedc0 Unloading class 0x00000001011d2600 'kotlin/Function'
Event: 29.099 Thread 0x00000225fb2bedc0 Unloading class 0x00000001011d2300 'androidx/room/RoomProcessor'
Event: 29.099 Thread 0x00000225fb2bedc0 Unloading class 0x00000001011d2000 'androidx/room/compiler/processing/javac/JavacBasicAnnotationProcessor'
Event: 29.099 Thread 0x00000225fb2bedc0 Unloading class 0x00000001011d1c00 'androidx/room/compiler/processing/XBasicAnnotationProcessor'

Classes redefined (0 events):
No events

Internal exceptions (20 events):
Event: 36.324 Thread 0x00000225a0a5be50 Exception <a 'sun/nio/fs/WindowsException'{0x0000000090563bf8}> (0x0000000090563bf8) 
thrown [s\src\hotspot\share\prims\jni.cpp, line 537]
Event: 36.324 Thread 0x00000225a0a5be50 Exception <a 'sun/nio/fs/WindowsException'{0x000000009056a138}> (0x000000009056a138) 
thrown [s\src\hotspot\share\prims\jni.cpp, line 537]
Event: 36.325 Thread 0x00000225a0a5be50 Exception <a 'sun/nio/fs/WindowsException'{0x0000000090571638}> (0x0000000090571638) 
thrown [s\src\hotspot\share\prims\jni.cpp, line 537]
Event: 36.325 Thread 0x00000225a0a5be50 Exception <a 'sun/nio/fs/WindowsException'{0x0000000090577da0}> (0x0000000090577da0) 
thrown [s\src\hotspot\share\prims\jni.cpp, line 537]
Event: 36.326 Thread 0x00000225a0a5be50 Exception <a 'sun/nio/fs/WindowsException'{0x000000009057eb90}> (0x000000009057eb90) 
thrown [s\src\hotspot\share\prims\jni.cpp, line 537]
Event: 36.327 Thread 0x00000225a0a5be50 Exception <a 'sun/nio/fs/WindowsException'{0x00000000905872d0}> (0x00000000905872d0) 
thrown [s\src\hotspot\share\prims\jni.cpp, line 537]
Event: 36.328 Thread 0x00000225a0a5be50 Exception <a 'sun/nio/fs/WindowsException'{0x000000009058f508}> (0x000000009058f508) 
thrown [s\src\hotspot\share\prims\jni.cpp, line 537]
Event: 36.330 Thread 0x00000225a0a5be50 Exception <a 'sun/nio/fs/WindowsException'{0x00000000905a78e0}> (0x00000000905a78e0) 
thrown [s\src\hotspot\share\prims\jni.cpp, line 537]
Event: 36.331 Thread 0x00000225a0a5be50 Exception <a 'sun/nio/fs/WindowsException'{0x00000000905ae358}> (0x00000000905ae358) 
thrown [s\src\hotspot\share\prims\jni.cpp, line 537]
Event: 36.334 Thread 0x00000225a0a5be50 Exception <a 'sun/nio/fs/WindowsException'{0x00000000905b9200}> (0x00000000905b9200) 
thrown [s\src\hotspot\share\prims\jni.cpp, line 537]
Event: 36.335 Thread 0x00000225a0a5be50 Exception <a 'sun/nio/fs/WindowsException'{0x00000000905c0830}> (0x00000000905c0830) 
thrown [s\src\hotspot\share\prims\jni.cpp, line 537]
Event: 36.338 Thread 0x00000225a0a5be50 Exception <a 'sun/nio/fs/WindowsException'{0x00000000905dcf58}> (0x00000000905dcf58) 
thrown [s\src\hotspot\share\prims\jni.cpp, line 537]
Event: 36.340 Thread 0x00000225a0a5be50 Exception <a 'sun/nio/fs/WindowsException'{0x00000000905ed630}> (0x00000000905ed630) 
thrown [s\src\hotspot\share\prims\jni.cpp, line 537]
Event: 36.341 Thread 0x00000225a0a5be50 Exception <a 'sun/nio/fs/WindowsException'{0x00000000905f8490}> (0x00000000905f8490) 
thrown [s\src\hotspot\share\prims\jni.cpp, line 537]
Event: 36.342 Thread 0x00000225a0a5be50 Exception <a 'sun/nio/fs/WindowsException'{0x0000000090408cc8}> (0x0000000090408cc8) 
thrown [s\src\hotspot\share\prims\jni.cpp, line 537]
Event: 36.343 Thread 0x00000225a0a5be50 Exception <a 'sun/nio/fs/WindowsException'{0x0000000090418378}> (0x0000000090418378) 
thrown [s\src\hotspot\share\prims\jni.cpp, line 537]
Event: 36.344 Thread 0x00000225a0a5be50 Exception <a 'sun/nio/fs/WindowsException'{0x00000000904208e8}> (0x00000000904208e8) 
thrown [s\src\hotspot\share\prims\jni.cpp, line 537]
Event: 36.344 Thread 0x00000225a0a5be50 Exception <a 'sun/nio/fs/WindowsException'{0x0000000090427008}> (0x0000000090427008) 
thrown [s\src\hotspot\share\prims\jni.cpp, line 537]
Event: 36.344 Thread 0x00000225a0a5be50 Exception <a 'sun/nio/fs/WindowsException'{0x000000009042dbf0}> (0x000000009042dbf0) 
thrown [s\src\hotspot\share\prims\jni.cpp, line 537]
Event: 36.349 Thread 0x000002259b62e390 Exception <a 'sun/nio/fs/WindowsException'{0x000000009095b8a0}> (0x000000009095b8a0) 
thrown [s\src\hotspot\share\prims\jni.cpp, line 537]

ZGC Phase Switch (0 events):
No events

VM Operations (20 events):
Event: 35.536 Executing VM operation: ICBufferFull
Event: 35.536 Executing VM operation: ICBufferFull done
Event: 35.650 Executing VM operation: HandshakeAllThreads (Deoptimize)
Event: 35.651 Executing VM operation: HandshakeAllThreads (Deoptimize) done
Event: 35.683 Executing VM operation: ICBufferFull
Event: 35.683 Executing VM operation: ICBufferFull done
Event: 35.878 Executing VM operation: ICBufferFull
Event: 35.878 Executing VM operation: ICBufferFull done
Event: 35.940 Executing VM operation: HandshakeAllThreads (Deoptimize)
Event: 35.940 Executing VM operation: HandshakeAllThreads (Deoptimize) done
Event: 36.052 Executing VM operation: HandshakeAllThreads (Deoptimize)
Event: 36.052 Executing VM operation: HandshakeAllThreads (Deoptimize) done
Event: 36.070 Executing VM operation: HandshakeAllThreads (Deoptimize)
Event: 36.071 Executing VM operation: HandshakeAllThreads (Deoptimize) done
Event: 36.074 Executing VM operation: HandshakeAllThreads (Deoptimize)
Event: 36.075 Executing VM operation: HandshakeAllThreads (Deoptimize) done
Event: 36.128 Executing VM operation: HandshakeAllThreads (Deoptimize)
Event: 36.128 Executing VM operation: HandshakeAllThreads (Deoptimize) done
Event: 37.129 Executing VM operation: Cleanup
Event: 37.455 Executing VM operation: Cleanup done

Memory protections (0 events):
No events

Nmethod flushes (20 events):
Event: 35.094 Thread 0x00000225fb2bedc0 flushing  nmethod 0x000002258079b490
Event: 35.094 Thread 0x00000225fb2bedc0 flushing  nmethod 0x00000225808c4990
Event: 35.094 Thread 0x00000225fb2bedc0 flushing  nmethod 0x0000022580d25b10
Event: 35.094 Thread 0x00000225fb2bedc0 flushing  nmethod 0x000002258112c210
Event: 35.094 Thread 0x00000225fb2bedc0 flushing  nmethod 0x000002258148ef90
Event: 35.094 Thread 0x00000225fb2bedc0 flushing  nmethod 0x0000022580170b90
Event: 35.094 Thread 0x00000225fb2bedc0 flushing  nmethod 0x00000225802a4490
Event: 35.094 Thread 0x00000225fb2bedc0 flushing  nmethod 0x0000022580b52810
Event: 35.094 Thread 0x00000225fb2bedc0 flushing  nmethod 0x0000022580c81710
Event: 35.094 Thread 0x00000225fb2bedc0 flushing  nmethod 0x0000022580d1fa90
Event: 35.094 Thread 0x00000225fb2bedc0 flushing  nmethod 0x0000022580fd0a90
Event: 35.094 Thread 0x00000225fb2bedc0 flushing  nmethod 0x00000225814a4e90
Event: 35.094 Thread 0x00000225fb2bedc0 flushing  nmethod 0x00000225814a6390
Event: 35.094 Thread 0x00000225fb2bedc0 flushing  nmethod 0x000002258162cb10
Event: 35.094 Thread 0x00000225fb2bedc0 flushing  nmethod 0x0000022580850910
Event: 35.094 Thread 0x00000225fb2bedc0 flushing  nmethod 0x00000225809eb290
Event: 35.094 Thread 0x00000225fb2bedc0 flushing  nmethod 0x0000022580d09990
Event: 35.094 Thread 0x00000225fb2bedc0 flushing  nmethod 0x0000022580dcfa10
Event: 35.094 Thread 0x00000225fb2bedc0 flushing  nmethod 0x0000022580dd5610
Event: 35.094 Thread 0x00000225fb2bedc0 flushing  nmethod 0x00000225815feb10

Events (20 events):
Event: 32.997 Thread 0x0000022594bd1450 Thread added: 0x00000225a0af4680
Event: 32.999 Thread 0x00000225fb36d990 Thread added: 0x00000225a054e230
Event: 33.936 Thread 0x00000225a054e230 Thread exited: 0x00000225a054e230
Event: 33.936 Thread 0x00000225a054db60 Thread exited: 0x00000225a054db60
Event: 34.053 Thread 0x00000225fb36d990 Thread added: 0x00000225a054c020
Event: 34.203 Thread 0x00000225fb36d990 Thread added: 0x00000225a054db60
Event: 35.117 Thread 0x00000225a0212390 Thread exited: 0x00000225a0212390
Event: 36.259 Thread 0x00000225a0a5be50 Thread added: 0x000002259b62e390
Event: 36.260 Thread 0x000002259b62e390 Thread added: 0x0000022599a642c0
Event: 36.345 Thread 0x0000022599a642c0 Thread added: 0x000002259aa7c2b0
Event: 36.346 Thread 0x000002259aa7c2b0 Thread added: 0x0000022594c18dc0
Event: 36.347 Thread 0x0000022594c18dc0 Thread added: 0x00000225a73d3a10
Event: 36.347 Thread 0x00000225a73d3a10 Thread added: 0x00000225a8923ff0
Event: 36.348 Thread 0x00000225a8923ff0 Thread added: 0x0000022594550050
Event: 36.348 Thread 0x0000022594550050 Thread added: 0x00000225a09636a0
Event: 36.349 Thread 0x00000225a09636a0 Thread added: 0x0000022599a62880
Event: 36.349 Thread 0x0000022599a62880 Thread added: 0x00000225a0094c30
Event: 36.349 Thread 0x00000225a0094c30 Thread added: 0x0000022599a63c30
Event: 37.460 Thread 0x00000225a054db60 Thread exited: 0x00000225a054db60
Event: 37.460 Thread 0x00000225a054c020 Thread exited: 0x00000225a054c020


Dynamic libraries:
0x00007ff6806a0000 - 0x00007ff6806aa000 	C:\Program Files\Android\Android Studio\jbr\bin\java.exe
0x00007ff8c4880000 - 0x00007ff8c4ae7000 	C:\WINDOWS\SYSTEM32\ntdll.dll
0x00007ff8c2860000 - 0x00007ff8c2929000 	C:\WINDOWS\System32\KERNEL32.DLL
0x00007ff8c1280000 - 0x00007ff8c1674000 	C:\WINDOWS\System32\KERNELBASE.dll
0x00007ff8c1680000 - 0x00007ff8c17cb000 	C:\WINDOWS\System32\ucrtbase.dll
0x00007ff85a6f0000 - 0x00007ff85a708000 	C:\Program Files\Android\Android Studio\jbr\bin\jli.dll
0x00007ff870d90000 - 0x00007ff870dab000 	C:\Program Files\Android\Android Studio\jbr\bin\VCRUNTIME140.dll
0x00007ff8c3520000 - 0x00007ff8c36e5000 	C:\WINDOWS\System32\USER32.dll
0x00007ff8a8720000 - 0x00007ff8a89b3000 	C:\WINDOWS\WinSxS\amd64_microsoft.windows.common-controls_6595b64144ccf1df_6.0.26100.8115_none_3e075c82e3354f9c\COMCTL32.dll
0x00007ff8c23b0000 - 0x00007ff8c23d7000 	C:\WINDOWS\System32\win32u.dll
0x00007ff8c2b70000 - 0x00007ff8c2c19000 	C:\WINDOWS\System32\msvcrt.dll
0x00007ff8c2c30000 - 0x00007ff8c2c5b000 	C:\WINDOWS\System32\GDI32.dll
0x00007ff8c1150000 - 0x00007ff8c127b000 	C:\WINDOWS\System32\gdi32full.dll
0x00007ff8c23e0000 - 0x00007ff8c2483000 	C:\WINDOWS\System32\msvcp_win.dll
0x00007ff8c2690000 - 0x00007ff8c26c2000 	C:\WINDOWS\System32\IMM32.DLL
0x00007ff893810000 - 0x00007ff89381c000 	C:\Program Files\Android\Android Studio\jbr\bin\vcruntime140_1.dll
0x00007ff853210000 - 0x00007ff85329d000 	C:\Program Files\Android\Android Studio\jbr\bin\msvcp140.dll
0x00007ffff6250000 - 0x00007ffff6ee6000 	C:\Program Files\Android\Android Studio\jbr\bin\server\jvm.dll
0x00007ff8c4370000 - 0x00007ff8c4426000 	C:\WINDOWS\System32\ADVAPI32.dll
0x00007ff8c3040000 - 0x00007ff8c30e7000 	C:\WINDOWS\System32\sechost.dll
0x00007ff8c2e40000 - 0x00007ff8c2f58000 	C:\WINDOWS\System32\RPCRT4.dll
0x00007ff8c2940000 - 0x00007ff8c29c0000 	C:\WINDOWS\System32\WS2_32.dll
0x00007ff8bdd70000 - 0x00007ff8bdda6000 	C:\WINDOWS\SYSTEM32\WINMM.dll
0x00007ff8c0fd0000 - 0x00007ff8c102e000 	C:\WINDOWS\SYSTEM32\POWRPROF.dll
0x00007ff8aa4d0000 - 0x00007ff8aa4db000 	C:\WINDOWS\SYSTEM32\VERSION.dll
0x00007ff8c0f90000 - 0x00007ff8c0fa4000 	C:\WINDOWS\SYSTEM32\UMPDC.dll
0x00007ff8bfe40000 - 0x00007ff8bfe5b000 	C:\WINDOWS\SYSTEM32\kernel.appcore.dll
0x00007ff874c40000 - 0x00007ff874c4a000 	C:\Program Files\Android\Android Studio\jbr\bin\jimage.dll
0x00007ff8beda0000 - 0x00007ff8befe2000 	C:\WINDOWS\SYSTEM32\DBGHELP.DLL
0x00007ff8c44b0000 - 0x00007ff8c4832000 	C:\WINDOWS\System32\combase.dll
0x00007ff8c2f60000 - 0x00007ff8c3038000 	C:\WINDOWS\System32\OLEAUT32.dll
0x00007ff8a0c20000 - 0x00007ff8a0c5b000 	C:\WINDOWS\SYSTEM32\dbgcore.DLL
0x00007ff8c17d0000 - 0x00007ff8c1875000 	C:\WINDOWS\System32\bcryptPrimitives.dll
0x00007ff8583f0000 - 0x00007ff8583fe000 	C:\Program Files\Android\Android Studio\jbr\bin\instrument.dll
0x00007ff85a670000 - 0x00007ff85a690000 	C:\Program Files\Android\Android Studio\jbr\bin\java.dll
0x00007ff859e50000 - 0x00007ff859e68000 	C:\Program Files\Android\Android Studio\jbr\bin\zip.dll
0x00007ff8c3770000 - 0x00007ff8c3ed7000 	C:\WINDOWS\System32\SHELL32.dll
0x00007ff8c2240000 - 0x00007ff8c23aa000 	C:\WINDOWS\System32\wintypes.dll
0x00007ff8c1940000 - 0x00007ff8c21a8000 	C:\WINDOWS\System32\windows.storage.dll
0x00007ff8c2c80000 - 0x00007ff8c2d78000 	C:\WINDOWS\System32\SHCORE.dll
0x00007ff8c4430000 - 0x00007ff8c4496000 	C:\WINDOWS\System32\shlwapi.dll
0x00007ff8c1070000 - 0x00007ff8c1099000 	C:\WINDOWS\SYSTEM32\profapi.dll
0x00007ff858bf0000 - 0x00007ff858c00000 	C:\Program Files\Android\Android Studio\jbr\bin\net.dll
0x00007ff8b5d00000 - 0x00007ff8b5e2d000 	C:\WINDOWS\SYSTEM32\WINHTTP.dll
0x00007ff8c0450000 - 0x00007ff8c04bc000 	C:\WINDOWS\system32\mswsock.dll
0x00007ff858bd0000 - 0x00007ff858be6000 	C:\Program Files\Android\Android Studio\jbr\bin\nio.dll
0x00007ff8584f0000 - 0x00007ff858500000 	C:\Program Files\Android\Android Studio\jbr\bin\verify.dll
0x00007ff87b000000 - 0x00007ff87b027000 	C:\Users\DELL\.gradle\native\660c5614fbf4a5f2a75b1949f50a0caf5cd603558e7d8a26e50b933a0cfb79d1\windows-amd64\native-platform.dll
0x00007ff858ad0000 - 0x00007ff858b47000 	C:\Users\DELL\.gradle\native\0.2.8\x86_64-windows-gnu\gradle-fileevents.dll
0x00007ff858bc0000 - 0x00007ff858bc9000 	C:\Program Files\Android\Android Studio\jbr\bin\management.dll
0x00007ff858ac0000 - 0x00007ff858acb000 	C:\Program Files\Android\Android Studio\jbr\bin\management_ext.dll
0x00007ff8c2c20000 - 0x00007ff8c2c28000 	C:\WINDOWS\System32\PSAPI.DLL
0x00007ff8bf8e0000 - 0x00007ff8bf912000 	C:\WINDOWS\SYSTEM32\IPHLPAPI.DLL
0x00007ff8c30f0000 - 0x00007ff8c30fa000 	C:\WINDOWS\System32\NSI.dll
0x00007ff858500000 - 0x00007ff858509000 	C:\Program Files\Android\Android Studio\jbr\bin\extnet.dll
0x00007ff8c0730000 - 0x00007ff8c074b000 	C:\WINDOWS\SYSTEM32\CRYPTSP.dll
0x00007ff8bfe60000 - 0x00007ff8bfe99000 	C:\WINDOWS\system32\rsaenh.dll
0x00007ff8c0500000 - 0x00007ff8c0533000 	C:\WINDOWS\SYSTEM32\USERENV.dll
0x00007ff8c1040000 - 0x00007ff8c106a000 	C:\WINDOWS\SYSTEM32\bcrypt.dll
0x00007ff8c0750000 - 0x00007ff8c075c000 	C:\WINDOWS\SYSTEM32\CRYPTBASE.dll
0x00007ff8aa240000 - 0x00007ff8aa248000 	C:\WINDOWS\system32\wshunix.dll
0x00007ff8c0000000 - 0x00007ff8c0036000 	C:\WINDOWS\SYSTEM32\ntmarta.dll

JVMTI agents:
C:\Users\DELL\.gradle\wrapper\dists\gradle-9.3.1-bin\23ovyewtku6u96viwx3xl3oks\gradle-9.3.1\lib\agents\gradle-instrumentation-agent-9.3.1.jar path:C:\Program Files\Android\Android Studio\jbr\bin\instrument.dll, loaded, initialized, instrumentlib options:none

dbghelp: loaded successfully - version: 4.0.5 - missing functions: none
symbol engine: initialized successfully - sym options: 0x614 - pdb path: .;C:\Program Files\Android\Android Studio\jbr\bin;C:\WINDOWS\SYSTEM32;C:\WINDOWS\WinSxS\amd64_microsoft.windows.common-controls_6595b64144ccf1df_6.0.26100.8115_none_3e075c82e3354f9c;C:\Program Files\Android\Android Studio\jbr\bin\server;C:\Users\DELL\.gradle\native\660c5614fbf4a5f2a75b1949f50a0caf5cd603558e7d8a26e50b933a0cfb79d1\windows-amd64;C:\Users\DELL\.gradle\native\0.2.8\x86_64-windows-gnu

VM Arguments:
jvm_args: --add-opens=java.base/java.lang=ALL-UNNAMED --add-opens=java.base/java.lang.invoke=ALL-UNNAMED --add-opens=java.base/java.util=ALL-UNNAMED --add-opens=java.prefs/java.util.prefs=ALL-UNNAMED --add-exports=jdk.compiler/com.sun.tools.javac.api=ALL-UNNAMED --add-exports=jdk.compiler/com.sun.tools.javac.util=ALL-UNNAMED --add-opens=java.base/java.util=ALL-UNNAMED --add-opens=java.prefs/java.util.prefs=ALL-UNNAMED --add-opens=java.base/java.nio.charset=ALL-UNNAMED --add-opens=java.base/java.net=ALL-UNNAMED --add-opens=java.base/java.util.concurrent=ALL-UNNAMED --add-opens=java.base/java.util.concurrent.atomic=ALL-UNNAMED --add-opens=java.xml/javax.xml.namespace=ALL-UNNAMED --add-opens=java.base/java.time=ALL-UNNAMED -Xmx2048m -Dfile.encoding=UTF-8 -Duser.country=US -Duser.language=en -Duser.variant -javaagent:C:\Users\DELL\.gradle\wrapper\dists\gradle-9.3.1-bin\23ovyewtku6u96viwx3xl3oks\gradle-9.3.1\lib\agents\gradle-instrumentation-agent-9.3.1.jar 
java_command: org.gradle.launcher.daemon.bootstrap.GradleDaemon 9.3.1
java_class_path (initial): C:\Users\DELL\.gradle\wrapper\dists\gradle-9.3.1-bin\23ovyewtku6u96viwx3xl3oks\gradle-9.3.1\lib\gradle-daemon-main-9.3.1.jar
Launcher Type: SUN_STANDARD

[Global flags]
     intx CICompilerCount                          = 4                                         {product} {ergonomic}
     uint ConcGCThreads                            = 3                                         {product} {ergonomic}
     uint G1ConcRefinementThreads                  = 10                                        {product} {ergonomic}
   size_t G1HeapRegionSize                         = 1048576                                   {product} {ergonomic}
    uintx GCDrainStackTargetSize                   = 64                                        {product} {ergonomic}
   size_t InitialHeapSize                          = 264241152                                 {product} {ergonomic}
   size_t MarkStackSize                            = 4194304                                   {product} {ergonomic}
   size_t MaxHeapSize                              = 2147483648                                {product} {command line}
   size_t MaxNewSize                               = 1287651328                                {product} {ergonomic}
   size_t MinHeapDeltaBytes                        = 1048576                                   {product} {ergonomic}
   size_t MinHeapSize                              = 8388608                                   {product} {ergonomic}
    uintx NonNMethodCodeHeapSize                   = 5839372                                {pd product} {ergonomic}
    uintx NonProfiledCodeHeapSize                  = 122909434                              {pd product} {ergonomic}
    uintx ProfiledCodeHeapSize                     = 122909434                              {pd product} {ergonomic}
    uintx ReservedCodeCacheSize                    = 251658240                              {pd product} {ergonomic}
     bool SegmentedCodeCache                       = true                                      {product} {ergonomic}
   size_t SoftMaxHeapSize                          = 2147483648                             {manageable} {ergonomic}
     bool UseCompressedOops                        = true                           {product lp64_product} {ergonomic}
     bool UseG1GC                                  = true                                      {product} {ergonomic}
     bool UseLargePagesIndividualAllocation        = false                                  {pd product} {ergonomic}

Logging:
Log output configuration:
 #0: stdout all=warning uptime,level,tags foldmultilines=false
 #1: stderr all=off uptime,level,tags foldmultilines=false

Release file:
JAVA_VERSION="21.0.9" 
MODULES="java.base java.compiler java.datatransfer java.xml java.prefs java.desktop java.instrument java.logging java.management java.security.sasl java.naming java.rmi java.management.rmi java.net.http java.scripting java.security.jgss java.transaction.xa java.sql java.sql.rowset java.xml.crypto java.se java.smartcardio jdk.accessibility jdk.internal.jvmstat jdk.attach jdk.charsets jdk.internal.opt jdk.zipfs jdk.compiler jdk.crypto.ec jdk.crypto.cryptoki jdk.dynalink jdk.hotspot.agent jdk.httpserver jdk.internal.ed jdk.internal.le jdk.internal.vm.ci jdk.jartool jdk.javadoc jdk.jcmd jdk.jdeps jdk.jdwp.agent jdk.jdi jdk.jfr jdk.jlink jdk.jsobject jdk.localedata jdk.management jdk.management.agent jdk.management.jfr jdk.naming.dns jdk.naming.rmi jdk.net jdk.sctp jdk.security.auth jdk.security.jgss jdk.unsupported jdk.unsupported.desktop jdk.xml.dom" 
IMPLEMENTOR="JetBrains s.r.o." 
JAVA_RUNTIME_VERSION="21.0.9+-14787801-b1163.94" 
LIBC="default" 
OS_ARCH="x86_64" 
OS_NAME="Windows" 
SOURCE=".:git:0c757ddc9f2f" 

Environment Variables:
JAVA_HOME=C:\Program Files\Android\Android Studio\jbr
PATH=C:\Program Files (x86)\Common Files\Oracle\Java\java8path;C:\Program Files (x86)\Common Files\Oracle\Java\javapath;C:\Program Files\Microsoft MPI\Bin\;C:\WINDOWS\system32;C:\WINDOWS;C:\WINDOWS\System32\Wbem;C:\WINDOWS\System32\WindowsPowerShell\v1.0\;C:\WINDOWS\System32\OpenSSH\;C:\Program Files\dotnet\;C:\msys64\ucrt64\bin;C:\Program Files (x86)\Windows Kits\10\Windows Performance Toolkit\;C:\Program Files (x86)\Microsoft SQL Server\160\Tools\Binn\;C:\Program Files\Microsoft SQL Server\160\Tools\Binn\;C:\Program Files\Microsoft SQL Server\Client SDK\ODBC\170\Tools\Binn\;C:\Program Files\Microsoft SQL Server\160\DTS\Binn\;C:\Program Files (x86)\Microsoft SQL Server\160\DTS\Binn\;C:\Program Files\Microsoft SQL Server\170\DTS\Binn\;C:\Program Files\Git\cmd;C:\WINDOWS\system32\config\systemprofile\AppData\Local\Muse Hub\lib;C:\Program Files\PuTTY\;C:\Program Files\nodejs\;C:\Program Files\Void\bin;C:\Program Files\MySQL\MySQL Shell 8.0\bin\;C:\Users\DELL\AppData\Local\Programs\Python\Python310\Scripts\;C:\Users\DELL\AppData\Local\Programs\Python\Python310\;C:\Users\DELL\AppData\Local\Microsoft\WindowsApps;C:\Users\DELL\.dotnet\tools;C:\Users\DELL\AppData\Local\Programs\Microsoft VS Code\bin;C:\Users\DELL\AppData\Local\Pandoc\;C:\Users\DELL\AppData\Roaming\npm;C:\Program Files\MySQL\MySQL Server 8.0\bin;C:\Users\DELL\AppData\Local\Programs\cursor\resources\app\bin;C:\Users\DELL\AppData\Local\Programs\Antigravity\bin;C:\Users\DELL\AppData\Local\Microsoft\WindowsApps;
USERNAME=DELL
OS=Windows_NT
PROCESSOR_IDENTIFIER=Intel64 Family 6 Model 154 Stepping 4, GenuineIntel
TMP=C:\Users\DELL\AppData\Local\Temp
TEMP=C:\Users\DELL\AppData\Local\Temp




Periodic native trim disabled

JNI global refs:
JNI global refs: 28, weak refs: 0

JNI global refs memory usage: 835, weak refs: 833

Process memory usage:
Resident Set Size: 896972K (5% of 16454388K total physical memory with 938224K free physical memory)

OOME stack traces (most recent first):
Classloader memory used:
Loader org.gradle.internal.classloader.VisitableURLClassLoader$InstrumentingVisitableURLClassLoader: 61763K
Loader org.gradle.internal.classloader.VisitableURLClassLoader                         : 45954K
Loader bootstrap                                                                       : 31784K
Loader org.gradle.initialization.MixInLegacyTypesClassLoader                           : 12177K
Loader jdk.internal.loader.ClassLoaders$AppClassLoader                                 : 10942K
Loader jdk.internal.loader.ClassLoaders$PlatformClassLoader                            : 694K
Loader jdk.internal.reflect.DelegatingClassLoader                                      : 444K
Loader org.gradle.groovy.scripts.internal.DefaultScriptCompilationHandler$ScriptClassLoader: 144K
Loader org.gradle.internal.classloader.VisitableURLClassLoader                         : 88360B

Classes loaded by more than one classloader:
Class com.google.common.base.Equivalence$Identity                                     : loaded 2 times (x 82B)
Class com.google.common.base.PairwiseEquivalence                                      : loaded 2 times (x 83B)
Class com.google.common.collect.RegularImmutableMap$KeySet                            : loaded 2 times (x 152B)
Class org.gradle.internal.classloader.FilteringClassLoader                            : loaded 2 times (x 105B)
Class [Lcom.google.common.collect.MapMakerInternalMap$Segment;                        : loaded 2 times (x 69B)
Class com.google.common.io.FileWriteMode                                              : loaded 2 times (x 79B)
Class [Lcom.google.common.base.AbstractIterator$State;                                : loaded 2 times (x 69B)
Class com.google.common.base.CharMatcher$IsEither                                     : loaded 2 times (x 111B)
Class org.gradle.internal.classloader.ClassLoaderHierarchy                            : loaded 2 times (x 70B)
Class build_vum9lm4dgnnr9clfhb7twf98$_run_closure1                                    : loaded 2 times (x 139B)
Class com.google.common.collect.AbstractMapBasedMultimap$WrappedCollection            : loaded 2 times (x 124B)
Class com.google.common.collect.ImmutableEnumSet                                      : loaded 2 times (x 146B)
Class com.google.common.util.concurrent.ExecutionError                                : loaded 2 times (x 82B)
Class com.google.common.collect.ImmutableList$1                                       : loaded 2 times (x 97B)
Class org.gradle.api.internal.classpath.ManifestUtil                                  : loaded 2 times (x 71B)
Class com.google.common.io.ByteArrayDataOutput                                        : loaded 2 times (x 70B)
Class com.google.common.collect.RegularImmutableMap                                   : loaded 2 times (x 121B)
Class com.google.common.collect.ImmutableMap$MapViewOfValuesAsSingletonSets           : loaded 2 times (x 126B)
Class com.google.common.collect.TransformedListIterator                               : loaded 2 times (x 93B)
Class [Lorg.objectweb.asm.Symbol;                                                     : loaded 2 times (x 69B)
Class org.objectweb.asm.ClassVisitor                                                  : loaded 2 times (x 88B)
Class com.google.common.collect.UnmodifiableListIterator                              : loaded 2 times (x 95B)
Class com.google.common.collect.MapMakerInternalMap$StrongKeyDummyValueEntry$LinkedStrongKeyDummyValueEntry: loaded 2 times (x 82B)
Class com.google.common.collect.MapMakerInternalMap$Strength                          : loaded 2 times (x 80B)
Class com.google.common.base.Platform$JdkPatternCompiler                              : loaded 2 times (x 75B)
Class org.objectweb.asm.MethodTooLargeException                                       : loaded 2 times (x 83B)
Class [Lcom.google.common.cache.CacheBuilder$OneWeigher;                              : loaded 2 times (x 69B)
Class com.google.common.base.Suppliers                                                : loaded 2 times (x 71B)
Class org.gradle.internal.classloader.DefaultClassLoaderFactory                       : loaded 2 times (x 82B)
Class [Lcom.google.common.collect.AbstractIterator$State;                             : loaded 2 times (x 69B)
Class com.google.common.base.CharMatcher$None                                         : loaded 2 times (x 112B)
Class org.gradle.internal.classloader.ClassLoaderVisitor                              : loaded 2 times (x 76B)
Class [Lcom.google.common.collect.ImmutableMapEntry;                                  : loaded 2 times (x 69B)
Class org.gradle.api.internal.classpath.EffectiveClassPath                            : loaded 2 times (x 90B)
Class com.google.common.collect.ListMultimap                                          : loaded 2 times (x 70B)
Class com.google.common.collect.ImmutableEnumMap                                      : loaded 2 times (x 126B)
Class com.google.common.collect.Iterators$EmptyModifiableIterator                     : loaded 2 times (x 86B)
Class com.google.common.base.Splitter                                                 : loaded 2 times (x 72B)
Class com.google.common.collect.Sets$1                                                : loaded 2 times (x 139B)
Class org.objectweb.asm.AnnotationVisitor                                             : loaded 2 times (x 78B)
Class org.gradle.api.internal.DefaultClassPathProvider                                : loaded 2 times (x 76B)
Class [Lcom.google.common.base.Function;                                              : loaded 2 times (x 69B)
Class com.google.common.collect.MapMakerInternalMap$Strength$1                        : loaded 2 times (x 80B)
Class com.google.common.collect.Maps$ViewCachingAbstractMap                           : loaded 2 times (x 125B)
Class com.google.common.collect.Sets$2                                                : loaded 2 times (x 139B)
Class [Lorg.gradle.api.internal.ClassPathProvider;                                    : loaded 2 times (x 69B)
Class org.gradle.api.internal.ClassPathProvider                                       : loaded 2 times (x 70B)
Class com.google.common.collect.MapMakerInternalMap$Strength$2                        : loaded 2 times (x 80B)
Class com.google.common.base.AbstractIterator$State                                   : loaded 2 times (x 79B)
Class [Lorg.objectweb.asm.AnnotationVisitor;                                          : loaded 2 times (x 69B)
Class com.google.common.collect.Sets$3                                                : loaded 2 times (x 139B)
Class com.google.common.cache.LocalCache$LocalLoadingCache                            : loaded 2 times (x 134B)
Class org.gradle.internal.service.UnknownServiceException                             : loaded 2 times (x 83B)
Class com.google.common.io.ByteArrayDataInput                                         : loaded 2 times (x 70B)
Class com.google.common.collect.MapMakerInternalMap$StrongValueEntry                  : loaded 2 times (x 70B)
Class com.google.common.collect.Sets$4                                                : loaded 2 times (x 139B)
Class org.objectweb.asm.ModuleVisitor                                                 : loaded 2 times (x 81B)
Class com.google.common.cache.LocalCache$Strength$1                                   : loaded 2 times (x 81B)
Class com.google.common.collect.Collections2$FilteredCollection                       : loaded 2 times (x 119B)
Class com.google.common.util.concurrent.SettableFuture                                : loaded 2 times (x 114B)
Class com.google.common.cache.LocalCache$Strength$2                                   : loaded 2 times (x 81B)
Class [Lcom.google.common.collect.Maps$EntryFunction;                                 : loaded 2 times (x 69B)
Class com.google.common.io.ByteStreams                                                : loaded 2 times (x 71B)
Class com.google.common.collect.Interners$InternerImpl                                : loaded 2 times (x 75B)
Class com.google.common.collect.Interner                                              : loaded 2 times (x 70B)
Class com.google.common.collect.TransformedIterator                                   : loaded 2 times (x 80B)
Class com.google.common.base.Splitter$1                                               : loaded 2 times (x 77B)
Class com.google.common.cache.LocalCache$Strength$3                                   : loaded 2 times (x 81B)
Class com.google.common.collect.MapDifference                                         : loaded 2 times (x 70B)
Class com.google.common.collect.MapMaker$Dummy                                        : loaded 2 times (x 79B)
Class org.objectweb.asm.FieldWriter                                                   : loaded 2 times (x 78B)
Class com.google.common.cache.CacheBuilder$NullListener                               : loaded 2 times (x 82B)
Class org.gradle.internal.classpath.TransformedClassPath                              : loaded 2 times (x 96B)
Class org.gradle.internal.classloader.InstrumentingClassLoader                        : loaded 2 times (x 70B)
Class com.google.common.collect.Maps$IteratorBasedAbstractMap$1                       : loaded 2 times (x 138B)
Class com.google.common.cache.CacheLoader$FunctionToCacheLoader                       : loaded 2 times (x 75B)
Class com.google.common.collect.Iterators$ArrayItr                                    : loaded 2 times (x 97B)
Class com.google.common.collect.ImmutableCollection$Builder                           : loaded 2 times (x 76B)
Class com.google.common.collect.BaseImmutableMultimap                                 : loaded 2 times (x 123B)
Class com.google.common.base.Joiner                                                   : loaded 2 times (x 79B)
Class com.google.common.base.MoreObjects                                              : loaded 2 times (x 71B)
Class com.google.common.collect.Platform                                              : loaded 2 times (x 71B)
Class [Lorg.objectweb.asm.Type;                                                       : loaded 2 times (x 69B)
Class com.google.common.collect.UnmodifiableIterator                                  : loaded 2 times (x 80B)
Class org.gradle.internal.service.ServiceLocator                                      : loaded 2 times (x 70B)
Class com.google.common.collect.HashBiMap$BiEntry                                     : loaded 2 times (x 83B)
Class com.google.common.collect.SingletonImmutableBiMap                               : loaded 2 times (x 143B)
Class com.google.common.base.Ascii                                                    : loaded 2 times (x 71B)
Class com.google.common.cache.LocalCache$1                                            : loaded 2 times (x 89B)
Class com.google.common.collect.Iterators$SingletonIterator                           : loaded 2 times (x 81B)
Class com.google.common.collect.AbstractMapEntry                                      : loaded 2 times (x 81B)
Class settings_cqu13lbp78xniu3qlwonyc3q3                                              : loaded 2 times (x 171B)
Class com.google.common.collect.AbstractSetMultimap                                   : loaded 2 times (x 174B)
Class com.google.common.collect.MapMakerInternalMap$AbstractStrongKeyEntry            : loaded 2 times (x 80B)
Class com.google.common.collect.Sets$ImprovedAbstractSet                              : loaded 2 times (x 135B)
Class com.google.common.collect.ImmutableList$Builder                                 : loaded 2 times (x 77B)
Class com.google.common.collect.AbstractMultimap                                      : loaded 2 times (x 123B)
Class com.google.common.cache.LocalCache$2                                            : loaded 2 times (x 142B)
Class com.google.common.collect.RegularImmutableAsList                                : loaded 2 times (x 217B)
Class com.google.common.base.Optional                                                 : loaded 2 times (x 80B)
Class com.google.common.util.concurrent.AbstractFuture$Trusted                        : loaded 2 times (x 70B)
Class com.google.common.collect.Iterators                                             : loaded 2 times (x 71B)
Class com.google.common.io.ByteSink$AsCharSink                                        : loaded 2 times (x 80B)
Class com.google.common.collect.Lists$StringAsImmutableList                           : loaded 2 times (x 207B)
Class com.google.common.util.concurrent.UncheckedExecutionException                   : loaded 2 times (x 82B)
Class com.google.common.collect.HashMultimapGwtSerializationDependencies              : loaded 2 times (x 174B)
Class com.google.common.collect.AbstractMapBasedMultimap$KeySet$1                     : loaded 2 times (x 82B)
Class org.objectweb.asm.ClassWriter                                                   : loaded 2 times (x 106B)
Class com.google.common.base.CharMatcher$And                                          : loaded 2 times (x 112B)
Class com.google.common.cache.CacheLoader$UnsupportedLoadingOperationException        : loaded 2 times (x 82B)
Class org.gradle.internal.classloader.ClasspathUtil$1                                 : loaded 2 times (x 76B)
Class com.google.common.collect.FluentIterable$1                                      : loaded 2 times (x 81B)
Class com.google.common.base.Objects                                                  : loaded 2 times (x 71B)
Class org.objectweb.asm.FieldVisitor                                                  : loaded 2 times (x 77B)
Class com.google.common.collect.IndexedImmutableSet                                   : loaded 2 times (x 152B)
Class com.google.common.collect.BiMap                                                 : loaded 2 times (x 70B)
Class com.google.common.collect.ImmutableMap$1                                        : loaded 2 times (x 81B)
Class org.gradle.api.internal.classpath.DefaultModuleRegistry$DefaultModule           : loaded 2 times (x 86B)
Class com.google.common.base.Absent                                                   : loaded 2 times (x 80B)
Class com.google.common.collect.FluentIterable$2                                      : loaded 2 times (x 81B)
Class com.google.common.primitives.Ints                                               : loaded 2 times (x 71B)
Class com.google.common.collect.AbstractIterator                                      : loaded 2 times (x 82B)
Class com.google.common.collect.FluentIterable$3                                      : loaded 2 times (x 81B)
Class com.google.common.collect.ObjectArrays                                          : loaded 2 times (x 71B)
Class com.google.common.math.MathPreconditions                                        : loaded 2 times (x 71B)
Class com.google.common.collect.Multiset                                              : loaded 2 times (x 70B)
Class com.google.common.collect.ArrayListMultimapGwtSerializationDependencies         : loaded 2 times (x 172B)
Class com.google.common.collect.AbstractIndexedListIterator                           : loaded 2 times (x 96B)
Class com.google.common.collect.ImmutableMapEntrySet                                  : loaded 2 times (x 152B)
Class org.gradle.api.internal.classpath.Module                                        : loaded 2 times (x 70B)
Class com.google.common.cache.Weigher                                                 : loaded 2 times (x 70B)
Class org.gradle.api.internal.classpath.UnknownModuleException                        : loaded 2 times (x 82B)
Class com.google.common.base.Stopwatch                                                : loaded 2 times (x 72B)
Class com.google.common.cache.LocalCache$Strength                                     : loaded 2 times (x 81B)
Class com.google.common.cache.Cache                                                   : loaded 2 times (x 70B)
Class com.google.common.base.NullnessCasts                                            : loaded 2 times (x 71B)
Class com.google.common.util.concurrent.AbstractFuture$Cancellation                   : loaded 2 times (x 72B)
Class com.google.common.collect.ImmutableMap$Builder                                  : loaded 2 times (x 82B)
Class com.google.common.collect.Maps$EntryFunction$1                                  : loaded 2 times (x 91B)
Class com.google.common.base.Present                                                  : loaded 2 times (x 81B)
Class com.google.common.collect.AbstractMapBasedMultimap$WrappedCollection$WrappedIterator: loaded 2 times (x 84B)
Class com.google.common.cache.RemovalListener                                         : loaded 2 times (x 70B)
Class org.gradle.api.internal.DefaultClassPathRegistry                                : loaded 2 times (x 76B)
Class com.google.common.collect.Maps$EntryFunction$2                                  : loaded 2 times (x 91B)
Class com.google.common.primitives.IntsMethodsForWeb                                  : loaded 2 times (x 71B)
Class com.google.common.collect.Multimap                                              : loaded 2 times (x 70B)
Class org.gradle.api.internal.ClassPathRegistry                                       : loaded 2 times (x 70B)
Class org.gradle.internal.classpath.DefaultClassPath$ImmutableUniqueList              : loaded 2 times (x 199B)
Class com.google.common.collect.NullnessCasts                                         : loaded 2 times (x 71B)
Class com.google.common.collect.MapMakerInternalMap$Segment                           : loaded 2 times (x 142B)
Class com.google.common.base.ExtraObjectsMethodsForWeb                                : loaded 2 times (x 71B)
Class com.google.common.io.ByteSink                                                   : loaded 2 times (x 76B)
Class com.google.common.cache.CacheBuilder                                            : loaded 2 times (x 72B)
Class com.google.common.collect.SingletonImmutableList                                : loaded 2 times (x 207B)
Class org.gradle.internal.classpath.ClassPath                                         : loaded 2 times (x 70B)
Class com.google.common.collect.Interners$InternerBuilder                             : loaded 2 times (x 76B)
Class com.google.common.io.Files$FileByteSource                                       : loaded 2 times (x 85B)
Class com.google.common.base.JdkPattern                                               : loaded 2 times (x 75B)
Class com.google.common.collect.ImmutableList$ReverseImmutableList                    : loaded 2 times (x 209B)
Class org.objectweb.asm.SymbolTable$Entry                                             : loaded 2 times (x 74B)
Class org.objectweb.asm.Edge                                                          : loaded 2 times (x 72B)
Class com.google.common.base.Suppliers$SupplierOfInstance                             : loaded 2 times (x 79B)
Class com.google.common.collect.Iterators$1                                           : loaded 2 times (x 81B)
Class com.google.common.cache.LocalCache$ComputingValueReference                      : loaded 2 times (x 96B)
Class com.google.common.collect.SingletonImmutableSet                                 : loaded 2 times (x 146B)
Class com.google.common.collect.ImmutableMap$IteratorBasedImmutableMap                : loaded 2 times (x 126B)
Class build_vum9lm4dgnnr9clfhb7twf98                                                  : loaded 2 times (x 172B)
Class com.google.common.cache.LocalCache$Segment                                      : loaded 2 times (x 154B)
Class com.google.common.collect.AbstractListMultimap                                  : loaded 2 times (x 172B)
Class [Lorg.objectweb.asm.SymbolTable$Entry;                                          : loaded 2 times (x 69B)
Class com.google.common.cache.CacheLoader                                             : loaded 2 times (x 74B)
Class com.google.common.collect.Iterators$4                                           : loaded 2 times (x 82B)
Class com.google.common.collect.ImmutableBiMap                                        : loaded 2 times (x 143B)
Class org.gradle.api.internal.classpath.ModuleRegistry                                : loaded 2 times (x 70B)
Class org.gradle.internal.installation.GradleInstallation$1                           : loaded 2 times (x 75B)
Class com.google.common.base.Splitter$SplittingIterator                               : loaded 2 times (x 84B)
Class com.google.common.collect.ImmutableSet$JdkBackedSetBuilderImpl                  : loaded 2 times (x 76B)
Class com.google.common.util.concurrent.internal.InternalFutureFailureAccess          : loaded 2 times (x 72B)
Class com.google.common.collect.Iterators$5                                           : loaded 2 times (x 82B)
Class com.google.common.collect.Iterators$6                                           : loaded 2 times (x 81B)
Class com.google.common.collect.HashBiMap$Inverse                                     : loaded 2 times (x 142B)
Class com.google.common.base.CharMatcher$ForPredicate                                 : loaded 2 times (x 112B)
Class com.google.common.cache.LocalCache$LocalManualCache$1                           : loaded 2 times (x 75B)
Class com.google.common.base.CharMatcher$AnyOf                                        : loaded 2 times (x 112B)
Class com.google.common.collect.ImmutableCollection                                   : loaded 2 times (x 125B)
Class org.gradle.api.internal.classpath.DefaultModuleRegistry                         : loaded 2 times (x 86B)
Class com.google.common.collect.Lists                                                 : loaded 2 times (x 71B)
Class com.google.common.util.concurrent.ListenableFuture                              : loaded 2 times (x 70B)
Class com.google.common.cache.ReferenceEntry                                          : loaded 2 times (x 70B)
Class com.google.common.base.Converter                                                : loaded 2 times (x 90B)
Class com.google.common.collect.ImmutableSet$CachingAsList                            : loaded 2 times (x 148B)
Class com.google.common.collect.AbstractMapBasedMultimap                              : loaded 2 times (x 139B)
Class com.google.common.util.concurrent.AbstractFuture                                : loaded 2 times (x 106B)
Class com.google.common.base.FunctionalEquivalence                                    : loaded 2 times (x 83B)
Class com.google.common.collect.Iterators$9                                           : loaded 2 times (x 81B)
Class com.google.common.collect.ImmutableAsList                                       : loaded 2 times (x 209B)
Class org.objectweb.asm.RecordComponentVisitor                                        : loaded 2 times (x 77B)
Class com.google.common.cache.CacheLoader$SupplierToCacheLoader                       : loaded 2 times (x 75B)
Class com.google.common.collect.Maps$EntryTransformer                                 : loaded 2 times (x 70B)
Class org.gradle.internal.service.ServiceLookupException                              : loaded 2 times (x 82B)
Class com.google.common.collect.Lists$ReverseList                                     : loaded 2 times (x 200B)
Class [Lcom.google.common.cache.LocalCache$EntryFactory;                              : loaded 2 times (x 69B)
Class org.gradle.internal.classloader.ClassLoaderFactory                              : loaded 2 times (x 70B)
Class com.google.common.collect.ImmutableMap$SerializedForm                           : loaded 2 times (x 73B)
Class com.google.common.base.CommonPattern                                            : loaded 2 times (x 74B)
Class com.google.common.base.CharMatcher$IsNot                                        : loaded 2 times (x 111B)
Class com.google.common.cache.LocalCache$LocalManualCache                             : loaded 2 times (x 99B)
Class org.gradle.internal.service.CachingServiceLocator                               : loaded 2 times (x 82B)
Class com.google.common.collect.AbstractMapBasedMultimap$KeySet                       : loaded 2 times (x 137B)
Class com.google.common.math.IntMath                                                  : loaded 2 times (x 71B)
Class com.google.common.collect.MapMakerInternalMap$InternalEntry                     : loaded 2 times (x 70B)
Class [Lcom.google.common.collect.HashBiMap$BiEntry;                                  : loaded 2 times (x 69B)
Class com.google.common.collect.ImmutableMapEntry                                     : loaded 2 times (x 85B)
Class com.google.common.base.Predicates                                               : loaded 2 times (x 71B)
Class com.google.common.collect.ImmutableMultimap                                     : loaded 2 times (x 147B)
Class com.google.common.base.Equivalence                                              : loaded 2 times (x 82B)
Class com.google.common.base.Function                                                 : loaded 2 times (x 70B)
Class com.google.common.collect.ImmutableMapEntry$NonTerminalImmutableMapEntry        : loaded 2 times (x 85B)
Class com.google.common.collect.IndexedImmutableSet$1                                 : loaded 2 times (x 213B)
Class com.google.common.cache.CacheBuilder$OneWeigher                                 : loaded 2 times (x 82B)
Class com.google.common.collect.RegularImmutableList                                  : loaded 2 times (x 213B)
Class com.google.common.collect.Maps$EntryFunction                                    : loaded 2 times (x 91B)
Class org.gradle.internal.classloader.ClasspathUtil                                   : loaded 2 times (x 71B)
Class com.google.common.util.concurrent.Uninterruptibles                              : loaded 2 times (x 71B)
Class com.google.common.collect.AbstractMapBasedMultimap$WrappedSet                   : loaded 2 times (x 142B)
Class com.google.common.util.concurrent.LazyLogger                                    : loaded 2 times (x 72B)
Class com.google.common.collect.Maps                                                  : loaded 2 times (x 71B)
Class org.gradle.api.specs.Spec                                                       : loaded 2 times (x 70B)
Class com.google.common.collect.MapMaker                                              : loaded 2 times (x 72B)
Class [Lcom.google.common.collect.ImmutableEntry;                                     : loaded 2 times (x 69B)
Class com.google.common.cache.LocalCache$LoadingValueReference                        : loaded 2 times (x 96B)
Class com.google.common.collect.MapMakerInternalMap$StrongKeyDummyValueEntry          : loaded 2 times (x 82B)
Class com.google.common.base.Platform                                                 : loaded 2 times (x 71B)
Class com.google.common.collect.AbstractMapBasedMultimap$WrappedList                  : loaded 2 times (x 205B)
Class [Lorg.objectweb.asm.AnnotationWriter;                                           : loaded 2 times (x 69B)
Class com.google.common.collect.Maps$8                                                : loaded 2 times (x 82B)
Class com.google.common.base.Predicates$CompositionPredicate                          : loaded 2 times (x 88B)
Class [Lcom.google.common.collect.Iterators$EmptyModifiableIterator;                  : loaded 2 times (x 69B)
Class com.google.common.collect.Lists$ReverseList$1                                   : loaded 2 times (x 99B)
Class com.google.common.collect.Sets$SetView                                          : loaded 2 times (x 138B)
Class com.google.common.cache.LocalCache$StrongValueReference                         : loaded 2 times (x 90B)
Class com.google.common.graph.SuccessorsFunction                                      : loaded 2 times (x 70B)
Class org.objectweb.asm.Type                                                          : loaded 2 times (x 72B)
Class org.gradle.internal.classloader.VisitableURLClassLoader$InstrumentingVisitableURLClassLoader: loaded 2 times (x 123B)
Class com.google.common.collect.MapMakerInternalMap$StrongKeyDummyValueEntry$Helper   : loaded 2 times (x 79B)
Class com.google.common.io.Files$FileByteSink                                         : loaded 2 times (x 77B)
Class com.google.common.math.IntMath$1                                                : loaded 2 times (x 71B)
Class org.objectweb.asm.ByteVector                                                    : loaded 2 times (x 79B)
Class [Lcom.google.common.cache.CacheBuilder$NullListener;                            : loaded 2 times (x 69B)
Class org.gradle.internal.classloader.VisitableURLClassLoader$Spec                    : loaded 2 times (x 74B)
Class org.gradle.internal.classpath.DefaultClassPath                                  : loaded 2 times (x 90B)
Class com.google.common.base.AbstractIterator                                         : loaded 2 times (x 80B)
Class org.objectweb.asm.Symbol                                                        : loaded 2 times (x 73B)
Class com.google.common.collect.Sets$FilteredSet                                      : loaded 2 times (x 137B)
Class com.google.common.io.Closer                                                     : loaded 2 times (x 78B)
Class com.google.common.base.CharMatcher$BitSetMatcher                                : loaded 2 times (x 112B)
Class com.google.common.collect.RegularImmutableMap$Values                            : loaded 2 times (x 207B)
Class com.google.common.collect.ImmutableSet                                          : loaded 2 times (x 145B)
Class org.gradle.internal.classloader.ClassLoaderSpec                                 : loaded 2 times (x 71B)
Class org.objectweb.asm.AnnotationWriter                                              : loaded 2 times (x 79B)
Class com.google.common.cache.CacheStats                                              : loaded 2 times (x 71B)
Class com.google.common.collect.Interners                                             : loaded 2 times (x 71B)
Class com.google.common.io.Closer$Suppressor                                          : loaded 2 times (x 70B)
Class com.google.common.io.LineProcessor                                              : loaded 2 times (x 70B)
Class org.objectweb.asm.RecordComponentWriter                                         : loaded 2 times (x 78B)
Class com.google.common.util.concurrent.AbstractFuture$Listener                       : loaded 2 times (x 72B)
Class com.google.common.base.CharMatcher$Or                                           : loaded 2 times (x 112B)
Class org.objectweb.asm.Attribute                                                     : loaded 2 times (x 77B)
Class com.google.common.base.Supplier                                                 : loaded 2 times (x 70B)
Class org.gradle.internal.classloader.VisitableURLClassLoader                         : loaded 2 times (x 117B)
Class com.google.common.collect.ImmutableList$SerializedForm                          : loaded 2 times (x 73B)
Class org.gradle.internal.Cast                                                        : loaded 2 times (x 71B)
Class org.gradle.api.Action                                                           : loaded 2 times (x 70B)
Class com.google.common.collect.MapMakerInternalMap                                   : loaded 2 times (x 161B)
Class com.google.common.collect.HashBiMap                                             : loaded 2 times (x 143B)
Class com.google.common.base.Strings                                                  : loaded 2 times (x 71B)
Class com.google.common.collect.Sets                                                  : loaded 2 times (x 71B)
Class org.objectweb.asm.Handler                                                       : loaded 2 times (x 72B)
Class com.google.common.base.CharMatcher$FastMatcher                                  : loaded 2 times (x 111B)
Class com.google.common.base.Ticker                                                   : loaded 2 times (x 72B)
Class [Lcom.google.common.cache.LocalCache$Segment;                                   : loaded 2 times (x 69B)
Class com.google.common.base.Predicate                                                : loaded 2 times (x 70B)
Class [Lcom.google.common.cache.LocalCache$Strength;                                  : loaded 2 times (x 69B)
Class com.google.common.cache.CacheBuilder$1                                          : loaded 2 times (x 85B)
Class com.google.common.collect.ImmutableMap                                          : loaded 2 times (x 120B)
Class org.gradle.internal.classpath.DefaultClassPath$ImmutableUniqueList$Builder      : loaded 2 times (x 75B)
Class com.google.common.collect.MapMakerInternalMap$WeakValueReference                : loaded 2 times (x 70B)
Class com.google.common.base.CharMatcher$NegatedFastMatcher                           : loaded 2 times (x 113B)
Class com.google.common.cache.LocalCache                                              : loaded 2 times (x 187B)
Class com.google.common.cache.CacheBuilder$2                                          : loaded 2 times (x 79B)
Class com.google.common.collect.ArrayListMultimap                                     : loaded 2 times (x 172B)
Class com.google.common.cache.CacheBuilder$3                                          : loaded 2 times (x 72B)
Class [Lcom.google.common.collect.AbstractMapEntry;                                   : loaded 2 times (x 69B)
Class com.google.common.collect.ImmutableEntry                                        : loaded 2 times (x 82B)
Class org.gradle.api.GradleException                                                  : loaded 2 times (x 82B)
Class com.google.common.base.Suppliers$MemoizingSupplier                              : loaded 2 times (x 79B)
Class com.google.common.collect.CollectPreconditions                                  : loaded 2 times (x 71B)
Class com.google.common.collect.Maps$AbstractFilteredMap                              : loaded 2 times (x 127B)
Class [Lcom.google.common.collect.MapMakerInternalMap$Strength;                       : loaded 2 times (x 69B)
Class [Lcom.google.common.io.FileWriteMode;                                           : loaded 2 times (x 69B)
Class com.google.common.collect.SortedMapDifference                                   : loaded 2 times (x 70B)
Class com.google.common.collect.Iterables$4                                           : loaded 2 times (x 81B)
Class com.google.common.collect.MapMakerInternalMap$StrongKeyDummyValueSegment        : loaded 2 times (x 142B)
Class com.google.common.io.Files                                                      : loaded 2 times (x 71B)
Class com.google.common.cache.LocalCache$EntryFactory                                 : loaded 2 times (x 83B)
Class com.google.common.collect.Iterables$5                                           : loaded 2 times (x 81B)
Class [Lcom.google.common.collect.MapMaker$Dummy;                                     : loaded 2 times (x 69B)
Class com.google.common.base.CharMatcher$Whitespace                                   : loaded 2 times (x 112B)
Class com.google.common.cache.LocalCache$AbstractReferenceEntry                       : loaded 2 times (x 107B)
Class org.gradle.internal.IoActions                                                   : loaded 2 times (x 71B)
Class com.google.common.collect.ImmutableMapKeySet                                    : loaded 2 times (x 152B)
Class org.objectweb.asm.SymbolTable                                                   : loaded 2 times (x 72B)
Class com.google.common.cache.CacheLoader$InvalidCacheLoadException                   : loaded 2 times (x 82B)
Class com.google.common.collect.ImmutableSet$RegularSetBuilderImpl                    : loaded 2 times (x 77B)
Class settings_cqu13lbp78xniu3qlwonyc3q3$_run_closure1                                : loaded 2 times (x 139B)
Class org.gradle.internal.classloader.SystemClassLoaderSpec                           : loaded 2 times (x 71B)
Class com.google.common.collect.FluentIterable                                        : loaded 2 times (x 81B)
Class com.google.common.cache.LocalCache$StrongEntry                                  : loaded 2 times (x 108B)
Class com.google.common.util.concurrent.AbstractFuture$TrustedFuture                  : loaded 2 times (x 114B)
Class com.google.common.cache.LoadingCache                                            : loaded 2 times (x 70B)
Class com.google.common.io.ByteStreams$LimitedInputStream                             : loaded 2 times (x 92B)
Class com.google.common.base.Suppliers$NonSerializableMemoizingSupplier               : loaded 2 times (x 79B)
Class org.objectweb.asm.MethodWriter                                                  : loaded 2 times (x 106B)
Class [Lcom.google.common.cache.Weigher;                                              : loaded 2 times (x 69B)
Class com.google.common.collect.RegularImmutableMap$BucketOverflowException           : loaded 2 times (x 82B)
Class com.google.common.collect.AbstractMapBasedMultimap$RandomAccessWrappedList      : loaded 2 times (x 205B)
Class com.google.common.collect.AbstractIterator$State                                : loaded 2 times (x 79B)
Class com.google.common.collect.RegularImmutableBiMap                                 : loaded 2 times (x 149B)
Class com.google.common.base.CharMatcher$Is                                           : loaded 2 times (x 111B)
Class com.google.common.base.CharMatcher$Negated                                      : loaded 2 times (x 113B)
Class com.google.common.cache.LocalCache$ValueReference                               : loaded 2 times (x 70B)
Class com.google.common.hash.PrimitiveSink                                            : loaded 2 times (x 70B)
Class com.google.common.base.PatternCompiler                                          : loaded 2 times (x 70B)
Class com.google.common.util.concurrent.AbstractFuture$Failure                        : loaded 2 times (x 72B)
Class com.google.common.base.Equivalence$Equals                                       : loaded 2 times (x 82B)
Class com.google.common.collect.Hashing                                               : loaded 2 times (x 71B)
Class com.google.common.base.Preconditions                                            : loaded 2 times (x 71B)
Class com.google.common.collect.ImmutableSetMultimap                                  : loaded 2 times (x 180B)
Class com.google.common.io.CharSink                                                   : loaded 2 times (x 79B)
Class com.google.common.base.Joiner$1                                                 : loaded 2 times (x 80B)
Class org.objectweb.asm.Label                                                         : loaded 2 times (x 73B)
Class org.objectweb.asm.CurrentFrame                                                  : loaded 2 times (x 73B)
Class org.objectweb.asm.ClassTooLargeException                                        : loaded 2 times (x 83B)
Class com.google.common.base.CharMatcher                                              : loaded 2 times (x 111B)
Class com.google.common.collect.PeekingIterator                                       : loaded 2 times (x 70B)
Class com.google.common.collect.MapMakerInternalMap$InternalEntryHelper               : loaded 2 times (x 70B)
Class com.google.common.collect.Table                                                 : loaded 2 times (x 70B)
Class com.google.common.collect.Maps$IteratorBasedAbstractMap                         : loaded 2 times (x 125B)
Class com.google.common.base.Joiner$2                                                 : loaded 2 times (x 79B)
Class org.objectweb.asm.Frame                                                         : loaded 2 times (x 73B)
Class org.objectweb.asm.MethodVisitor                                                 : loaded 2 times (x 105B)
Class com.google.common.base.CharMatcher$NamedFastMatcher                             : loaded 2 times (x 112B)
Class com.google.common.base.CharMatcher$1                                            : loaded 2 times (x 113B)
Class com.google.common.cache.LocalCache$EntryFactory$1                               : loaded 2 times (x 83B)
Class [Lcom.google.common.cache.RemovalListener;                                      : loaded 2 times (x 69B)
Class com.google.common.cache.LocalCache$EntryFactory$2                               : loaded 2 times (x 83B)
Class org.gradle.api.internal.classpath.GlobalCacheRootsProvider                      : loaded 2 times (x 70B)
Class org.objectweb.asm.ModuleWriter                                                  : loaded 2 times (x 82B)
Class com.google.common.cache.LocalCache$EntryFactory$3                               : loaded 2 times (x 83B)
Class com.google.common.base.Ticker$1                                                 : loaded 2 times (x 72B)
Class com.google.common.collect.Maps$BiMapConverter                                   : loaded 2 times (x 90B)
Class com.google.common.collect.ImmutableMapEntrySet$RegularEntrySet                  : loaded 2 times (x 152B)
Class com.google.common.collect.SetMultimap                                           : loaded 2 times (x 70B)
Class com.google.common.collect.ImmutableSet$Builder                                  : loaded 2 times (x 85B)
Class com.google.common.base.CharMatcher$InRange                                      : loaded 2 times (x 111B)
Class com.google.common.cache.LocalCache$EntryFactory$4                               : loaded 2 times (x 83B)
Class com.google.common.io.ByteStreams$1                                              : loaded 2 times (x 85B)
Class com.google.common.cache.LocalCache$EntryFactory$5                               : loaded 2 times (x 83B)
Class com.google.common.collect.HashMultimap                                          : loaded 2 times (x 174B)
Class com.google.common.cache.LocalCache$EntryFactory$6                               : loaded 2 times (x 83B)
Class org.gradle.internal.installation.CurrentGradleInstallationLocator               : loaded 2 times (x 71B)
Class com.google.common.collect.Maps$KeySet                                           : loaded 2 times (x 137B)
Class com.google.common.collect.ImmutableSet$EmptySetBuilderImpl                      : loaded 2 times (x 76B)
Class com.google.common.cache.LocalCache$EntryFactory$7                               : loaded 2 times (x 83B)
Class com.google.common.collect.ImmutableList                                         : loaded 2 times (x 206B)
Class org.gradle.internal.service.DefaultServiceLocator                               : loaded 2 times (x 83B)
Class com.google.common.collect.Maps$EntrySet                                         : loaded 2 times (x 136B)
Class com.google.common.cache.LocalCache$EntryFactory$8                               : loaded 2 times (x 83B)
Class com.google.common.collect.ImmutableSet$SetBuilderImpl                           : loaded 2 times (x 76B)
Class org.gradle.internal.installation.CurrentGradleInstallation                      : loaded 2 times (x 73B)
Class com.google.common.cache.CacheLoader$1                                           : loaded 2 times (x 75B)
Class com.google.common.collect.ImmutableList$SubList                                 : loaded 2 times (x 209B)
Class org.gradle.util.internal.GUtil                                                  : loaded 2 times (x 71B)
Class com.google.common.io.ByteSource                                                 : loaded 2 times (x 84B)
Class com.google.common.cache.AbstractCache$StatsCounter                              : loaded 2 times (x 70B)
Class com.google.common.collect.MapMakerInternalMap$1                                 : loaded 2 times (x 83B)
Class com.google.common.collect.Iterators$MergingIterator                             : loaded 2 times (x 81B)
Class com.google.common.collect.RegularImmutableSet                                   : loaded 2 times (x 149B)
Class org.gradle.internal.installation.GradleInstallation                             : loaded 2 times (x 75B)
Class com.google.common.base.Splitter$Strategy                                        : loaded 2 times (x 70B)
Class com.google.common.collect.Iterables                                             : loaded 2 times (x 71B)
Class com.google.common.collect.Lists$RandomAccessReverseList                         : loaded 2 times (x 200B)

---------------  S Y S T E M  ---------------

OS:
 Windows 11 , 64 bit Build 26100 (10.0.26100.8246)
OS uptime: 0 days 13:57 hours

CPU: total 12 (initial active 12) (6 cores per cpu, 2 threads per core) family 6 model 154 stepping 4 microcode 0x43b, cx8, cmov, fxsr, ht, mmx, 3dnowpref, sse, sse2, sse3, ssse3, sse4.1, sse4.2, popcnt, lzcnt, tsc, tscinvbit, avx, avx2, aes, erms, clmul, bmi1, bmi2, adx, sha, fma, vzeroupper, clflush, clflushopt, clwb, serialize, rdtscp, rdpid, fsrm, f16c, pku, cet_ibt, cet_ss
Processor Information for the first 12 processors :
  Max Mhz: 1300, Current Mhz: 1300, Mhz Limit: 1300

Memory: 4k page, system-wide physical 16068M (919M free)
TotalPageFile size 31428M (AvailPageFile size 90M)
current process WorkingSet (physical memory assigned to process): 881M, peak: 949M
current process commit charge ("private bytes"): 958M, peak: 1027M

vm_info: OpenJDK 64-Bit Server VM (21.0.9+-14787801-b1163.94) for windows-amd64 JRE (21.0.9+-14787801-b1163.94), built on 2026-01-27T21:15:44Z by "builder" with MS VC++ 16.10 / 16.11 (VS2019)

END.
