#
# There is insufficient memory for the Java Runtime Environment to continue.
# Native memory allocation (malloc) failed to allocate 1910576 bytes. Error detail: Chunk::new
# Possible reasons:
#   The system is out of physical RAM or swap space
#   This process is running with CompressedOops enabled, and the Java Heap may be blocking the growth of the native heap
# Possible solutions:
#   Reduce memory load on the system
#   Increase physical memory or swap space
#   Check if swap backing store is full
#   Decrease Java heap size (-Xmx/-Xms)
#   Decrease number of Java threads
#   Decrease Java thread stack sizes (-Xss)
#   Set larger code cache with -XX:ReservedCodeCacheSize=
#   JVM is running with Zero Based Compressed Oops mode in which the Java heap is
#     placed in the first 32GB address space. The Java Heap base address is the
#     maximum limit for the native heap growth. Please use -XX:HeapBaseMinAddress
#     to set the Java Heap base and to place the Java Heap above 32GB virtual address.
# This output file may be truncated or incomplete.
#
#  Out of Memory Error (arena.cpp:168), pid=28704, tid=1372
#
# JRE version: OpenJDK Runtime Environment JBR-21.0.10+1-1163.110-jcef (21.0.10+1) (build 21.0.10+1-b1163.110)
# Java VM: OpenJDK 64-Bit Server VM JBR-21.0.10+1-1163.110-jcef (21.0.10+1-b1163.110, mixed mode, sharing, tiered, compressed oops, compressed class ptrs, g1 gc, windows-amd64)
# No core dump will be written. Minidumps are not enabled by default on client versions of Windows
#

---------------  S U M M A R Y ------------

Command Line: --add-opens=java.base/java.lang=ALL-UNNAMED --add-opens=java.base/java.lang.invoke=ALL-UNNAMED --add-opens=java.base/java.util=ALL-UNNAMED --add-opens=java.prefs/java.util.prefs=ALL-UNNAMED --add-exports=jdk.compiler/com.sun.tools.javac.api=ALL-UNNAMED --add-exports=jdk.compiler/com.sun.tools.javac.util=ALL-UNNAMED --add-opens=java.base/java.util=ALL-UNNAMED --add-opens=java.prefs/java.util.prefs=ALL-UNNAMED --add-opens=java.base/java.nio.charset=ALL-UNNAMED --add-opens=java.base/java.net=ALL-UNNAMED --add-opens=java.base/java.util.concurrent=ALL-UNNAMED --add-opens=java.base/java.util.concurrent.atomic=ALL-UNNAMED --add-opens=java.xml/javax.xml.namespace=ALL-UNNAMED --add-opens=java.base/java.time=ALL-UNNAMED -XX:MaxMetaspaceSize=512m -XX:+UseG1GC -XX:+HeapDumpOnOutOfMemoryError -Xmx3072m -Dfile.encoding=UTF-8 -Duser.country=US -Duser.language=en -Duser.variant -javaagent:C:\Users\DELL\.gradle\wrapper\dists\gradle-9.3.1-bin\23ovyewtku6u96viwx3xl3oks\gradle-9.3.1\lib\agents\gradle-instrumentation-agent-9.3.1.jar org.gradle.launcher.daemon.bootstrap.GradleDaemon 9.3.1

Host: 12th Gen Intel(R) Core(TM) i5-1235U, 12 cores, 15G,  Windows 11 , 64 bit Build 26100 (10.0.26100.8246)
Time: Thu May 14 20:01:53 2026 SE Asia Standard Time elapsed time: 19279.362708 seconds (0d 5h 21m 19s)

---------------  T H R E A D  ---------------

Current thread (0x00000166a5093b10):  JavaThread "C2 CompilerThread0" daemon [_thread_in_native, id=1372, stack(0x000000649aa00000,0x000000649ab00000) (1024K)]


Current CompileTask:
C2:19279362 165796 %     4       jdk.nio.zipfs.ZipFileSystem::initCEN @ 199 (473 bytes)

Stack: [0x000000649aa00000,0x000000649ab00000]
Native frames: (J=compiled Java code, j=interpreted, Vv=VM code, C=native code)
V  [jvm.dll+0x6ed099]
V  [jvm.dll+0x8cb76b]  (vmError.cpp:1018)
V  [jvm.dll+0x8cdf0a]  VMError::report_and_die+0x79a  (vmError.cpp:1886)
V  [jvm.dll+0x8ce5e3]  VMError::report_and_die+0x43  (vmError.cpp:1656)
V  [jvm.dll+0x28e1c6]  report_vm_out_of_memory+0x56  (debug.cpp:225)
V  [jvm.dll+0xc912d]  Chunk::operator new+0x10d  (arena.cpp:168)
V  [jvm.dll+0xc967c]  Arena::grow+0x10c  (arena.cpp:301)
V  [jvm.dll+0x3ca642]  PhaseIFG::init+0x82  (ifg.cpp:50)
V  [jvm.dll+0x396c22]  PhaseCFG::global_code_motion+0x442  (gcm.cpp:1592)
V  [jvm.dll+0x39607a]  PhaseCFG::do_global_code_motion+0x3a  (gcm.cpp:1660)
V  [jvm.dll+0x254c50]  Compile::Code_Gen+0x240  (compile.cpp:2940)
V  [jvm.dll+0x25427c]  Compile::Compile+0xf5c  (compile.cpp:885)
V  [jvm.dll+0x1d364e]  C2Compiler::compile_method+0xce  (c2compiler.cpp:123)
V  [jvm.dll+0x263fab]  CompileBroker::invoke_compiler_on_method+0x7ab  (compileBroker.cpp:2326)
V  [jvm.dll+0x2624de]  CompileBroker::compiler_thread_loop+0x39e  (compileBroker.cpp:1995)
V  [jvm.dll+0x405325]  JavaThread::run+0x125  (javaThread.cpp:704)
V  [jvm.dll+0x87544d]  Thread::call_run+0xcd  (thread.cpp:231)
V  [jvm.dll+0x6eb7fd]  os::win32::thread_native_entry+0x7d  (os_windows.cpp:557)
C  [ucrtbase.dll+0x37b0]
C  [KERNEL32.DLL+0x2e8d7]
C  [ntdll.dll+0x8c3fc]


---------------  P R O C E S S  ---------------

Threads class SMR info:
_java_thread_list=0x00000166d2bc1b40, length=238, elements={
0x000001668adbee60, 0x00000166a50522d0, 0x00000166a505d240, 0x00000166a505dca0,
0x00000166a505ec40, 0x00000166a5069f10, 0x00000166a506c670, 0x00000166a506bfe0,
0x00000166a5093b10, 0x00000166a5096140, 0x00000166a506cd00, 0x00000166a506ac30,
0x00000166a506b2c0, 0x00000166a506b950, 0x00000166c7d49c10, 0x00000166c7d4a2a0,
0x00000166c7d4a930, 0x00000166c7d4c370, 0x00000166c7d4ca00, 0x00000166cb85f740,
0x00000166cb85d670, 0x00000166c8ef8bd0, 0x00000166c8efa610, 0x00000166c6e47890,
0x00000166c6e47f20, 0x00000166c6e4ba30, 0x00000166c6e49960, 0x00000166cd4765e0,
0x00000166cd1f47a0, 0x00000166c932ebb0, 0x00000166c8ef9260, 0x00000166da12a120,
0x00000166da12a7b0, 0x00000166da12ae40, 0x00000166cb2b18f0, 0x00000166dbd714a0,
0x00000166d53730c0, 0x00000166d4147d80, 0x00000166da0e0230, 0x00000166cd1e8ae0,
0x00000166db916680, 0x00000166ca4d5150, 0x00000166d334ac70, 0x00000166cde8f740,
0x00000166d4bbff00, 0x00000166dbd6ed40, 0x00000166d56f7d50, 0x00000166ca03c070,
0x00000166d30ec860, 0x00000166d56f55f0, 0x00000166cb2b0bd0, 0x00000166d4011610,
0x00000166d4014400, 0x00000166dadb3be0, 0x00000166d56f2170, 0x00000166cb6bea80,
0x00000166d35543a0, 0x00000166df8d8ce0, 0x00000166e0f174d0, 0x00000166da786fc0,
0x00000166d35e6f90, 0x00000166da802420, 0x00000166db80f310, 0x00000166db80c520,
0x00000166db070070, 0x00000166cd1e9170, 0x00000166db794710, 0x00000166dac8fd80,
0x00000166da725050, 0x00000166d56f0dc0, 0x00000166db071420, 0x00000166dadfcbd0,
0x00000166d20bf7b0, 0x00000166cdee52b0, 0x00000166df863d10, 0x00000166e0f19c30,
0x00000166d5cbbcf0, 0x00000166cd2bbe30, 0x00000166e0d10090, 0x00000166ca4d3da0,
0x00000166d5cb9c20, 0x00000166d5ae36e0, 0x00000166d25a2470, 0x00000166cb11d920,
0x00000166d53f10e0, 0x00000166d53f2b20, 0x00000166d53f3ed0, 0x00000166da0e8110,
0x00000166da0e7a80, 0x00000166db794080, 0x00000166db794da0, 0x00000166d5cb74c0,
0x00000166d5cb6e30, 0x00000166d5cba2b0, 0x00000166d5cbafd0, 0x00000166d5cb9590,
0x00000166d5cb7b50, 0x00000166d5cb8f00, 0x00000166d5cba940, 0x00000166d5cb8870,
0x00000166d5cbb660, 0x00000166d5cb81e0, 0x00000166d5cbd730, 0x00000166d5cbc380,
0x00000166d5cbca10, 0x00000166d5cbd0a0, 0x00000166d5cbddc0, 0x00000166d5cbe450,
0x00000166e5e031d0, 0x00000166ca4d57e0, 0x00000166ca4d6500, 0x00000166ca4d4ac0,
0x00000166ca4d5e70, 0x00000166ca4d3710, 0x00000166ca4d4430, 0x00000166db80cbb0,
0x00000166db80d240, 0x00000166db80df60, 0x00000166db80d8d0, 0x00000166db80e5f0,
0x00000166da0e6040, 0x00000166e5e05fc0, 0x00000166e5e052a0, 0x00000166e5e03860,
0x00000166e5e04580, 0x00000166e5e03ef0, 0x00000166e5e04c10, 0x00000166e5e05930,
0x00000166dadb5cb0, 0x00000166db80be90, 0x00000166da801d90, 0x00000166da801070,
0x00000166da8037d0, 0x00000166da802ab0, 0x00000166da803e60, 0x00000166dadb3550,
0x00000166dadb4900, 0x00000166dadb2830, 0x00000166dadb5620, 0x00000166dadb4f90,
0x00000166dadb2ec0, 0x00000166da785580, 0x00000166da785c10, 0x00000166da787650,
0x00000166da7862a0, 0x00000166da784860, 0x00000166da786930, 0x00000166da787ce0,
0x00000166db795430, 0x00000166db796150, 0x00000166cde10000, 0x00000166cde10690,
0x00000166cde113b0, 0x00000166cde0f970, 0x00000166cde10d20, 0x00000166cde0ec50,
0x00000166cde11a40, 0x00000166cde120d0, 0x00000166db916d10, 0x00000166db915960,
0x00000166db913f20, 0x00000166db9145b0, 0x00000166db914c40, 0x00000166d3556470,
0x00000166d3555750, 0x00000166d3552ff0, 0x00000166d3555de0, 0x00000166d3556b00,
0x00000166d21c6f80, 0x00000166d3553680, 0x00000166d3559260, 0x00000166d3558540,
0x00000166d2871300, 0x00000166d35598f0, 0x00000166d3557190, 0x00000166d3557820,
0x00000166d3f2d430, 0x00000166d53f4560, 0x00000166d53f1770, 0x00000166d53f1e00,
0x00000166da723610, 0x00000166da722f80, 0x00000166da724330, 0x00000166da721bd0,
0x00000166da7249c0, 0x00000166da723ca0, 0x00000166da722260, 0x00000166d5ae3d70,
0x00000166d51814a0, 0x00000166d51800f0, 0x00000166db9152d0, 0x00000166db913890,
0x00000166cd2bc4c0, 0x00000166cd2bcb50, 0x00000166cd2bd1e0, 0x00000166cd2bd870,
0x00000166d5180780, 0x00000166d5181b30, 0x00000166d5182ee0, 0x00000166d5183570,
0x00000166d56f4240, 0x00000166d51821c0, 0x00000166d2871990, 0x00000166d56f1ae0,
0x00000166d2872020, 0x00000166d5ae5e40, 0x00000166d5ae5120, 0x00000166d2717d80,
0x00000166d2715b70, 0x00000166db795ac0, 0x00000166db7967e0, 0x00000166db797500,
0x00000166da784ef0, 0x00000166db0bdbe0, 0x00000166d56f48d0, 0x00000166d56f3bb0,
0x00000166d56f1450, 0x00000166d56f4f60, 0x00000166da9d5c90, 0x00000166da9d8a80,
0x00000166da9d7040, 0x00000166da9d9110, 0x00000166da9d6320, 0x00000166da9d76d0,
0x00000166da9d7d60, 0x00000166da9d83f0, 0x00000166d50994e0, 0x00000166d5096060,
0x00000166dac8e340, 0x00000166d5096d80, 0x00000166d56f3520, 0x00000166d36e3bb0,
0x00000166d5098130, 0x00000166dac8f6f0, 0x00000166d36e48d0, 0x00000166d5097aa0,
0x00000166d50987c0, 0x00000166dac8f060
}

Java Threads: ( => current thread )
  0x000001668adbee60 JavaThread "main"                              [_thread_blocked, id=27740, stack(0x0000006499b00000,0x0000006499c00000) (1024K)]
  0x00000166a50522d0 JavaThread "Common-Cleaner"             daemon [_thread_blocked, id=29100, stack(0x000000649a300000,0x000000649a400000) (1024K)]
  0x00000166a505d240 JavaThread "Reference Handler"          daemon [_thread_blocked, id=27616, stack(0x000000649a400000,0x000000649a500000) (1024K)]
  0x00000166a505dca0 JavaThread "Finalizer"                  daemon [_thread_blocked, id=10480, stack(0x000000649a500000,0x000000649a600000) (1024K)]
  0x00000166a505ec40 JavaThread "Signal Dispatcher"          daemon [_thread_blocked, id=17412, stack(0x000000649a600000,0x000000649a700000) (1024K)]
  0x00000166a5069f10 JavaThread "Attach Listener"            daemon [_thread_blocked, id=24344, stack(0x000000649a700000,0x000000649a800000) (1024K)]
  0x00000166a506c670 JavaThread "Service Thread"             daemon [_thread_blocked, id=23704, stack(0x000000649a800000,0x000000649a900000) (1024K)]
  0x00000166a506bfe0 JavaThread "Monitor Deflation Thread"   daemon [_thread_blocked, id=24440, stack(0x000000649a900000,0x000000649aa00000) (1024K)]
=>0x00000166a5093b10 JavaThread "C2 CompilerThread0"         daemon [_thread_in_native, id=1372, stack(0x000000649aa00000,0x000000649ab00000) (1024K)]
  0x00000166a5096140 JavaThread "C1 CompilerThread0"         daemon [_thread_blocked, id=15024, stack(0x000000649ab00000,0x000000649ac00000) (1024K)]
  0x00000166a506cd00 JavaThread "Notification Thread"        daemon [_thread_blocked, id=23556, stack(0x000000649ad00000,0x000000649ae00000) (1024K)]
  0x00000166a506ac30 JavaThread "Daemon health stats"               [_thread_blocked, id=28744, stack(0x000000649b400000,0x000000649b500000) (1024K)]
  0x00000166a506b2c0 JavaThread "Incoming local TCP Connector on port 60234"        [_thread_in_native, id=15416, stack(0x000000649b500000,0x000000649b600000) (1024K)]
  0x00000166a506b950 JavaThread "Daemon periodic checks"            [_thread_blocked, id=15824, stack(0x000000649b600000,0x000000649b700000) (1024K)]
  0x00000166c7d49c10 JavaThread "Cache worker for journal cache (C:\Users\DELL\.gradle\caches\journal-1)"        [_thread_blocked, id=11980, stack(0x000000649c200000,0x000000649c300000) (1024K)]
  0x00000166c7d4a2a0 JavaThread "File lock request listener"        [_thread_in_native, id=21684, stack(0x000000649b300000,0x000000649b400000) (1024K)]
  0x00000166c7d4a930 JavaThread "Cache worker for file hash cache (C:\Users\DELL\.gradle\caches\9.3.1\fileHashes)"        [_thread_blocked, id=28160, stack(0x000000649c300000,0x000000649c400000) (1024K)]
  0x00000166c7d4c370 JavaThread "File watcher server"        daemon [_thread_blocked, id=28836, stack(0x000000649c900000,0x000000649ca00000) (1024K)]
  0x00000166c7d4ca00 JavaThread "File watcher consumer"      daemon [_thread_blocked, id=17216, stack(0x000000649ca00000,0x000000649cb00000) (1024K)]
  0x00000166cb85f740 JavaThread "Cache worker for file content cache (C:\Users\DELL\.gradle\caches\9.3.1\fileContent)"        [_thread_blocked, id=20860, stack(0x000000649cc00000,0x000000649cd00000) (1024K)]
  0x00000166cb85d670 JavaThread "jar transforms"                    [_thread_blocked, id=27876, stack(0x000000649cf00000,0x000000649d000000) (1024K)]
  0x00000166c8ef8bd0 JavaThread "jar transforms Thread 2"           [_thread_blocked, id=26276, stack(0x000000649d200000,0x000000649d300000) (1024K)]
  0x00000166c8efa610 JavaThread "jar transforms Thread 3"           [_thread_blocked, id=27860, stack(0x000000649d500000,0x000000649d600000) (1024K)]
  0x00000166c6e47890 JavaThread "jar transforms Thread 4"           [_thread_blocked, id=30044, stack(0x000000649f700000,0x000000649f800000) (1024K)]
  0x00000166c6e47f20 JavaThread "jar transforms Thread 5"           [_thread_blocked, id=30048, stack(0x000000649f800000,0x000000649f900000) (1024K)]
  0x00000166c6e4ba30 JavaThread "Memory manager"                    [_thread_blocked, id=30068, stack(0x000000649f900000,0x000000649fa00000) (1024K)]
  0x00000166c6e49960 JavaThread "jar transforms Thread 6"           [_thread_blocked, id=30396, stack(0x000000649d400000,0x000000649d500000) (1024K)]
  0x00000166cd4765e0 JavaThread "pool-3-thread-1"                   [_thread_blocked, id=30364, stack(0x000000649fd00000,0x000000649fe00000) (1024K)]
  0x00000166cd1f47a0 JavaThread "pool-6-thread-1"                   [_thread_blocked, id=19312, stack(0x000000649ec00000,0x000000649ed00000) (1024K)]
  0x00000166c932ebb0 JavaThread "pool-9-thread-1"                   [_thread_blocked, id=30820, stack(0x000000649ea00000,0x000000649eb00000) (1024K)]
  0x00000166c8ef9260 JavaThread "Cache worker for Java compile cache (C:\Users\DELL\.gradle\caches\9.3.1\javaCompile)"        [_thread_blocked, id=31732, stack(0x00000064a2c00000,0x00000064a2d00000) (1024K)]
  0x00000166da12a120 JavaThread "jar transforms Thread 7"           [_thread_blocked, id=28256, stack(0x000000649e900000,0x000000649ea00000) (1024K)]
  0x00000166da12a7b0 JavaThread "jar transforms Thread 8"           [_thread_blocked, id=32076, stack(0x000000649ed00000,0x000000649ee00000) (1024K)]
  0x00000166da12ae40 JavaThread "pool-14-thread-1"                  [_thread_blocked, id=31380, stack(0x000000649ee00000,0x000000649ef00000) (1024K)]
  0x00000166cb2b18f0 JavaThread "pool-19-thread-1"                  [_thread_blocked, id=30744, stack(0x000000649ef00000,0x000000649f000000) (1024K)]
  0x00000166dbd714a0 JavaThread "pool-23-thread-1"                  [_thread_blocked, id=33800, stack(0x000000649f400000,0x000000649f500000) (1024K)]
  0x00000166d53730c0 JavaThread "pool-28-thread-1"                  [_thread_blocked, id=34724, stack(0x000000649eb00000,0x000000649ec00000) (1024K)]
  0x00000166d4147d80 JavaThread "pool-32-thread-1"                  [_thread_blocked, id=35372, stack(0x000000649f200000,0x000000649f300000) (1024K)]
  0x00000166da0e0230 JavaThread "pool-35-thread-1"                  [_thread_blocked, id=6848, stack(0x000000649f300000,0x000000649f400000) (1024K)]
  0x00000166cd1e8ae0 JavaThread "pool-38-thread-1"                  [_thread_blocked, id=33540, stack(0x000000649e800000,0x000000649e900000) (1024K)]
  0x00000166db916680 JavaThread "pool-42-thread-1"                  [_thread_blocked, id=36240, stack(0x000000649f600000,0x000000649f700000) (1024K)]
  0x00000166ca4d5150 JavaThread "pool-47-thread-1"                  [_thread_blocked, id=33628, stack(0x000000649fa00000,0x000000649fb00000) (1024K)]
  0x00000166d334ac70 JavaThread "pool-50-thread-1"                  [_thread_blocked, id=26672, stack(0x000000649f100000,0x000000649f200000) (1024K)]
  0x00000166cde8f740 JavaThread "pool-55-thread-1"                  [_thread_blocked, id=33328, stack(0x000000649fc00000,0x000000649fd00000) (1024K)]
  0x00000166d4bbff00 JavaThread "pool-58-thread-1"                  [_thread_blocked, id=14428, stack(0x000000649f000000,0x000000649f100000) (1024K)]
  0x00000166dbd6ed40 JavaThread "pool-63-thread-1"                  [_thread_blocked, id=36308, stack(0x000000649fb00000,0x000000649fc00000) (1024K)]
  0x00000166d56f7d50 JavaThread "pool-66-thread-1"                  [_thread_blocked, id=33000, stack(0x000000649ff00000,0x00000064a0000000) (1024K)]
  0x00000166ca03c070 JavaThread "pool-71-thread-1"                  [_thread_blocked, id=38220, stack(0x00000064a0100000,0x00000064a0200000) (1024K)]
  0x00000166d30ec860 JavaThread "pool-74-thread-1"                  [_thread_blocked, id=33600, stack(0x000000649fe00000,0x000000649ff00000) (1024K)]
  0x00000166d56f55f0 JavaThread "pool-79-thread-1"                  [_thread_blocked, id=40272, stack(0x00000064a0200000,0x00000064a0300000) (1024K)]
  0x00000166cb2b0bd0 JavaThread "jar transforms Thread 9"           [_thread_blocked, id=35160, stack(0x00000064a0000000,0x00000064a0100000) (1024K)]
  0x00000166d4011610 JavaThread "jar transforms Thread 10"          [_thread_blocked, id=41444, stack(0x00000064a0400000,0x00000064a0500000) (1024K)]
  0x00000166d4014400 JavaThread "pool-82-thread-1"                  [_thread_blocked, id=41288, stack(0x00000064a0500000,0x00000064a0600000) (1024K)]
  0x00000166dadb3be0 JavaThread "pool-87-thread-1"                  [_thread_blocked, id=38124, stack(0x00000064a0800000,0x00000064a0900000) (1024K)]
  0x00000166d56f2170 JavaThread "pool-90-thread-1"                  [_thread_blocked, id=42292, stack(0x00000064a0300000,0x00000064a0400000) (1024K)]
  0x00000166cb6bea80 JavaThread "pool-95-thread-1"                  [_thread_blocked, id=34572, stack(0x00000064a0900000,0x00000064a0a00000) (1024K)]
  0x00000166d35543a0 JavaThread "pool-98-thread-1"                  [_thread_blocked, id=43164, stack(0x00000064a0600000,0x00000064a0700000) (1024K)]
  0x00000166df8d8ce0 JavaThread "pool-103-thread-1"                 [_thread_blocked, id=43584, stack(0x00000064a0700000,0x00000064a0800000) (1024K)]
  0x00000166e0f174d0 JavaThread "pool-106-thread-1"                 [_thread_blocked, id=42792, stack(0x00000064a0a00000,0x00000064a0b00000) (1024K)]
  0x00000166da786fc0 JavaThread "pool-110-thread-1"                 [_thread_blocked, id=39080, stack(0x00000064a0e00000,0x00000064a0f00000) (1024K)]
  0x00000166d35e6f90 JavaThread "pool-114-thread-1"                 [_thread_blocked, id=45032, stack(0x000000649f500000,0x000000649f600000) (1024K)]
  0x00000166da802420 JavaThread "pool-117-thread-1"                 [_thread_blocked, id=44336, stack(0x00000064a0c00000,0x00000064a0d00000) (1024K)]
  0x00000166db80f310 JavaThread "pool-122-thread-1"                 [_thread_blocked, id=40268, stack(0x00000064a0b00000,0x00000064a0c00000) (1024K)]
  0x00000166db80c520 JavaThread "pool-125-thread-1"                 [_thread_blocked, id=40292, stack(0x00000064a0d00000,0x00000064a0e00000) (1024K)]
  0x00000166db070070 JavaThread "pool-130-thread-1"                 [_thread_blocked, id=46472, stack(0x00000064a1000000,0x00000064a1100000) (1024K)]
  0x00000166cd1e9170 JavaThread "jar transforms Thread 11"          [_thread_blocked, id=45368, stack(0x000000649c700000,0x000000649c800000) (1024K)]
  0x00000166db794710 JavaThread "jar transforms Thread 12"          [_thread_blocked, id=20696, stack(0x000000649cd00000,0x000000649ce00000) (1024K)]
  0x00000166dac8fd80 JavaThread "pool-133-thread-1"                 [_thread_blocked, id=1856, stack(0x00000064a1400000,0x00000064a1500000) (1024K)]
  0x00000166da725050 JavaThread "pool-136-thread-1"                 [_thread_blocked, id=43308, stack(0x00000064a1500000,0x00000064a1600000) (1024K)]
  0x00000166d56f0dc0 JavaThread "pool-139-thread-1"                 [_thread_blocked, id=47712, stack(0x00000064a1300000,0x00000064a1400000) (1024K)]
  0x00000166db071420 JavaThread "pool-142-thread-1"                 [_thread_blocked, id=50724, stack(0x00000064a1200000,0x00000064a1300000) (1024K)]
  0x00000166dadfcbd0 JavaThread "pool-145-thread-1"                 [_thread_blocked, id=48412, stack(0x00000064a1b00000,0x00000064a1c00000) (1024K)]
  0x00000166d20bf7b0 JavaThread "pool-148-thread-1"                 [_thread_blocked, id=50200, stack(0x00000064a1900000,0x00000064a1a00000) (1024K)]
  0x00000166cdee52b0 JavaThread "pool-151-thread-1"                 [_thread_blocked, id=50808, stack(0x00000064a1e00000,0x00000064a1f00000) (1024K)]
  0x00000166df863d10 JavaThread "pool-154-thread-1"                 [_thread_blocked, id=37920, stack(0x00000064a1a00000,0x00000064a1b00000) (1024K)]
  0x00000166e0f19c30 JavaThread "pool-159-thread-1"                 [_thread_blocked, id=52248, stack(0x00000064a1700000,0x00000064a1800000) (1024K)]
  0x00000166d5cbbcf0 JavaThread "pool-163-thread-1"                 [_thread_blocked, id=52568, stack(0x00000064a1800000,0x00000064a1900000) (1024K)]
  0x00000166cd2bbe30 JavaThread "pool-167-thread-1"                 [_thread_blocked, id=52096, stack(0x00000064a1600000,0x00000064a1700000) (1024K)]
  0x00000166e0d10090 JavaThread "pool-171-thread-1"                 [_thread_blocked, id=51980, stack(0x00000064a1f00000,0x00000064a2000000) (1024K)]
  0x00000166ca4d3da0 JavaThread "pool-176-thread-1"                 [_thread_blocked, id=6060, stack(0x00000064a1c00000,0x00000064a1d00000) (1024K)]
  0x00000166d5cb9c20 JavaThread "pool-181-thread-1"                 [_thread_blocked, id=51348, stack(0x00000064a2000000,0x00000064a2100000) (1024K)]
  0x00000166d5ae36e0 JavaThread "pool-185-thread-1"                 [_thread_blocked, id=42244, stack(0x00000064a1d00000,0x00000064a1e00000) (1024K)]
  0x00000166d25a2470 JavaThread "pool-190-thread-1"                 [_thread_blocked, id=55236, stack(0x00000064a2100000,0x00000064a2200000) (1024K)]
  0x00000166cb11d920 JavaThread "Daemon Thread 41"                  [_thread_blocked, id=58988, stack(0x0000006499800000,0x0000006499900000) (1024K)]
  0x00000166d53f10e0 JavaThread "Handler for socket connection from /127.0.0.1:60234 to /127.0.0.1:58487"        [_thread_in_native, id=19324, stack(0x0000006499900000,0x0000006499a00000) (1024K)]
  0x00000166d53f2b20 JavaThread "Cancel handler"                    [_thread_blocked, id=52560, stack(0x0000006499a00000,0x0000006499b00000) (1024K)]
  0x00000166d53f3ed0 JavaThread "Daemon worker Thread 41"           [_thread_blocked, id=53928, stack(0x000000649ac00000,0x000000649ad00000) (1024K)]
  0x00000166da0e8110 JavaThread "Asynchronous log dispatcher for DefaultDaemonConnection: socket connection from /127.0.0.1:60234 to /127.0.0.1:58487"        [_thread_blocked, id=19052, stack(0x000000649b700000,0x000000649b800000) (1024K)]
  0x00000166da0e7a80 JavaThread "Stdin handler"                     [_thread_blocked, id=56652, stack(0x000000649b800000,0x000000649b900000) (1024K)]
  0x00000166db794080 JavaThread "Daemon client event forwarder"        [_thread_blocked, id=49920, stack(0x000000649b900000,0x000000649ba00000) (1024K)]
  0x00000166db794da0 JavaThread "Cache worker for file hash cache (D:\MEox\UITer\DOAN\Mosco_Megre\Mosco\client\.gradle\9.3.1\fileHashes)"        [_thread_blocked, id=1920, stack(0x000000649ba00000,0x000000649bb00000) (1024K)]
  0x00000166d5cb74c0 JavaThread "Cache worker for Build Output Cleanup Cache (D:\MEox\UITer\DOAN\Mosco_Megre\Mosco\client\.gradle\buildOutputCleanup)"        [_thread_blocked, id=19668, stack(0x000000649bb00000,0x000000649bc00000) (1024K)]
  0x00000166d5cb6e30 JavaThread "Cache worker for checksums cache (D:\MEox\UITer\DOAN\Mosco_Megre\Mosco\client\.gradle\9.3.1\checksums)"        [_thread_blocked, id=13248, stack(0x000000649bc00000,0x000000649bd00000) (1024K)]
  0x00000166d5cba2b0 JavaThread "Cache worker for cache directory md-supplier (C:\Users\DELL\.gradle\caches\9.3.1\md-supplier)"        [_thread_blocked, id=53780, stack(0x000000649bd00000,0x000000649be00000) (1024K)]
  0x00000166d5cbafd0 JavaThread "Cache worker for cache directory md-rule (C:\Users\DELL\.gradle\caches\9.3.1\md-rule)"        [_thread_blocked, id=54876, stack(0x000000649c600000,0x000000649c700000) (1024K)]
  0x00000166d5cb9590 JavaThread "Unconstrained build operations"        [_thread_blocked, id=55340, stack(0x000000649c800000,0x000000649c900000) (1024K)]
  0x00000166d5cb7b50 JavaThread "Unconstrained build operations Thread 2"        [_thread_blocked, id=58164, stack(0x000000649cb00000,0x000000649cc00000) (1024K)]
  0x00000166d5cb8f00 JavaThread "Problems report writer"            [_thread_blocked, id=53416, stack(0x000000649ce00000,0x000000649cf00000) (1024K)]
  0x00000166d5cba940 JavaThread "Unconstrained build operations Thread 3"        [_thread_blocked, id=3996, stack(0x000000649d000000,0x000000649d100000) (1024K)]
  0x00000166d5cb8870 JavaThread "Unconstrained build operations Thread 4"        [_thread_blocked, id=59164, stack(0x000000649d100000,0x000000649d200000) (1024K)]
  0x00000166d5cbb660 JavaThread "Unconstrained build operations Thread 5"        [_thread_blocked, id=58892, stack(0x000000649d300000,0x000000649d400000) (1024K)]
  0x00000166d5cb81e0 JavaThread "Unconstrained build operations Thread 6"        [_thread_blocked, id=20900, stack(0x000000649d600000,0x000000649d700000) (1024K)]
  0x00000166d5cbd730 JavaThread "Unconstrained build operations Thread 7"        [_thread_blocked, id=58376, stack(0x000000649d700000,0x000000649d800000) (1024K)]
  0x00000166d5cbc380 JavaThread "Unconstrained build operations Thread 8"        [_thread_blocked, id=55964, stack(0x000000649d800000,0x000000649d900000) (1024K)]
  0x00000166d5cbca10 JavaThread "Unconstrained build operations Thread 9"        [_thread_blocked, id=53244, stack(0x000000649d900000,0x000000649da00000) (1024K)]
  0x00000166d5cbd0a0 JavaThread "Unconstrained build operations Thread 10"        [_thread_blocked, id=41944, stack(0x000000649da00000,0x000000649db00000) (1024K)]
  0x00000166d5cbddc0 JavaThread "Unconstrained build operations Thread 11"        [_thread_blocked, id=38236, stack(0x000000649db00000,0x000000649dc00000) (1024K)]
  0x00000166d5cbe450 JavaThread "Unconstrained build operations Thread 12"        [_thread_blocked, id=50680, stack(0x000000649dc00000,0x000000649dd00000) (1024K)]
  0x00000166e5e031d0 JavaThread "Unconstrained build operations Thread 13"        [_thread_blocked, id=58196, stack(0x000000649dd00000,0x000000649de00000) (1024K)]
  0x00000166ca4d57e0 JavaThread "Unconstrained build operations Thread 14"        [_thread_blocked, id=49616, stack(0x000000649de00000,0x000000649df00000) (1024K)]
  0x00000166ca4d6500 JavaThread "Unconstrained build operations Thread 15"        [_thread_blocked, id=55288, stack(0x000000649df00000,0x000000649e000000) (1024K)]
  0x00000166ca4d4ac0 JavaThread "Unconstrained build operations Thread 16"        [_thread_blocked, id=47980, stack(0x000000649e000000,0x000000649e100000) (1024K)]
  0x00000166ca4d5e70 JavaThread "Unconstrained build operations Thread 17"        [_thread_blocked, id=15984, stack(0x000000649e100000,0x000000649e200000) (1024K)]
  0x00000166ca4d3710 JavaThread "Unconstrained build operations Thread 18"        [_thread_blocked, id=59328, stack(0x000000649e200000,0x000000649e300000) (1024K)]
  0x00000166ca4d4430 JavaThread "Unconstrained build operations Thread 19"        [_thread_blocked, id=58472, stack(0x000000649e300000,0x000000649e400000) (1024K)]
  0x00000166db80cbb0 JavaThread "Unconstrained build operations Thread 20"        [_thread_blocked, id=59272, stack(0x000000649e400000,0x000000649e500000) (1024K)]
  0x00000166db80d240 JavaThread "Unconstrained build operations Thread 21"        [_thread_blocked, id=5276, stack(0x000000649e500000,0x000000649e600000) (1024K)]
  0x00000166db80df60 JavaThread "Unconstrained build operations Thread 22"        [_thread_blocked, id=54448, stack(0x000000649e600000,0x000000649e700000) (1024K)]
  0x00000166db80d8d0 JavaThread "Unconstrained build operations Thread 23"        [_thread_blocked, id=8276, stack(0x000000649e700000,0x000000649e800000) (1024K)]
  0x00000166db80e5f0 JavaThread "Unconstrained build operations Thread 24"        [_thread_blocked, id=59368, stack(0x00000064a0f00000,0x00000064a1000000) (1024K)]
  0x00000166da0e6040 JavaThread "build event listener"              [_thread_blocked, id=32704, stack(0x00000064a2200000,0x00000064a2300000) (1024K)]
  0x00000166e5e05fc0 JavaThread "pool-195-thread-1"                 [_thread_blocked, id=49088, stack(0x00000064a2300000,0x00000064a2400000) (1024K)]
  0x00000166e5e052a0 JavaThread "build event listener"              [_thread_blocked, id=57860, stack(0x00000064a2400000,0x00000064a2500000) (1024K)]
  0x00000166e5e03860 JavaThread "included builds"                   [_thread_blocked, id=54280, stack(0x00000064a2500000,0x00000064a2600000) (1024K)]
  0x00000166e5e04580 JavaThread "Execution worker"                  [_thread_blocked, id=45264, stack(0x00000064a2600000,0x00000064a2700000) (1024K)]
  0x00000166e5e03ef0 JavaThread "Execution worker Thread 2"         [_thread_blocked, id=58248, stack(0x00000064a2700000,0x00000064a2800000) (1024K)]
  0x00000166e5e04c10 JavaThread "Execution worker Thread 3"         [_thread_blocked, id=40640, stack(0x00000064a2800000,0x00000064a2900000) (1024K)]
  0x00000166e5e05930 JavaThread "Execution worker Thread 4"         [_thread_blocked, id=58752, stack(0x00000064a2900000,0x00000064a2a00000) (1024K)]
  0x00000166dadb5cb0 JavaThread "Execution worker Thread 5"         [_thread_blocked, id=57984, stack(0x00000064a2a00000,0x00000064a2b00000) (1024K)]
  0x00000166db80be90 JavaThread "Execution worker Thread 6"         [_thread_blocked, id=52488, stack(0x00000064a2b00000,0x00000064a2c00000) (1024K)]
  0x00000166da801d90 JavaThread "Execution worker Thread 7"         [_thread_blocked, id=54132, stack(0x00000064a2d00000,0x00000064a2e00000) (1024K)]
  0x00000166da801070 JavaThread "Execution worker Thread 8"         [_thread_blocked, id=58864, stack(0x00000064a2e00000,0x00000064a2f00000) (1024K)]
  0x00000166da8037d0 JavaThread "Execution worker Thread 9"         [_thread_blocked, id=45888, stack(0x00000064a2f00000,0x00000064a3000000) (1024K)]
  0x00000166da802ab0 JavaThread "Execution worker Thread 10"        [_thread_blocked, id=57784, stack(0x00000064a3000000,0x00000064a3100000) (1024K)]
  0x00000166da803e60 JavaThread "Execution worker Thread 11"        [_thread_blocked, id=52888, stack(0x00000064a3100000,0x00000064a3200000) (1024K)]
  0x00000166dadb3550 JavaThread "Cache worker for execution history cache (D:\MEox\UITer\DOAN\Mosco_Megre\Mosco\client\.gradle\9.3.1\executionHistory)"        [_thread_blocked, id=49384, stack(0x00000064a3200000,0x00000064a3300000) (1024K)]
  0x00000166dadb4900 JavaThread "Unconstrained build operations Thread 25"        [_thread_blocked, id=58724, stack(0x00000064a3300000,0x00000064a3400000) (1024K)]
  0x00000166dadb2830 JavaThread "Unconstrained build operations Thread 26"        [_thread_blocked, id=58556, stack(0x00000064a3400000,0x00000064a3500000) (1024K)]
  0x00000166dadb5620 JavaThread "Unconstrained build operations Thread 27"        [_thread_blocked, id=45940, stack(0x00000064a3500000,0x00000064a3600000) (1024K)]
  0x00000166dadb4f90 JavaThread "Unconstrained build operations Thread 28"        [_thread_blocked, id=9016, stack(0x00000064a1100000,0x00000064a1200000) (1024K)]
  0x00000166dadb2ec0 JavaThread "Unconstrained build operations Thread 29"        [_thread_blocked, id=32928, stack(0x00000064a3700000,0x00000064a3800000) (1024K)]
  0x00000166da785580 JavaThread "Unconstrained build operations Thread 30"        [_thread_blocked, id=52580, stack(0x00000064a3800000,0x00000064a3900000) (1024K)]
  0x00000166da785c10 JavaThread "Unconstrained build operations Thread 31"        [_thread_blocked, id=58540, stack(0x00000064a3900000,0x00000064a3a00000) (1024K)]
  0x00000166da787650 JavaThread "Unconstrained build operations Thread 32"        [_thread_blocked, id=50100, stack(0x00000064a3a00000,0x00000064a3b00000) (1024K)]
  0x00000166da7862a0 JavaThread "Unconstrained build operations Thread 33"        [_thread_blocked, id=58040, stack(0x00000064a3b00000,0x00000064a3c00000) (1024K)]
  0x00000166da784860 JavaThread "Unconstrained build operations Thread 34"        [_thread_blocked, id=53684, stack(0x00000064a3c00000,0x00000064a3d00000) (1024K)]
  0x00000166da786930 JavaThread "Unconstrained build operations Thread 35"        [_thread_blocked, id=58000, stack(0x00000064a3d00000,0x00000064a3e00000) (1024K)]
  0x00000166da787ce0 JavaThread "Unconstrained build operations Thread 36"        [_thread_blocked, id=22028, stack(0x00000064a3e00000,0x00000064a3f00000) (1024K)]
  0x00000166db795430 JavaThread "Unconstrained build operations Thread 37"        [_thread_blocked, id=57160, stack(0x00000064a3f00000,0x00000064a4000000) (1024K)]
  0x00000166db796150 JavaThread "Unconstrained build operations Thread 38"        [_thread_blocked, id=24480, stack(0x00000064a4000000,0x00000064a4100000) (1024K)]
  0x00000166cde10000 JavaThread "Unconstrained build operations Thread 39"        [_thread_blocked, id=53576, stack(0x00000064a4300000,0x00000064a4400000) (1024K)]
  0x00000166cde10690 JavaThread "Unconstrained build operations Thread 40"        [_thread_blocked, id=50764, stack(0x00000064a4400000,0x00000064a4500000) (1024K)]
  0x00000166cde113b0 JavaThread "Unconstrained build operations Thread 41"        [_thread_blocked, id=16412, stack(0x00000064a4500000,0x00000064a4600000) (1024K)]
  0x00000166cde0f970 JavaThread "Unconstrained build operations Thread 42"        [_thread_blocked, id=54016, stack(0x00000064a4600000,0x00000064a4700000) (1024K)]
  0x00000166cde10d20 JavaThread "Unconstrained build operations Thread 43"        [_thread_blocked, id=57500, stack(0x00000064a4700000,0x00000064a4800000) (1024K)]
  0x00000166cde0ec50 JavaThread "Unconstrained build operations Thread 44"        [_thread_blocked, id=57752, stack(0x00000064a4800000,0x00000064a4900000) (1024K)]
  0x00000166cde11a40 JavaThread "Unconstrained build operations Thread 45"        [_thread_blocked, id=58972, stack(0x00000064a4900000,0x00000064a4a00000) (1024K)]
  0x00000166cde120d0 JavaThread "Unconstrained build operations Thread 46"        [_thread_blocked, id=57036, stack(0x00000064a4a00000,0x00000064a4b00000) (1024K)]
  0x00000166db916d10 JavaThread "Unconstrained build operations Thread 47"        [_thread_blocked, id=54308, stack(0x00000064a4b00000,0x00000064a4c00000) (1024K)]
  0x00000166db915960 JavaThread "Unconstrained build operations Thread 48"        [_thread_blocked, id=53332, stack(0x00000064a4c00000,0x00000064a4d00000) (1024K)]
  0x00000166db913f20 JavaThread "Unconstrained build operations Thread 49"        [_thread_blocked, id=52352, stack(0x00000064a4d00000,0x00000064a4e00000) (1024K)]
  0x00000166db9145b0 JavaThread "Unconstrained build operations Thread 50"        [_thread_blocked, id=53348, stack(0x00000064a4e00000,0x00000064a4f00000) (1024K)]
  0x00000166db914c40 JavaThread "Unconstrained build operations Thread 51"        [_thread_blocked, id=58704, stack(0x00000064a4f00000,0x00000064a5000000) (1024K)]
  0x00000166d3556470 JavaThread "WorkerExecutor Queue"              [_thread_blocked, id=24144, stack(0x00000064a4200000,0x00000064a4300000) (1024K)]
  0x00000166d3555750 JavaThread "WorkerExecutor Queue Thread 2"        [_thread_blocked, id=56372, stack(0x00000064a5000000,0x00000064a5100000) (1024K)]
  0x00000166d3552ff0 JavaThread "WorkerExecutor Queue Thread 3"        [_thread_blocked, id=55688, stack(0x00000064a5100000,0x00000064a5200000) (1024K)]
  0x00000166d3555de0 JavaThread "WorkerExecutor Queue Thread 4"        [_thread_blocked, id=50132, stack(0x00000064a5200000,0x00000064a5300000) (1024K)]
  0x00000166d3556b00 JavaThread "WorkerExecutor Queue Thread 5"        [_thread_blocked, id=2312, stack(0x00000064a5300000,0x00000064a5400000) (1024K)]
  0x00000166d21c6f80 JavaThread "WorkerExecutor Queue Thread 6"        [_thread_blocked, id=58816, stack(0x00000064a5400000,0x00000064a5500000) (1024K)]
  0x00000166d3553680 JavaThread "WorkerExecutor Queue Thread 7"        [_thread_blocked, id=20724, stack(0x00000064a5500000,0x00000064a5600000) (1024K)]
  0x00000166d3559260 JavaThread "WorkerExecutor Queue Thread 8"        [_thread_blocked, id=59032, stack(0x00000064a5600000,0x00000064a5700000) (1024K)]
  0x00000166d3558540 JavaThread "WorkerExecutor Queue Thread 9"        [_thread_blocked, id=56104, stack(0x00000064a5700000,0x00000064a5800000) (1024K)]
  0x00000166d2871300 JavaThread "WorkerExecutor Queue Thread 10"        [_thread_blocked, id=58580, stack(0x00000064a5800000,0x00000064a5900000) (1024K)]
  0x00000166d35598f0 JavaThread "WorkerExecutor Queue Thread 11"        [_thread_blocked, id=56696, stack(0x00000064a5900000,0x00000064a5a00000) (1024K)]
  0x00000166d3557190 JavaThread "WorkerExecutor Queue Thread 12"        [_thread_blocked, id=13980, stack(0x00000064a5a00000,0x00000064a5b00000) (1024K)]
  0x00000166d3557820 JavaThread "Unconstrained build operations Thread 52"        [_thread_blocked, id=53920, stack(0x00000064a5b00000,0x00000064a5c00000) (1024K)]
  0x00000166d3f2d430 JavaThread "Unconstrained build operations Thread 53"        [_thread_blocked, id=53372, stack(0x00000064a5c00000,0x00000064a5d00000) (1024K)]
  0x00000166d53f4560 JavaThread "Unconstrained build operations Thread 54"        [_thread_blocked, id=42428, stack(0x00000064a5d00000,0x00000064a5e00000) (1024K)]
  0x00000166d53f1770 JavaThread "Unconstrained build operations Thread 55"        [_thread_blocked, id=51080, stack(0x00000064a5e00000,0x00000064a5f00000) (1024K)]
  0x00000166d53f1e00 JavaThread "Unconstrained build operations Thread 56"        [_thread_blocked, id=56996, stack(0x00000064a5f00000,0x00000064a6000000) (1024K)]
  0x00000166da723610 JavaThread "Unconstrained build operations Thread 57"        [_thread_blocked, id=58804, stack(0x00000064a6000000,0x00000064a6100000) (1024K)]
  0x00000166da722f80 JavaThread "Unconstrained build operations Thread 58"        [_thread_blocked, id=16148, stack(0x00000064a6100000,0x00000064a6200000) (1024K)]
  0x00000166da724330 JavaThread "Unconstrained build operations Thread 59"        [_thread_blocked, id=57400, stack(0x00000064a6200000,0x00000064a6300000) (1024K)]
  0x00000166da721bd0 JavaThread "Unconstrained build operations Thread 60"        [_thread_blocked, id=58936, stack(0x00000064a6300000,0x00000064a6400000) (1024K)]
  0x00000166da7249c0 JavaThread "Unconstrained build operations Thread 61"        [_thread_blocked, id=54428, stack(0x00000064a6400000,0x00000064a6500000) (1024K)]
  0x00000166da723ca0 JavaThread "Unconstrained build operations Thread 62"        [_thread_blocked, id=58708, stack(0x00000064a6500000,0x00000064a6600000) (1024K)]
  0x00000166da722260 JavaThread "Unconstrained build operations Thread 63"        [_thread_blocked, id=58036, stack(0x00000064a6600000,0x00000064a6700000) (1024K)]
  0x00000166d5ae3d70 JavaThread "Unconstrained build operations Thread 64"        [_thread_blocked, id=54536, stack(0x00000064a6700000,0x00000064a6800000) (1024K)]
  0x00000166d51814a0 JavaThread "Unconstrained build operations Thread 65"        [_thread_blocked, id=57556, stack(0x00000064a6800000,0x00000064a6900000) (1024K)]
  0x00000166d51800f0 JavaThread "Unconstrained build operations Thread 66"        [_thread_blocked, id=2832, stack(0x00000064a6900000,0x00000064a6a00000) (1024K)]
  0x00000166db9152d0 JavaThread "Unconstrained build operations Thread 67"        [_thread_blocked, id=1980, stack(0x00000064a6a00000,0x00000064a6b00000) (1024K)]
  0x00000166db913890 JavaThread "Unconstrained build operations Thread 68"        [_thread_blocked, id=50292, stack(0x00000064a6b00000,0x00000064a6c00000) (1024K)]
  0x00000166cd2bc4c0 JavaThread "Unconstrained build operations Thread 69"        [_thread_blocked, id=58996, stack(0x00000064a6c00000,0x00000064a6d00000) (1024K)]
  0x00000166cd2bcb50 JavaThread "Unconstrained build operations Thread 70"        [_thread_blocked, id=55160, stack(0x00000064a6d00000,0x00000064a6e00000) (1024K)]
  0x00000166cd2bd1e0 JavaThread "Unconstrained build operations Thread 71"        [_thread_blocked, id=58220, stack(0x00000064a6e00000,0x00000064a6f00000) (1024K)]
  0x00000166cd2bd870 JavaThread "Unconstrained build operations Thread 72"        [_thread_blocked, id=58720, stack(0x00000064a6f00000,0x00000064a7000000) (1024K)]
  0x00000166d5180780 JavaThread "Unconstrained build operations Thread 73"        [_thread_blocked, id=21024, stack(0x00000064a7000000,0x00000064a7100000) (1024K)]
  0x00000166d5181b30 JavaThread "Unconstrained build operations Thread 74"        [_thread_blocked, id=54040, stack(0x00000064a7100000,0x00000064a7200000) (1024K)]
  0x00000166d5182ee0 JavaThread "Unconstrained build operations Thread 75"        [_thread_blocked, id=48828, stack(0x00000064a7200000,0x00000064a7300000) (1024K)]
  0x00000166d5183570 JavaThread "Unconstrained build operations Thread 76"        [_thread_blocked, id=55804, stack(0x00000064a7300000,0x00000064a7400000) (1024K)]
  0x00000166d56f4240 JavaThread "Unconstrained build operations Thread 77"        [_thread_blocked, id=53588, stack(0x00000064a7400000,0x00000064a7500000) (1024K)]
  0x00000166d51821c0 JavaThread "Unconstrained build operations Thread 78"        [_thread_blocked, id=56144, stack(0x00000064a7600000,0x00000064a7700000) (1024K)]
  0x00000166d2871990 JavaThread "Unconstrained build operations Thread 79"        [_thread_blocked, id=3796, stack(0x00000064a7700000,0x00000064a7800000) (1024K)]
  0x00000166d56f1ae0 JavaThread "Unconstrained build operations Thread 80"        [_thread_blocked, id=59136, stack(0x00000064a7800000,0x00000064a7900000) (1024K)]
  0x00000166d2872020 JavaThread "Unconstrained build operations Thread 81"        [_thread_blocked, id=24476, stack(0x00000064a7900000,0x00000064a7a00000) (1024K)]
  0x00000166d5ae5e40 JavaThread "Unconstrained build operations Thread 82"        [_thread_blocked, id=57608, stack(0x00000064a7a00000,0x00000064a7b00000) (1024K)]
  0x00000166d5ae5120 JavaThread "Unconstrained build operations Thread 83"        [_thread_blocked, id=56952, stack(0x00000064a7b00000,0x00000064a7c00000) (1024K)]
  0x00000166d2717d80 JavaThread "C2 CompilerThread1"         daemon [_thread_blocked, id=53976, stack(0x00000064a4100000,0x00000064a4200000) (1024K)]
  0x00000166d2715b70 JavaThread "C2 CompilerThread2"         daemon [_thread_in_native, id=58888, stack(0x00000064a7500000,0x00000064a7600000) (1024K)]
  0x00000166db795ac0 JavaThread "Unconstrained build operations Thread 84"        [_thread_blocked, id=55460, stack(0x00000064a7c00000,0x00000064a7d00000) (1024K)]
  0x00000166db7967e0 JavaThread "Unconstrained build operations Thread 85"        [_thread_blocked, id=13476, stack(0x00000064a7d00000,0x00000064a7e00000) (1024K)]
  0x00000166db797500 JavaThread "Unconstrained build operations Thread 86"        [_thread_blocked, id=58476, stack(0x00000064a7e00000,0x00000064a7f00000) (1024K)]
  0x00000166da784ef0 JavaThread "Unconstrained build operations Thread 87"        [_thread_blocked, id=58396, stack(0x00000064a7f00000,0x00000064a8000000) (1024K)]
  0x00000166db0bdbe0 JavaThread "Unconstrained build operations Thread 88"        [_thread_blocked, id=57452, stack(0x00000064a8000000,0x00000064a8100000) (1024K)]
  0x00000166d56f48d0 JavaThread "Unconstrained build operations Thread 89"        [_thread_blocked, id=58844, stack(0x00000064a8100000,0x00000064a8200000) (1024K)]
  0x00000166d56f3bb0 JavaThread "Unconstrained build operations Thread 90"        [_thread_blocked, id=59212, stack(0x00000064a8200000,0x00000064a8300000) (1024K)]
  0x00000166d56f1450 JavaThread "Unconstrained build operations Thread 91"        [_thread_blocked, id=10192, stack(0x00000064a8300000,0x00000064a8400000) (1024K)]
  0x00000166d56f4f60 JavaThread "Unconstrained build operations Thread 92"        [_thread_blocked, id=50728, stack(0x00000064a8400000,0x00000064a8500000) (1024K)]
  0x00000166da9d5c90 JavaThread "Unconstrained build operations Thread 93"        [_thread_blocked, id=59156, stack(0x00000064a8500000,0x00000064a8600000) (1024K)]
  0x00000166da9d8a80 JavaThread "Unconstrained build operations Thread 94"        [_thread_blocked, id=21100, stack(0x00000064a8600000,0x00000064a8700000) (1024K)]
  0x00000166da9d7040 JavaThread "Unconstrained build operations Thread 95"        [_thread_blocked, id=59388, stack(0x00000064a8700000,0x00000064a8800000) (1024K)]
  0x00000166da9d9110 JavaThread "Unconstrained build operations Thread 96"        [_thread_blocked, id=46212, stack(0x00000064a8800000,0x00000064a8900000) (1024K)]
  0x00000166da9d6320 JavaThread "Unconstrained build operations Thread 97"        [_thread_blocked, id=44996, stack(0x00000064a8900000,0x00000064a8a00000) (1024K)]
  0x00000166da9d76d0 JavaThread "Unconstrained build operations Thread 98"        [_thread_blocked, id=51212, stack(0x00000064a8a00000,0x00000064a8b00000) (1024K)]
  0x00000166da9d7d60 JavaThread "Unconstrained build operations Thread 99"        [_thread_blocked, id=53592, stack(0x00000064a8b00000,0x00000064a8c00000) (1024K)]
  0x00000166da9d83f0 JavaThread "Unconstrained build operations Thread 100"        [_thread_blocked, id=57288, stack(0x00000064a8c00000,0x00000064a8d00000) (1024K)]
  0x00000166d50994e0 JavaThread "ForkJoinPool-4-worker-1"    daemon [_thread_blocked, id=27532, stack(0x00000064a8d00000,0x00000064a8e00000) (1024K)]
  0x00000166d5096060 JavaThread "ForkJoinPool-4-worker-2"    daemon [_thread_blocked, id=58944, stack(0x00000064a8e00000,0x00000064a8f00000) (1024K)]
  0x00000166dac8e340 JavaThread "ForkJoinPool-4-worker-3"    daemon [_thread_blocked, id=5532, stack(0x00000064a8f00000,0x00000064a9000000) (1024K)]
  0x00000166d5096d80 JavaThread "ForkJoinPool-4-worker-4"    daemon [_thread_blocked, id=35940, stack(0x00000064a9000000,0x00000064a9100000) (1024K)]
  0x00000166d56f3520 JavaThread "ForkJoinPool-4-worker-5"    daemon [_thread_blocked, id=55332, stack(0x00000064a9100000,0x00000064a9200000) (1024K)]
  0x00000166d36e3bb0 JavaThread "ForkJoinPool-4-worker-7"    daemon [_thread_blocked, id=58828, stack(0x00000064a9200000,0x00000064a9300000) (1024K)]
  0x00000166d5098130 JavaThread "ForkJoinPool-4-worker-6"    daemon [_thread_blocked, id=56756, stack(0x00000064a9300000,0x00000064a9400000) (1024K)]
  0x00000166dac8f6f0 JavaThread "ForkJoinPool-4-worker-8"    daemon [_thread_blocked, id=53724, stack(0x00000064a9400000,0x00000064a9500000) (1024K)]
  0x00000166d36e48d0 JavaThread "ForkJoinPool-4-worker-9"    daemon [_thread_blocked, id=53732, stack(0x00000064a9500000,0x00000064a9600000) (1024K)]
  0x00000166d5097aa0 JavaThread "ForkJoinPool-4-worker-10"   daemon [_thread_blocked, id=59176, stack(0x00000064a9600000,0x00000064a9700000) (1024K)]
  0x00000166d50987c0 JavaThread "ForkJoinPool-4-worker-11"   daemon [_thread_blocked, id=58960, stack(0x00000064a9700000,0x00000064a9800000) (1024K)]
  0x00000166dac8f060 JavaThread "ForkJoinPool-4-worker-12"   daemon [_thread_blocked, id=54496, stack(0x00000064a9a00000,0x00000064a9b00000) (1024K)]
Total: 238

Other Threads:
  0x00000166a5036e90 VMThread "VM Thread"                           [id=23180, stack(0x000000649a200000,0x000000649a300000) (1024K)]
  0x00000166a501d8e0 WatcherThread "VM Periodic Task Thread"        [id=13104, stack(0x000000649a100000,0x000000649a200000) (1024K)]
  0x000001668ae14040 WorkerThread "GC Thread#0"                     [id=26484, stack(0x0000006499c00000,0x0000006499d00000) (1024K)]
  0x00000166a55785d0 WorkerThread "GC Thread#1"                     [id=28644, stack(0x000000649ae00000,0x000000649af00000) (1024K)]
  0x00000166a552da20 WorkerThread "GC Thread#2"                     [id=7552, stack(0x000000649af00000,0x000000649b000000) (1024K)]
  0x00000166a58b7820 WorkerThread "GC Thread#3"                     [id=10492, stack(0x000000649b000000,0x000000649b100000) (1024K)]
  0x00000166a551bc80 WorkerThread "GC Thread#4"                     [id=17460, stack(0x000000649b100000,0x000000649b200000) (1024K)]
  0x00000166a551c030 WorkerThread "GC Thread#5"                     [id=28456, stack(0x000000649b200000,0x000000649b300000) (1024K)]
  0x00000166a551b8d0 WorkerThread "GC Thread#6"                     [id=29636, stack(0x000000649be00000,0x000000649bf00000) (1024K)]
  0x00000166c7b25ce0 WorkerThread "GC Thread#7"                     [id=29640, stack(0x000000649bf00000,0x000000649c000000) (1024K)]
  0x00000166c7b267f0 WorkerThread "GC Thread#8"                     [id=27316, stack(0x000000649c000000,0x000000649c100000) (1024K)]
  0x00000166c7b23800 WorkerThread "GC Thread#9"                     [id=28416, stack(0x000000649c100000,0x000000649c200000) (1024K)]
  0x000001668ae22b60 ConcurrentGCThread "G1 Main Marker"            [id=29492, stack(0x0000006499d00000,0x0000006499e00000) (1024K)]
  0x000001668ae24400 WorkerThread "G1 Conc#0"                       [id=29212, stack(0x0000006499e00000,0x0000006499f00000) (1024K)]
  0x00000166c7b26ba0 WorkerThread "G1 Conc#1"                       [id=29432, stack(0x000000649c400000,0x000000649c500000) (1024K)]
  0x00000166c7b27300 WorkerThread "G1 Conc#2"                       [id=28536, stack(0x000000649c500000,0x000000649c600000) (1024K)]
  0x00000166a4ef4190 ConcurrentGCThread "G1 Refine#0"               [id=4132, stack(0x0000006499f00000,0x000000649a000000) (1024K)]
  0x00000166a4ef49c0 ConcurrentGCThread "G1 Service"                [id=10832, stack(0x000000649a000000,0x000000649a100000) (1024K)]
Total: 18

Threads with active compile tasks:
C2 CompilerThread0  19288676 165796 %     4       jdk.nio.zipfs.ZipFileSystem::initCEN @ 199 (473 bytes)
C2 CompilerThread1  19288676 166071 %     4       com.android.tools.r8.internal.mu1::a @ 70 (228 bytes)
C2 CompilerThread2  19288676 165974   !   4       jdk.nio.zipfs.ZipFileSystem::buildNodeTree (123 bytes)
Total: 3

VM state: at safepoint (normal execution)

VM Mutex/Monitor currently owned by a thread:  ([mutex/lock_event])
[0x00007ffdbc538db0] Threads_lock - owner thread: 0x00000166a5036e90
[0x00007ffdbc538eb0] Heap_lock - owner thread: 0x000001668ae22b60

Heap address: 0x0000000740000000, size: 3072 MB, Compressed Oops mode: Zero based, Oop shift amount: 3

CDS archive(s) mapped at: [0x00000166a6000000-0x00000166a7c20000-0x00000166a7c20000), size 29491200, SharedBaseAddress: 0x00000166a6000000, ArchiveRelocationMode: 1.
Compressed class space mapped at: 0x00000166a8000000-0x00000166c2000000, reserved size: 436207616
Narrow klass base: 0x00000166a6000000, Narrow klass shift: 0, Narrow klass range: 0x100000000

GC Precious Log:
 CardTable entry size: 512
 Card Set container configuration: InlinePtr #cards 4 size 8 Array Of Cards #cards 16 size 48 Howl #buckets 8 coarsen threshold 3686 Howl Bitmap #cards 512 size 80 coarsen threshold 460 Card regions per heap region 1 cards per card region 4096
 CPUs: 12 total, 12 available
 Memory: 16068M
 Large Page Support: Disabled
 NUMA Support: Disabled
 Compressed Oops: Enabled (Zero based)
 Heap Region Size: 2M
 Heap Min Capacity: 8M
 Heap Initial Capacity: 252M
 Heap Max Capacity: 3G
 Pre-touch: Disabled
 Parallel Workers: 10
 Concurrent Workers: 3
 Concurrent Refinement Workers: 10
 Periodic GC: Disabled

Heap:
 garbage-first heap   total 978944K, used 895672K [0x0000000740000000, 0x0000000800000000)
  region size 2048K, 138 young (282624K), 3 survivors (6144K)
 Metaspace       used 194941K, committed 202112K, reserved 688128K
  class space    used 25313K, committed 27776K, reserved 425984K

Heap Regions: E=young(eden), S=young(survivor), O=old, HS=humongous(starts), HC=humongous(continues), CS=collection set, F=free, TAMS=top-at-mark-start, PB=parsable bottom
|   0|0x0000000740000000, 0x0000000740200000, 0x0000000740200000|100%|HS|  |TAMS 0x0000000740200000| PB 0x0000000740000000| Complete 
|   1|0x0000000740200000, 0x0000000740400000, 0x0000000740400000|100%|HC|  |TAMS 0x0000000740400000| PB 0x0000000740200000| Complete 
|   2|0x0000000740400000, 0x0000000740600000, 0x0000000740600000|100%| O|  |TAMS 0x0000000740600000| PB 0x0000000740600000| Untracked 
|   3|0x0000000740600000, 0x0000000740800000, 0x0000000740800000|100%| O|  |TAMS 0x0000000740800000| PB 0x0000000740800000| Untracked 
|   4|0x0000000740800000, 0x0000000740a00000, 0x0000000740a00000|100%| O|  |TAMS 0x0000000740a00000| PB 0x0000000740a00000| Untracked 
|   5|0x0000000740a00000, 0x0000000740c00000, 0x0000000740c00000|100%| O|  |TAMS 0x0000000740c00000| PB 0x0000000740c00000| Updating 
|   6|0x0000000740c00000, 0x0000000740e00000, 0x0000000740e00000|100%| O|  |TAMS 0x0000000740e00000| PB 0x0000000740e00000| Updating 
|   7|0x0000000740e00000, 0x0000000741000000, 0x0000000741000000|100%| O|  |TAMS 0x0000000741000000| PB 0x0000000741000000| Updating 
|   8|0x0000000741000000, 0x0000000741200000, 0x0000000741200000|100%| O|  |TAMS 0x0000000741200000| PB 0x0000000741200000| Updating 
|   9|0x0000000741200000, 0x0000000741400000, 0x0000000741400000|100%| O|  |TAMS 0x0000000741400000| PB 0x0000000741400000| Updating 
|  10|0x0000000741400000, 0x0000000741600000, 0x0000000741600000|100%| O|  |TAMS 0x0000000741600000| PB 0x0000000741600000| Updating 
|  11|0x0000000741600000, 0x0000000741800000, 0x0000000741800000|100%| O|  |TAMS 0x0000000741800000| PB 0x0000000741800000| Updating 
|  12|0x0000000741800000, 0x0000000741a00000, 0x0000000741a00000|100%| O|  |TAMS 0x0000000741a00000| PB 0x0000000741a00000| Updating 
|  13|0x0000000741a00000, 0x0000000741c00000, 0x0000000741c00000|100%| O|  |TAMS 0x0000000741c00000| PB 0x0000000741c00000| Updating 
|  14|0x0000000741c00000, 0x0000000741e00000, 0x0000000741e00000|100%| O|  |TAMS 0x0000000741e00000| PB 0x0000000741e00000| Updating 
|  15|0x0000000741e00000, 0x0000000742000000, 0x0000000742000000|100%| O|  |TAMS 0x0000000742000000| PB 0x0000000742000000| Updating 
|  16|0x0000000742000000, 0x0000000742200000, 0x0000000742200000|100%|HS|  |TAMS 0x0000000742200000| PB 0x0000000742000000| Complete 
|  17|0x0000000742200000, 0x0000000742400000, 0x0000000742400000|100%| O|  |TAMS 0x0000000742400000| PB 0x0000000742400000| Updating 
|  18|0x0000000742400000, 0x0000000742600000, 0x0000000742600000|100%| O|  |TAMS 0x0000000742600000| PB 0x0000000742600000| Untracked 
|  19|0x0000000742600000, 0x0000000742800000, 0x0000000742800000|100%| O|  |TAMS 0x0000000742800000| PB 0x0000000742800000| Untracked 
|  20|0x0000000742800000, 0x0000000742a00000, 0x0000000742a00000|100%|HS|  |TAMS 0x0000000742a00000| PB 0x0000000742800000| Complete 
|  21|0x0000000742a00000, 0x0000000742c00000, 0x0000000742c00000|100%| O|  |TAMS 0x0000000742a00000| PB 0x0000000742a00000| Untracked 
|  22|0x0000000742c00000, 0x0000000742e00000, 0x0000000742e00000|100%| O|  |TAMS 0x0000000742e00000| PB 0x0000000742e00000| Untracked 
|  23|0x0000000742e00000, 0x0000000743000000, 0x0000000743000000|100%|HS|  |TAMS 0x0000000743000000| PB 0x0000000742e00000| Complete 
|  24|0x0000000743000000, 0x0000000743200000, 0x0000000743200000|100%| O|  |TAMS 0x0000000743200000| PB 0x0000000743200000| Updating 
|  25|0x0000000743200000, 0x0000000743400000, 0x0000000743400000|100%| O|  |TAMS 0x0000000743400000| PB 0x0000000743400000| Untracked 
|  26|0x0000000743400000, 0x0000000743600000, 0x0000000743600000|100%| O|  |TAMS 0x0000000743600000| PB 0x0000000743600000| Untracked 
|  27|0x0000000743600000, 0x0000000743800000, 0x0000000743800000|100%| O|  |TAMS 0x0000000743800000| PB 0x0000000743800000| Updating 
|  28|0x0000000743800000, 0x0000000743a00000, 0x0000000743a00000|100%| O|  |TAMS 0x0000000743a00000| PB 0x0000000743a00000| Untracked 
|  29|0x0000000743a00000, 0x0000000743c00000, 0x0000000743c00000|100%| O|  |TAMS 0x0000000743c00000| PB 0x0000000743c00000| Updating 
|  30|0x0000000743c00000, 0x0000000743e00000, 0x0000000743e00000|100%| O|  |TAMS 0x0000000743e00000| PB 0x0000000743e00000| Untracked 
|  31|0x0000000743e00000, 0x0000000744000000, 0x0000000744000000|100%| O|  |TAMS 0x0000000744000000| PB 0x0000000744000000| Untracked 
|  32|0x0000000744000000, 0x0000000744200000, 0x0000000744200000|100%| O|  |TAMS 0x0000000744200000| PB 0x0000000744200000| Updating 
|  33|0x0000000744200000, 0x0000000744400000, 0x0000000744400000|100%| O|  |TAMS 0x0000000744400000| PB 0x0000000744400000| Updating 
|  34|0x0000000744400000, 0x0000000744600000, 0x0000000744600000|100%| O|  |TAMS 0x0000000744600000| PB 0x0000000744600000| Updating 
|  35|0x0000000744600000, 0x0000000744800000, 0x0000000744800000|100%| O|  |TAMS 0x0000000744800000| PB 0x0000000744800000| Untracked 
|  36|0x0000000744800000, 0x0000000744a00000, 0x0000000744a00000|100%| O|  |TAMS 0x0000000744a00000| PB 0x0000000744a00000| Updating 
|  37|0x0000000744a00000, 0x0000000744c00000, 0x0000000744c00000|100%| O|  |TAMS 0x0000000744c00000| PB 0x0000000744c00000| Untracked 
|  38|0x0000000744c00000, 0x0000000744e00000, 0x0000000744e00000|100%| O|  |TAMS 0x0000000744e00000| PB 0x0000000744e00000| Untracked 
|  39|0x0000000744e00000, 0x0000000745000000, 0x0000000745000000|100%| O|  |TAMS 0x0000000745000000| PB 0x0000000745000000| Updating 
|  40|0x0000000745000000, 0x0000000745200000, 0x0000000745200000|100%|HS|  |TAMS 0x0000000745200000| PB 0x0000000745000000| Complete 
|  41|0x0000000745200000, 0x0000000745400000, 0x0000000745400000|100%| O|  |TAMS 0x0000000745400000| PB 0x0000000745400000| Updating 
|  42|0x0000000745400000, 0x0000000745600000, 0x0000000745600000|100%| O|  |TAMS 0x0000000745600000| PB 0x0000000745600000| Untracked 
|  43|0x0000000745600000, 0x0000000745800000, 0x0000000745800000|100%| O|  |TAMS 0x0000000745800000| PB 0x0000000745800000| Updating 
|  44|0x0000000745800000, 0x0000000745a00000, 0x0000000745a00000|100%| O|  |TAMS 0x0000000745a00000| PB 0x0000000745a00000| Updating 
|  45|0x0000000745a00000, 0x0000000745c00000, 0x0000000745c00000|100%| O|  |TAMS 0x0000000745c00000| PB 0x0000000745c00000| Updating 
|  46|0x0000000745c00000, 0x0000000745e00000, 0x0000000745e00000|100%| O|  |TAMS 0x0000000745e00000| PB 0x0000000745e00000| Updating 
|  47|0x0000000745e00000, 0x0000000746000000, 0x0000000746000000|100%| O|  |TAMS 0x0000000746000000| PB 0x0000000746000000| Untracked 
|  48|0x0000000746000000, 0x0000000746200000, 0x0000000746200000|100%| O|  |TAMS 0x0000000746200000| PB 0x0000000746200000| Updating 
|  49|0x0000000746200000, 0x0000000746400000, 0x0000000746400000|100%| O|  |TAMS 0x0000000746400000| PB 0x0000000746400000| Untracked 
|  50|0x0000000746400000, 0x0000000746600000, 0x0000000746600000|100%| O|  |TAMS 0x0000000746600000| PB 0x0000000746600000| Untracked 
|  51|0x0000000746600000, 0x0000000746800000, 0x0000000746800000|100%| O|  |TAMS 0x0000000746800000| PB 0x0000000746800000| Untracked 
|  52|0x0000000746800000, 0x0000000746a00000, 0x0000000746a00000|100%|HS|  |TAMS 0x0000000746a00000| PB 0x0000000746800000| Complete 
|  53|0x0000000746a00000, 0x0000000746c00000, 0x0000000746c00000|100%| O|  |TAMS 0x0000000746c00000| PB 0x0000000746c00000| Updating 
|  54|0x0000000746c00000, 0x0000000746e00000, 0x0000000746e00000|100%|HS|  |TAMS 0x0000000746e00000| PB 0x0000000746c00000| Complete 
|  55|0x0000000746e00000, 0x0000000747000000, 0x0000000747000000|100%| O|  |TAMS 0x0000000747000000| PB 0x0000000747000000| Updating 
|  56|0x0000000747000000, 0x0000000747200000, 0x0000000747200000|100%|HS|  |TAMS 0x0000000747200000| PB 0x0000000747000000| Complete 
|  57|0x0000000747200000, 0x0000000747400000, 0x0000000747400000|100%|HC|  |TAMS 0x0000000747400000| PB 0x0000000747200000| Complete 
|  58|0x0000000747400000, 0x0000000747600000, 0x0000000747600000|100%| O|  |TAMS 0x0000000747600000| PB 0x0000000747600000| Untracked 
|  59|0x0000000747600000, 0x0000000747800000, 0x0000000747800000|100%| O|  |TAMS 0x0000000747800000| PB 0x0000000747800000| Untracked 
|  60|0x0000000747800000, 0x0000000747a00000, 0x0000000747a00000|100%| O|  |TAMS 0x0000000747800000| PB 0x0000000747800000| Untracked 
|  61|0x0000000747a00000, 0x0000000747c00000, 0x0000000747c00000|100%| O|  |TAMS 0x0000000747c00000| PB 0x0000000747c00000| Updating 
|  62|0x0000000747c00000, 0x0000000747e00000, 0x0000000747e00000|100%| O|  |TAMS 0x0000000747e00000| PB 0x0000000747e00000| Updating 
|  63|0x0000000747e00000, 0x0000000748000000, 0x0000000748000000|100%|HS|  |TAMS 0x0000000748000000| PB 0x0000000747e00000| Complete 
|  64|0x0000000748000000, 0x0000000748200000, 0x0000000748200000|100%|HS|  |TAMS 0x0000000748200000| PB 0x0000000748000000| Complete 
|  65|0x0000000748200000, 0x0000000748400000, 0x0000000748400000|100%| O|  |TAMS 0x0000000748400000| PB 0x0000000748400000| Updating 
|  66|0x0000000748400000, 0x0000000748600000, 0x0000000748600000|100%|HS|  |TAMS 0x0000000748600000| PB 0x0000000748400000| Complete 
|  67|0x0000000748600000, 0x0000000748800000, 0x0000000748800000|100%|HS|  |TAMS 0x0000000748800000| PB 0x0000000748600000| Complete 
|  68|0x0000000748800000, 0x0000000748a00000, 0x0000000748a00000|100%| O|  |TAMS 0x0000000748a00000| PB 0x0000000748a00000| Updating 
|  69|0x0000000748a00000, 0x0000000748c00000, 0x0000000748c00000|100%| O|  |TAMS 0x0000000748c00000| PB 0x0000000748c00000| Updating 
|  70|0x0000000748c00000, 0x0000000748e00000, 0x0000000748e00000|100%| O|  |TAMS 0x0000000748e00000| PB 0x0000000748e00000| Updating 
|  71|0x0000000748e00000, 0x0000000749000000, 0x0000000749000000|100%|HS|  |TAMS 0x0000000749000000| PB 0x0000000748e00000| Complete 
|  72|0x0000000749000000, 0x0000000749200000, 0x0000000749200000|100%| O|  |TAMS 0x0000000749200000| PB 0x0000000749200000| Untracked 
|  73|0x0000000749200000, 0x0000000749400000, 0x0000000749400000|100%| O|  |TAMS 0x0000000749400000| PB 0x0000000749400000| Updating 
|  74|0x0000000749400000, 0x0000000749600000, 0x0000000749600000|100%| O|  |TAMS 0x0000000749600000| PB 0x0000000749600000| Updating 
|  75|0x0000000749600000, 0x0000000749800000, 0x0000000749800000|100%| O|  |TAMS 0x0000000749800000| PB 0x0000000749800000| Updating 
|  76|0x0000000749800000, 0x0000000749a00000, 0x0000000749a00000|100%| O|  |TAMS 0x0000000749a00000| PB 0x0000000749a00000| Updating 
|  77|0x0000000749a00000, 0x0000000749c00000, 0x0000000749c00000|100%|HS|  |TAMS 0x0000000749c00000| PB 0x0000000749a00000| Complete 
|  78|0x0000000749c00000, 0x0000000749e00000, 0x0000000749e00000|100%|HC|  |TAMS 0x0000000749e00000| PB 0x0000000749c00000| Complete 
|  79|0x0000000749e00000, 0x000000074a000000, 0x000000074a000000|100%| O|  |TAMS 0x000000074a000000| PB 0x000000074a000000| Updating 
|  80|0x000000074a000000, 0x000000074a200000, 0x000000074a200000|100%|HS|  |TAMS 0x000000074a200000| PB 0x000000074a000000| Complete 
|  81|0x000000074a200000, 0x000000074a400000, 0x000000074a400000|100%|HC|  |TAMS 0x000000074a400000| PB 0x000000074a200000| Complete 
|  82|0x000000074a400000, 0x000000074a600000, 0x000000074a600000|100%| O|  |TAMS 0x000000074a600000| PB 0x000000074a600000| Untracked 
|  83|0x000000074a600000, 0x000000074a800000, 0x000000074a800000|100%| O|  |TAMS 0x000000074a800000| PB 0x000000074a800000| Untracked 
|  84|0x000000074a800000, 0x000000074aa00000, 0x000000074aa00000|100%| O|  |TAMS 0x000000074aa00000| PB 0x000000074aa00000| Untracked 
|  85|0x000000074aa00000, 0x000000074ac00000, 0x000000074ac00000|100%|HS|  |TAMS 0x000000074ac00000| PB 0x000000074aa00000| Complete 
|  86|0x000000074ac00000, 0x000000074ae00000, 0x000000074ae00000|100%|HS|  |TAMS 0x000000074ae00000| PB 0x000000074ac00000| Complete 
|  87|0x000000074ae00000, 0x000000074b000000, 0x000000074b000000|100%|HC|  |TAMS 0x000000074b000000| PB 0x000000074ae00000| Complete 
|  88|0x000000074b000000, 0x000000074b200000, 0x000000074b200000|100%| O|  |TAMS 0x000000074b200000| PB 0x000000074b200000| Untracked 
|  89|0x000000074b200000, 0x000000074b400000, 0x000000074b400000|100%| O|  |TAMS 0x000000074b400000| PB 0x000000074b400000| Untracked 
|  90|0x000000074b400000, 0x000000074b600000, 0x000000074b600000|100%| O|  |TAMS 0x000000074b600000| PB 0x000000074b600000| Untracked 
|  91|0x000000074b600000, 0x000000074b800000, 0x000000074b800000|100%| O|  |TAMS 0x000000074b800000| PB 0x000000074b800000| Untracked 
|  92|0x000000074b800000, 0x000000074ba00000, 0x000000074ba00000|100%| O|  |TAMS 0x000000074ba00000| PB 0x000000074ba00000| Untracked 
|  93|0x000000074ba00000, 0x000000074bc00000, 0x000000074bc00000|100%| O|  |TAMS 0x000000074bc00000| PB 0x000000074bc00000| Updating 
|  94|0x000000074bc00000, 0x000000074be00000, 0x000000074be00000|100%| O|  |TAMS 0x000000074be00000| PB 0x000000074be00000| Updating 
|  95|0x000000074be00000, 0x000000074c000000, 0x000000074c000000|100%| O|  |TAMS 0x000000074c000000| PB 0x000000074c000000| Updating 
|  96|0x000000074c000000, 0x000000074c200000, 0x000000074c200000|100%| O|  |TAMS 0x000000074c200000| PB 0x000000074c200000| Untracked 
|  97|0x000000074c200000, 0x000000074c400000, 0x000000074c400000|100%| O|  |TAMS 0x000000074c400000| PB 0x000000074c400000| Updating 
|  98|0x000000074c400000, 0x000000074c600000, 0x000000074c600000|100%| O|  |TAMS 0x000000074c600000| PB 0x000000074c600000| Untracked 
|  99|0x000000074c600000, 0x000000074c800000, 0x000000074c800000|100%| O|  |TAMS 0x000000074c800000| PB 0x000000074c800000| Untracked 
| 100|0x000000074c800000, 0x000000074ca00000, 0x000000074ca00000|100%| O|  |TAMS 0x000000074ca00000| PB 0x000000074ca00000| Untracked 
| 101|0x000000074ca00000, 0x000000074cc00000, 0x000000074cc00000|100%| O|  |TAMS 0x000000074cc00000| PB 0x000000074cc00000| Untracked 
| 102|0x000000074cc00000, 0x000000074ce00000, 0x000000074ce00000|100%| O|  |TAMS 0x000000074ce00000| PB 0x000000074ce00000| Untracked 
| 103|0x000000074ce00000, 0x000000074d000000, 0x000000074d000000|100%| O|  |TAMS 0x000000074d000000| PB 0x000000074d000000| Untracked 
| 104|0x000000074d000000, 0x000000074d200000, 0x000000074d200000|100%| O|  |TAMS 0x000000074d200000| PB 0x000000074d200000| Untracked 
| 105|0x000000074d200000, 0x000000074d400000, 0x000000074d400000|100%| O|  |TAMS 0x000000074d400000| PB 0x000000074d400000| Untracked 
| 106|0x000000074d400000, 0x000000074d600000, 0x000000074d600000|100%| O|  |TAMS 0x000000074d600000| PB 0x000000074d600000| Updating 
| 107|0x000000074d600000, 0x000000074d800000, 0x000000074d800000|100%| O|  |TAMS 0x000000074d800000| PB 0x000000074d800000| Updating 
| 108|0x000000074d800000, 0x000000074da00000, 0x000000074da00000|100%| O|  |TAMS 0x000000074da00000| PB 0x000000074da00000| Updating 
| 109|0x000000074da00000, 0x000000074dc00000, 0x000000074dc00000|100%| O|  |TAMS 0x000000074dc00000| PB 0x000000074dc00000| Updating 
| 110|0x000000074dc00000, 0x000000074de00000, 0x000000074de00000|100%| O|  |TAMS 0x000000074de00000| PB 0x000000074de00000| Untracked 
| 111|0x000000074de00000, 0x000000074e000000, 0x000000074e000000|100%| O|  |TAMS 0x000000074e000000| PB 0x000000074e000000| Updating 
| 112|0x000000074e000000, 0x000000074e200000, 0x000000074e200000|100%| O|  |TAMS 0x000000074e200000| PB 0x000000074e200000| Updating 
| 113|0x000000074e200000, 0x000000074e400000, 0x000000074e400000|100%| O|  |TAMS 0x000000074e400000| PB 0x000000074e400000| Untracked 
| 114|0x000000074e400000, 0x000000074e600000, 0x000000074e600000|100%| O|  |TAMS 0x000000074e600000| PB 0x000000074e600000| Untracked 
| 115|0x000000074e600000, 0x000000074e800000, 0x000000074e800000|100%|HS|  |TAMS 0x000000074e800000| PB 0x000000074e600000| Complete 
| 116|0x000000074e800000, 0x000000074ea00000, 0x000000074ea00000|100%| O|  |TAMS 0x000000074ea00000| PB 0x000000074ea00000| Updating 
| 117|0x000000074ea00000, 0x000000074ec00000, 0x000000074ec00000|100%| O|  |TAMS 0x000000074ec00000| PB 0x000000074ec00000| Untracked 
| 118|0x000000074ec00000, 0x000000074ee00000, 0x000000074ee00000|100%| O|  |TAMS 0x000000074ee00000| PB 0x000000074ee00000| Untracked 
| 119|0x000000074ee00000, 0x000000074f000000, 0x000000074f000000|100%| O|  |TAMS 0x000000074f000000| PB 0x000000074f000000| Updating 
| 120|0x000000074f000000, 0x000000074f200000, 0x000000074f200000|100%| O|  |TAMS 0x000000074f200000| PB 0x000000074f200000| Untracked 
| 121|0x000000074f200000, 0x000000074f400000, 0x000000074f400000|100%| O|  |TAMS 0x000000074f400000| PB 0x000000074f400000| Untracked 
| 122|0x000000074f400000, 0x000000074f600000, 0x000000074f600000|100%| O|  |TAMS 0x000000074f600000| PB 0x000000074f600000| Untracked 
| 123|0x000000074f600000, 0x000000074f800000, 0x000000074f800000|100%| O|  |TAMS 0x000000074f800000| PB 0x000000074f800000| Untracked 
| 124|0x000000074f800000, 0x000000074fa00000, 0x000000074fa00000|100%| O|  |TAMS 0x000000074fa00000| PB 0x000000074fa00000| Updating 
| 125|0x000000074fa00000, 0x000000074fc00000, 0x000000074fc00000|100%| O|  |TAMS 0x000000074fc00000| PB 0x000000074fc00000| Untracked 
| 126|0x000000074fc00000, 0x000000074fe00000, 0x000000074fe00000|100%| O|  |TAMS 0x000000074fe00000| PB 0x000000074fe00000| Untracked 
| 127|0x000000074fe00000, 0x0000000750000000, 0x0000000750000000|100%| O|  |TAMS 0x0000000750000000| PB 0x0000000750000000| Updating 
| 128|0x0000000750000000, 0x0000000750200000, 0x0000000750200000|100%| O|  |TAMS 0x0000000750200000| PB 0x0000000750200000| Untracked 
| 129|0x0000000750200000, 0x0000000750400000, 0x0000000750400000|100%| O|  |TAMS 0x0000000750400000| PB 0x0000000750400000| Untracked 
| 130|0x0000000750400000, 0x0000000750600000, 0x0000000750600000|100%| O|  |TAMS 0x0000000750600000| PB 0x0000000750600000| Updating 
| 131|0x0000000750600000, 0x0000000750600000, 0x0000000750800000|  0%| F|  |TAMS 0x0000000750600000| PB 0x0000000750600000| Untracked 
| 132|0x0000000750800000, 0x0000000750a00000, 0x0000000750a00000|100%|HS|  |TAMS 0x0000000750a00000| PB 0x0000000750800000| Complete 
| 133|0x0000000750a00000, 0x0000000750c00000, 0x0000000750c00000|100%|HC|  |TAMS 0x0000000750c00000| PB 0x0000000750a00000| Complete 
| 134|0x0000000750c00000, 0x0000000750e00000, 0x0000000750e00000|100%|HS|  |TAMS 0x0000000750e00000| PB 0x0000000750c00000| Complete 
| 135|0x0000000750e00000, 0x0000000751000000, 0x0000000751000000|100%|HS|  |TAMS 0x0000000751000000| PB 0x0000000750e00000| Complete 
| 136|0x0000000751000000, 0x0000000751200000, 0x0000000751200000|100%|HS|  |TAMS 0x0000000751200000| PB 0x0000000751000000| Complete 
| 137|0x0000000751200000, 0x0000000751400000, 0x0000000751400000|100%|HS|  |TAMS 0x0000000751400000| PB 0x0000000751200000| Complete 
| 138|0x0000000751400000, 0x0000000751600000, 0x0000000751600000|100%| O|  |TAMS 0x0000000751600000| PB 0x0000000751600000| Untracked 
| 139|0x0000000751600000, 0x0000000751800000, 0x0000000751800000|100%| O|  |TAMS 0x0000000751800000| PB 0x0000000751800000| Untracked 
| 140|0x0000000751800000, 0x0000000751a00000, 0x0000000751a00000|100%| O|  |TAMS 0x0000000751a00000| PB 0x0000000751a00000| Updating 
| 141|0x0000000751a00000, 0x0000000751c00000, 0x0000000751c00000|100%| O|  |TAMS 0x0000000751c00000| PB 0x0000000751c00000| Untracked 
| 142|0x0000000751c00000, 0x0000000751e00000, 0x0000000751e00000|100%| O|  |TAMS 0x0000000751e00000| PB 0x0000000751e00000| Untracked 
| 143|0x0000000751e00000, 0x0000000752000000, 0x0000000752000000|100%| O|  |TAMS 0x0000000752000000| PB 0x0000000752000000| Untracked 
| 144|0x0000000752000000, 0x0000000752200000, 0x0000000752200000|100%| O|  |TAMS 0x0000000752200000| PB 0x0000000752200000| Untracked 
| 145|0x0000000752200000, 0x0000000752400000, 0x0000000752400000|100%| O|  |TAMS 0x0000000752400000| PB 0x0000000752400000| Untracked 
| 146|0x0000000752400000, 0x0000000752600000, 0x0000000752600000|100%| O|  |TAMS 0x0000000752600000| PB 0x0000000752600000| Untracked 
| 147|0x0000000752600000, 0x0000000752800000, 0x0000000752800000|100%| O|  |TAMS 0x0000000752800000| PB 0x0000000752800000| Untracked 
| 148|0x0000000752800000, 0x0000000752a00000, 0x0000000752a00000|100%| O|  |TAMS 0x0000000752a00000| PB 0x0000000752a00000| Untracked 
| 149|0x0000000752a00000, 0x0000000752c00000, 0x0000000752c00000|100%| O|  |TAMS 0x0000000752c00000| PB 0x0000000752c00000| Untracked 
| 150|0x0000000752c00000, 0x0000000752e00000, 0x0000000752e00000|100%| O|  |TAMS 0x0000000752e00000| PB 0x0000000752e00000| Untracked 
| 151|0x0000000752e00000, 0x0000000753000000, 0x0000000753000000|100%| O|  |TAMS 0x0000000753000000| PB 0x0000000753000000| Updating 
| 152|0x0000000753000000, 0x0000000753200000, 0x0000000753200000|100%| O|  |TAMS 0x0000000753200000| PB 0x0000000753200000| Updating 
| 153|0x0000000753200000, 0x0000000753400000, 0x0000000753400000|100%| O|  |TAMS 0x0000000753400000| PB 0x0000000753400000| Updating 
| 154|0x0000000753400000, 0x0000000753600000, 0x0000000753600000|100%| O|  |TAMS 0x0000000753600000| PB 0x0000000753600000| Updating 
| 155|0x0000000753600000, 0x0000000753800000, 0x0000000753800000|100%| O|  |TAMS 0x0000000753800000| PB 0x0000000753800000| Updating 
| 156|0x0000000753800000, 0x0000000753a00000, 0x0000000753a00000|100%| O|  |TAMS 0x0000000753a00000| PB 0x0000000753a00000| Updating 
| 157|0x0000000753a00000, 0x0000000753c00000, 0x0000000753c00000|100%| O|  |TAMS 0x0000000753c00000| PB 0x0000000753c00000| Updating 
| 158|0x0000000753c00000, 0x0000000753e00000, 0x0000000753e00000|100%| O|  |TAMS 0x0000000753e00000| PB 0x0000000753e00000| Updating 
| 159|0x0000000753e00000, 0x0000000754000000, 0x0000000754000000|100%| O|  |TAMS 0x0000000754000000| PB 0x0000000754000000| Updating 
| 160|0x0000000754000000, 0x0000000754200000, 0x0000000754200000|100%| O|  |TAMS 0x0000000754200000| PB 0x0000000754200000| Updating 
| 161|0x0000000754200000, 0x0000000754400000, 0x0000000754400000|100%| O|  |TAMS 0x0000000754400000| PB 0x0000000754400000| Untracked 
| 162|0x0000000754400000, 0x0000000754600000, 0x0000000754600000|100%| O|  |TAMS 0x0000000754600000| PB 0x0000000754600000| Untracked 
| 163|0x0000000754600000, 0x0000000754800000, 0x0000000754800000|100%| O|  |TAMS 0x0000000754800000| PB 0x0000000754800000| Untracked 
| 164|0x0000000754800000, 0x0000000754a00000, 0x0000000754a00000|100%| O|  |TAMS 0x0000000754a00000| PB 0x0000000754a00000| Untracked 
| 165|0x0000000754a00000, 0x0000000754c00000, 0x0000000754c00000|100%| O|  |TAMS 0x0000000754c00000| PB 0x0000000754c00000| Untracked 
| 166|0x0000000754c00000, 0x0000000754e00000, 0x0000000754e00000|100%| O|  |TAMS 0x0000000754e00000| PB 0x0000000754e00000| Untracked 
| 167|0x0000000754e00000, 0x0000000755000000, 0x0000000755000000|100%| O|  |TAMS 0x0000000755000000| PB 0x0000000755000000| Untracked 
| 168|0x0000000755000000, 0x0000000755200000, 0x0000000755200000|100%| O|  |TAMS 0x0000000755200000| PB 0x0000000755200000| Untracked 
| 169|0x0000000755200000, 0x0000000755400000, 0x0000000755400000|100%| O|  |TAMS 0x0000000755400000| PB 0x0000000755400000| Untracked 
| 170|0x0000000755400000, 0x0000000755600000, 0x0000000755600000|100%| O|  |TAMS 0x0000000755600000| PB 0x0000000755600000| Updating 
| 171|0x0000000755600000, 0x0000000755800000, 0x0000000755800000|100%| O|  |TAMS 0x00000007556ed0a0| PB 0x00000007556ed0a0| Updating 
| 172|0x0000000755800000, 0x0000000755a00000, 0x0000000755a00000|100%| O|  |TAMS 0x0000000755800000| PB 0x0000000755800000| Untracked 
| 173|0x0000000755a00000, 0x0000000755c00000, 0x0000000755c00000|100%| O|  |TAMS 0x0000000755a00000| PB 0x0000000755a00000| Untracked 
| 174|0x0000000755c00000, 0x0000000755e00000, 0x0000000755e00000|100%| O|  |TAMS 0x0000000755c00000| PB 0x0000000755c00000| Untracked 
| 175|0x0000000755e00000, 0x0000000756000000, 0x0000000756000000|100%| O|  |TAMS 0x0000000755e00000| PB 0x0000000755e00000| Untracked 
| 176|0x0000000756000000, 0x0000000756200000, 0x0000000756200000|100%| O|  |TAMS 0x0000000756000000| PB 0x0000000756000000| Untracked 
| 177|0x0000000756200000, 0x0000000756400000, 0x0000000756400000|100%| O|  |TAMS 0x0000000756200000| PB 0x0000000756200000| Untracked 
| 178|0x0000000756400000, 0x0000000756600000, 0x0000000756600000|100%| O|  |TAMS 0x0000000756400000| PB 0x0000000756400000| Untracked 
| 179|0x0000000756600000, 0x0000000756800000, 0x0000000756800000|100%| O|  |TAMS 0x0000000756600000| PB 0x0000000756600000| Untracked 
| 180|0x0000000756800000, 0x0000000756a00000, 0x0000000756a00000|100%| O|  |TAMS 0x0000000756800000| PB 0x0000000756800000| Untracked 
| 181|0x0000000756a00000, 0x0000000756c00000, 0x0000000756c00000|100%| O|  |TAMS 0x0000000756a00000| PB 0x0000000756a00000| Untracked 
| 182|0x0000000756c00000, 0x0000000756e00000, 0x0000000756e00000|100%| O|  |TAMS 0x0000000756c00000| PB 0x0000000756c00000| Untracked 
| 183|0x0000000756e00000, 0x0000000757000000, 0x0000000757000000|100%| O|  |TAMS 0x0000000756e00000| PB 0x0000000756e00000| Untracked 
| 184|0x0000000757000000, 0x0000000757200000, 0x0000000757200000|100%| O|  |TAMS 0x0000000757000000| PB 0x0000000757000000| Untracked 
| 185|0x0000000757200000, 0x0000000757400000, 0x0000000757400000|100%| O|  |TAMS 0x0000000757200000| PB 0x0000000757200000| Untracked 
| 186|0x0000000757400000, 0x0000000757600000, 0x0000000757600000|100%|HS|  |TAMS 0x0000000757400000| PB 0x0000000757400000| Complete 
| 187|0x0000000757600000, 0x0000000757800000, 0x0000000757800000|100%|HS|  |TAMS 0x0000000757600000| PB 0x0000000757600000| Complete 
| 188|0x0000000757800000, 0x0000000757a00000, 0x0000000757a00000|100%|HC|  |TAMS 0x0000000757800000| PB 0x0000000757800000| Complete 
| 189|0x0000000757a00000, 0x0000000757c00000, 0x0000000757c00000|100%|HS|  |TAMS 0x0000000757a00000| PB 0x0000000757a00000| Complete 
| 190|0x0000000757c00000, 0x0000000757e00000, 0x0000000757e00000|100%|HS|  |TAMS 0x0000000757c00000| PB 0x0000000757c00000| Complete 
| 191|0x0000000757e00000, 0x0000000758000000, 0x0000000758000000|100%|HS|  |TAMS 0x0000000757e00000| PB 0x0000000757e00000| Complete 
| 192|0x0000000758000000, 0x0000000758200000, 0x0000000758200000|100%|HS|  |TAMS 0x0000000758000000| PB 0x0000000758000000| Complete 
| 193|0x0000000758200000, 0x0000000758400000, 0x0000000758400000|100%|HS|  |TAMS 0x0000000758200000| PB 0x0000000758200000| Complete 
| 194|0x0000000758400000, 0x0000000758600000, 0x0000000758600000|100%|HS|  |TAMS 0x0000000758400000| PB 0x0000000758400000| Complete 
| 195|0x0000000758600000, 0x0000000758800000, 0x0000000758800000|100%|HC|  |TAMS 0x0000000758600000| PB 0x0000000758600000| Complete 
| 196|0x0000000758800000, 0x0000000758a00000, 0x0000000758a00000|100%|HC|  |TAMS 0x0000000758800000| PB 0x0000000758800000| Complete 
| 197|0x0000000758a00000, 0x0000000758c00000, 0x0000000758c00000|100%|HC|  |TAMS 0x0000000758a00000| PB 0x0000000758a00000| Complete 
| 198|0x0000000758c00000, 0x0000000758e00000, 0x0000000758e00000|100%|HC|  |TAMS 0x0000000758c00000| PB 0x0000000758c00000| Complete 
| 199|0x0000000758e00000, 0x0000000758e00000, 0x0000000759000000|  0%| F|  |TAMS 0x0000000758e00000| PB 0x0000000758e00000| Untracked 
| 200|0x0000000759000000, 0x0000000759000000, 0x0000000759200000|  0%| F|  |TAMS 0x0000000759000000| PB 0x0000000759000000| Untracked 
| 201|0x0000000759200000, 0x0000000759400000, 0x0000000759400000|100%| O|  |TAMS 0x0000000759400000| PB 0x0000000759400000| Updating 
| 202|0x0000000759400000, 0x0000000759600000, 0x0000000759600000|100%|HS|  |TAMS 0x0000000759400000| PB 0x0000000759400000| Complete 
| 203|0x0000000759600000, 0x0000000759800000, 0x0000000759800000|100%|HC|  |TAMS 0x0000000759600000| PB 0x0000000759600000| Complete 
| 204|0x0000000759800000, 0x0000000759a00000, 0x0000000759a00000|100%|HC|  |TAMS 0x0000000759800000| PB 0x0000000759800000| Complete 
| 205|0x0000000759a00000, 0x0000000759c00000, 0x0000000759c00000|100%|HC|  |TAMS 0x0000000759a00000| PB 0x0000000759a00000| Complete 
| 206|0x0000000759c00000, 0x0000000759e00000, 0x0000000759e00000|100%|HC|  |TAMS 0x0000000759c00000| PB 0x0000000759c00000| Complete 
| 207|0x0000000759e00000, 0x000000075a000000, 0x000000075a000000|100%| O|  |TAMS 0x0000000759e00000| PB 0x0000000759e00000| Untracked 
| 208|0x000000075a000000, 0x000000075a200000, 0x000000075a200000|100%| O|  |TAMS 0x000000075a000000| PB 0x000000075a000000| Untracked 
| 209|0x000000075a200000, 0x000000075a400000, 0x000000075a400000|100%| O|  |TAMS 0x000000075a200000| PB 0x000000075a200000| Untracked 
| 210|0x000000075a400000, 0x000000075a540048, 0x000000075a600000| 62%| O|  |TAMS 0x000000075a400000| PB 0x000000075a400000| Updating 
| 211|0x000000075a600000, 0x000000075a800000, 0x000000075a800000|100%|HS|  |TAMS 0x000000075a600000| PB 0x000000075a600000| Complete 
| 212|0x000000075a800000, 0x000000075aa00000, 0x000000075aa00000|100%|HC|  |TAMS 0x000000075a800000| PB 0x000000075a800000| Complete 
| 213|0x000000075aa00000, 0x000000075ac00000, 0x000000075ac00000|100%|HC|  |TAMS 0x000000075aa00000| PB 0x000000075aa00000| Complete 
| 214|0x000000075ac00000, 0x000000075ae00000, 0x000000075ae00000|100%|HC|  |TAMS 0x000000075ac00000| PB 0x000000075ac00000| Complete 
| 215|0x000000075ae00000, 0x000000075b000000, 0x000000075b000000|100%|HC|  |TAMS 0x000000075ae00000| PB 0x000000075ae00000| Complete 
| 216|0x000000075b000000, 0x000000075b200000, 0x000000075b200000|100%|HC|  |TAMS 0x000000075b000000| PB 0x000000075b000000| Complete 
| 217|0x000000075b200000, 0x000000075b200000, 0x000000075b400000|  0%| F|  |TAMS 0x000000075b200000| PB 0x000000075b200000| Untracked 
| 218|0x000000075b400000, 0x000000075b400000, 0x000000075b600000|  0%| F|  |TAMS 0x000000075b400000| PB 0x000000075b400000| Untracked 
| 219|0x000000075b600000, 0x000000075b600000, 0x000000075b800000|  0%| F|  |TAMS 0x000000075b600000| PB 0x000000075b600000| Untracked 
| 220|0x000000075b800000, 0x000000075b800000, 0x000000075ba00000|  0%| F|  |TAMS 0x000000075b800000| PB 0x000000075b800000| Untracked 
| 221|0x000000075ba00000, 0x000000075ba00000, 0x000000075bc00000|  0%| F|  |TAMS 0x000000075ba00000| PB 0x000000075ba00000| Untracked 
| 222|0x000000075bc00000, 0x000000075bc00000, 0x000000075be00000|  0%| F|  |TAMS 0x000000075bc00000| PB 0x000000075bc00000| Untracked 
| 223|0x000000075be00000, 0x000000075be00000, 0x000000075c000000|  0%| F|  |TAMS 0x000000075be00000| PB 0x000000075be00000| Untracked 
| 224|0x000000075c000000, 0x000000075c000000, 0x000000075c200000|  0%| F|  |TAMS 0x000000075c000000| PB 0x000000075c000000| Untracked 
| 225|0x000000075c200000, 0x000000075c200000, 0x000000075c400000|  0%| F|  |TAMS 0x000000075c200000| PB 0x000000075c200000| Untracked 
| 226|0x000000075c400000, 0x000000075c400000, 0x000000075c600000|  0%| F|  |TAMS 0x000000075c400000| PB 0x000000075c400000| Untracked 
| 227|0x000000075c600000, 0x000000075c600000, 0x000000075c800000|  0%| F|  |TAMS 0x000000075c600000| PB 0x000000075c600000| Untracked 
| 228|0x000000075c800000, 0x000000075c800000, 0x000000075ca00000|  0%| F|  |TAMS 0x000000075c800000| PB 0x000000075c800000| Untracked 
| 229|0x000000075ca00000, 0x000000075cc00000, 0x000000075cc00000|100%| O|  |TAMS 0x000000075cc00000| PB 0x000000075cc00000| Updating 
| 230|0x000000075cc00000, 0x000000075cc00000, 0x000000075ce00000|  0%| F|  |TAMS 0x000000075cc00000| PB 0x000000075cc00000| Untracked 
| 231|0x000000075ce00000, 0x000000075d000000, 0x000000075d000000|100%| O|  |TAMS 0x000000075d000000| PB 0x000000075d000000| Updating 
| 232|0x000000075d000000, 0x000000075d000000, 0x000000075d200000|  0%| F|  |TAMS 0x000000075d000000| PB 0x000000075d000000| Untracked 
| 233|0x000000075d200000, 0x000000075d200000, 0x000000075d400000|  0%| F|  |TAMS 0x000000075d200000| PB 0x000000075d200000| Untracked 
| 234|0x000000075d400000, 0x000000075d400000, 0x000000075d600000|  0%| F|  |TAMS 0x000000075d400000| PB 0x000000075d400000| Untracked 
| 235|0x000000075d600000, 0x000000075d600000, 0x000000075d800000|  0%| F|  |TAMS 0x000000075d600000| PB 0x000000075d600000| Untracked 
| 236|0x000000075d800000, 0x000000075d800000, 0x000000075da00000|  0%| F|  |TAMS 0x000000075d800000| PB 0x000000075d800000| Untracked 
| 237|0x000000075da00000, 0x000000075da00000, 0x000000075dc00000|  0%| F|  |TAMS 0x000000075da00000| PB 0x000000075da00000| Untracked 
| 238|0x000000075dc00000, 0x000000075dc00000, 0x000000075de00000|  0%| F|  |TAMS 0x000000075dc00000| PB 0x000000075dc00000| Untracked 
| 239|0x000000075de00000, 0x000000075de00000, 0x000000075e000000|  0%| F|  |TAMS 0x000000075de00000| PB 0x000000075de00000| Untracked 
| 240|0x000000075e000000, 0x000000075e000000, 0x000000075e200000|  0%| F|  |TAMS 0x000000075e000000| PB 0x000000075e000000| Untracked 
| 241|0x000000075e200000, 0x000000075e200000, 0x000000075e400000|  0%| F|  |TAMS 0x000000075e200000| PB 0x000000075e200000| Untracked 
| 242|0x000000075e400000, 0x000000075e400000, 0x000000075e600000|  0%| F|  |TAMS 0x000000075e400000| PB 0x000000075e400000| Untracked 
| 243|0x000000075e600000, 0x000000075e600000, 0x000000075e800000|  0%| F|  |TAMS 0x000000075e600000| PB 0x000000075e600000| Untracked 
| 244|0x000000075e800000, 0x000000075e800000, 0x000000075ea00000|  0%| F|  |TAMS 0x000000075e800000| PB 0x000000075e800000| Untracked 
| 245|0x000000075ea00000, 0x000000075ea00000, 0x000000075ec00000|  0%| F|  |TAMS 0x000000075ea00000| PB 0x000000075ea00000| Untracked 
| 246|0x000000075ec00000, 0x000000075ec00000, 0x000000075ee00000|  0%| F|  |TAMS 0x000000075ec00000| PB 0x000000075ec00000| Untracked 
| 247|0x000000075ee00000, 0x000000075ee00000, 0x000000075f000000|  0%| F|  |TAMS 0x000000075ee00000| PB 0x000000075ee00000| Untracked 
| 248|0x000000075f000000, 0x000000075f000000, 0x000000075f200000|  0%| F|  |TAMS 0x000000075f000000| PB 0x000000075f000000| Untracked 
| 249|0x000000075f200000, 0x000000075f200000, 0x000000075f400000|  0%| F|  |TAMS 0x000000075f200000| PB 0x000000075f200000| Untracked 
| 250|0x000000075f400000, 0x000000075f400000, 0x000000075f600000|  0%| F|  |TAMS 0x000000075f400000| PB 0x000000075f400000| Untracked 
| 251|0x000000075f600000, 0x000000075f600000, 0x000000075f800000|  0%| F|  |TAMS 0x000000075f600000| PB 0x000000075f600000| Untracked 
| 252|0x000000075f800000, 0x000000075f800000, 0x000000075fa00000|  0%| F|  |TAMS 0x000000075f800000| PB 0x000000075f800000| Untracked 
| 253|0x000000075fa00000, 0x000000075fa00000, 0x000000075fc00000|  0%| F|  |TAMS 0x000000075fa00000| PB 0x000000075fa00000| Untracked 
| 254|0x000000075fc00000, 0x000000075fd16198, 0x000000075fe00000| 54%| E|  |TAMS 0x000000075fc00000| PB 0x000000075fc00000| Complete 
| 255|0x000000075fe00000, 0x0000000760000000, 0x0000000760000000|100%| E|CS|TAMS 0x000000075fe00000| PB 0x000000075fe00000| Complete 
| 256|0x0000000760000000, 0x0000000760200000, 0x0000000760200000|100%| E|CS|TAMS 0x0000000760000000| PB 0x0000000760000000| Complete 
| 257|0x0000000760200000, 0x0000000760400000, 0x0000000760400000|100%| E|CS|TAMS 0x0000000760200000| PB 0x0000000760200000| Complete 
| 258|0x0000000760400000, 0x0000000760600000, 0x0000000760600000|100%| E|CS|TAMS 0x0000000760400000| PB 0x0000000760400000| Complete 
| 259|0x0000000760600000, 0x0000000760800000, 0x0000000760800000|100%| E|CS|TAMS 0x0000000760600000| PB 0x0000000760600000| Complete 
| 260|0x0000000760800000, 0x0000000760a00000, 0x0000000760a00000|100%| E|CS|TAMS 0x0000000760800000| PB 0x0000000760800000| Complete 
| 261|0x0000000760a00000, 0x0000000760c00000, 0x0000000760c00000|100%| E|CS|TAMS 0x0000000760a00000| PB 0x0000000760a00000| Complete 
| 262|0x0000000760c00000, 0x0000000760e00000, 0x0000000760e00000|100%| E|CS|TAMS 0x0000000760c00000| PB 0x0000000760c00000| Complete 
| 263|0x0000000760e00000, 0x0000000761000000, 0x0000000761000000|100%| E|CS|TAMS 0x0000000760e00000| PB 0x0000000760e00000| Complete 
| 264|0x0000000761000000, 0x0000000761200000, 0x0000000761200000|100%| E|CS|TAMS 0x0000000761000000| PB 0x0000000761000000| Complete 
| 265|0x0000000761200000, 0x0000000761400000, 0x0000000761400000|100%| E|CS|TAMS 0x0000000761200000| PB 0x0000000761200000| Complete 
| 266|0x0000000761400000, 0x0000000761600000, 0x0000000761600000|100%| E|CS|TAMS 0x0000000761400000| PB 0x0000000761400000| Complete 
| 267|0x0000000761600000, 0x0000000761800000, 0x0000000761800000|100%| E|CS|TAMS 0x0000000761600000| PB 0x0000000761600000| Complete 
| 268|0x0000000761800000, 0x0000000761a00000, 0x0000000761a00000|100%| E|CS|TAMS 0x0000000761800000| PB 0x0000000761800000| Complete 
| 269|0x0000000761a00000, 0x0000000761c00000, 0x0000000761c00000|100%| E|CS|TAMS 0x0000000761a00000| PB 0x0000000761a00000| Complete 
| 270|0x0000000761c00000, 0x0000000761e00000, 0x0000000761e00000|100%| E|CS|TAMS 0x0000000761c00000| PB 0x0000000761c00000| Complete 
| 271|0x0000000761e00000, 0x0000000762000000, 0x0000000762000000|100%| E|CS|TAMS 0x0000000761e00000| PB 0x0000000761e00000| Complete 
| 272|0x0000000762000000, 0x0000000762200000, 0x0000000762200000|100%| E|CS|TAMS 0x0000000762000000| PB 0x0000000762000000| Complete 
| 273|0x0000000762200000, 0x0000000762400000, 0x0000000762400000|100%| E|CS|TAMS 0x0000000762200000| PB 0x0000000762200000| Complete 
| 274|0x0000000762400000, 0x0000000762600000, 0x0000000762600000|100%| E|CS|TAMS 0x0000000762400000| PB 0x0000000762400000| Complete 
| 275|0x0000000762600000, 0x0000000762800000, 0x0000000762800000|100%| E|CS|TAMS 0x0000000762600000| PB 0x0000000762600000| Complete 
| 276|0x0000000762800000, 0x0000000762a00000, 0x0000000762a00000|100%| E|CS|TAMS 0x0000000762800000| PB 0x0000000762800000| Complete 
| 277|0x0000000762a00000, 0x0000000762c00000, 0x0000000762c00000|100%| E|CS|TAMS 0x0000000762a00000| PB 0x0000000762a00000| Complete 
| 278|0x0000000762c00000, 0x0000000762e00000, 0x0000000762e00000|100%| E|CS|TAMS 0x0000000762c00000| PB 0x0000000762c00000| Complete 
| 279|0x0000000762e00000, 0x0000000763000000, 0x0000000763000000|100%| E|CS|TAMS 0x0000000762e00000| PB 0x0000000762e00000| Complete 
| 280|0x0000000763000000, 0x0000000763200000, 0x0000000763200000|100%| E|CS|TAMS 0x0000000763000000| PB 0x0000000763000000| Complete 
| 281|0x0000000763200000, 0x0000000763400000, 0x0000000763400000|100%| E|CS|TAMS 0x0000000763200000| PB 0x0000000763200000| Complete 
| 282|0x0000000763400000, 0x0000000763600000, 0x0000000763600000|100%| E|CS|TAMS 0x0000000763400000| PB 0x0000000763400000| Complete 
| 283|0x0000000763600000, 0x0000000763800000, 0x0000000763800000|100%| E|CS|TAMS 0x0000000763600000| PB 0x0000000763600000| Complete 
| 284|0x0000000763800000, 0x0000000763a00000, 0x0000000763a00000|100%| E|CS|TAMS 0x0000000763800000| PB 0x0000000763800000| Complete 
| 285|0x0000000763a00000, 0x0000000763c00000, 0x0000000763c00000|100%| E|CS|TAMS 0x0000000763a00000| PB 0x0000000763a00000| Complete 
| 286|0x0000000763c00000, 0x0000000763e00000, 0x0000000763e00000|100%| E|CS|TAMS 0x0000000763c00000| PB 0x0000000763c00000| Complete 
| 287|0x0000000763e00000, 0x0000000764000000, 0x0000000764000000|100%| E|CS|TAMS 0x0000000763e00000| PB 0x0000000763e00000| Complete 
| 288|0x0000000764000000, 0x0000000764200000, 0x0000000764200000|100%| E|CS|TAMS 0x0000000764000000| PB 0x0000000764000000| Complete 
| 289|0x0000000764200000, 0x0000000764400000, 0x0000000764400000|100%| E|CS|TAMS 0x0000000764200000| PB 0x0000000764200000| Complete 
| 290|0x0000000764400000, 0x0000000764600000, 0x0000000764600000|100%| E|CS|TAMS 0x0000000764400000| PB 0x0000000764400000| Complete 
| 291|0x0000000764600000, 0x0000000764800000, 0x0000000764800000|100%| E|CS|TAMS 0x0000000764600000| PB 0x0000000764600000| Complete 
| 292|0x0000000764800000, 0x0000000764a00000, 0x0000000764a00000|100%| E|CS|TAMS 0x0000000764800000| PB 0x0000000764800000| Complete 
| 293|0x0000000764a00000, 0x0000000764c00000, 0x0000000764c00000|100%| E|CS|TAMS 0x0000000764a00000| PB 0x0000000764a00000| Complete 
| 294|0x0000000764c00000, 0x0000000764e00000, 0x0000000764e00000|100%| E|CS|TAMS 0x0000000764c00000| PB 0x0000000764c00000| Complete 
| 295|0x0000000764e00000, 0x0000000765000000, 0x0000000765000000|100%| E|CS|TAMS 0x0000000764e00000| PB 0x0000000764e00000| Complete 
| 296|0x0000000765000000, 0x0000000765200000, 0x0000000765200000|100%| E|  |TAMS 0x0000000765000000| PB 0x0000000765000000| Complete 
| 297|0x0000000765200000, 0x0000000765400000, 0x0000000765400000|100%| E|CS|TAMS 0x0000000765200000| PB 0x0000000765200000| Complete 
| 298|0x0000000765400000, 0x0000000765600000, 0x0000000765600000|100%| E|CS|TAMS 0x0000000765400000| PB 0x0000000765400000| Complete 
| 299|0x0000000765600000, 0x0000000765800000, 0x0000000765800000|100%| E|CS|TAMS 0x0000000765600000| PB 0x0000000765600000| Complete 
| 300|0x0000000765800000, 0x0000000765a00000, 0x0000000765a00000|100%| E|CS|TAMS 0x0000000765800000| PB 0x0000000765800000| Complete 
| 301|0x0000000765a00000, 0x0000000765c00000, 0x0000000765c00000|100%| E|CS|TAMS 0x0000000765a00000| PB 0x0000000765a00000| Complete 
| 302|0x0000000765c00000, 0x0000000765e00000, 0x0000000765e00000|100%| E|CS|TAMS 0x0000000765c00000| PB 0x0000000765c00000| Complete 
| 303|0x0000000765e00000, 0x0000000766000000, 0x0000000766000000|100%| E|CS|TAMS 0x0000000765e00000| PB 0x0000000765e00000| Complete 
| 304|0x0000000766000000, 0x0000000766200000, 0x0000000766200000|100%| E|CS|TAMS 0x0000000766000000| PB 0x0000000766000000| Complete 
| 305|0x0000000766200000, 0x0000000766400000, 0x0000000766400000|100%| E|CS|TAMS 0x0000000766200000| PB 0x0000000766200000| Complete 
| 306|0x0000000766400000, 0x0000000766600000, 0x0000000766600000|100%| E|CS|TAMS 0x0000000766400000| PB 0x0000000766400000| Complete 
| 307|0x0000000766600000, 0x0000000766800000, 0x0000000766800000|100%| E|CS|TAMS 0x0000000766600000| PB 0x0000000766600000| Complete 
| 308|0x0000000766800000, 0x0000000766a00000, 0x0000000766a00000|100%| E|CS|TAMS 0x0000000766800000| PB 0x0000000766800000| Complete 
| 309|0x0000000766a00000, 0x0000000766c00000, 0x0000000766c00000|100%| E|CS|TAMS 0x0000000766a00000| PB 0x0000000766a00000| Complete 
| 310|0x0000000766c00000, 0x0000000766e00000, 0x0000000766e00000|100%| E|CS|TAMS 0x0000000766c00000| PB 0x0000000766c00000| Complete 
| 311|0x0000000766e00000, 0x0000000767000000, 0x0000000767000000|100%| E|CS|TAMS 0x0000000766e00000| PB 0x0000000766e00000| Complete 
| 312|0x0000000767000000, 0x0000000767200000, 0x0000000767200000|100%| E|CS|TAMS 0x0000000767000000| PB 0x0000000767000000| Complete 
| 313|0x0000000767200000, 0x0000000767400000, 0x0000000767400000|100%| E|CS|TAMS 0x0000000767200000| PB 0x0000000767200000| Complete 
| 314|0x0000000767400000, 0x0000000767600000, 0x0000000767600000|100%| E|CS|TAMS 0x0000000767400000| PB 0x0000000767400000| Complete 
| 315|0x0000000767600000, 0x0000000767800000, 0x0000000767800000|100%| E|CS|TAMS 0x0000000767600000| PB 0x0000000767600000| Complete 
| 316|0x0000000767800000, 0x0000000767a00000, 0x0000000767a00000|100%| E|CS|TAMS 0x0000000767800000| PB 0x0000000767800000| Complete 
| 317|0x0000000767a00000, 0x0000000767c00000, 0x0000000767c00000|100%| E|CS|TAMS 0x0000000767a00000| PB 0x0000000767a00000| Complete 
| 318|0x0000000767c00000, 0x0000000767e00000, 0x0000000767e00000|100%| E|CS|TAMS 0x0000000767c00000| PB 0x0000000767c00000| Complete 
| 319|0x0000000767e00000, 0x0000000768000000, 0x0000000768000000|100%| E|CS|TAMS 0x0000000767e00000| PB 0x0000000767e00000| Complete 
| 320|0x0000000768000000, 0x0000000768200000, 0x0000000768200000|100%| E|CS|TAMS 0x0000000768000000| PB 0x0000000768000000| Complete 
| 321|0x0000000768200000, 0x0000000768400000, 0x0000000768400000|100%| E|CS|TAMS 0x0000000768200000| PB 0x0000000768200000| Complete 
| 322|0x0000000768400000, 0x0000000768600000, 0x0000000768600000|100%| E|CS|TAMS 0x0000000768400000| PB 0x0000000768400000| Complete 
| 323|0x0000000768600000, 0x0000000768800000, 0x0000000768800000|100%| E|CS|TAMS 0x0000000768600000| PB 0x0000000768600000| Complete 
| 324|0x0000000768800000, 0x0000000768a00000, 0x0000000768a00000|100%| E|CS|TAMS 0x0000000768800000| PB 0x0000000768800000| Complete 
| 325|0x0000000768a00000, 0x0000000768c00000, 0x0000000768c00000|100%| E|CS|TAMS 0x0000000768a00000| PB 0x0000000768a00000| Complete 
| 326|0x0000000768c00000, 0x0000000768e00000, 0x0000000768e00000|100%| E|CS|TAMS 0x0000000768c00000| PB 0x0000000768c00000| Complete 
| 327|0x0000000768e00000, 0x0000000769000000, 0x0000000769000000|100%| E|CS|TAMS 0x0000000768e00000| PB 0x0000000768e00000| Complete 
| 328|0x0000000769000000, 0x0000000769200000, 0x0000000769200000|100%| E|CS|TAMS 0x0000000769000000| PB 0x0000000769000000| Complete 
| 329|0x0000000769200000, 0x0000000769400000, 0x0000000769400000|100%| E|CS|TAMS 0x0000000769200000| PB 0x0000000769200000| Complete 
| 330|0x0000000769400000, 0x0000000769600000, 0x0000000769600000|100%| E|CS|TAMS 0x0000000769400000| PB 0x0000000769400000| Complete 
| 331|0x0000000769600000, 0x0000000769800000, 0x0000000769800000|100%| E|CS|TAMS 0x0000000769600000| PB 0x0000000769600000| Complete 
| 332|0x0000000769800000, 0x0000000769a00000, 0x0000000769a00000|100%| E|CS|TAMS 0x0000000769800000| PB 0x0000000769800000| Complete 
| 333|0x0000000769a00000, 0x0000000769c00000, 0x0000000769c00000|100%| E|CS|TAMS 0x0000000769a00000| PB 0x0000000769a00000| Complete 
| 334|0x0000000769c00000, 0x0000000769e00000, 0x0000000769e00000|100%| E|CS|TAMS 0x0000000769c00000| PB 0x0000000769c00000| Complete 
| 335|0x0000000769e00000, 0x000000076a000000, 0x000000076a000000|100%| E|CS|TAMS 0x0000000769e00000| PB 0x0000000769e00000| Complete 
| 336|0x000000076a000000, 0x000000076a200000, 0x000000076a200000|100%| E|CS|TAMS 0x000000076a000000| PB 0x000000076a000000| Complete 
| 337|0x000000076a200000, 0x000000076a400000, 0x000000076a400000|100%| E|CS|TAMS 0x000000076a200000| PB 0x000000076a200000| Complete 
| 338|0x000000076a400000, 0x000000076a600000, 0x000000076a600000|100%| E|CS|TAMS 0x000000076a400000| PB 0x000000076a400000| Complete 
| 339|0x000000076a600000, 0x000000076a800000, 0x000000076a800000|100%| E|CS|TAMS 0x000000076a600000| PB 0x000000076a600000| Complete 
| 340|0x000000076a800000, 0x000000076aa00000, 0x000000076aa00000|100%| E|CS|TAMS 0x000000076a800000| PB 0x000000076a800000| Complete 
| 341|0x000000076aa00000, 0x000000076ac00000, 0x000000076ac00000|100%| E|CS|TAMS 0x000000076aa00000| PB 0x000000076aa00000| Complete 
| 342|0x000000076ac00000, 0x000000076ae00000, 0x000000076ae00000|100%| E|CS|TAMS 0x000000076ac00000| PB 0x000000076ac00000| Complete 
| 343|0x000000076ae00000, 0x000000076b000000, 0x000000076b000000|100%| E|CS|TAMS 0x000000076ae00000| PB 0x000000076ae00000| Complete 
| 344|0x000000076b000000, 0x000000076b200000, 0x000000076b200000|100%| E|CS|TAMS 0x000000076b000000| PB 0x000000076b000000| Complete 
| 345|0x000000076b200000, 0x000000076b400000, 0x000000076b400000|100%| E|CS|TAMS 0x000000076b200000| PB 0x000000076b200000| Complete 
| 346|0x000000076b400000, 0x000000076b600000, 0x000000076b600000|100%| E|CS|TAMS 0x000000076b400000| PB 0x000000076b400000| Complete 
| 347|0x000000076b600000, 0x000000076b800000, 0x000000076b800000|100%| E|CS|TAMS 0x000000076b600000| PB 0x000000076b600000| Complete 
| 348|0x000000076b800000, 0x000000076ba00000, 0x000000076ba00000|100%| E|CS|TAMS 0x000000076b800000| PB 0x000000076b800000| Complete 
| 349|0x000000076ba00000, 0x000000076bc00000, 0x000000076bc00000|100%| E|CS|TAMS 0x000000076ba00000| PB 0x000000076ba00000| Complete 
| 350|0x000000076bc00000, 0x000000076be00000, 0x000000076be00000|100%| E|CS|TAMS 0x000000076bc00000| PB 0x000000076bc00000| Complete 
| 351|0x000000076be00000, 0x000000076c000000, 0x000000076c000000|100%| E|CS|TAMS 0x000000076be00000| PB 0x000000076be00000| Complete 
| 352|0x000000076c000000, 0x000000076c200000, 0x000000076c200000|100%| E|CS|TAMS 0x000000076c000000| PB 0x000000076c000000| Complete 
| 353|0x000000076c200000, 0x000000076c400000, 0x000000076c400000|100%| E|CS|TAMS 0x000000076c200000| PB 0x000000076c200000| Complete 
| 354|0x000000076c400000, 0x000000076c600000, 0x000000076c600000|100%| E|CS|TAMS 0x000000076c400000| PB 0x000000076c400000| Complete 
| 355|0x000000076c600000, 0x000000076c800000, 0x000000076c800000|100%| E|CS|TAMS 0x000000076c600000| PB 0x000000076c600000| Complete 
| 356|0x000000076c800000, 0x000000076ca00000, 0x000000076ca00000|100%| E|CS|TAMS 0x000000076c800000| PB 0x000000076c800000| Complete 
| 357|0x000000076ca00000, 0x000000076cc00000, 0x000000076cc00000|100%| E|CS|TAMS 0x000000076ca00000| PB 0x000000076ca00000| Complete 
| 358|0x000000076cc00000, 0x000000076ce00000, 0x000000076ce00000|100%| E|CS|TAMS 0x000000076cc00000| PB 0x000000076cc00000| Complete 
| 359|0x000000076ce00000, 0x000000076d000000, 0x000000076d000000|100%| E|CS|TAMS 0x000000076ce00000| PB 0x000000076ce00000| Complete 
| 360|0x000000076d000000, 0x000000076d200000, 0x000000076d200000|100%| E|CS|TAMS 0x000000076d000000| PB 0x000000076d000000| Complete 
| 361|0x000000076d200000, 0x000000076d400000, 0x000000076d400000|100%| E|CS|TAMS 0x000000076d200000| PB 0x000000076d200000| Complete 
| 362|0x000000076d400000, 0x000000076d600000, 0x000000076d600000|100%| E|CS|TAMS 0x000000076d400000| PB 0x000000076d400000| Complete 
| 363|0x000000076d600000, 0x000000076d800000, 0x000000076d800000|100%| E|CS|TAMS 0x000000076d600000| PB 0x000000076d600000| Complete 
| 364|0x000000076d800000, 0x000000076da00000, 0x000000076da00000|100%| E|CS|TAMS 0x000000076d800000| PB 0x000000076d800000| Complete 
| 365|0x000000076da00000, 0x000000076dc00000, 0x000000076dc00000|100%| E|CS|TAMS 0x000000076da00000| PB 0x000000076da00000| Complete 
| 366|0x000000076dc00000, 0x000000076de00000, 0x000000076de00000|100%| E|CS|TAMS 0x000000076dc00000| PB 0x000000076dc00000| Complete 
| 367|0x000000076de00000, 0x000000076e000000, 0x000000076e000000|100%| E|CS|TAMS 0x000000076de00000| PB 0x000000076de00000| Complete 
| 368|0x000000076e000000, 0x000000076e200000, 0x000000076e200000|100%| E|CS|TAMS 0x000000076e000000| PB 0x000000076e000000| Complete 
| 369|0x000000076e200000, 0x000000076e400000, 0x000000076e400000|100%| E|CS|TAMS 0x000000076e200000| PB 0x000000076e200000| Complete 
| 370|0x000000076e400000, 0x000000076e600000, 0x000000076e600000|100%| E|CS|TAMS 0x000000076e400000| PB 0x000000076e400000| Complete 
| 371|0x000000076e600000, 0x000000076e800000, 0x000000076e800000|100%| E|CS|TAMS 0x000000076e600000| PB 0x000000076e600000| Complete 
| 372|0x000000076e800000, 0x000000076ea00000, 0x000000076ea00000|100%| E|CS|TAMS 0x000000076e800000| PB 0x000000076e800000| Complete 
| 373|0x000000076ea00000, 0x000000076ec00000, 0x000000076ec00000|100%| E|CS|TAMS 0x000000076ea00000| PB 0x000000076ea00000| Complete 
| 374|0x000000076ec00000, 0x000000076ee00000, 0x000000076ee00000|100%| E|CS|TAMS 0x000000076ec00000| PB 0x000000076ec00000| Complete 
| 375|0x000000076ee00000, 0x000000076f000000, 0x000000076f000000|100%| E|CS|TAMS 0x000000076ee00000| PB 0x000000076ee00000| Complete 
| 376|0x000000076f000000, 0x000000076f200000, 0x000000076f200000|100%| E|CS|TAMS 0x000000076f000000| PB 0x000000076f000000| Complete 
| 377|0x000000076f200000, 0x000000076f400000, 0x000000076f400000|100%| E|CS|TAMS 0x000000076f200000| PB 0x000000076f200000| Complete 
|1436|0x00000007f3800000, 0x00000007f3a00000, 0x00000007f3a00000|100%| O|  |TAMS 0x00000007f3a00000| PB 0x00000007f3a00000| Updating 
|1437|0x00000007f3a00000, 0x00000007f3c00000, 0x00000007f3c00000|100%| E|CS|TAMS 0x00000007f3a00000| PB 0x00000007f3a00000| Complete 
|1438|0x00000007f3c00000, 0x00000007f3e00000, 0x00000007f3e00000|100%| E|CS|TAMS 0x00000007f3c00000| PB 0x00000007f3c00000| Complete 
|1439|0x00000007f3e00000, 0x00000007f4000000, 0x00000007f4000000|100%| E|CS|TAMS 0x00000007f3e00000| PB 0x00000007f3e00000| Complete 
|1440|0x00000007f4000000, 0x00000007f4200000, 0x00000007f4200000|100%| O|  |TAMS 0x00000007f4200000| PB 0x00000007f4200000| Updating 
|1441|0x00000007f4200000, 0x00000007f4400000, 0x00000007f4400000|100%| O|  |TAMS 0x00000007f4400000| PB 0x00000007f4400000| Updating 
|1442|0x00000007f4400000, 0x00000007f4600000, 0x00000007f4600000|100%| O|  |TAMS 0x00000007f4600000| PB 0x00000007f4600000| Untracked 
|1443|0x00000007f4600000, 0x00000007f4800000, 0x00000007f4800000|100%| O|  |TAMS 0x00000007f4800000| PB 0x00000007f4800000| Untracked 
|1444|0x00000007f4800000, 0x00000007f4a00000, 0x00000007f4a00000|100%| O|  |TAMS 0x00000007f4a00000| PB 0x00000007f4a00000| Untracked 
|1445|0x00000007f4a00000, 0x00000007f4c00000, 0x00000007f4c00000|100%| O|  |TAMS 0x00000007f4c00000| PB 0x00000007f4c00000| Untracked 
|1446|0x00000007f4c00000, 0x00000007f4e00000, 0x00000007f4e00000|100%| O|  |TAMS 0x00000007f4e00000| PB 0x00000007f4e00000| Untracked 
|1447|0x00000007f4e00000, 0x00000007f5000000, 0x00000007f5000000|100%| O|  |TAMS 0x00000007f5000000| PB 0x00000007f5000000| Untracked 
|1448|0x00000007f5000000, 0x00000007f5200000, 0x00000007f5200000|100%| O|  |TAMS 0x00000007f5200000| PB 0x00000007f5200000| Untracked 
|1449|0x00000007f5200000, 0x00000007f5400000, 0x00000007f5400000|100%| O|  |TAMS 0x00000007f5400000| PB 0x00000007f5400000| Untracked 
|1450|0x00000007f5400000, 0x00000007f5600000, 0x00000007f5600000|100%| O|  |TAMS 0x00000007f5600000| PB 0x00000007f5600000| Untracked 
|1451|0x00000007f5600000, 0x00000007f5800000, 0x00000007f5800000|100%| O|  |TAMS 0x00000007f5800000| PB 0x00000007f5800000| Untracked 
|1452|0x00000007f5800000, 0x00000007f5a00000, 0x00000007f5a00000|100%| O|  |TAMS 0x00000007f5a00000| PB 0x00000007f5a00000| Untracked 
|1453|0x00000007f5a00000, 0x00000007f5c00000, 0x00000007f5c00000|100%| O|  |TAMS 0x00000007f5c00000| PB 0x00000007f5c00000| Untracked 
|1454|0x00000007f5c00000, 0x00000007f5e00000, 0x00000007f5e00000|100%| O|  |TAMS 0x00000007f5e00000| PB 0x00000007f5e00000| Untracked 
|1455|0x00000007f5e00000, 0x00000007f6000000, 0x00000007f6000000|100%| O|  |TAMS 0x00000007f6000000| PB 0x00000007f6000000| Untracked 
|1456|0x00000007f6000000, 0x00000007f6200000, 0x00000007f6200000|100%| O|  |TAMS 0x00000007f6200000| PB 0x00000007f6200000| Untracked 
|1457|0x00000007f6200000, 0x00000007f6400000, 0x00000007f6400000|100%| O|  |TAMS 0x00000007f6400000| PB 0x00000007f6400000| Untracked 
|1458|0x00000007f6400000, 0x00000007f6600000, 0x00000007f6600000|100%| O|  |TAMS 0x00000007f6600000| PB 0x00000007f6600000| Untracked 
|1459|0x00000007f6600000, 0x00000007f6800000, 0x00000007f6800000|100%| O|  |TAMS 0x00000007f6800000| PB 0x00000007f6800000| Untracked 
|1460|0x00000007f6800000, 0x00000007f6a00000, 0x00000007f6a00000|100%| O|  |TAMS 0x00000007f6a00000| PB 0x00000007f6a00000| Untracked 
|1461|0x00000007f6a00000, 0x00000007f6c00000, 0x00000007f6c00000|100%| O|  |TAMS 0x00000007f6c00000| PB 0x00000007f6c00000| Untracked 
|1462|0x00000007f6c00000, 0x00000007f6e00000, 0x00000007f6e00000|100%| O|  |TAMS 0x00000007f6e00000| PB 0x00000007f6e00000| Untracked 
|1463|0x00000007f6e00000, 0x00000007f7000000, 0x00000007f7000000|100%| O|  |TAMS 0x00000007f7000000| PB 0x00000007f7000000| Untracked 
|1464|0x00000007f7000000, 0x00000007f7200000, 0x00000007f7200000|100%| O|  |TAMS 0x00000007f7200000| PB 0x00000007f7200000| Untracked 
|1465|0x00000007f7200000, 0x00000007f7400000, 0x00000007f7400000|100%| O|  |TAMS 0x00000007f7400000| PB 0x00000007f7400000| Untracked 
|1466|0x00000007f7400000, 0x00000007f7600000, 0x00000007f7600000|100%| O|  |TAMS 0x00000007f7600000| PB 0x00000007f7600000| Untracked 
|1467|0x00000007f7600000, 0x00000007f7800000, 0x00000007f7800000|100%| O|  |TAMS 0x00000007f7800000| PB 0x00000007f7800000| Untracked 
|1468|0x00000007f7800000, 0x00000007f7a00000, 0x00000007f7a00000|100%| O|  |TAMS 0x00000007f7a00000| PB 0x00000007f7a00000| Untracked 
|1469|0x00000007f7a00000, 0x00000007f7c00000, 0x00000007f7c00000|100%| O|  |TAMS 0x00000007f7c00000| PB 0x00000007f7c00000| Untracked 
|1470|0x00000007f7c00000, 0x00000007f7e00000, 0x00000007f7e00000|100%| O|  |TAMS 0x00000007f7e00000| PB 0x00000007f7e00000| Untracked 
|1471|0x00000007f7e00000, 0x00000007f8000000, 0x00000007f8000000|100%| O|  |TAMS 0x00000007f8000000| PB 0x00000007f8000000| Untracked 
|1472|0x00000007f8000000, 0x00000007f8200000, 0x00000007f8200000|100%| O|  |TAMS 0x00000007f8200000| PB 0x00000007f8200000| Untracked 
|1473|0x00000007f8200000, 0x00000007f8400000, 0x00000007f8400000|100%| O|  |TAMS 0x00000007f8400000| PB 0x00000007f8400000| Untracked 
|1474|0x00000007f8400000, 0x00000007f8600000, 0x00000007f8600000|100%| O|  |TAMS 0x00000007f8600000| PB 0x00000007f8600000| Untracked 
|1475|0x00000007f8600000, 0x00000007f8800000, 0x00000007f8800000|100%| O|  |TAMS 0x00000007f8800000| PB 0x00000007f8800000| Untracked 
|1476|0x00000007f8800000, 0x00000007f8a00000, 0x00000007f8a00000|100%| O|  |TAMS 0x00000007f8a00000| PB 0x00000007f8a00000| Untracked 
|1477|0x00000007f8a00000, 0x00000007f8c00000, 0x00000007f8c00000|100%| O|  |TAMS 0x00000007f8c00000| PB 0x00000007f8c00000| Untracked 
|1478|0x00000007f8c00000, 0x00000007f8e00000, 0x00000007f8e00000|100%| O|  |TAMS 0x00000007f8e00000| PB 0x00000007f8e00000| Untracked 
|1479|0x00000007f8e00000, 0x00000007f9000000, 0x00000007f9000000|100%| O|  |TAMS 0x00000007f9000000| PB 0x00000007f9000000| Untracked 
|1480|0x00000007f9000000, 0x00000007f9200000, 0x00000007f9200000|100%| O|  |TAMS 0x00000007f9200000| PB 0x00000007f9200000| Untracked 
|1481|0x00000007f9200000, 0x00000007f9400000, 0x00000007f9400000|100%| O|  |TAMS 0x00000007f9400000| PB 0x00000007f9400000| Untracked 
|1482|0x00000007f9400000, 0x00000007f9600000, 0x00000007f9600000|100%| O|  |TAMS 0x00000007f9600000| PB 0x00000007f9600000| Untracked 
|1483|0x00000007f9600000, 0x00000007f9800000, 0x00000007f9800000|100%| O|  |TAMS 0x00000007f9800000| PB 0x00000007f9800000| Untracked 
|1484|0x00000007f9800000, 0x00000007f9a00000, 0x00000007f9a00000|100%| O|  |TAMS 0x00000007f9a00000| PB 0x00000007f9a00000| Untracked 
|1485|0x00000007f9a00000, 0x00000007f9c00000, 0x00000007f9c00000|100%| O|  |TAMS 0x00000007f9c00000| PB 0x00000007f9c00000| Untracked 
|1486|0x00000007f9c00000, 0x00000007f9e00000, 0x00000007f9e00000|100%| O|  |TAMS 0x00000007f9e00000| PB 0x00000007f9e00000| Untracked 
|1487|0x00000007f9e00000, 0x00000007fa000000, 0x00000007fa000000|100%| O|  |TAMS 0x00000007fa000000| PB 0x00000007fa000000| Untracked 
|1488|0x00000007fa000000, 0x00000007fa200000, 0x00000007fa200000|100%| O|  |TAMS 0x00000007fa200000| PB 0x00000007fa200000| Untracked 
|1489|0x00000007fa200000, 0x00000007fa400000, 0x00000007fa400000|100%| O|  |TAMS 0x00000007fa400000| PB 0x00000007fa400000| Untracked 
|1490|0x00000007fa400000, 0x00000007fa600000, 0x00000007fa600000|100%| O|  |TAMS 0x00000007fa600000| PB 0x00000007fa600000| Untracked 
|1491|0x00000007fa600000, 0x00000007fa800000, 0x00000007fa800000|100%| O|  |TAMS 0x00000007fa800000| PB 0x00000007fa800000| Untracked 
|1492|0x00000007fa800000, 0x00000007faa00000, 0x00000007faa00000|100%| O|  |TAMS 0x00000007faa00000| PB 0x00000007faa00000| Untracked 
|1493|0x00000007faa00000, 0x00000007fac00000, 0x00000007fac00000|100%| O|  |TAMS 0x00000007fac00000| PB 0x00000007fac00000| Updating 
|1494|0x00000007fac00000, 0x00000007fae00000, 0x00000007fae00000|100%| O|  |TAMS 0x00000007fae00000| PB 0x00000007fae00000| Untracked 
|1495|0x00000007fae00000, 0x00000007fb000000, 0x00000007fb000000|100%| O|  |TAMS 0x00000007fb000000| PB 0x00000007fb000000| Untracked 
|1496|0x00000007fb000000, 0x00000007fb200000, 0x00000007fb200000|100%| O|  |TAMS 0x00000007fb200000| PB 0x00000007fb200000| Untracked 
|1497|0x00000007fb200000, 0x00000007fb400000, 0x00000007fb400000|100%| O|  |TAMS 0x00000007fb400000| PB 0x00000007fb400000| Untracked 
|1498|0x00000007fb400000, 0x00000007fb600000, 0x00000007fb600000|100%| O|  |TAMS 0x00000007fb600000| PB 0x00000007fb600000| Untracked 
|1499|0x00000007fb600000, 0x00000007fb800000, 0x00000007fb800000|100%| O|  |TAMS 0x00000007fb800000| PB 0x00000007fb800000| Untracked 
|1500|0x00000007fb800000, 0x00000007fba00000, 0x00000007fba00000|100%| O|  |TAMS 0x00000007fba00000| PB 0x00000007fba00000| Untracked 
|1501|0x00000007fba00000, 0x00000007fbb6e100, 0x00000007fbc00000| 71%| S|CS|TAMS 0x00000007fba00000| PB 0x00000007fba00000| Complete 
|1502|0x00000007fbc00000, 0x00000007fbe00000, 0x00000007fbe00000|100%| O|  |TAMS 0x00000007fbe00000| PB 0x00000007fbe00000| Updating 
|1503|0x00000007fbe00000, 0x00000007fc000000, 0x00000007fc000000|100%| O|  |TAMS 0x00000007fc000000| PB 0x00000007fc000000| Updating 
|1504|0x00000007fc000000, 0x00000007fc200000, 0x00000007fc200000|100%| O|  |TAMS 0x00000007fc200000| PB 0x00000007fc200000| Updating 
|1505|0x00000007fc200000, 0x00000007fc400000, 0x00000007fc400000|100%| S|CS|TAMS 0x00000007fc200000| PB 0x00000007fc200000| Complete 
|1506|0x00000007fc400000, 0x00000007fc600000, 0x00000007fc600000|100%| O|  |TAMS 0x00000007fc600000| PB 0x00000007fc600000| Updating 
|1507|0x00000007fc600000, 0x00000007fc800000, 0x00000007fc800000|100%| O|  |TAMS 0x00000007fc800000| PB 0x00000007fc800000| Updating 
|1508|0x00000007fc800000, 0x00000007fca00000, 0x00000007fca00000|100%| O|  |TAMS 0x00000007fca00000| PB 0x00000007fca00000| Untracked 
|1509|0x00000007fca00000, 0x00000007fcc00000, 0x00000007fcc00000|100%| O|  |TAMS 0x00000007fcc00000| PB 0x00000007fcc00000| Untracked 
|1510|0x00000007fcc00000, 0x00000007fce00000, 0x00000007fce00000|100%| O|  |TAMS 0x00000007fce00000| PB 0x00000007fce00000| Updating 
|1511|0x00000007fce00000, 0x00000007fd000000, 0x00000007fd000000|100%| S|CS|TAMS 0x00000007fce00000| PB 0x00000007fce00000| Complete 
|1512|0x00000007fd000000, 0x00000007fd200000, 0x00000007fd200000|100%| O|  |TAMS 0x00000007fd200000| PB 0x00000007fd200000| Updating 
|1513|0x00000007fd200000, 0x00000007fd400000, 0x00000007fd400000|100%| E|CS|TAMS 0x00000007fd200000| PB 0x00000007fd200000| Complete 
|1514|0x00000007fd400000, 0x00000007fd600000, 0x00000007fd600000|100%| O|  |TAMS 0x00000007fd600000| PB 0x00000007fd600000| Updating 
|1515|0x00000007fd600000, 0x00000007fd800000, 0x00000007fd800000|100%| E|CS|TAMS 0x00000007fd600000| PB 0x00000007fd600000| Complete 
|1516|0x00000007fd800000, 0x00000007fda00000, 0x00000007fda00000|100%| O|  |TAMS 0x00000007fda00000| PB 0x00000007fda00000| Updating 
|1517|0x00000007fda00000, 0x00000007fdc00000, 0x00000007fdc00000|100%| O|  |TAMS 0x00000007fdc00000| PB 0x00000007fdc00000| Updating 
|1518|0x00000007fdc00000, 0x00000007fde00000, 0x00000007fde00000|100%| O|  |TAMS 0x00000007fde00000| PB 0x00000007fde00000| Updating 
|1519|0x00000007fde00000, 0x00000007fe000000, 0x00000007fe000000|100%| O|  |TAMS 0x00000007fe000000| PB 0x00000007fe000000| Updating 
|1520|0x00000007fe000000, 0x00000007fe200000, 0x00000007fe200000|100%| O|  |TAMS 0x00000007fe200000| PB 0x00000007fe200000| Updating 
|1521|0x00000007fe200000, 0x00000007fe400000, 0x00000007fe400000|100%| O|  |TAMS 0x00000007fe400000| PB 0x00000007fe400000| Untracked 
|1522|0x00000007fe400000, 0x00000007fe600000, 0x00000007fe600000|100%| O|  |TAMS 0x00000007fe600000| PB 0x00000007fe600000| Untracked 
|1523|0x00000007fe600000, 0x00000007fe800000, 0x00000007fe800000|100%| E|CS|TAMS 0x00000007fe600000| PB 0x00000007fe600000| Complete 
|1524|0x00000007fe800000, 0x00000007fea00000, 0x00000007fea00000|100%| E|CS|TAMS 0x00000007fe800000| PB 0x00000007fe800000| Complete 
|1525|0x00000007fea00000, 0x00000007fec00000, 0x00000007fec00000|100%| O|  |TAMS 0x00000007fec00000| PB 0x00000007fec00000| Updating 
|1526|0x00000007fec00000, 0x00000007fee00000, 0x00000007fee00000|100%| E|CS|TAMS 0x00000007fec00000| PB 0x00000007fec00000| Complete 
|1527|0x00000007fee00000, 0x00000007ff000000, 0x00000007ff000000|100%| E|CS|TAMS 0x00000007fee00000| PB 0x00000007fee00000| Complete 
|1528|0x00000007ff000000, 0x00000007ff200000, 0x00000007ff200000|100%| O|  |TAMS 0x00000007ff200000| PB 0x00000007ff200000| Updating 
|1529|0x00000007ff200000, 0x00000007ff400000, 0x00000007ff400000|100%| E|CS|TAMS 0x00000007ff200000| PB 0x00000007ff200000| Complete 
|1530|0x00000007ff400000, 0x00000007ff600000, 0x00000007ff600000|100%| E|CS|TAMS 0x00000007ff400000| PB 0x00000007ff400000| Complete 
|1531|0x00000007ff600000, 0x00000007ff800000, 0x00000007ff800000|100%| O|  |TAMS 0x00000007ff800000| PB 0x00000007ff800000| Updating 
|1532|0x00000007ff800000, 0x00000007ffa00000, 0x00000007ffa00000|100%| O|  |TAMS 0x00000007ffa00000| PB 0x00000007ffa00000| Untracked 
|1533|0x00000007ffa00000, 0x00000007ffc00000, 0x00000007ffc00000|100%| O|  |TAMS 0x00000007ffc00000| PB 0x00000007ffc00000| Untracked 
|1534|0x00000007ffc00000, 0x00000007ffe00000, 0x00000007ffe00000|100%| O|  |TAMS 0x00000007ffe00000| PB 0x00000007ffe00000| Untracked 
|1535|0x00000007ffe00000, 0x0000000800000000, 0x0000000800000000|100%| O|  |TAMS 0x0000000800000000| PB 0x0000000800000000| Untracked 

Card table byte_map: [0x000001669edf0000,0x000001669f3f0000] _byte_map_base: 0x000001669b3f0000

Marking Bits: (CMBitMap*) 0x000001668ae14660
 Bits: [0x000001669f3f0000, 0x00000166a23f0000)

Polling page: 0x0000016688bc0000

Metaspace:

Usage:
  Non-class:    165.65 MB used.
      Class:     24.72 MB used.
       Both:    190.37 MB used.

Virtual space:
  Non-class space:      256.00 MB reserved,     170.25 MB ( 67%) committed,  4 nodes.
      Class space:      416.00 MB reserved,      27.12 MB (  7%) committed,  1 nodes.
             Both:      672.00 MB reserved,     197.38 MB ( 29%) committed. 

Chunk freelists:
   Non-Class:  41.19 MB
       Class:  6.40 MB
        Both:  47.59 MB

MaxMetaspaceSize: 512.00 MB
CompressedClassSpaceSize: 416.00 MB
Initial GC threshold: 21.00 MB
Current GC threshold: 365.62 MB
CDS: on
 - commit_granule_bytes: 65536.
 - commit_granule_words: 8192.
 - virtual_space_node_default_size: 8388608.
 - enlarge_chunks_in_place: 1.
 - use_allocation_guard: 0.


Internal statistics:

num_allocs_failed_limit: 12.
num_arena_births: 7994.
num_arena_deaths: 4762.
num_vsnodes_births: 5.
num_vsnodes_deaths: 0.
num_space_committed: 6650.
num_space_uncommitted: 1000.
num_chunks_returned_to_freelist: 26416.
num_chunks_taken_from_freelist: 38965.
num_chunk_merges: 5302.
num_chunk_splits: 18422.
num_chunks_enlarged: 14313.
num_inconsistent_stats: 0.

CodeHeap 'non-profiled nmethods': size=120000Kb used=37963Kb max_used=53659Kb free=82036Kb
 bounds [0x0000016696d40000, 0x000001669a1b0000, 0x000001669e270000]
CodeHeap 'profiled nmethods': size=120000Kb used=25694Kb max_used=61308Kb free=94305Kb
 bounds [0x000001668f270000, 0x0000016692e50000, 0x00000166967a0000]
CodeHeap 'non-nmethods': size=5760Kb used=2319Kb max_used=2401Kb free=3440Kb
 bounds [0x00000166967a0000, 0x0000016696a10000, 0x0000016696d40000]
CodeCache: size=245760Kb, used=65976Kb, max_used=117368Kb, free=179781Kb
 total_blobs=18407, nmethods=17289, adapters=1018, full_count=0
Compilation: enabled, stopped_count=0, restarted_count=0

Compilation events (20 events):
Event: 19279.317 Thread 0x00000166a5096140 166062       2       com.android.tools.r8.internal.mu1::<init> (110 bytes)
Event: 19279.318 Thread 0x00000166a5096140 nmethod 166062 0x000001668f88e290 code [0x000001668f88e4a0, 0x000001668f88f0f8]
Event: 19279.326 Thread 0x00000166a5096140 166064       3       java.util.IdentityHashMap$EntryIterator::next (5 bytes)
Event: 19279.327 Thread 0x00000166a5096140 nmethod 166064 0x0000016691e1c310 code [0x0000016691e1c4c0, 0x0000016691e1c600]
Event: 19279.327 Thread 0x00000166a5096140 166065       3       java.util.IdentityHashMap$EntryIterator::next (21 bytes)
Event: 19279.327 Thread 0x00000166a5096140 nmethod 166065 0x0000016691989f10 code [0x000001669198a0e0, 0x000001669198a4a0]
Event: 19279.327 Thread 0x00000166a5096140 166066       2       java.util.IdentityHashMap$EntryIterator$Entry::<init> (15 bytes)
Event: 19279.327 Thread 0x00000166a5096140 nmethod 166066 0x0000016692133a10 code [0x0000016692133ba0, 0x0000016692133d00]
Event: 19279.327 Thread 0x00000166a5096140 166067       3       java.util.IdentityHashMap$EntryIterator$Entry::getValue (19 bytes)
Event: 19279.327 Thread 0x00000166a5096140 nmethod 166067 0x00000166910ff610 code [0x00000166910ff7e0, 0x00000166910ffaa8]
Event: 19279.332 Thread 0x00000166a5096140 166068       2       com.android.tools.r8.internal.mu1::b (9 bytes)
Event: 19279.332 Thread 0x00000166a5096140 nmethod 166068 0x00000166923aca90 code [0x00000166923acc20, 0x00000166923acd40]
Event: 19279.337 Thread 0x00000166a5096140 166069       2       java.util.LinkedList$ListItr::hasPrevious (13 bytes)
Event: 19279.337 Thread 0x00000166a5096140 nmethod 166069 0x00000166923c1090 code [0x00000166923c1220, 0x00000166923c1338]
Event: 19279.338 Thread 0x00000166a5096140 166070       2       com.android.tools.r8.internal.mu1$$Lambda/0x00000166a994eef8::apply (16 bytes)
Event: 19279.338 Thread 0x00000166a5096140 nmethod 166070 0x0000016692579190 code [0x0000016692579320, 0x0000016692579480]
Event: 19279.338 Thread 0x00000166a5096140 166072       2       com.android.tools.r8.internal.sk0::I (18 bytes)
Event: 19279.339 Thread 0x00000166a5096140 nmethod 166072 0x00000166917b6990 code [0x00000166917b6b40, 0x00000166917b6d08]
Event: 19279.344 Thread 0x00000166a5096140 166073       2       com.android.tools.r8.internal.tk1::setValue (21 bytes)
Event: 19279.345 Thread 0x00000166a5096140 nmethod 166073 0x0000016692889910 code [0x0000016692889ac0, 0x0000016692889ce8]

GC Heap History (20 events):
Event: 19248.867 GC heap before
{Heap before GC invocations=356 (full 0):
 garbage-first heap   total 798720K, used 757337K [0x0000000740000000, 0x0000000800000000)
  region size 2048K, 234 young (479232K), 11 survivors (22528K)
 Metaspace       used 208538K, committed 216192K, reserved 688128K
  class space    used 26891K, committed 29440K, reserved 425984K
}
Event: 19248.929 GC heap after
{Heap after GC invocations=357 (full 0):
 garbage-first heap   total 823296K, used 292403K [0x0000000740000000, 0x0000000800000000)
  region size 2048K, 30 young (61440K), 30 survivors (61440K)
 Metaspace       used 208538K, committed 216192K, reserved 688128K
  class space    used 26891K, committed 29440K, reserved 425984K
}
Event: 19252.664 GC heap before
{Heap before GC invocations=357 (full 0):
 garbage-first heap   total 823296K, used 820787K [0x0000000740000000, 0x0000000800000000)
  region size 2048K, 203 young (415744K), 30 survivors (61440K)
 Metaspace       used 208689K, committed 216256K, reserved 688128K
  class space    used 26892K, committed 29440K, reserved 425984K
}
Event: 19252.716 GC heap after
{Heap after GC invocations=358 (full 0):
 garbage-first heap   total 884736K, used 271851K [0x0000000740000000, 0x0000000800000000)
  region size 2048K, 8 young (16384K), 8 survivors (16384K)
 Metaspace       used 208689K, committed 216256K, reserved 688128K
  class space    used 26892K, committed 29440K, reserved 425984K
}
Event: 19257.155 GC heap before
{Heap before GC invocations=358 (full 0):
 garbage-first heap   total 884736K, used 783851K [0x0000000740000000, 0x0000000800000000)
  region size 2048K, 259 young (530432K), 8 survivors (16384K)
 Metaspace       used 208852K, committed 216256K, reserved 688128K
  class space    used 26918K, committed 29440K, reserved 425984K
}
Event: 19257.180 GC heap after
{Heap after GC invocations=359 (full 0):
 garbage-first heap   total 884736K, used 285884K [0x0000000740000000, 0x0000000800000000)
  region size 2048K, 15 young (30720K), 15 survivors (30720K)
 Metaspace       used 208852K, committed 216256K, reserved 688128K
  class space    used 26918K, committed 29440K, reserved 425984K
}
Event: 19261.642 GC heap before
{Heap before GC invocations=360 (full 0):
 garbage-first heap   total 884736K, used 777404K [0x0000000740000000, 0x0000000800000000)
  region size 2048K, 259 young (530432K), 15 survivors (30720K)
 Metaspace       used 194496K, committed 202112K, reserved 688128K
  class space    used 25265K, committed 27776K, reserved 425984K
}
Event: 19261.666 GC heap after
{Heap after GC invocations=361 (full 0):
 garbage-first heap   total 884736K, used 283115K [0x0000000740000000, 0x0000000800000000)
  region size 2048K, 17 young (34816K), 17 survivors (34816K)
 Metaspace       used 194496K, committed 202112K, reserved 688128K
  class space    used 25265K, committed 27776K, reserved 425984K
}
Event: 19265.174 GC heap before
{Heap before GC invocations=361 (full 0):
 garbage-first heap   total 884736K, used 778731K [0x0000000740000000, 0x0000000800000000)
  region size 2048K, 259 young (530432K), 17 survivors (34816K)
 Metaspace       used 194498K, committed 202112K, reserved 688128K
  class space    used 25265K, committed 27776K, reserved 425984K
}
Event: 19265.205 GC heap after
{Heap after GC invocations=362 (full 0):
 garbage-first heap   total 884736K, used 234640K [0x0000000740000000, 0x0000000800000000)
  region size 2048K, 16 young (32768K), 16 survivors (32768K)
 Metaspace       used 194498K, committed 202112K, reserved 688128K
  class space    used 25265K, committed 27776K, reserved 425984K
}
Event: 19268.277 GC heap before
{Heap before GC invocations=362 (full 0):
 garbage-first heap   total 884736K, used 732304K [0x0000000740000000, 0x0000000800000000)
  region size 2048K, 259 young (530432K), 16 survivors (32768K)
 Metaspace       used 194503K, committed 202112K, reserved 688128K
  class space    used 25265K, committed 27776K, reserved 425984K
}
Event: 19268.293 GC heap after
{Heap after GC invocations=363 (full 0):
 garbage-first heap   total 884736K, used 231084K [0x0000000740000000, 0x0000000800000000)
  region size 2048K, 14 young (28672K), 14 survivors (28672K)
 Metaspace       used 194503K, committed 202112K, reserved 688128K
  class space    used 25265K, committed 27776K, reserved 425984K
}
Event: 19273.550 GC heap before
{Heap before GC invocations=364 (full 0):
 garbage-first heap   total 765952K, used 751276K [0x0000000740000000, 0x0000000800000000)
  region size 2048K, 224 young (458752K), 14 survivors (28672K)
 Metaspace       used 194572K, committed 202112K, reserved 688128K
  class space    used 25269K, committed 27776K, reserved 425984K
}
Event: 19273.602 GC heap after
{Heap after GC invocations=365 (full 0):
 garbage-first heap   total 827392K, used 329689K [0x0000000740000000, 0x0000000800000000)
  region size 2048K, 28 young (57344K), 28 survivors (57344K)
 Metaspace       used 194572K, committed 202112K, reserved 688128K
  class space    used 25269K, committed 27776K, reserved 425984K
}
Event: 19275.827 GC heap before
{Heap before GC invocations=365 (full 0):
 garbage-first heap   total 827392K, used 739289K [0x0000000740000000, 0x0000000800000000)
  region size 2048K, 224 young (458752K), 28 survivors (57344K)
 Metaspace       used 194573K, committed 202112K, reserved 688128K
  class space    used 25269K, committed 27776K, reserved 425984K
}
Event: 19276.086 GC heap after
{Heap after GC invocations=366 (full 0):
 garbage-first heap   total 978944K, used 484352K [0x0000000740000000, 0x0000000800000000)
  region size 2048K, 28 young (57344K), 28 survivors (57344K)
 Metaspace       used 194573K, committed 202112K, reserved 688128K
  class space    used 25269K, committed 27776K, reserved 425984K
}
Event: 19276.089 GC heap before
{Heap before GC invocations=366 (full 0):
 garbage-first heap   total 978944K, used 484352K [0x0000000740000000, 0x0000000800000000)
  region size 2048K, 30 young (61440K), 28 survivors (57344K)
 Metaspace       used 194573K, committed 202112K, reserved 688128K
  class space    used 25269K, committed 27776K, reserved 425984K
}
Event: 19276.173 GC heap after
{Heap after GC invocations=367 (full 0):
 garbage-first heap   total 978944K, used 493524K [0x0000000740000000, 0x0000000800000000)
  region size 2048K, 3 young (6144K), 3 survivors (6144K)
 Metaspace       used 194573K, committed 202112K, reserved 688128K
  class space    used 25269K, committed 27776K, reserved 425984K
}
Event: 19278.210 GC heap before
{Heap before GC invocations=368 (full 0):
 garbage-first heap   total 978944K, used 796628K [0x0000000740000000, 0x0000000800000000)
  region size 2048K, 155 young (317440K), 3 survivors (6144K)
 Metaspace       used 194939K, committed 202112K, reserved 688128K
  class space    used 25313K, committed 27776K, reserved 425984K
}
Event: 19278.238 GC heap after
{Heap after GC invocations=369 (full 0):
 garbage-first heap   total 978944K, used 533504K [0x0000000740000000, 0x0000000800000000)
  region size 2048K, 20 young (40960K), 20 survivors (40960K)
 Metaspace       used 194939K, committed 202112K, reserved 688128K
  class space    used 25313K, committed 27776K, reserved 425984K
}

Dll operation events (20 events):
Event: 0.009 Loaded shared library C:\Users\DELL\.gradle\jdks\jetbrains_s_r_o_-21-amd64-windows.2\bin\java.dll
Event: 0.060 Loaded shared library C:\Users\DELL\.gradle\jdks\jetbrains_s_r_o_-21-amd64-windows.2\bin\jsvml.dll
Event: 0.089 Loaded shared library C:\Users\DELL\.gradle\jdks\jetbrains_s_r_o_-21-amd64-windows.2\bin\zip.dll
Event: 0.721 Loaded shared library C:\Users\DELL\.gradle\jdks\jetbrains_s_r_o_-21-amd64-windows.2\bin\verify.dll
Event: 1962.278 Unloaded dll "C:\Users\DELL\AppData\Local\Temp\sqlite-3.36.0-078cc813-eb7a-4631-8c7c-9b2d38de435d-sqlitejdbc.dll" [0x0000000070bc0000]
Event: 2783.535 Unloaded dll "C:\Users\DELL\AppData\Local\Temp\sqlite-3.36.0-ff0f62ec-40ae-404e-9e4c-1f7f232c6f7a-sqlitejdbc.dll" [0x0000000070bc0000]
Event: 3322.408 Unloaded dll "C:\Users\DELL\AppData\Local\Temp\sqlite-3.36.0-e50a2390-4a6e-44ca-898b-f423b5297ee7-sqlitejdbc.dll" [0x0000000000770000]
Event: 6542.276 Unloaded dll "C:\Users\DELL\AppData\Local\Temp\sqlite-3.36.0-16b5ac57-ef2a-40e9-bcac-ee443ab29075-sqlitejdbc.dll" [0x0000000070bc0000]
Event: 7582.302 Unloaded dll "C:\Users\DELL\AppData\Local\Temp\sqlite-3.36.0-29cba749-c4fa-4c1a-9dfc-c9d7be97ee79-sqlitejdbc.dll" [0x0000000070bc0000]
Event: 8932.057 Unloaded dll "C:\Users\DELL\AppData\Local\Temp\sqlite-3.36.0-a84a684b-604a-4009-b1cf-50e337f31cf5-sqlitejdbc.dll" [0x0000000070bc0000]
Event: 8942.603 Unloaded dll "C:\Users\DELL\AppData\Local\Temp\sqlite-3.36.0-5fa97909-6b0f-47c2-99a0-25739b41fb75-sqlitejdbc.dll" [0x0000000000770000]
Event: 9328.416 Unloaded dll "C:\Users\DELL\AppData\Local\Temp\sqlite-3.36.0-1a4adafe-ce73-451e-804c-0cd0c1af5859-sqlitejdbc.dll" [0x0000000070bc0000]
Event: 9334.587 Unloaded dll "C:\Users\DELL\AppData\Local\Temp\sqlite-3.36.0-a0acab59-04fa-4017-b7d7-30a4ad743100-sqlitejdbc.dll" [0x0000000000770000]
Event: 10074.358 Unloaded dll "C:\Users\DELL\AppData\Local\Temp\sqlite-3.36.0-3b0567c1-3a58-4121-a79b-5c122a7d0828-sqlitejdbc.dll" [0x0000000070bc0000]
Event: 13309.989 Unloaded dll "C:\Users\DELL\AppData\Local\Temp\sqlite-3.36.0-212d6a4d-8540-4ca1-853f-c172e4d44f3e-sqlitejdbc.dll" [0x0000000070bc0000]
Event: 14111.198 Unloaded dll "C:\Users\DELL\AppData\Local\Temp\sqlite-3.36.0-ee2b851c-8b7c-49f7-9007-e7f3837f0848-sqlitejdbc.dll" [0x0000000000770000]
Event: 14149.687 Unloaded dll "C:\Users\DELL\AppData\Local\Temp\sqlite-3.36.0-1e8e287b-f5e2-4cb4-8d1e-b3c251acf58a-sqlitejdbc.dll" [0x0000000070bc0000]
Event: 14772.809 Unloaded dll "C:\Users\DELL\AppData\Local\Temp\sqlite-3.36.0-8804be47-b0d0-4799-945b-c96b133b9492-sqlitejdbc.dll" [0x0000000000770000]
Event: 16361.310 Unloaded dll "C:\Users\DELL\AppData\Local\Temp\sqlite-3.36.0-846c59c0-5c22-4127-8b87-cba776b384ef-sqlitejdbc.dll" [0x0000000070bc0000]
Event: 19257.577 Unloaded dll "C:\Users\DELL\AppData\Local\Temp\sqlite-3.36.0-7fa6ae33-7add-4198-927c-491e22f260b8-sqlitejdbc.dll" [0x0000000000770000]

Deoptimization events (20 events):
Event: 19278.296 Thread 0x00000166e5e03ef0 DEOPT PACKING pc=0x000001669116657f sp=0x00000064a27f9a40
Event: 19278.296 Thread 0x00000166e5e03ef0 DEOPT UNPACKING pc=0x00000166967f4bc2 sp=0x00000064a27f8eb8 mode 0
Event: 19278.296 Thread 0x00000166e5e03ef0 DEOPT PACKING pc=0x000001669116657f sp=0x00000064a27f9a40
Event: 19278.296 Thread 0x00000166e5e03ef0 DEOPT UNPACKING pc=0x00000166967f4bc2 sp=0x00000064a27f8eb8 mode 0
Event: 19278.296 Thread 0x00000166e5e03ef0 DEOPT PACKING pc=0x000001669116657f sp=0x00000064a27f9a40
Event: 19278.296 Thread 0x00000166e5e03ef0 DEOPT UNPACKING pc=0x00000166967f4bc2 sp=0x00000064a27f8eb8 mode 0
Event: 19278.296 Thread 0x00000166e5e03ef0 DEOPT PACKING pc=0x000001669116657f sp=0x00000064a27f9a40
Event: 19278.296 Thread 0x00000166e5e03ef0 DEOPT UNPACKING pc=0x00000166967f4bc2 sp=0x00000064a27f8eb8 mode 0
Event: 19278.296 Thread 0x00000166e5e03ef0 DEOPT PACKING pc=0x000001669116657f sp=0x00000064a27f9a40
Event: 19278.296 Thread 0x00000166e5e03ef0 DEOPT UNPACKING pc=0x00000166967f4bc2 sp=0x00000064a27f8eb8 mode 0
Event: 19278.298 Thread 0x00000166e5e03ef0 DEOPT PACKING pc=0x0000016691828c86 sp=0x00000064a27f9be0
Event: 19278.298 Thread 0x00000166e5e03ef0 DEOPT UNPACKING pc=0x00000166967f4bc2 sp=0x00000064a27f9068 mode 0
Event: 19278.305 Thread 0x00000166e5e03ef0 DEOPT PACKING pc=0x000001669116657f sp=0x00000064a27f9a40
Event: 19278.305 Thread 0x00000166e5e03ef0 DEOPT UNPACKING pc=0x00000166967f4bc2 sp=0x00000064a27f8eb8 mode 0
Event: 19278.333 Thread 0x00000166e5e03ef0 DEOPT PACKING pc=0x000001668fa100e1 sp=0x00000064a27f9b00
Event: 19278.333 Thread 0x00000166e5e03ef0 DEOPT UNPACKING pc=0x00000166967f4bc2 sp=0x00000064a27f8ff8 mode 0
Event: 19278.528 Thread 0x00000166d3553680 Uncommon trap: trap_request=0xffffff66 fr.pc=0x0000016697b884b0 relative=0x0000000000000910
Event: 19278.528 Thread 0x00000166d3553680 Uncommon trap: reason=speculate_class_check action=maybe_recompile pc=0x0000016697b884b0 method=com.android.tools.r8.graph.v2.a(Lcom/android/tools/r8/graph/v2;)Lcom/android/tools/r8/graph/y2; @ 14 c2
Event: 19278.528 Thread 0x00000166d3553680 DEOPT PACKING pc=0x0000016697b884b0 sp=0x00000064a55fd710
Event: 19278.528 Thread 0x00000166d3553680 DEOPT UNPACKING pc=0x00000166967f4422 sp=0x00000064a55fd700 mode 2

Classes loaded (20 events):
Event: 10573.703 Loading class java/util/AbstractSetCustomizer
Event: 10573.703 Loading class java/util/AbstractSetCustomizer done
Event: 10573.705 Loading class java/util/HashSetCustomizer
Event: 10573.705 Loading class java/util/HashSetCustomizer done
Event: 10573.706 Loading class java/util/HashSetCustomizer
Event: 10573.706 Loading class java/util/HashSetCustomizer done
Event: 10573.709 Loading class java/util/LinkedHashSetCustomizer
Event: 10573.709 Loading class java/util/LinkedHashSetCustomizer done
Event: 10573.710 Loading class java/util/LinkedHashSetCustomizer
Event: 10573.710 Loading class java/util/LinkedHashSetCustomizer done
Event: 12216.345 Loading class com/sun/org/apache/xerces/internal/xni/grammars/XMLGrammarPool
Event: 12216.348 Loading class com/sun/org/apache/xerces/internal/xni/grammars/XMLGrammarPool done
Event: 19238.407 Loading class sun/security/ssl/SSLKeyExchange$SSLKeyExECDHEECDSA
Event: 19238.408 Loading class sun/security/ssl/SSLKeyExchange$SSLKeyExECDHEECDSA done
Event: 19238.412 Loading class sun/security/ssl/CertificateStatus$CertificateStatusMessage
Event: 19238.412 Loading class sun/security/ssl/CertificateStatus$CertificateStatusMessage done
Event: 19239.576 Loading class javax/xml/stream/FactoryFinder
Event: 19239.577 Loading class javax/xml/stream/FactoryFinder done
Event: 19239.578 Loading class javax/xml/stream/FactoryFinder$1
Event: 19239.578 Loading class javax/xml/stream/FactoryFinder$1 done

Classes unloaded (20 events):
Event: 19257.373 Thread 0x00000166a5036e90 Unloading class 0x00000166a9a6c800 'java/lang/invoke/LambdaForm$MH+0x00000166a9a6c800'
Event: 19257.373 Thread 0x00000166a5036e90 Unloading class 0x00000166a9c38000 'java/lang/invoke/LambdaForm$MH+0x00000166a9c38000'
Event: 19257.373 Thread 0x00000166a5036e90 Unloading class 0x00000166a9c32400 'java/lang/invoke/LambdaForm$MH+0x00000166a9c32400'
Event: 19257.373 Thread 0x00000166a5036e90 Unloading class 0x00000166a9c30000 'java/lang/invoke/LambdaForm$MH+0x00000166a9c30000'
Event: 19257.373 Thread 0x00000166a5036e90 Unloading class 0x00000166a9c2b000 'java/lang/invoke/LambdaForm$MH+0x00000166a9c2b000'
Event: 19257.373 Thread 0x00000166a5036e90 Unloading class 0x00000166a9c29400 'java/lang/invoke/LambdaForm$MH+0x00000166a9c29400'
Event: 19257.373 Thread 0x00000166a5036e90 Unloading class 0x00000166a9c25800 'java/lang/invoke/LambdaForm$MH+0x00000166a9c25800'
Event: 19257.373 Thread 0x00000166a5036e90 Unloading class 0x00000166a9ad7400 'java/lang/invoke/LambdaForm$MH+0x00000166a9ad7400'
Event: 19257.373 Thread 0x00000166a5036e90 Unloading class 0x00000166a9ad6c00 'java/lang/invoke/LambdaForm$DMH+0x00000166a9ad6c00'
Event: 19257.373 Thread 0x00000166a5036e90 Unloading class 0x00000166a9ad6800 'java/lang/invoke/LambdaForm$MH+0x00000166a9ad6800'
Event: 19257.373 Thread 0x00000166a5036e90 Unloading class 0x00000166a9ad5400 'java/lang/invoke/LambdaForm$MH+0x00000166a9ad5400'
Event: 19257.373 Thread 0x00000166a5036e90 Unloading class 0x00000166a9ad4400 'java/lang/invoke/LambdaForm$MH+0x00000166a9ad4400'
Event: 19257.373 Thread 0x00000166a5036e90 Unloading class 0x00000166a9ad3c00 'java/lang/invoke/LambdaForm$MH+0x00000166a9ad3c00'
Event: 19257.373 Thread 0x00000166a5036e90 Unloading class 0x00000166a9ad2800 'java/lang/invoke/LambdaForm$MH+0x00000166a9ad2800'
Event: 19257.373 Thread 0x00000166a5036e90 Unloading class 0x00000166a9ad1800 'java/lang/invoke/LambdaForm$MH+0x00000166a9ad1800'
Event: 19257.373 Thread 0x00000166a5036e90 Unloading class 0x00000166a9ad0800 'java/lang/invoke/LambdaForm$MH+0x00000166a9ad0800'
Event: 19257.373 Thread 0x00000166a5036e90 Unloading class 0x00000166a9b76400 'java/lang/invoke/LambdaForm$MH+0x00000166a9b76400'
Event: 19257.373 Thread 0x00000166a5036e90 Unloading class 0x00000166a9b75c00 'java/lang/invoke/LambdaForm$MH+0x00000166a9b75c00'
Event: 19257.373 Thread 0x00000166a5036e90 Unloading class 0x00000166a9b75800 'java/lang/invoke/LambdaForm$MH+0x00000166a9b75800'
Event: 19257.373 Thread 0x00000166a5036e90 Unloading class 0x00000166a9b74800 'java/lang/invoke/LambdaForm$MH+0x00000166a9b74800'

Classes redefined (0 events):
No events

Internal exceptions (20 events):
Event: 19273.644 Thread 0x00000166e5e03ef0 Exception <a 'sun/nio/fs/WindowsException'{0x000000076b44e488}> (0x000000076b44e488) 
thrown [s\src\hotspot\share\prims\jni.cpp, line 537]
Event: 19273.644 Thread 0x00000166e5e03ef0 Exception <a 'sun/nio/fs/WindowsException'{0x000000076b44f960}> (0x000000076b44f960) 
thrown [s\src\hotspot\share\prims\jni.cpp, line 537]
Event: 19273.644 Thread 0x00000166e5e03ef0 Exception <a 'sun/nio/fs/WindowsException'{0x000000076b450f30}> (0x000000076b450f30) 
thrown [s\src\hotspot\share\prims\jni.cpp, line 537]
Event: 19273.644 Thread 0x00000166e5e03ef0 Exception <a 'sun/nio/fs/WindowsException'{0x000000076b452470}> (0x000000076b452470) 
thrown [s\src\hotspot\share\prims\jni.cpp, line 537]
Event: 19273.644 Thread 0x00000166e5e03ef0 Exception <a 'sun/nio/fs/WindowsException'{0x000000076b4539a8}> (0x000000076b4539a8) 
thrown [s\src\hotspot\share\prims\jni.cpp, line 537]
Event: 19273.658 Thread 0x00000166e5e03ef0 Exception <a 'sun/nio/fs/WindowsException'{0x000000076b4a7188}> (0x000000076b4a7188) 
thrown [s\src\hotspot\share\prims\jni.cpp, line 537]
Event: 19276.235 Thread 0x00000166e5e03ef0 Exception <a 'sun/nio/fs/WindowsException'{0x00000007ff5193e8}> (0x00000007ff5193e8) 
thrown [s\src\hotspot\share\prims\jni.cpp, line 537]
Event: 19276.724 Thread 0x00000166e5e03ef0 Exception <a 'sun/nio/fs/WindowsException'{0x000000076e96c0d8}> (0x000000076e96c0d8) 
thrown [s\src\hotspot\share\prims\jni.cpp, line 537]
Event: 19276.725 Thread 0x00000166e5e03ef0 Exception <a 'sun/nio/fs/WindowsException'{0x000000076e971190}> (0x000000076e971190) 
thrown [s\src\hotspot\share\prims\jni.cpp, line 537]
Event: 19276.725 Thread 0x00000166e5e03ef0 Exception <a 'sun/nio/fs/WindowsException'{0x000000076e042c80}> (0x000000076e042c80) 
thrown [s\src\hotspot\share\prims\jni.cpp, line 537]
Event: 19276.726 Thread 0x00000166e5e03ef0 Exception <a 'sun/nio/fs/WindowsException'{0x000000076e047d48}> (0x000000076e047d48) 
thrown [s\src\hotspot\share\prims\jni.cpp, line 537]
Event: 19276.727 Thread 0x00000166e5e03ef0 Exception <a 'sun/nio/fs/WindowsException'{0x000000076e04ce88}> (0x000000076e04ce88) 
thrown [s\src\hotspot\share\prims\jni.cpp, line 537]
Event: 19276.728 Thread 0x00000166e5e03ef0 Exception <a 'sun/nio/fs/WindowsException'{0x000000076e052058}> (0x000000076e052058) 
thrown [s\src\hotspot\share\prims\jni.cpp, line 537]
Event: 19277.135 Thread 0x00000166e5e03ef0 Exception <a 'sun/nio/fs/WindowsException'{0x000000076cd1c478}> (0x000000076cd1c478) 
thrown [s\src\hotspot\share\prims\jni.cpp, line 537]
Event: 19277.136 Thread 0x00000166e5e03ef0 Exception <a 'sun/nio/fs/WindowsException'{0x000000076cd217e0}> (0x000000076cd217e0) 
thrown [s\src\hotspot\share\prims\jni.cpp, line 537]
Event: 19277.136 Thread 0x00000166e5e03ef0 Exception <a 'sun/nio/fs/WindowsException'{0x000000076cd26c60}> (0x000000076cd26c60) 
thrown [s\src\hotspot\share\prims\jni.cpp, line 537]
Event: 19277.137 Thread 0x00000166e5e03ef0 Exception <a 'sun/nio/fs/WindowsException'{0x000000076cd2bfd8}> (0x000000076cd2bfd8) 
thrown [s\src\hotspot\share\prims\jni.cpp, line 537]
Event: 19277.137 Thread 0x00000166e5e03ef0 Exception <a 'sun/nio/fs/WindowsException'{0x000000076cd313c8}> (0x000000076cd313c8) 
thrown [s\src\hotspot\share\prims\jni.cpp, line 537]
Event: 19277.138 Thread 0x00000166e5e03ef0 Exception <a 'sun/nio/fs/WindowsException'{0x000000076cd36848}> (0x000000076cd36848) 
thrown [s\src\hotspot\share\prims\jni.cpp, line 537]
Event: 19278.035 Thread 0x00000166e5e03ef0 Exception <a 'sun/nio/fs/WindowsException'{0x0000000760b31898}> (0x0000000760b31898) 
thrown [s\src\hotspot\share\prims\jni.cpp, line 537]

ZGC Phase Switch (0 events):
No events

VM Operations (20 events):
Event: 19271.599 Executing safepoint VM operation: Cleanup
Event: 19271.599 Executing safepoint VM operation: Cleanup done
Event: 19272.583 Executing safepoint VM operation: ICBufferFull
Event: 19272.583 Executing safepoint VM operation: ICBufferFull done
Event: 19273.550 Executing safepoint VM operation: G1CollectForAllocation (G1 Evacuation Pause)
Event: 19273.602 Executing safepoint VM operation: G1CollectForAllocation (G1 Evacuation Pause) done
Event: 19275.602 Executing safepoint VM operation: Cleanup
Event: 19275.603 Executing safepoint VM operation: Cleanup done
Event: 19275.827 Executing safepoint VM operation: G1CollectForAllocation (G1 Evacuation Pause)
Event: 19276.086 Executing safepoint VM operation: G1CollectForAllocation (G1 Evacuation Pause) done
Event: 19276.089 Executing safepoint VM operation: G1TryInitiateConcMark (G1 Humongous Allocation)
Event: 19276.173 Executing safepoint VM operation: G1TryInitiateConcMark (G1 Humongous Allocation) done
Event: 19276.564 Executing safepoint VM operation: G1PauseRemark
Event: 19276.634 Executing safepoint VM operation: G1PauseRemark done
Event: 19276.973 Executing safepoint VM operation: G1PauseCleanup
Event: 19276.976 Executing safepoint VM operation: G1PauseCleanup done
Event: 19278.194 Executing safepoint VM operation: ICBufferFull
Event: 19278.194 Executing safepoint VM operation: ICBufferFull done
Event: 19278.210 Executing safepoint VM operation: G1CollectForAllocation (G1 Evacuation Pause)
Event: 19278.238 Executing safepoint VM operation: G1CollectForAllocation (G1 Evacuation Pause) done

Memory protections (0 events):
No events

Nmethod flushes (20 events):
Event: 19276.620 Thread 0x00000166a5036e90 flushing  nmethod 0x00000166928dc990
Event: 19276.620 Thread 0x00000166a5036e90 flushing  nmethod 0x00000166928f3590
Event: 19276.620 Thread 0x00000166a5036e90 flushing  nmethod 0x00000166928f3a10
Event: 19276.620 Thread 0x00000166a5036e90 flushing  nmethod 0x00000166928f4890
Event: 19276.620 Thread 0x00000166a5036e90 flushing  nmethod 0x00000166929a0d90
Event: 19276.620 Thread 0x00000166a5036e90 flushing  nmethod 0x00000166929a1910
Event: 19276.620 Thread 0x00000166a5036e90 flushing  nmethod 0x00000166929a7190
Event: 19276.620 Thread 0x00000166a5036e90 flushing  nmethod 0x00000166929a7a10
Event: 19276.620 Thread 0x00000166a5036e90 flushing  nmethod 0x00000166929a8a10
Event: 19276.620 Thread 0x00000166a5036e90 flushing  nmethod 0x00000166929a8f90
Event: 19276.620 Thread 0x00000166a5036e90 flushing  nmethod 0x00000166929e8810
Event: 19276.621 Thread 0x00000166a5036e90 flushing  nmethod 0x0000016692a09d90
Event: 19276.621 Thread 0x00000166a5036e90 flushing  nmethod 0x0000016692a11990
Event: 19276.621 Thread 0x00000166a5036e90 flushing  nmethod 0x0000016692aaa290
Event: 19276.621 Thread 0x00000166a5036e90 flushing  nmethod 0x0000016692ab6f90
Event: 19276.621 Thread 0x00000166a5036e90 flushing  nmethod 0x0000016692ab8990
Event: 19276.621 Thread 0x00000166a5036e90 flushing  nmethod 0x0000016692abd010
Event: 19276.621 Thread 0x00000166a5036e90 flushing  nmethod 0x0000016692abdb90
Event: 19276.621 Thread 0x00000166a5036e90 flushing  nmethod 0x0000016692abe490
Event: 19276.621 Thread 0x00000166a5036e90 flushing  nmethod 0x0000016692abed10

Events (20 events):
Event: 19272.351 Thread 0x00000166e5e03ef0 Thread added: 0x00000166da9d5c90
Event: 19272.351 Thread 0x00000166e5e03ef0 Thread added: 0x00000166da9d8a80
Event: 19272.352 Thread 0x00000166e5e03ef0 Thread added: 0x00000166da9d7040
Event: 19272.352 Thread 0x00000166e5e03ef0 Thread added: 0x00000166da9d9110
Event: 19272.352 Thread 0x00000166e5e03ef0 Thread added: 0x00000166da9d6320
Event: 19272.353 Thread 0x00000166e5e03ef0 Thread added: 0x00000166da9d76d0
Event: 19272.353 Thread 0x00000166e5e03ef0 Thread added: 0x00000166da9d7d60
Event: 19272.354 Thread 0x00000166e5e03ef0 Thread added: 0x00000166da9d83f0
Event: 19274.036 Thread 0x00000166d3553680 Thread added: 0x00000166d50994e0
Event: 19274.037 Thread 0x00000166d3553680 Thread added: 0x00000166d5096060
Event: 19274.037 Thread 0x00000166d50994e0 Thread added: 0x00000166dac8e340
Event: 19274.037 Thread 0x00000166d3553680 Thread added: 0x00000166d5096d80
Event: 19274.037 Thread 0x00000166d5096060 Thread added: 0x00000166d56f3520
Event: 19274.038 Thread 0x00000166d56f3520 Thread added: 0x00000166d36e3bb0
Event: 19274.038 Thread 0x00000166dac8e340 Thread added: 0x00000166d5098130
Event: 19274.039 Thread 0x00000166d5096d80 Thread added: 0x00000166dac8f6f0
Event: 19274.040 Thread 0x00000166d36e3bb0 Thread added: 0x00000166d36e48d0
Event: 19274.040 Thread 0x00000166d5098130 Thread added: 0x00000166d5097aa0
Event: 19274.041 Thread 0x00000166dac8f6f0 Thread added: 0x00000166d50987c0
Event: 19274.045 Thread 0x00000166d36e48d0 Thread added: 0x00000166dac8f060


Dynamic libraries:
0x00007ff6c6730000 - 0x00007ff6c673a000 	C:\Users\DELL\.gradle\jdks\jetbrains_s_r_o_-21-amd64-windows.2\bin\java.exe
0x00007ffeb1740000 - 0x00007ffeb19a7000 	C:\WINDOWS\SYSTEM32\ntdll.dll
0x00007ffeb0700000 - 0x00007ffeb07c9000 	C:\WINDOWS\System32\KERNEL32.DLL
0x00007ffeaf010000 - 0x00007ffeaf404000 	C:\WINDOWS\System32\KERNELBASE.dll
0x00007ffeae010000 - 0x00007ffeae15b000 	C:\WINDOWS\System32\ucrtbase.dll
0x00007ffe7cc00000 - 0x00007ffe7cc18000 	C:\Users\DELL\.gradle\jdks\jetbrains_s_r_o_-21-amd64-windows.2\bin\jli.dll
0x00007ffe6a870000 - 0x00007ffe6a88e000 	C:\Users\DELL\.gradle\jdks\jetbrains_s_r_o_-21-amd64-windows.2\bin\VCRUNTIME140.dll
0x00007ffeb0890000 - 0x00007ffeb0a55000 	C:\WINDOWS\System32\USER32.dll
0x00007ffeae320000 - 0x00007ffeae347000 	C:\WINDOWS\System32\win32u.dll
0x00007ffe952b0000 - 0x00007ffe95543000 	C:\WINDOWS\WinSxS\amd64_microsoft.windows.common-controls_6595b64144ccf1df_6.0.26100.8115_none_3e075c82e3354f9c\COMCTL32.dll
0x00007ffeb0a60000 - 0x00007ffeb0a8b000 	C:\WINDOWS\System32\GDI32.dll
0x00007ffeafd30000 - 0x00007ffeafdd9000 	C:\WINDOWS\System32\msvcrt.dll
0x00007ffeae1f0000 - 0x00007ffeae31b000 	C:\WINDOWS\System32\gdi32full.dll
0x00007ffeae580000 - 0x00007ffeae623000 	C:\WINDOWS\System32\msvcp_win.dll
0x00007ffeb0a90000 - 0x00007ffeb0ac2000 	C:\WINDOWS\System32\IMM32.DLL
0x00007ffe6d460000 - 0x00007ffe6d46c000 	C:\Users\DELL\.gradle\jdks\jetbrains_s_r_o_-21-amd64-windows.2\bin\vcruntime140_1.dll
0x00007ffe2a5c0000 - 0x00007ffe2a649000 	C:\Users\DELL\.gradle\jdks\jetbrains_s_r_o_-21-amd64-windows.2\bin\msvcp140.dll
0x00007ffdbb860000 - 0x00007ffdbc62c000 	C:\Users\DELL\.gradle\jdks\jetbrains_s_r_o_-21-amd64-windows.2\bin\server\jvm.dll
0x00007ffeafde0000 - 0x00007ffeafe96000 	C:\WINDOWS\System32\ADVAPI32.dll
0x00007ffeb07d0000 - 0x00007ffeb0877000 	C:\WINDOWS\System32\sechost.dll
0x00007ffeb1580000 - 0x00007ffeb1698000 	C:\WINDOWS\System32\RPCRT4.dll
0x00007ffeb1460000 - 0x00007ffeb14e0000 	C:\WINDOWS\System32\WS2_32.dll
0x00007ffeade90000 - 0x00007ffeadeee000 	C:\WINDOWS\SYSTEM32\POWRPROF.dll
0x00007ffeaac30000 - 0x00007ffeaac66000 	C:\WINDOWS\SYSTEM32\WINMM.dll
0x00007ffea2700000 - 0x00007ffea270b000 	C:\WINDOWS\SYSTEM32\VERSION.dll
0x00007ffeade50000 - 0x00007ffeade64000 	C:\WINDOWS\SYSTEM32\UMPDC.dll
0x00007ffeacda0000 - 0x00007ffeacdbb000 	C:\WINDOWS\SYSTEM32\kernel.appcore.dll
0x00007ffe6b670000 - 0x00007ffe6b67a000 	C:\Users\DELL\.gradle\jdks\jetbrains_s_r_o_-21-amd64-windows.2\bin\jimage.dll
0x00007ffeabbc0000 - 0x00007ffeabe02000 	C:\WINDOWS\SYSTEM32\DBGHELP.DLL
0x00007ffeb1010000 - 0x00007ffeb1392000 	C:\WINDOWS\System32\combase.dll
0x00007ffeafea0000 - 0x00007ffeaff78000 	C:\WINDOWS\System32\OLEAUT32.dll
0x00007ffe92a40000 - 0x00007ffe92a7b000 	C:\WINDOWS\SYSTEM32\dbgcore.DLL
0x00007ffeae4d0000 - 0x00007ffeae575000 	C:\WINDOWS\System32\bcryptPrimitives.dll
0x00007ffe6b4b0000 - 0x00007ffe6b4c0000 	C:\Users\DELL\.gradle\jdks\jetbrains_s_r_o_-21-amd64-windows.2\bin\instrument.dll
0x00007ffe659b0000 - 0x00007ffe659d1000 	C:\Users\DELL\.gradle\jdks\jetbrains_s_r_o_-21-amd64-windows.2\bin\java.dll
0x00007ffeaff90000 - 0x00007ffeb06f7000 	C:\WINDOWS\System32\SHELL32.dll
0x00007ffeaeea0000 - 0x00007ffeaf00a000 	C:\WINDOWS\System32\wintypes.dll
0x00007ffeae630000 - 0x00007ffeaee98000 	C:\WINDOWS\System32\windows.storage.dll
0x00007ffeb0f10000 - 0x00007ffeb1008000 	C:\WINDOWS\System32\SHCORE.dll
0x00007ffeb0e50000 - 0x00007ffeb0eb6000 	C:\WINDOWS\System32\shlwapi.dll
0x00007ffeadf30000 - 0x00007ffeadf59000 	C:\WINDOWS\SYSTEM32\profapi.dll
0x00007ffe20850000 - 0x00007ffe20927000 	C:\Users\DELL\.gradle\jdks\jetbrains_s_r_o_-21-amd64-windows.2\bin\jsvml.dll
0x00007ffe675a0000 - 0x00007ffe675b8000 	C:\Users\DELL\.gradle\jdks\jetbrains_s_r_o_-21-amd64-windows.2\bin\zip.dll
0x00007ffe67560000 - 0x00007ffe67571000 	C:\Users\DELL\.gradle\jdks\jetbrains_s_r_o_-21-amd64-windows.2\bin\net.dll
0x00007ffea4750000 - 0x00007ffea487d000 	C:\WINDOWS\SYSTEM32\WINHTTP.dll
0x00007ffead310000 - 0x00007ffead37c000 	C:\WINDOWS\system32\mswsock.dll
0x00007ffe65990000 - 0x00007ffe659a6000 	C:\Users\DELL\.gradle\jdks\jetbrains_s_r_o_-21-amd64-windows.2\bin\nio.dll
0x00007ffe6b3b0000 - 0x00007ffe6b3c0000 	C:\Users\DELL\.gradle\jdks\jetbrains_s_r_o_-21-amd64-windows.2\bin\verify.dll
0x00007ffe6d4a0000 - 0x00007ffe6d4c7000 	C:\Users\DELL\.gradle\native\660c5614fbf4a5f2a75b1949f50a0caf5cd603558e7d8a26e50b933a0cfb79d1\windows-amd64\native-platform.dll
0x00007ffe3c170000 - 0x00007ffe3c1e7000 	C:\Users\DELL\.gradle\native\0.2.8\x86_64-windows-gnu\gradle-fileevents.dll
0x00007ffe6b270000 - 0x00007ffe6b27a000 	C:\Users\DELL\.gradle\jdks\jetbrains_s_r_o_-21-amd64-windows.2\bin\management.dll
0x00007ffe6a950000 - 0x00007ffe6a95c000 	C:\Users\DELL\.gradle\jdks\jetbrains_s_r_o_-21-amd64-windows.2\bin\management_ext.dll
0x00007ffeb16c0000 - 0x00007ffeb16c8000 	C:\WINDOWS\System32\PSAPI.DLL
0x00007ffeac7a0000 - 0x00007ffeac7d2000 	C:\WINDOWS\SYSTEM32\IPHLPAPI.DLL
0x00007ffeafac0000 - 0x00007ffeafaca000 	C:\WINDOWS\System32\NSI.dll
0x00007ffe6a7b0000 - 0x00007ffe6a7b9000 	C:\Users\DELL\.gradle\jdks\jetbrains_s_r_o_-21-amd64-windows.2\bin\extnet.dll
0x00007ffead5f0000 - 0x00007ffead60b000 	C:\WINDOWS\SYSTEM32\CRYPTSP.dll
0x00007ffeacd00000 - 0x00007ffeacd39000 	C:\WINDOWS\system32\rsaenh.dll
0x00007ffead3c0000 - 0x00007ffead3f3000 	C:\WINDOWS\SYSTEM32\USERENV.dll
0x00007ffeadf00000 - 0x00007ffeadf2a000 	C:\WINDOWS\SYSTEM32\bcrypt.dll
0x00007ffead610000 - 0x00007ffead61c000 	C:\WINDOWS\SYSTEM32\CRYPTBASE.dll
0x00007ffe6a2c0000 - 0x00007ffe6a2ce000 	C:\Users\DELL\.gradle\jdks\jetbrains_s_r_o_-21-amd64-windows.2\bin\sunmscapi.dll
0x00007ffeae350000 - 0x00007ffeae4c7000 	C:\WINDOWS\System32\CRYPT32.dll
0x00007ffead810000 - 0x00007ffead840000 	C:\WINDOWS\SYSTEM32\ncrypt.dll
0x00007ffead7c0000 - 0x00007ffead7ff000 	C:\WINDOWS\SYSTEM32\NTASN1.dll
0x00007ffe8d750000 - 0x00007ffe8d758000 	C:\WINDOWS\system32\wshunix.dll
0x00007ffeacec0000 - 0x00007ffeacef6000 	C:\WINDOWS\SYSTEM32\ntmarta.dll
0x00007ffeac830000 - 0x00007ffeac962000 	C:\WINDOWS\SYSTEM32\DNSAPI.dll
0x00007ffea2c60000 - 0x00007ffea2c6b000 	C:\Windows\System32\rasadhlp.dll
0x00007ffea5210000 - 0x00007ffea5296000 	C:\WINDOWS\System32\fwpuclnt.dll

JVMTI agents:
C:\Users\DELL\.gradle\wrapper\dists\gradle-9.3.1-bin\23ovyewtku6u96viwx3xl3oks\gradle-9.3.1\lib\agents\gradle-instrumentation-agent-9.3.1.jar path:C:\Users\DELL\.gradle\jdks\jetbrains_s_r_o_-21-amd64-windows.2\bin\instrument.dll, loaded, initialized, instrumentlib options:none

dbghelp: loaded successfully - version: 4.0.5 - missing functions: none
symbol engine: initialized successfully - sym options: 0x614 - pdb path: .;C:\Users\DELL\.gradle\jdks\jetbrains_s_r_o_-21-amd64-windows.2\bin;C:\WINDOWS\SYSTEM32;C:\WINDOWS\WinSxS\amd64_microsoft.windows.common-controls_6595b64144ccf1df_6.0.26100.8115_none_3e075c82e3354f9c;C:\Users\DELL\.gradle\jdks\jetbrains_s_r_o_-21-amd64-windows.2\bin\server;C:\Users\DELL\.gradle\native\660c5614fbf4a5f2a75b1949f50a0caf5cd603558e7d8a26e50b933a0cfb79d1\windows-amd64;C:\Users\DELL\.gradle\native\0.2.8\x86_64-windows-gnu;C:\Users\DELL\AppData\Local\Temp

VM Arguments:
jvm_args: --add-opens=java.base/java.lang=ALL-UNNAMED --add-opens=java.base/java.lang.invoke=ALL-UNNAMED --add-opens=java.base/java.util=ALL-UNNAMED --add-opens=java.prefs/java.util.prefs=ALL-UNNAMED --add-exports=jdk.compiler/com.sun.tools.javac.api=ALL-UNNAMED --add-exports=jdk.compiler/com.sun.tools.javac.util=ALL-UNNAMED --add-opens=java.base/java.util=ALL-UNNAMED --add-opens=java.prefs/java.util.prefs=ALL-UNNAMED --add-opens=java.base/java.nio.charset=ALL-UNNAMED --add-opens=java.base/java.net=ALL-UNNAMED --add-opens=java.base/java.util.concurrent=ALL-UNNAMED --add-opens=java.base/java.util.concurrent.atomic=ALL-UNNAMED --add-opens=java.xml/javax.xml.namespace=ALL-UNNAMED --add-opens=java.base/java.time=ALL-UNNAMED -XX:MaxMetaspaceSize=512m -XX:+UseG1GC -XX:+HeapDumpOnOutOfMemoryError -Xmx3072m -Dfile.encoding=UTF-8 -Duser.country=US -Duser.language=en -Duser.variant -javaagent:C:\Users\DELL\.gradle\wrapper\dists\gradle-9.3.1-bin\23ovyewtku6u96viwx3xl3oks\gradle-9.3.1\lib\agents\gradle-instrumentation-agent-9.3.1.jar 
java_command: org.gradle.launcher.daemon.bootstrap.GradleDaemon 9.3.1
java_class_path (initial): C:\Users\DELL\.gradle\wrapper\dists\gradle-9.3.1-bin\23ovyewtku6u96viwx3xl3oks\gradle-9.3.1\lib\gradle-daemon-main-9.3.1.jar
Launcher Type: SUN_STANDARD

[Global flags]
     intx CICompilerCount                          = 4                                         {product} {ergonomic}
   size_t CompressedClassSpaceSize                 = 436207616                                 {product} {ergonomic}
     uint ConcGCThreads                            = 3                                         {product} {ergonomic}
     uint G1ConcRefinementThreads                  = 10                                        {product} {ergonomic}
   size_t G1HeapRegionSize                         = 2097152                                   {product} {ergonomic}
    uintx GCDrainStackTargetSize                   = 64                                        {product} {ergonomic}
     bool HeapDumpOnOutOfMemoryError               = true                                   {manageable} {command line}
   size_t InitialHeapSize                          = 264241152                                 {product} {ergonomic}
   size_t MarkStackSize                            = 4194304                                   {product} {ergonomic}
   size_t MaxHeapSize                              = 3221225472                                {product} {command line}
   size_t MaxMetaspaceSize                         = 536870912                                 {product} {command line}
   size_t MaxNewSize                               = 1931476992                                {product} {ergonomic}
   size_t MinHeapDeltaBytes                        = 2097152                                   {product} {ergonomic}
   size_t MinHeapSize                              = 8388608                                   {product} {ergonomic}
    uintx NonNMethodCodeHeapSize                   = 5839372                                {pd product} {ergonomic}
    uintx NonProfiledCodeHeapSize                  = 122909434                              {pd product} {ergonomic}
    uintx ProfiledCodeHeapSize                     = 122909434                              {pd product} {ergonomic}
    uintx ReservedCodeCacheSize                    = 251658240                              {pd product} {ergonomic}
     bool SegmentedCodeCache                       = true                                      {product} {ergonomic}
   size_t SoftMaxHeapSize                          = 3221225472                             {manageable} {ergonomic}
     bool UseCompressedOops                        = true                           {product lp64_product} {ergonomic}
     bool UseG1GC                                  = true                                      {product} {command line}
     bool UseLargePagesIndividualAllocation        = false                                  {pd product} {ergonomic}

Logging:
Log output configuration:
 #0: stdout all=warning uptime,level,tags foldmultilines=false
 #1: stderr all=off uptime,level,tags foldmultilines=false

Release file:
JAVA_VERSION="21.0.10" 
MODULES="java.base java.datatransfer java.xml java.prefs java.desktop gluegen.rt java.compiler java.instrument java.logging java.management java.security.sasl java.naming java.rmi java.management.rmi java.net.http java.scripting java.security.jgss java.transaction.xa java.sql java.sql.rowset java.xml.crypto java.se java.smartcardio jogl.all jcef jdk.accessibility jdk.internal.jvmstat jdk.attach jdk.charsets jdk.internal.opt jdk.zipfs jdk.compiler jdk.crypto.ec jdk.crypto.cryptoki jdk.crypto.mscapi jdk.dynalink jdk.internal.ed jdk.editpad jdk.hotspot.agent jdk.httpserver jdk.incubator.vector jdk.internal.le jdk.internal.vm.ci jdk.internal.vm.compiler jdk.internal.vm.compiler.management jdk.jartool jdk.javadoc jdk.jcmd jdk.management jdk.management.agent jdk.jconsole jdk.jdeps jdk.jdwp.agent jdk.jdi jdk.jfr jdk.jlink jdk.jpackage jdk.jshell jdk.jsobject jdk.jstatd jdk.localedata jdk.management.jfr jdk.naming.dns jdk.naming.rmi jdk.net jdk.nio.mapmode jdk.random jdk.sctp jdk.security.auth jdk.security.jgss jdk.unsupported jdk.unsupported.desktop jdk.xml.dom" 
IMPLEMENTOR="JetBrains s.r.o." 
IMPLEMENTOR_VERSION="JBRSDK-21.0.10+1-1163.110-jcef" 
JAVA_RUNTIME_VERSION="21.0.10+1-b1163.110" 
LIBC="default" 
OS_ARCH="x86_64" 
OS_NAME="Windows" 
SOURCE=".:git:c22232424a0f+ jcef_git:git:4a605f44671a" 
JCEF_VERSION="137.0.17.1107+ge397b56" 
JCEF_COMMIT_HASH="e397b569415d3c67b114495985454e5201955573" 

Environment Variables:
JAVA_HOME=C:\Program Files\Microsoft\jdk-21.0.11.10-hotspot\
PATH=C:\Program Files\Microsoft\jdk-21.0.11.10-hotspot\bin;C:\Program Files (x86)\Common Files\Oracle\Java\java8path;C:\Program Files (x86)\Common Files\Oracle\Java\javapath;C:\Program Files\Microsoft MPI\Bin\;C:\WINDOWS\system32;C:\WINDOWS;C:\WINDOWS\System32\Wbem;C:\WINDOWS\System32\WindowsPowerShell\v1.0\;C:\WINDOWS\System32\OpenSSH\;C:\Program Files\dotnet\;C:\msys64\ucrt64\bin;C:\Program Files (x86)\Windows Kits\10\Windows Performance Toolkit\;C:\Program Files (x86)\Microsoft SQL Server\160\Tools\Binn\;C:\Program Files\Microsoft SQL Server\160\Tools\Binn\;C:\Program Files\Microsoft SQL Server\Client SDK\ODBC\170\Tools\Binn\;C:\Program Files\Microsoft SQL Server\160\DTS\Binn\;C:\Program Files (x86)\Microsoft SQL Server\160\DTS\Binn\;C:\Program Files\Microsoft SQL Server\170\DTS\Binn\;C:\Program Files\Git\cmd;C:\WINDOWS\system32\config\systemprofile\AppData\Local\Muse Hub\lib;C:\Program Files\PuTTY\;C:\Program Files\nodejs\;C:\Program Files\Void\bin;C:\Program Files\Docker\Docker\resources\bin;C:\Program Files\MySQL\MySQL Shell 8.0\bin\;C:\Users\DELL\AppData\Local\Programs\Python\Python310\Scripts\;C:\Users\DELL\AppData\Local\Programs\Python\Python310\;C:\Users\DELL\AppData\Local\Microsoft\WindowsApps;C:\Users\DELL\.dotnet\tools;C:\Users\DELL\AppData\Local\Programs\Microsoft VS Code\bin;C:\Users\DELL\AppData\Local\Pandoc\;C:\Users\DELL\AppData\Roaming\npm;C:\Program Files\MySQL\MySQL Server 8.0\bin;C:\Users\DELL\AppData\Local\Programs\cursor\resources\app\bin;C:\Users\DELL\AppData\Local\Programs\Antigravity\bin;C:\Users\DELL\AppData\Local\Microsoft\WindowsApps;C:\Program Files\Microsoft\jdk-21.0.11.10-hotspot\\bin;
USERNAME=DELL
OS=Windows_NT
PROCESSOR_IDENTIFIER=Intel64 Family 6 Model 154 Stepping 4, GenuineIntel
TMP=C:\Users\DELL\AppData\Local\Temp
TEMP=C:\Users\DELL\AppData\Local\Temp




Periodic native trim disabled

JNI global refs:
JNI global refs: 31, weak refs: 253

JNI global refs memory usage: 835, weak refs: 3177

Process memory usage:
Resident Set Size: 1613664K (9% of 16454388K total physical memory with 1545120K free physical memory)

OOME stack traces (most recent first):
Classloader memory used:
Loader org.gradle.internal.classloader.VisitableURLClassLoader$InstrumentingVisitableURLClassLoader: 87556K
Loader org.gradle.internal.classloader.VisitableURLClassLoader                         : 58658K
Loader bootstrap                                                                       : 18552K
Loader org.gradle.initialization.MixInLegacyTypesClassLoader                           : 14996K
Loader jdk.internal.loader.ClassLoaders$AppClassLoader                                 : 12756K
Loader jdk.internal.loader.ClassLoaders$PlatformClassLoader                            : 1408K
Loader jdk.internal.reflect.DelegatingClassLoader                                      : 330K
Loader jdk.internal.jrtfs.JrtFileSystemProvider$JrtFsLoader                            : 253K
Loader org.gradle.groovy.scripts.internal.DefaultScriptCompilationHandler$ScriptClassLoader: 233K
Loader java.net.URLClassLoader                                                         : 98872B
Loader org.gradle.internal.classloader.VisitableURLClassLoader                         : 97576B
Loader sun.reflect.misc.MethodUtil                                                     : 3080B

Classes loaded by more than one classloader:
Class build_vum9lm4dgnnr9clfhb7twf98                                                  : loaded 4 times (x 172B)
Class build_vum9lm4dgnnr9clfhb7twf98$_run_closure1                                    : loaded 4 times (x 139B)
Class com.google.common.base.Equivalence$Identity                                     : loaded 2 times (x 82B)
Class com.google.common.collect.RegularImmutableMap$KeySet                            : loaded 2 times (x 152B)
Class org.gradle.internal.classloader.FilteringClassLoader                            : loaded 2 times (x 105B)
Class jdk.internal.jimage.BasicImageReader                                            : loaded 2 times (x 95B)
Class com.google.common.base.PairwiseEquivalence                                      : loaded 2 times (x 83B)
Class [Lcom.google.common.collect.MapMakerInternalMap$Segment;                        : loaded 2 times (x 69B)
Class com.google.common.io.FileWriteMode                                              : loaded 2 times (x 79B)
Class [Lcom.google.common.base.AbstractIterator$State;                                : loaded 2 times (x 69B)
Class com.google.common.base.CharMatcher$IsEither                                     : loaded 2 times (x 111B)
Class org.gradle.internal.classloader.ClassLoaderHierarchy                            : loaded 2 times (x 70B)
Class com.google.common.cache.LocalCache$ValueIterator                                : loaded 2 times (x 86B)
Class [Lcom.google.common.cache.RemovalCause;                                         : loaded 2 times (x 69B)
Class com.google.common.collect.AbstractMapBasedMultimap$WrappedCollection            : loaded 2 times (x 124B)
Class com.google.common.collect.ImmutableEnumSet                                      : loaded 2 times (x 146B)
Class com.google.common.util.concurrent.ExecutionError                                : loaded 2 times (x 82B)
Class com.google.common.collect.ImmutableList$1                                       : loaded 2 times (x 97B)
Class org.gradle.api.internal.classpath.ManifestUtil                                  : loaded 2 times (x 71B)
Class build_vum9lm4dgnnr9clfhb7twf98$_run_closure2                                    : loaded 2 times (x 139B)
Class com.google.common.io.ByteArrayDataOutput                                        : loaded 2 times (x 70B)
Class com.google.common.collect.RegularImmutableMap                                   : loaded 2 times (x 121B)
Class com.google.common.collect.ImmutableMap$MapViewOfValuesAsSingletonSets           : loaded 2 times (x 126B)
Class org.apache.commons.io.function.IOFunction                                       : loaded 2 times (x 70B)
Class com.google.common.cache.LocalCache$Values                                       : loaded 2 times (x 118B)
Class com.google.common.collect.TransformedListIterator                               : loaded 2 times (x 93B)
Class com.google.common.reflect.TypeCapture                                           : loaded 2 times (x 71B)
Class [Lorg.objectweb.asm.Symbol;                                                     : loaded 2 times (x 69B)
Class org.objectweb.asm.ClassVisitor                                                  : loaded 2 times (x 88B)
Class com.google.common.collect.UnmodifiableListIterator                              : loaded 2 times (x 95B)
Class build_vum9lm4dgnnr9clfhb7twf98$_run_closure1$_closure3$_closure8                : loaded 2 times (x 139B)
Class com.google.common.collect.MapMakerInternalMap$StrongKeyDummyValueEntry$LinkedStrongKeyDummyValueEntry: loaded 2 times (x 82B)
Class com.google.common.collect.MapMakerInternalMap$Strength                          : loaded 2 times (x 80B)
Class com.google.common.base.Platform$JdkPatternCompiler                              : loaded 2 times (x 75B)
Class org.objectweb.asm.MethodTooLargeException                                       : loaded 2 times (x 83B)
Class [Lcom.google.common.cache.CacheBuilder$OneWeigher;                              : loaded 2 times (x 69B)
Class com.google.common.base.Suppliers                                                : loaded 2 times (x 71B)
Class org.gradle.internal.classloader.DefaultClassLoaderFactory                       : loaded 2 times (x 82B)
Class com.google.common.io.ByteSource$ConcatenatedByteSource                          : loaded 2 times (x 85B)
Class [Lcom.google.common.collect.AbstractIterator$State;                             : loaded 2 times (x 69B)
Class org.apache.commons.io.file.PathUtils                                            : loaded 2 times (x 71B)
Class com.google.common.base.CharMatcher$None                                         : loaded 2 times (x 112B)
Class org.gradle.internal.classloader.ClassLoaderVisitor                              : loaded 2 times (x 76B)
Class [Lcom.google.common.collect.ImmutableMapEntry;                                  : loaded 2 times (x 69B)
Class org.gradle.api.internal.classpath.EffectiveClassPath                            : loaded 2 times (x 90B)
Class com.google.common.collect.ImmutableRangeSet                                     : loaded 2 times (x 115B)
Class com.google.common.collect.CollectSpliterators$1WithCharacteristics              : loaded 2 times (x 90B)
Class [Lorg.apache.commons.io.StandardLineSeparator;                                  : loaded 2 times (x 69B)
Class org.apache.commons.io.output.StringBuilderWriter                                : loaded 2 times (x 100B)
Class com.google.common.collect.ListMultimap                                          : loaded 2 times (x 70B)
Class com.google.common.collect.ImmutableEnumMap                                      : loaded 2 times (x 126B)
Class com.google.common.collect.Iterators$EmptyModifiableIterator                     : loaded 2 times (x 86B)
Class com.google.common.base.Splitter                                                 : loaded 2 times (x 72B)
Class com.google.common.collect.Sets$1                                                : loaded 2 times (x 139B)
Class org.objectweb.asm.AnnotationVisitor                                             : loaded 2 times (x 78B)
Class org.gradle.api.internal.DefaultClassPathProvider                                : loaded 2 times (x 76B)
Class [Lcom.google.common.base.Function;                                              : loaded 2 times (x 69B)
Class org.apache.commons.io.FilenameUtils                                             : loaded 2 times (x 71B)
Class com.google.common.collect.MapMakerInternalMap$Strength$1                        : loaded 2 times (x 80B)
Class com.google.common.collect.Maps$ViewCachingAbstractMap                           : loaded 2 times (x 125B)
Class com.google.common.collect.Sets$2                                                : loaded 2 times (x 139B)
Class [Lorg.gradle.api.internal.ClassPathProvider;                                    : loaded 2 times (x 69B)
Class org.gradle.api.internal.ClassPathProvider                                       : loaded 2 times (x 70B)
Class jdk.internal.jrtfs.SystemImage                                                  : loaded 2 times (x 74B)
Class com.google.common.collect.MapMakerInternalMap$Strength$2                        : loaded 2 times (x 80B)
Class com.google.common.base.AbstractIterator$State                                   : loaded 2 times (x 79B)
Class com.google.common.reflect.Types$ClassOwnership$1                                : loaded 2 times (x 80B)
Class [Lorg.objectweb.asm.AnnotationVisitor;                                          : loaded 2 times (x 69B)
Class com.google.common.collect.Sets$3                                                : loaded 2 times (x 139B)
Class com.google.common.cache.LocalCache$LocalLoadingCache                            : loaded 2 times (x 134B)
Class org.gradle.internal.service.UnknownServiceException                             : loaded 2 times (x 83B)
Class android.databinding.tool.writer.JavaFileWriter                                  : loaded 2 times (x 74B)
Class com.google.common.io.ByteArrayDataInput                                         : loaded 2 times (x 70B)
Class com.google.common.collect.MapMakerInternalMap$StrongValueEntry                  : loaded 2 times (x 70B)
Class com.google.common.reflect.Types$ClassOwnership$2                                : loaded 2 times (x 80B)
Class com.google.common.reflect.TypeResolver                                          : loaded 2 times (x 72B)
Class com.google.common.collect.Sets$4                                                : loaded 2 times (x 139B)
Class org.objectweb.asm.ModuleVisitor                                                 : loaded 2 times (x 81B)
Class com.google.common.cache.LocalCache$Strength$1                                   : loaded 2 times (x 81B)
Class com.google.common.collect.Collections2$FilteredCollection                       : loaded 2 times (x 119B)
Class org.apache.commons.io.file.Counters$Counter                                     : loaded 2 times (x 70B)
Class com.google.common.reflect.Types$ClassOwnership$3                                : loaded 2 times (x 71B)
Class org.apache.commons.io.output.QueueOutputStream                                  : loaded 2 times (x 87B)
Class com.google.common.util.concurrent.SettableFuture                                : loaded 2 times (x 114B)
Class com.google.common.cache.LocalCache$Strength$2                                   : loaded 2 times (x 81B)
Class org.objectweb.asm.Handle                                                        : loaded 2 times (x 72B)
Class [Lcom.google.common.collect.Maps$EntryFunction;                                 : loaded 2 times (x 69B)
Class com.google.common.io.ByteStreams                                                : loaded 2 times (x 71B)
Class com.google.common.collect.Interners$InternerImpl                                : loaded 2 times (x 75B)
Class com.google.common.collect.Interner                                              : loaded 2 times (x 70B)
Class com.google.common.collect.TransformedIterator                                   : loaded 2 times (x 80B)
Class com.google.common.base.Splitter$1                                               : loaded 2 times (x 77B)
Class com.google.common.cache.LocalCache$Strength$3                                   : loaded 2 times (x 81B)
Class com.google.common.collect.MapDifference                                         : loaded 2 times (x 70B)
Class com.google.common.collect.MapMaker$Dummy                                        : loaded 2 times (x 79B)
Class com.google.common.reflect.Invokable                                             : loaded 2 times (x 103B)
Class org.objectweb.asm.FieldWriter                                                   : loaded 2 times (x 78B)
Class com.google.common.cache.CacheBuilder$NullListener                               : loaded 2 times (x 82B)
Class org.gradle.internal.classpath.TransformedClassPath                              : loaded 2 times (x 96B)
Class org.gradle.internal.classloader.InstrumentingClassLoader                        : loaded 2 times (x 70B)
Class jdk.internal.jrtfs.SystemImage$1                                                : loaded 2 times (x 78B)
Class kotlin.jvm.internal.FunctionBase                                                : loaded 2 times (x 70B)
Class com.google.common.collect.ImmutableRangeSet$AsSet                               : loaded 2 times (x 300B)
Class com.google.common.collect.ImmutableListMultimap                                 : loaded 2 times (x 176B)
Class com.google.common.collect.Maps$IteratorBasedAbstractMap$1                       : loaded 2 times (x 138B)
Class org.apache.commons.io.filefilter.AbstractFileFilter                             : loaded 2 times (x 121B)
Class com.google.common.reflect.Types$ParameterizedTypeImpl                           : loaded 2 times (x 81B)
Class org.apache.commons.io.output.UnsynchronizedByteArrayOutputStream                : loaded 2 times (x 102B)
Class com.google.common.cache.CacheLoader$FunctionToCacheLoader                       : loaded 2 times (x 75B)
Class com.google.common.collect.Iterators$ArrayItr                                    : loaded 2 times (x 97B)
Class com.google.common.collect.ImmutableCollection$Builder                           : loaded 2 times (x 76B)
Class jdk.internal.jrtfs.SystemImage$2                                                : loaded 2 times (x 76B)
Class com.google.common.collect.EmptyImmutableListMultimap                            : loaded 2 times (x 176B)
Class com.google.common.collect.BaseImmutableMultimap                                 : loaded 2 times (x 123B)
Class com.google.common.reflect.TypeResolver$TypeVariableKey                          : loaded 2 times (x 72B)
Class org.apache.commons.io.output.ByteArrayOutputStream                              : loaded 2 times (x 102B)
Class com.google.common.base.Joiner                                                   : loaded 2 times (x 79B)
Class com.google.common.base.MoreObjects                                              : loaded 2 times (x 71B)
Class [Lorg.objectweb.asm.Attribute;                                                  : loaded 2 times (x 69B)
Class com.google.common.collect.Platform                                              : loaded 2 times (x 71B)
Class [Lorg.objectweb.asm.Type;                                                       : loaded 2 times (x 69B)
Class com.google.common.collect.UnmodifiableIterator                                  : loaded 2 times (x 80B)
Class org.gradle.internal.service.ServiceLocator                                      : loaded 2 times (x 70B)
Class jdk.internal.jrtfs.JrtFileSystemProvider                                        : loaded 2 times (x 101B)
Class org.apache.commons.io.FileExistsException                                       : loaded 2 times (x 82B)
Class com.google.common.collect.HashBiMap$BiEntry                                     : loaded 2 times (x 83B)
Class com.google.common.collect.SingletonImmutableBiMap                               : loaded 2 times (x 143B)
Class com.google.common.base.Ascii                                                    : loaded 2 times (x 71B)
Class com.google.common.cache.LocalCache$1                                            : loaded 2 times (x 89B)
Class com.google.common.collect.Iterators$SingletonIterator                           : loaded 2 times (x 81B)
Class com.google.common.collect.AbstractMapEntry                                      : loaded 2 times (x 81B)
Class settings_cqu13lbp78xniu3qlwonyc3q3                                              : loaded 2 times (x 171B)
Class com.google.common.io.ByteSource$ByteArrayByteSource                             : loaded 2 times (x 85B)
Class com.google.common.collect.AbstractSetMultimap                                   : loaded 2 times (x 174B)
Class org.apache.commons.io.function.IOSupplier                                       : loaded 2 times (x 70B)
Class com.google.common.collect.MapMakerInternalMap$AbstractStrongKeyEntry            : loaded 2 times (x 80B)
Class com.google.common.reflect.TypeToken$SimpleTypeToken                             : loaded 2 times (x 73B)
Class com.google.common.collect.Sets$ImprovedAbstractSet                              : loaded 2 times (x 135B)
Class com.google.common.collect.ImmutableList$Builder                                 : loaded 2 times (x 77B)
Class com.google.common.collect.AbstractMultimap                                      : loaded 2 times (x 123B)
Class com.google.common.cache.LocalCache$2                                            : loaded 2 times (x 142B)
Class com.google.common.collect.ImmutableRangeSet$1                                   : loaded 2 times (x 210B)
Class com.google.common.collect.RegularImmutableAsList                                : loaded 2 times (x 217B)
Class com.google.common.collect.Range                                                 : loaded 2 times (x 87B)
Class com.google.common.base.Optional                                                 : loaded 2 times (x 80B)
Class com.google.common.util.concurrent.AbstractFuture$Trusted                        : loaded 2 times (x 70B)
Class com.google.common.collect.Iterators                                             : loaded 2 times (x 71B)
Class jdk.internal.jrtfs.JrtDirectoryStream$1                                         : loaded 2 times (x 83B)
Class jdk.internal.jimage.ImageLocation                                               : loaded 2 times (x 90B)
Class com.google.common.io.ByteSink$AsCharSink                                        : loaded 2 times (x 80B)
Class com.google.common.collect.Lists$StringAsImmutableList                           : loaded 2 times (x 207B)
Class com.google.common.util.concurrent.UncheckedExecutionException                   : loaded 2 times (x 82B)
Class jdk.internal.jimage.ImageBufferCache$1                                          : loaded 2 times (x 83B)
Class build_vum9lm4dgnnr9clfhb7twf98$_run_closure1$_closure6$_closure9                : loaded 2 times (x 139B)
Class org.objectweb.asm.ConstantDynamic                                               : loaded 2 times (x 72B)
Class com.google.common.collect.HashMultimapGwtSerializationDependencies              : loaded 2 times (x 174B)
Class com.google.common.collect.AbstractMapBasedMultimap$KeySet$1                     : loaded 2 times (x 82B)
Class org.objectweb.asm.ClassWriter                                                   : loaded 2 times (x 106B)
Class com.google.common.base.CharMatcher$And                                          : loaded 2 times (x 112B)
Class com.google.common.cache.CacheLoader$UnsupportedLoadingOperationException        : loaded 2 times (x 82B)
Class org.gradle.internal.classloader.ClasspathUtil$1                                 : loaded 2 times (x 76B)
Class jdk.internal.jimage.ImageBufferCache$2                                          : loaded 2 times (x 91B)
Class com.google.common.collect.FluentIterable$1                                      : loaded 2 times (x 81B)
Class com.google.common.base.Objects                                                  : loaded 2 times (x 71B)
Class org.objectweb.asm.FieldVisitor                                                  : loaded 2 times (x 77B)
Class com.google.common.collect.IndexedImmutableSet                                   : loaded 2 times (x 152B)
Class com.google.common.collect.ImmutableMap$1                                        : loaded 2 times (x 81B)
Class com.google.common.collect.BiMap                                                 : loaded 2 times (x 70B)
Class org.gradle.api.internal.classpath.DefaultModuleRegistry$DefaultModule           : loaded 2 times (x 86B)
Class com.google.common.base.Absent                                                   : loaded 2 times (x 80B)
Class com.google.common.collect.FluentIterable$2                                      : loaded 2 times (x 81B)
Class com.google.common.reflect.Reflection                                            : loaded 2 times (x 71B)
Class com.google.common.primitives.Ints                                               : loaded 2 times (x 71B)
Class com.google.common.collect.AbstractIterator                                      : loaded 2 times (x 82B)
Class org.apache.commons.io.file.CountingPathVisitor                                  : loaded 2 times (x 91B)
Class com.google.common.collect.FluentIterable$3                                      : loaded 2 times (x 81B)
Class com.google.common.collect.ObjectArrays                                          : loaded 2 times (x 71B)
Class com.google.common.math.MathPreconditions                                        : loaded 2 times (x 71B)
Class com.google.common.collect.Multiset                                              : loaded 2 times (x 70B)
Class com.google.common.collect.ArrayListMultimapGwtSerializationDependencies         : loaded 2 times (x 172B)
Class com.google.common.collect.AbstractIndexedListIterator                           : loaded 2 times (x 96B)
Class kotlin.Function                                                                 : loaded 2 times (x 70B)
Class org.apache.commons.io.output.NullOutputStream                                   : loaded 2 times (x 85B)
Class com.google.common.collect.ImmutableMapEntrySet                                  : loaded 2 times (x 152B)
Class org.gradle.api.internal.classpath.Module                                        : loaded 2 times (x 70B)
Class com.google.common.cache.Weigher                                                 : loaded 2 times (x 70B)
Class org.gradle.api.internal.classpath.UnknownModuleException                        : loaded 2 times (x 82B)
Class jdk.internal.jimage.ImageHeader                                                 : loaded 2 times (x 71B)
Class org.apache.commons.io.file.Counters$PathCounters                                : loaded 2 times (x 70B)
Class com.google.common.base.Stopwatch                                                : loaded 2 times (x 72B)
Class com.google.common.cache.LocalCache$Strength                                     : loaded 2 times (x 81B)
Class com.google.common.cache.Cache                                                   : loaded 2 times (x 70B)
Class com.google.common.io.AppendableWriter                                           : loaded 2 times (x 100B)
Class org.apache.commons.io.filefilter.IOFileFilter                                   : loaded 2 times (x 70B)
Class com.google.common.base.NullnessCasts                                            : loaded 2 times (x 71B)
Class com.google.common.util.concurrent.AbstractFuture$Cancellation                   : loaded 2 times (x 72B)
Class com.google.common.collect.ImmutableMap$Builder                                  : loaded 2 times (x 82B)
Class com.google.common.collect.Maps$EntryFunction$1                                  : loaded 2 times (x 91B)
Class com.google.common.collect.AbstractMapBasedMultimap$WrappedCollection$WrappedIterator: loaded 2 times (x 84B)
Class com.google.common.base.Present                                                  : loaded 2 times (x 81B)
Class com.google.common.cache.RemovalListener                                         : loaded 2 times (x 70B)
Class org.gradle.api.internal.DefaultClassPathRegistry                                : loaded 2 times (x 76B)
Class com.google.common.collect.ImmutableMultimap$Keys                                : loaded 2 times (x 166B)
Class com.google.common.collect.Maps$EntryFunction$2                                  : loaded 2 times (x 91B)
Class org.apache.commons.io.file.DeleteOption                                         : loaded 2 times (x 70B)
Class com.google.common.reflect.Invokable$ConstructorInvokable                        : loaded 2 times (x 107B)
Class com.google.common.primitives.IntsMethodsForWeb                                  : loaded 2 times (x 71B)
Class com.google.common.collect.Multimap                                              : loaded 2 times (x 70B)
Class org.gradle.api.internal.ClassPathRegistry                                       : loaded 2 times (x 70B)
Class org.gradle.internal.classpath.DefaultClassPath$ImmutableUniqueList              : loaded 2 times (x 199B)
Class com.google.common.collect.NullnessCasts                                         : loaded 2 times (x 71B)
Class com.google.common.collect.MapMakerInternalMap$Segment                           : loaded 2 times (x 142B)
Class com.google.common.reflect.TypeToken                                             : loaded 2 times (x 73B)
Class com.google.common.base.ExtraObjectsMethodsForWeb                                : loaded 2 times (x 71B)
Class org.apache.commons.io.IOUtils                                                   : loaded 2 times (x 71B)
Class com.google.common.cache.RemovalCause                                            : loaded 2 times (x 80B)
Class com.google.common.io.ByteSink                                                   : loaded 2 times (x 76B)
Class com.google.common.cache.CacheBuilder                                            : loaded 2 times (x 72B)
Class com.google.common.collect.SingletonImmutableList                                : loaded 2 times (x 207B)
Class org.gradle.internal.classpath.ClassPath                                         : loaded 2 times (x 70B)
Class com.google.common.collect.Interners$InternerBuilder                             : loaded 2 times (x 76B)
Class com.google.common.io.Files$FileByteSource                                       : loaded 2 times (x 85B)
Class [Lcom.google.common.reflect.Types$JavaVersion;                                  : loaded 2 times (x 69B)
Class com.google.common.base.JdkPattern                                               : loaded 2 times (x 75B)
Class com.google.common.collect.ImmutableList$ReverseImmutableList                    : loaded 2 times (x 209B)
Class kotlin.jvm.internal.Lambda                                                      : loaded 2 times (x 75B)
Class com.google.common.io.CharStreams$NullWriter                                     : loaded 2 times (x 99B)
Class org.objectweb.asm.SymbolTable$Entry                                             : loaded 2 times (x 74B)
Class jdk.internal.jimage.ImageStringsReader                                          : loaded 2 times (x 80B)
Class org.objectweb.asm.signature.SignatureReader                                     : loaded 2 times (x 74B)
Class org.objectweb.asm.Edge                                                          : loaded 2 times (x 72B)
Class com.google.common.base.Suppliers$SupplierOfInstance                             : loaded 2 times (x 79B)
Class com.google.common.collect.Iterators$1                                           : loaded 2 times (x 81B)
Class kotlin.UninitializedPropertyAccessException                                     : loaded 2 times (x 82B)
Class com.google.common.reflect.TypeToken$1                                           : loaded 2 times (x 110B)
Class com.google.common.cache.LocalCache$ComputingValueReference                      : loaded 2 times (x 96B)
Class com.google.common.collect.SingletonImmutableSet                                 : loaded 2 times (x 146B)
Class com.google.common.collect.ImmutableMap$IteratorBasedImmutableMap                : loaded 2 times (x 126B)
Class jdk.internal.jimage.ImageReader                                                 : loaded 2 times (x 75B)
Class com.google.common.io.LineReader                                                 : loaded 2 times (x 72B)
Class com.google.common.collect.AbstractMapBasedMultimap$AsMap$AsMapEntries           : loaded 2 times (x 138B)
Class com.google.common.reflect.TypeToken$2                                           : loaded 2 times (x 110B)
Class com.google.common.cache.LocalCache$Segment                                      : loaded 2 times (x 154B)
Class jdk.internal.jimage.ImageReader$SharedImageReader                               : loaded 2 times (x 95B)
Class [Lcom.google.common.base.Supplier;                                              : loaded 2 times (x 69B)
Class com.google.common.collect.SortedIterable                                        : loaded 2 times (x 70B)
Class com.google.common.collect.AbstractListMultimap                                  : loaded 2 times (x 172B)
Class [Lorg.objectweb.asm.SymbolTable$Entry;                                          : loaded 2 times (x 69B)
Class com.google.common.cache.CacheLoader                                             : loaded 2 times (x 74B)
Class com.google.common.collect.Iterators$4                                           : loaded 2 times (x 82B)
Class com.google.common.collect.ImmutableBiMap                                        : loaded 2 times (x 143B)
Class org.gradle.api.internal.classpath.ModuleRegistry                                : loaded 2 times (x 70B)
Class org.gradle.internal.installation.GradleInstallation$1                           : loaded 2 times (x 75B)
Class com.google.common.base.Splitter$SplittingIterator                               : loaded 2 times (x 84B)
Class org.apache.commons.io.output.NullWriter                                         : loaded 2 times (x 99B)
Class com.google.common.collect.ImmutableSet$JdkBackedSetBuilderImpl                  : loaded 2 times (x 76B)
Class com.google.common.util.concurrent.internal.InternalFutureFailureAccess          : loaded 2 times (x 72B)
Class com.google.common.collect.Iterators$5                                           : loaded 2 times (x 82B)
Class com.google.common.collect.ImmutableMultimap$Values                              : loaded 2 times (x 126B)
Class com.google.common.collect.Iterators$6                                           : loaded 2 times (x 81B)
Class com.google.common.collect.HashBiMap$Inverse                                     : loaded 2 times (x 142B)
Class com.google.common.base.CharMatcher$ForPredicate                                 : loaded 2 times (x 112B)
Class com.google.common.cache.LocalCache$LocalManualCache$1                           : loaded 2 times (x 75B)
Class jdk.internal.jimage.ImageReader$Node                                            : loaded 2 times (x 84B)
Class build_vum9lm4dgnnr9clfhb7twf98$_run_closure1$_closure3                          : loaded 2 times (x 139B)
Class com.google.common.base.CharMatcher$AnyOf                                        : loaded 2 times (x 112B)
Class com.google.common.collect.ImmutableCollection                                   : loaded 2 times (x 125B)
Class org.gradle.api.internal.classpath.DefaultModuleRegistry                         : loaded 2 times (x 86B)
Class jdk.internal.jimage.BasicImageReader$1                                          : loaded 2 times (x 77B)
Class build_vum9lm4dgnnr9clfhb7twf98$_run_closure1$_closure4                          : loaded 2 times (x 139B)
Class com.google.common.collect.Lists                                                 : loaded 2 times (x 71B)
Class com.google.common.util.concurrent.ListenableFuture                              : loaded 2 times (x 70B)
Class com.google.common.cache.ReferenceEntry                                          : loaded 2 times (x 70B)
Class com.google.common.base.Converter                                                : loaded 2 times (x 90B)
Class com.google.common.collect.ImmutableSet$CachingAsList                            : loaded 2 times (x 148B)
Class build_vum9lm4dgnnr9clfhb7twf98$_run_closure1$_closure5                          : loaded 2 times (x 139B)
Class com.google.common.collect.AbstractMapBasedMultimap                              : loaded 2 times (x 139B)
Class com.google.common.util.concurrent.AbstractFuture                                : loaded 2 times (x 106B)
Class com.google.common.base.FunctionalEquivalence                                    : loaded 2 times (x 83B)
Class com.google.common.collect.Iterators$9                                           : loaded 2 times (x 81B)
Class com.google.common.collect.ImmutableAsList                                       : loaded 2 times (x 209B)
Class kotlin.LazyKt__LazyJVMKt                                                        : loaded 2 times (x 71B)
Class build_vum9lm4dgnnr9clfhb7twf98$_run_closure1$_closure6                          : loaded 2 times (x 139B)
Class com.google.common.io.CharStreams                                                : loaded 2 times (x 71B)
Class com.google.common.collect.ImmutableMultiset                                     : loaded 2 times (x 163B)
Class com.google.common.reflect.TypeResolver$TypeTable                                : loaded 2 times (x 73B)
Class org.objectweb.asm.RecordComponentVisitor                                        : loaded 2 times (x 77B)
Class com.google.common.cache.CacheLoader$SupplierToCacheLoader                       : loaded 2 times (x 75B)
Class jdk.internal.jimage.decompressor.Decompressor                                   : loaded 2 times (x 72B)
Class jdk.internal.jimage.ImageReader$Resource                                        : loaded 2 times (x 84B)
Class build_vum9lm4dgnnr9clfhb7twf98$_run_closure1$_closure7                          : loaded 2 times (x 139B)
Class com.google.common.reflect.TypeResolver$TypeTable$1                              : loaded 2 times (x 73B)
Class com.google.common.collect.Maps$EntryTransformer                                 : loaded 2 times (x 70B)
Class org.gradle.internal.service.ServiceLookupException                              : loaded 2 times (x 82B)
Class jdk.internal.jrtfs.JrtFileAttributes                                            : loaded 2 times (x 83B)
Class com.google.common.collect.ImmutableSortedSet                                    : loaded 2 times (x 300B)
Class com.google.common.collect.Lists$ReverseList                                     : loaded 2 times (x 200B)
Class [Lcom.google.common.cache.LocalCache$EntryFactory;                              : loaded 2 times (x 69B)
Class org.gradle.internal.classloader.ClassLoaderFactory                              : loaded 2 times (x 70B)
Class org.apache.commons.io.function.IOBiFunction                                     : loaded 2 times (x 70B)
Class com.google.common.collect.ImmutableMap$SerializedForm                           : loaded 2 times (x 73B)
Class org.apache.commons.io.CloseableURLConnection                                    : loaded 2 times (x 116B)
Class com.google.common.base.CommonPattern                                            : loaded 2 times (x 74B)
Class com.google.common.base.CharMatcher$IsNot                                        : loaded 2 times (x 111B)
Class com.google.common.cache.LocalCache$LocalManualCache                             : loaded 2 times (x 99B)
Class org.gradle.internal.service.CachingServiceLocator                               : loaded 2 times (x 82B)
Class com.google.common.collect.RegularImmutableSortedSet                             : loaded 2 times (x 300B)
Class com.google.common.collect.AbstractMapBasedMultimap$KeySet                       : loaded 2 times (x 137B)
Class com.google.common.math.IntMath                                                  : loaded 2 times (x 71B)
Class org.apache.commons.io.file.Counters$AbstractPathCounters                        : loaded 2 times (x 82B)
Class com.google.common.collect.MapMakerInternalMap$InternalEntry                     : loaded 2 times (x 70B)
Class com.google.common.reflect.Types$TypeVariableInvocationHandler                   : loaded 2 times (x 75B)
Class [Lcom.google.common.collect.HashBiMap$BiEntry;                                  : loaded 2 times (x 69B)
Class org.objectweb.asm.commons.InstructionAdapter                                    : loaded 2 times (x 188B)
Class com.google.common.collect.ImmutableMapEntry                                     : loaded 2 times (x 85B)
Class org.objectweb.asm.signature.SignatureVisitor                                    : loaded 2 times (x 87B)
Class com.google.common.base.Predicates                                               : loaded 2 times (x 71B)
Class com.google.common.collect.ImmutableMultimap                                     : loaded 2 times (x 147B)
Class com.google.common.base.Equivalence                                              : loaded 2 times (x 82B)
Class com.google.common.base.Function                                                 : loaded 2 times (x 70B)
Class com.google.common.collect.ImmutableMapEntry$NonTerminalImmutableMapEntry        : loaded 2 times (x 85B)
Class org.apache.commons.io.output.AbstractByteArrayOutputStream                      : loaded 2 times (x 102B)
Class com.google.common.collect.IndexedImmutableSet$1                                 : loaded 2 times (x 213B)
Class com.google.common.cache.CacheBuilder$OneWeigher                                 : loaded 2 times (x 82B)
Class com.google.common.collect.RegularImmutableList                                  : loaded 2 times (x 213B)
Class jdk.internal.jimage.ImageBufferCache                                            : loaded 2 times (x 71B)
Class jdk.internal.jrtfs.JrtPath                                                      : loaded 2 times (x 118B)
Class com.google.common.collect.Maps$EntryFunction                                    : loaded 2 times (x 91B)
Class com.google.common.reflect.Types$ClassOwnership$1LocalClass                      : loaded 2 times (x 71B)
Class org.gradle.internal.classloader.ClasspathUtil                                   : loaded 2 times (x 71B)
Class com.google.common.util.concurrent.Uninterruptibles                              : loaded 2 times (x 71B)
Class com.google.common.io.CharSource                                                 : loaded 2 times (x 85B)
Class com.google.common.collect.AbstractMapBasedMultimap$WrappedSet                   : loaded 2 times (x 142B)
Class com.google.common.util.concurrent.LazyLogger                                    : loaded 2 times (x 72B)
Class com.google.common.collect.Maps                                                  : loaded 2 times (x 71B)
Class org.gradle.api.specs.Spec                                                       : loaded 2 times (x 70B)
Class jdk.internal.jimage.ImageReader$SharedImageReader$LocationVisitor               : loaded 2 times (x 70B)
Class com.google.common.collect.MapMaker                                              : loaded 2 times (x 72B)
Class org.apache.commons.io.file.PathFilter                                           : loaded 2 times (x 70B)
Class com.google.common.reflect.Types$JavaVersion                                     : loaded 2 times (x 83B)
Class [Lcom.google.common.collect.ImmutableEntry;                                     : loaded 2 times (x 69B)
Class javax.xml.bind.JAXBException                                                    : loaded 2 times (x 85B)
Class com.google.common.cache.LocalCache$LoadingValueReference                        : loaded 2 times (x 96B)
Class kotlin.SynchronizedLazyImpl                                                     : loaded 2 times (x 76B)
Class com.google.common.io.LineReader$1                                               : loaded 2 times (x 75B)
Class com.google.common.collect.CollectSpliterators                                   : loaded 2 times (x 71B)
Class com.google.common.collect.AbstractMapBasedMultimap$AsMap                        : loaded 2 times (x 128B)
Class com.google.common.collect.MapMakerInternalMap$StrongKeyDummyValueEntry          : loaded 2 times (x 82B)
Class com.google.common.reflect.Invokable$MethodInvokable                             : loaded 2 times (x 107B)
Class com.google.common.base.Platform                                                 : loaded 2 times (x 71B)
Class jdk.internal.jimage.ImageReader$Directory                                       : loaded 2 times (x 84B)
Class com.google.common.collect.AbstractMapBasedMultimap$WrappedList                  : loaded 2 times (x 205B)
Class [Lorg.objectweb.asm.AnnotationWriter;                                           : loaded 2 times (x 69B)
Class com.google.common.collect.Maps$8                                                : loaded 2 times (x 82B)
Class kotlin.LazyKt__LazyKt                                                           : loaded 2 times (x 71B)
Class com.google.common.collect.ImmutableRangeSet$Builder                             : loaded 2 times (x 77B)
Class com.google.common.base.Predicates$CompositionPredicate                          : loaded 2 times (x 88B)
Class [Lcom.google.common.collect.Iterators$EmptyModifiableIterator;                  : loaded 2 times (x 69B)
Class com.google.common.collect.Lists$ReverseList$1                                   : loaded 2 times (x 99B)
Class com.google.common.collect.Sets$SetView                                          : loaded 2 times (x 138B)
Class com.google.common.cache.LocalCache$StrongValueReference                         : loaded 2 times (x 90B)
Class kotlin.UNINITIALIZED_VALUE                                                      : loaded 2 times (x 71B)
Class com.google.common.graph.SuccessorsFunction                                      : loaded 2 times (x 70B)
Class org.objectweb.asm.Type                                                          : loaded 2 times (x 72B)
Class org.gradle.internal.classloader.VisitableURLClassLoader$InstrumentingVisitableURLClassLoader: loaded 2 times (x 123B)
Class org.apache.commons.io.file.Counters                                             : loaded 2 times (x 71B)
Class com.google.common.collect.MapMakerInternalMap$StrongKeyDummyValueEntry$Helper   : loaded 2 times (x 79B)
Class org.apache.commons.io.FileUtils                                                 : loaded 2 times (x 71B)
Class com.google.common.io.Files$FileByteSink                                         : loaded 2 times (x 77B)
Class com.google.common.math.IntMath$1                                                : loaded 2 times (x 71B)
Class org.objectweb.asm.ByteVector                                                    : loaded 2 times (x 79B)
Class [Lcom.google.common.cache.CacheBuilder$NullListener;                            : loaded 2 times (x 69B)
Class org.gradle.internal.classloader.VisitableURLClassLoader$Spec                    : loaded 2 times (x 74B)
Class org.gradle.internal.classpath.DefaultClassPath                                  : loaded 2 times (x 90B)
Class com.google.common.base.AbstractIterator                                         : loaded 2 times (x 80B)
Class com.google.common.reflect.Types$ClassOwnership                                  : loaded 2 times (x 80B)
Class org.objectweb.asm.Symbol                                                        : loaded 2 times (x 73B)
Class com.google.common.io.Java8Compatibility                                         : loaded 2 times (x 71B)
Class com.google.common.collect.Sets$FilteredSet                                      : loaded 2 times (x 137B)
Class com.google.common.io.Closer                                                     : loaded 2 times (x 78B)
Class com.google.common.base.CharMatcher$BitSetMatcher                                : loaded 2 times (x 112B)
Class com.google.common.collect.ImmutableSet                                          : loaded 2 times (x 145B)
Class com.google.common.collect.RegularImmutableMap$Values                            : loaded 2 times (x 207B)
Class org.gradle.internal.classloader.ClassLoaderSpec                                 : loaded 2 times (x 71B)
Class com.google.common.io.ByteSource$EmptyByteSource                                 : loaded 2 times (x 85B)
Class org.objectweb.asm.AnnotationWriter                                              : loaded 2 times (x 79B)
Class com.google.common.cache.CacheStats                                              : loaded 2 times (x 71B)
Class com.google.common.collect.ImmutableMultisetGwtSerializationDependencies         : loaded 2 times (x 125B)
Class com.google.common.collect.Interners                                             : loaded 2 times (x 71B)
Class com.google.common.io.Closer$Suppressor                                          : loaded 2 times (x 70B)
Class com.google.common.io.LineProcessor                                              : loaded 2 times (x 70B)
Class org.objectweb.asm.RecordComponentWriter                                         : loaded 2 times (x 78B)
Class com.google.common.util.concurrent.AbstractFuture$Listener                       : loaded 2 times (x 72B)
Class com.google.common.base.CharMatcher$Or                                           : loaded 2 times (x 112B)
Class [Lorg.objectweb.asm.Label;                                                      : loaded 2 times (x 69B)
Class org.objectweb.asm.Attribute                                                     : loaded 2 times (x 77B)
Class com.google.common.base.Supplier                                                 : loaded 2 times (x 70B)
Class org.gradle.internal.classloader.VisitableURLClassLoader                         : loaded 2 times (x 117B)
Class kotlin.jvm.functions.Function0                                                  : loaded 2 times (x 70B)
Class org.objectweb.asm.signature.SignatureWriter                                     : loaded 2 times (x 88B)
Class com.google.common.collect.ImmutableList$SerializedForm                          : loaded 2 times (x 73B)
Class org.apache.commons.io.file.PathVisitor                                          : loaded 2 times (x 70B)
Class org.gradle.internal.Cast                                                        : loaded 2 times (x 71B)
Class org.gradle.api.Action                                                           : loaded 2 times (x 70B)
Class kotlin.jvm.functions.Function1                                                  : loaded 2 times (x 70B)
Class com.google.common.collect.MapMakerInternalMap                                   : loaded 2 times (x 161B)
Class com.google.common.collect.HashBiMap                                             : loaded 2 times (x 143B)
Class com.google.common.base.Strings                                                  : loaded 2 times (x 71B)
Class com.google.common.collect.Sets                                                  : loaded 2 times (x 71B)
Class org.objectweb.asm.Handler                                                       : loaded 2 times (x 72B)
Class com.google.common.base.CharMatcher$FastMatcher                                  : loaded 2 times (x 111B)
Class com.google.common.base.Ticker                                                   : loaded 2 times (x 72B)
Class com.google.common.cache.RemovalCause$1                                          : loaded 2 times (x 80B)
Class [Lcom.google.common.cache.LocalCache$Segment;                                   : loaded 2 times (x 69B)
Class com.google.common.base.Predicate                                                : loaded 2 times (x 70B)
Class [Lcom.google.common.cache.LocalCache$Strength;                                  : loaded 2 times (x 69B)
Class com.google.common.cache.CacheBuilder$1                                          : loaded 2 times (x 85B)
Class com.google.common.collect.ImmutableMap                                          : loaded 2 times (x 120B)
Class org.gradle.internal.classpath.DefaultClassPath$ImmutableUniqueList$Builder      : loaded 2 times (x 75B)
Class com.google.common.collect.AbstractRangeSet                                      : loaded 2 times (x 114B)
Class com.google.common.cache.RemovalCause$2                                          : loaded 2 times (x 80B)
Class com.google.common.collect.MapMakerInternalMap$WeakValueReference                : loaded 2 times (x 70B)
Class com.google.common.base.CharMatcher$NegatedFastMatcher                           : loaded 2 times (x 113B)
Class com.google.common.cache.LocalCache                                              : loaded 2 times (x 187B)
Class com.google.common.cache.CacheBuilder$2                                          : loaded 2 times (x 79B)
Class com.google.common.cache.RemovalCause$3                                          : loaded 2 times (x 80B)
Class com.google.common.collect.ArrayListMultimap                                     : loaded 2 times (x 172B)
Class com.google.common.cache.CacheBuilder$3                                          : loaded 2 times (x 72B)
Class [Lcom.google.common.collect.AbstractMapEntry;                                   : loaded 2 times (x 69B)
Class com.google.common.collect.ImmutableEntry                                        : loaded 2 times (x 82B)
Class org.gradle.api.GradleException                                                  : loaded 2 times (x 82B)
Class jdk.internal.jimage.ImageStrings                                                : loaded 2 times (x 70B)
Class com.google.common.cache.RemovalCause$4                                          : loaded 2 times (x 80B)
Class com.google.common.base.Suppliers$MemoizingSupplier                              : loaded 2 times (x 79B)
Class org.apache.commons.io.StandardLineSeparator                                     : loaded 2 times (x 79B)
Class com.google.common.collect.CollectPreconditions                                  : loaded 2 times (x 71B)
Class com.google.common.cache.RemovalCause$5                                          : loaded 2 times (x 80B)
Class com.google.common.collect.Maps$AbstractFilteredMap                              : loaded 2 times (x 127B)
Class [Lcom.google.common.collect.MapMakerInternalMap$Strength;                       : loaded 2 times (x 69B)
Class [Lcom.google.common.io.FileWriteMode;                                           : loaded 2 times (x 69B)
Class com.google.common.collect.SortedMapDifference                                   : loaded 2 times (x 70B)
Class com.google.common.collect.Iterables$4                                           : loaded 2 times (x 81B)
Class com.google.common.collect.MapMakerInternalMap$StrongKeyDummyValueSegment        : loaded 2 times (x 142B)
Class com.google.common.io.Files                                                      : loaded 2 times (x 71B)
Class com.google.common.cache.LocalCache$WriteThroughEntry                            : loaded 2 times (x 79B)
Class com.google.common.cache.LocalCache$HashIterator                                 : loaded 2 times (x 86B)
Class com.google.common.cache.LocalCache$EntryFactory                                 : loaded 2 times (x 83B)
Class [Lcom.google.common.collect.MapMaker$Dummy;                                     : loaded 2 times (x 69B)
Class com.google.common.base.CharMatcher$Whitespace                                   : loaded 2 times (x 112B)
Class com.google.common.collect.Iterables$5                                           : loaded 2 times (x 81B)
Class com.google.common.reflect.Types$NativeTypeVariableEquals                        : loaded 2 times (x 71B)
Class com.google.common.reflect.TypeParameter                                         : loaded 2 times (x 72B)
Class com.google.common.cache.LocalCache$AbstractReferenceEntry                       : loaded 2 times (x 107B)
Class org.gradle.internal.IoActions                                                   : loaded 2 times (x 71B)
Class com.google.common.collect.ImmutableRangeSet$ComplementRanges                    : loaded 2 times (x 207B)
Class org.apache.commons.io.filefilter.TrueFileFilter                                 : loaded 2 times (x 99B)
Class com.google.common.collect.ImmutableMapKeySet                                    : loaded 2 times (x 152B)
Class org.objectweb.asm.SymbolTable                                                   : loaded 2 times (x 72B)
Class com.google.common.cache.CacheLoader$InvalidCacheLoadException                   : loaded 2 times (x 82B)
Class com.google.common.collect.ImmutableSet$RegularSetBuilderImpl                    : loaded 2 times (x 77B)
Class settings_cqu13lbp78xniu3qlwonyc3q3$_run_closure1                                : loaded 2 times (x 139B)
Class org.gradle.internal.classloader.SystemClassLoaderSpec                           : loaded 2 times (x 71B)
Class kotlin.jvm.internal.Intrinsics                                                  : loaded 2 times (x 71B)
Class com.google.common.collect.FluentIterable                                        : loaded 2 times (x 81B)
Class com.google.common.cache.LocalCache$StrongEntry                                  : loaded 2 times (x 108B)
Class com.google.common.util.concurrent.AbstractFuture$TrustedFuture                  : loaded 2 times (x 114B)
Class com.google.common.cache.LoadingCache                                            : loaded 2 times (x 70B)
Class jdk.internal.jrtfs.JrtFileSystem                                                : loaded 2 times (x 102B)
Class com.google.common.io.ByteStreams$LimitedInputStream                             : loaded 2 times (x 92B)
Class com.google.common.base.Suppliers$NonSerializableMemoizingSupplier               : loaded 2 times (x 79B)
Class org.objectweb.asm.MethodWriter                                                  : loaded 2 times (x 106B)
Class [Lcom.google.common.cache.Weigher;                                              : loaded 2 times (x 69B)
Class com.google.common.collect.RegularImmutableMap$BucketOverflowException           : loaded 2 times (x 82B)
Class kotlin.KotlinNullPointerException                                               : loaded 2 times (x 83B)
Class com.google.common.collect.ImmutableMultimap$1                                   : loaded 2 times (x 82B)
Class com.google.common.collect.AbstractMapBasedMultimap$RandomAccessWrappedList      : loaded 2 times (x 205B)
Class com.google.common.collect.ImmutableMultimap$2                                   : loaded 2 times (x 81B)
Class com.google.common.collect.AbstractIterator$State                                : loaded 2 times (x 79B)
Class com.google.common.reflect.Types$JavaVersion$1                                   : loaded 2 times (x 83B)
Class com.google.common.collect.RegularImmutableBiMap                                 : loaded 2 times (x 149B)
Class com.google.common.base.CharMatcher$Negated                                      : loaded 2 times (x 113B)
Class com.google.common.base.CharMatcher$Is                                           : loaded 2 times (x 111B)
Class com.google.common.cache.LocalCache$ValueReference                               : loaded 2 times (x 70B)
Class com.google.common.reflect.Types$JavaVersion$2                                   : loaded 2 times (x 83B)
Class com.google.common.reflect.Types                                                 : loaded 2 times (x 71B)
Class com.google.common.hash.PrimitiveSink                                            : loaded 2 times (x 70B)
Class com.google.common.base.PatternCompiler                                          : loaded 2 times (x 70B)
Class com.google.common.util.concurrent.AbstractFuture$Failure                        : loaded 2 times (x 72B)
Class com.google.common.base.Equivalence$Equals                                       : loaded 2 times (x 82B)
Class com.google.common.collect.Hashing                                               : loaded 2 times (x 71B)
Class com.google.common.base.Preconditions                                            : loaded 2 times (x 71B)
Class kotlin.LazyKt                                                                   : loaded 2 times (x 71B)
Class [Lorg.apache.commons.io.file.DeleteOption;                                      : loaded 2 times (x 69B)
Class com.google.common.collect.ImmutableSetMultimap                                  : loaded 2 times (x 180B)
Class com.google.common.io.CharSink                                                   : loaded 2 times (x 79B)
Class com.google.common.reflect.Types$JavaVersion$3                                   : loaded 2 times (x 83B)
Class com.google.common.base.Joiner$1                                                 : loaded 2 times (x 80B)
Class org.objectweb.asm.Label                                                         : loaded 2 times (x 73B)
Class org.objectweb.asm.CurrentFrame                                                  : loaded 2 times (x 73B)
Class org.objectweb.asm.ClassTooLargeException                                        : loaded 2 times (x 83B)
Class com.google.common.base.CharMatcher                                              : loaded 2 times (x 111B)
Class com.google.common.collect.PeekingIterator                                       : loaded 2 times (x 70B)
Class com.google.common.collect.RangeGwtSerializationDependencies                     : loaded 2 times (x 71B)
Class com.google.common.io.ByteSource$AsCharSource                                    : loaded 2 times (x 86B)
Class com.google.common.collect.MapMakerInternalMap$InternalEntryHelper               : loaded 2 times (x 70B)
Class com.google.common.collect.Table                                                 : loaded 2 times (x 70B)
Class com.google.common.reflect.Types$JavaVersion$4                                   : loaded 2 times (x 83B)
Class com.google.common.collect.Maps$IteratorBasedAbstractMap                         : loaded 2 times (x 125B)
Class com.google.common.base.Joiner$2                                                 : loaded 2 times (x 79B)
Class org.objectweb.asm.Frame                                                         : loaded 2 times (x 73B)
Class org.objectweb.asm.MethodVisitor                                                 : loaded 2 times (x 105B)
Class com.google.common.base.CharMatcher$NamedFastMatcher                             : loaded 2 times (x 112B)
Class com.google.common.base.CharMatcher$1                                            : loaded 2 times (x 113B)
Class com.google.common.cache.LocalCache$EntryFactory$1                               : loaded 2 times (x 83B)
Class [Lcom.google.common.cache.RemovalListener;                                      : loaded 2 times (x 69B)
Class com.google.common.collect.RangeSet                                              : loaded 2 times (x 70B)
Class com.google.common.reflect.Types$JavaVersion$5                                   : loaded 2 times (x 71B)
Class [Lcom.google.common.reflect.Types$ClassOwnership;                               : loaded 2 times (x 69B)
Class com.google.common.cache.LocalCache$EntryFactory$2                               : loaded 2 times (x 83B)
Class org.gradle.api.internal.classpath.GlobalCacheRootsProvider                      : loaded 2 times (x 70B)
Class kotlin.Lazy                                                                     : loaded 2 times (x 70B)
Class kotlin.NoWhenBranchMatchedException                                             : loaded 2 times (x 82B)
Class com.google.common.collect.CollectCollectors                                     : loaded 2 times (x 71B)
Class org.objectweb.asm.ModuleWriter                                                  : loaded 2 times (x 82B)
Class com.google.common.cache.LocalCache$EntryFactory$3                               : loaded 2 times (x 83B)
Class com.google.common.base.Ticker$1                                                 : loaded 2 times (x 72B)
Class com.google.common.collect.Maps$BiMapConverter                                   : loaded 2 times (x 90B)
Class com.google.common.collect.ImmutableMapEntrySet$RegularEntrySet                  : loaded 2 times (x 152B)
Class com.google.common.collect.CollectSpliterators$1                                 : loaded 2 times (x 90B)
Class com.google.common.collect.SetMultimap                                           : loaded 2 times (x 70B)
Class com.google.common.collect.ImmutableSet$Builder                                  : loaded 2 times (x 85B)
Class com.google.common.base.CharMatcher$InRange                                      : loaded 2 times (x 111B)
Class com.google.common.cache.LocalCache$EntryFactory$4                               : loaded 2 times (x 83B)
Class com.google.common.io.ByteStreams$1                                              : loaded 2 times (x 85B)
Class com.google.common.cache.LocalCache$EntryFactory$5                               : loaded 2 times (x 83B)
Class com.google.common.collect.HashMultimap                                          : loaded 2 times (x 174B)
Class org.apache.commons.io.output.AppendableWriter                                   : loaded 2 times (x 100B)
Class com.google.common.cache.LocalCache$EntryFactory$6                               : loaded 2 times (x 83B)
Class org.gradle.internal.installation.CurrentGradleInstallationLocator               : loaded 2 times (x 71B)
Class com.google.common.io.ByteSource$SlicedByteSource                                : loaded 2 times (x 85B)
Class com.google.common.collect.ImmutableMultimap$Builder                             : loaded 2 times (x 86B)
Class org.objectweb.asm.ClassReader                                                   : loaded 2 times (x 94B)
Class org.apache.commons.io.file.SimplePathVisitor                                    : loaded 2 times (x 85B)
Class org.apache.commons.io.output.ThresholdingOutputStream                           : loaded 2 times (x 95B)
Class com.google.common.collect.Maps$KeySet                                           : loaded 2 times (x 137B)
Class com.google.common.collect.ImmutableSet$EmptySetBuilderImpl                      : loaded 2 times (x 76B)
Class com.google.common.cache.LocalCache$EntryFactory$7                               : loaded 2 times (x 83B)
Class com.google.common.collect.ImmutableList                                         : loaded 2 times (x 206B)
Class org.gradle.internal.service.DefaultServiceLocator                               : loaded 2 times (x 83B)
Class jdk.internal.jrtfs.JrtDirectoryStream                                           : loaded 2 times (x 89B)
Class com.google.common.collect.ImmutableMultimap$EntryCollection                     : loaded 2 times (x 128B)
Class com.google.common.cache.LocalCache$SoftValueReference                           : loaded 2 times (x 97B)
Class com.google.common.collect.Maps$EntrySet                                         : loaded 2 times (x 136B)
Class com.google.common.cache.LocalCache$EntryFactory$8                               : loaded 2 times (x 83B)
Class com.google.common.collect.ImmutableSet$SetBuilderImpl                           : loaded 2 times (x 76B)
Class org.gradle.internal.installation.CurrentGradleInstallation                      : loaded 2 times (x 73B)
Class org.objectweb.asm.Opcodes                                                       : loaded 2 times (x 70B)
Class com.google.common.cache.CacheLoader$1                                           : loaded 2 times (x 75B)
Class com.google.common.collect.ImmutableList$SubList                                 : loaded 2 times (x 209B)
Class org.gradle.util.internal.GUtil                                                  : loaded 2 times (x 71B)
Class com.google.common.io.ByteSource                                                 : loaded 2 times (x 84B)
Class com.google.common.cache.AbstractCache$StatsCounter                              : loaded 2 times (x 70B)
Class com.google.common.io.LineBuffer                                                 : loaded 2 times (x 75B)
Class org.objectweb.asm.Context                                                       : loaded 2 times (x 72B)
Class com.google.common.collect.MapMakerInternalMap$1                                 : loaded 2 times (x 83B)
Class com.google.common.reflect.Types$TypeVariableImpl                                : loaded 2 times (x 72B)
Class com.google.common.collect.Iterators$MergingIterator                             : loaded 2 times (x 81B)
Class com.google.common.collect.RegularImmutableSet                                   : loaded 2 times (x 149B)
Class org.gradle.internal.installation.GradleInstallation                             : loaded 2 times (x 75B)
Class com.google.common.base.Splitter$Strategy                                        : loaded 2 times (x 70B)
Class com.google.common.collect.Iterables                                             : loaded 2 times (x 71B)
Class [Lorg.objectweb.asm.ConstantDynamic;                                            : loaded 2 times (x 69B)
Class com.google.common.collect.Lists$RandomAccessReverseList                         : loaded 2 times (x 200B)

---------------  S Y S T E M  ---------------

OS:
 Windows 11 , 64 bit Build 26100 (10.0.26100.8246)
OS uptime: 0 days 7:53 hours

CPU: total 12 (initial active 12) (6 cores per cpu, 2 threads per core) family 6 model 154 stepping 4 microcode 0x43b, cx8, cmov, fxsr, ht, mmx, 3dnowpref, sse, sse2, sse3, ssse3, sse4.1, sse4.2, popcnt, lzcnt, tsc, tscinvbit, avx, avx2, aes, erms, clmul, bmi1, bmi2, adx, sha, fma, vzeroupper, clflush, clflushopt, clwb, serialize, rdtscp, rdpid, fsrm, f16c, pku, cet_ibt, cet_ss
Processor Information for the first 12 processors :
  Max Mhz: 1300, Current Mhz: 1300, Mhz Limit: 1300

Memory: 4k page, system-wide physical 16068M (1588M free)
TotalPageFile size 31428M (AvailPageFile size 1086M)
current process WorkingSet (physical memory assigned to process): 1578M, peak: 1761M
current process commit charge ("private bytes"): 1755M, peak: 1940M

vm_info: OpenJDK 64-Bit Server VM (21.0.10+1-b1163.110) for windows-amd64 JRE (21.0.10+1-b1163.110), built on 2026-03-06 by "builduser" with MS VC++ 17.14 (VS2022)

END.
