#
# There is insufficient memory for the Java Runtime Environment to continue.
# Native memory allocation (malloc) failed to allocate 1584336 bytes. Error detail: Chunk::new
# Possible reasons:
#   The system is out of physical RAM or swap space
#   This process is running with CompressedOops enabled, and the Java Heap may be blocking the growth of the native heap
# Possible solutions:
#   Reduce memory load on the system
#   Increase physical memory or swap space
#   Check if swap backing store is full
#   Decrease Java heap size (-Xmx/-Xms)
#   Decrease number of Java threads
#   Decrease Java thread stack sizes (-Xss)
#   Set larger code cache with -XX:ReservedCodeCacheSize=
#   JVM is running with Unscaled Compressed Oops mode in which the Java heap is
#     placed in the first 4GB address space. The Java Heap base address is the
#     maximum limit for the native heap growth. Please use -XX:HeapBaseMinAddress
#     to set the Java Heap base and to place the Java Heap above 4GB virtual address.
# This output file may be truncated or incomplete.
#
#  Out of Memory Error (arena.cpp:168), pid=18136, tid=42224
#
# JRE version: OpenJDK Runtime Environment (21.0.9) (build 21.0.9+-14787801-b1163.94)
# Java VM: OpenJDK 64-Bit Server VM (21.0.9+-14787801-b1163.94, mixed mode, tiered, compressed oops, compressed class ptrs, g1 gc, windows-amd64)
# No core dump will be written. Minidumps are not enabled by default on client versions of Windows
#

---------------  S U M M A R Y ------------

Command Line: --add-opens=java.base/java.lang=ALL-UNNAMED --add-opens=java.base/java.lang.invoke=ALL-UNNAMED --add-opens=java.base/java.util=ALL-UNNAMED --add-opens=java.prefs/java.util.prefs=ALL-UNNAMED --add-exports=jdk.compiler/com.sun.tools.javac.api=ALL-UNNAMED --add-exports=jdk.compiler/com.sun.tools.javac.util=ALL-UNNAMED --add-opens=java.base/java.util=ALL-UNNAMED --add-opens=java.prefs/java.util.prefs=ALL-UNNAMED --add-opens=java.base/java.nio.charset=ALL-UNNAMED --add-opens=java.base/java.net=ALL-UNNAMED --add-opens=java.base/java.util.concurrent=ALL-UNNAMED --add-opens=java.base/java.util.concurrent.atomic=ALL-UNNAMED --add-opens=java.xml/javax.xml.namespace=ALL-UNNAMED --add-opens=java.base/java.time=ALL-UNNAMED -Xmx512m -Dfile.encoding=UTF-8 -Duser.country=US -Duser.language=en -Duser.variant -javaagent:C:\Users\DELL\.gradle\wrapper\dists\gradle-9.3.1-bin\23ovyewtku6u96viwx3xl3oks\gradle-9.3.1\lib\agents\gradle-instrumentation-agent-9.3.1.jar org.gradle.launcher.daemon.bootstrap.GradleDaemon 9.3.1

Host: 12th Gen Intel(R) Core(TM) i5-1235U, 12 cores, 15G,  Windows 11 , 64 bit Build 26100 (10.0.26100.8246)
Time: Sat May  9 17:13:06 2026 SE Asia Standard Time elapsed time: 30.259790 seconds (0d 0h 0m 30s)

---------------  T H R E A D  ---------------

Current thread (0x0000026511da2520):  JavaThread "C2 CompilerThread1" daemon [_thread_in_native, id=42224, stack(0x000000d104f00000,0x000000d105000000) (1024K)]


Current CompileTask:
C2:30259 17445       4       com.sun.tools.javac.code.Symtab::enterClass (71 bytes)

Stack: [0x000000d104f00000,0x000000d105000000]
Native frames: (J=compiled Java code, j=interpreted, Vv=VM code, C=native code)
V  [jvm.dll+0x6d6c99]
V  [jvm.dll+0x866b83]
V  [jvm.dll+0x8691ae]
V  [jvm.dll+0x869893]
V  [jvm.dll+0x280776]
V  [jvm.dll+0xc07cd]
V  [jvm.dll+0xc0d03]
V  [jvm.dll+0x3b9831]
V  [jvm.dll+0x3856a7]
V  [jvm.dll+0x384b1a]
V  [jvm.dll+0x249462]
V  [jvm.dll+0x248a31]
V  [jvm.dll+0x1c7344]
V  [jvm.dll+0x2581ae]
V  [jvm.dll+0x2566f6]
V  [jvm.dll+0x3f48a6]
V  [jvm.dll+0x80f118]
V  [jvm.dll+0x6d54ed]
C  [ucrtbase.dll+0x37b0]
C  [KERNEL32.DLL+0x2e8d7]
C  [ntdll.dll+0x8c3fc]


---------------  P R O C E S S  ---------------

Threads class SMR info:
_java_thread_list=0x0000026519276470, length=191, elements={
0x00000265723dd540, 0x0000026579358fa0, 0x0000026579359a00, 0x000002657935a460,
0x0000026579365d70, 0x000002657939f070, 0x00000265793a0d90, 0x00000265793a2800,
0x00000265793a3260, 0x00000265793a3d00, 0x0000026579676480, 0x000002657eff6a40,
0x000002657f9dfe80, 0x000002657fa8a610, 0x000002657ed8f200, 0x000002657ed8f870,
0x000002657fd46fd0, 0x000002657fd48380, 0x000002657fd46940, 0x000002657fd45c20,
0x000002657fd47cf0, 0x000002657fd45590, 0x000002657fd47660, 0x000002657fd48a10,
0x000002657fdf24a0, 0x000002657fdf3850, 0x000002657fdf1780, 0x000002657fdf2b30,
0x000002657fdf3ee0, 0x000002657fdf4570, 0x0000026510af02f0, 0x0000026510aee220,
0x0000026510af0980, 0x0000026510aef5d0, 0x0000026510af23c0, 0x0000026510af1d30,
0x0000026510aeef40, 0x0000026510af2a50, 0x0000026510aefc60, 0x0000026510af3770,
0x0000026510af3e00, 0x0000026510af4490, 0x0000026510af4b20, 0x0000026510af51b0,
0x00000265118ae040, 0x00000265118af3f0, 0x00000265118abf70, 0x00000265118aed60,
0x00000265118afa80, 0x00000265118ae6d0, 0x00000265118ad9b0, 0x00000265118ac600,
0x00000265118b0110, 0x00000265118acc90, 0x00000265118b07a0, 0x00000265118ad320,
0x00000265118b2f00, 0x00000265118b0e30, 0x00000265118b14c0, 0x00000265118b21e0,
0x00000265118b1b50, 0x00000265118b2870, 0x00000265118b3590, 0x00000265127f37b0,
0x00000265127f3120, 0x00000265127f4b60, 0x00000265127f44d0, 0x00000265127f2400,
0x00000265127f3e40, 0x00000265127f16e0, 0x00000265127f51f0, 0x00000265127f2a90,
0x00000265127f5880, 0x00000265127f7950, 0x000002657efbcbe0, 0x00000265127f5f10,
0x00000265127f6c30, 0x0000026511da2520, 0x0000026511b4bd80, 0x0000026511b4caa0,
0x0000026511b4eb70, 0x0000026511b4b6f0, 0x0000026511b4c410, 0x0000026511b4de50,
0x0000026511b505b0, 0x0000026511b4f890, 0x0000026511b4ff20, 0x0000026511b4d7c0,
0x0000026511b4f200, 0x0000026511b4d130, 0x0000026511b512d0, 0x0000026511b52680,
0x0000026511b51960, 0x0000026511b50c40, 0x0000026511b4e4e0, 0x0000026511b51ff0,
0x0000026512eaf550, 0x0000026512ead480, 0x0000026512eae1a0, 0x0000026512eadb10,
0x0000026512eaeec0, 0x0000026512eae830, 0x0000026512eac0d0, 0x0000026512eac760,
0x000002657efc4200, 0x000002657efc1aa0, 0x00000265127f8670, 0x0000026511489340,
0x0000026511488cb0, 0x0000026511487f90, 0x0000026511488620, 0x00000265114899d0,
0x0000026511487270, 0x000002651148a060, 0x0000026511487900, 0x000002651134f330,
0x0000026511350050, 0x0000026511350d70, 0x0000026511351400, 0x0000026511351a90,
0x0000026511352120, 0x00000265113527b0, 0x0000026511352e40, 0x000002651134f9c0,
0x0000026511353b60, 0x00000265113541f0, 0x00000265139e1a50, 0x00000265139d4ee0,
0x00000265139d7cd0, 0x00000265139d7640, 0x00000265139d6920, 0x00000265139d8360,
0x00000265139d89f0, 0x00000265139d5c00, 0x00000265139d9080, 0x00000265139d9710,
0x00000265139d6290, 0x00000265139daac0, 0x000002651148b410, 0x000002651148d4e0,
0x000002651148db70, 0x000002651148baa0, 0x00000265113534d0, 0x00000265113506e0,
0x0000026511354880, 0x0000026511356950, 0x0000026511354f10, 0x00000265113555a0,
0x0000026511355c30, 0x00000265113562c0, 0x00000265196e1260, 0x00000265196e39c0,
0x00000265196e4050, 0x00000265196e2ca0, 0x00000265196e0bd0, 0x00000265196e18f0,
0x00000265196e3330, 0x00000265196e2610, 0x00000265196e46e0, 0x00000265196e4d70,
0x00000265196e5400, 0x00000265196e1f80, 0x00000265196e67b0, 0x00000265196e6e40,
0x00000265196e8880, 0x00000265196e8f10, 0x00000265196e5a90, 0x00000265196e7b60,
0x00000265196e81f0, 0x00000265196e95a0, 0x00000265196e6120, 0x00000265196ec390,
0x00000265196ed0b0, 0x00000265196e9c30, 0x00000265196ea2c0, 0x00000265196ea950,
0x00000265196e74d0, 0x00000265196ebd00, 0x00000265196eca20, 0x00000265196eddd0,
0x00000265196ee460, 0x00000265196eb670, 0x00000265196ed740, 0x00000265196eafe0,
0x00000265196efea0, 0x00000265196eeaf0, 0x00000265196ef180, 0x00000265196ef810,
0x00000265139d6fb0, 0x00000265139db150, 0x00000265139de5d0
}

Java Threads: ( => current thread )
  0x00000265723dd540 JavaThread "main"                              [_thread_blocked, id=36640, stack(0x000000d103d00000,0x000000d103e00000) (1024K)]
  0x0000026579358fa0 JavaThread "Common-Cleaner"             daemon [_thread_blocked, id=40136, stack(0x000000d104500000,0x000000d104600000) (1024K)]
  0x0000026579359a00 JavaThread "Reference Handler"          daemon [_thread_blocked, id=23268, stack(0x000000d104600000,0x000000d104700000) (1024K)]
  0x000002657935a460 JavaThread "Finalizer"                  daemon [_thread_blocked, id=42124, stack(0x000000d104700000,0x000000d104800000) (1024K)]
  0x0000026579365d70 JavaThread "Signal Dispatcher"          daemon [_thread_blocked, id=29280, stack(0x000000d104800000,0x000000d104900000) (1024K)]
  0x000002657939f070 JavaThread "Attach Listener"            daemon [_thread_blocked, id=42460, stack(0x000000d104900000,0x000000d104a00000) (1024K)]
  0x00000265793a0d90 JavaThread "Service Thread"             daemon [_thread_blocked, id=42324, stack(0x000000d104a00000,0x000000d104b00000) (1024K)]
  0x00000265793a2800 JavaThread "Monitor Deflation Thread"   daemon [_thread_blocked, id=42284, stack(0x000000d104b00000,0x000000d104c00000) (1024K)]
  0x00000265793a3260 JavaThread "C2 CompilerThread0"         daemon [_thread_blocked, id=41652, stack(0x000000d104c00000,0x000000d104d00000) (1024K)]
  0x00000265793a3d00 JavaThread "C1 CompilerThread0"         daemon [_thread_blocked, id=42308, stack(0x000000d104d00000,0x000000d104e00000) (1024K)]
  0x0000026579676480 JavaThread "Notification Thread"        daemon [_thread_blocked, id=41616, stack(0x000000d104e00000,0x000000d104f00000) (1024K)]
  0x000002657eff6a40 JavaThread "Daemon health stats"               [_thread_blocked, id=37676, stack(0x000000d105500000,0x000000d105600000) (1024K)]
  0x000002657f9dfe80 JavaThread "Incoming local TCP Connector on port 55596"        [_thread_in_native, id=40988, stack(0x000000d105600000,0x000000d105700000) (1024K)]
  0x000002657fa8a610 JavaThread "Daemon periodic checks"            [_thread_blocked, id=41972, stack(0x000000d105700000,0x000000d105800000) (1024K)]
  0x000002657ed8f200 JavaThread "Daemon"                            [_thread_blocked, id=42684, stack(0x000000d105800000,0x000000d105900000) (1024K)]
  0x000002657ed8f870 JavaThread "Handler for socket connection from /127.0.0.1:55596 to /127.0.0.1:55597"        [_thread_in_native, id=42696, stack(0x000000d105900000,0x000000d105a00000) (1024K)]
  0x000002657fd46fd0 JavaThread "Cancel handler"                    [_thread_blocked, id=42676, stack(0x000000d105a00000,0x000000d105b00000) (1024K)]
  0x000002657fd48380 JavaThread "Daemon worker"                     [_thread_blocked, id=3192, stack(0x000000d105b00000,0x000000d105c00000) (1024K)]
  0x000002657fd46940 JavaThread "Asynchronous log dispatcher for DefaultDaemonConnection: socket connection from /127.0.0.1:55596 to /127.0.0.1:55597"        [_thread_blocked, id=16476, stack(0x000000d105c00000,0x000000d105d00000) (1024K)]
  0x000002657fd45c20 JavaThread "Stdin handler"                     [_thread_blocked, id=30796, stack(0x000000d105d00000,0x000000d105e00000) (1024K)]
  0x000002657fd47cf0 JavaThread "Daemon client event forwarder"        [_thread_blocked, id=25564, stack(0x000000d106400000,0x000000d106500000) (1024K)]
  0x000002657fd45590 JavaThread "Cache worker for journal cache (C:\Users\DELL\.gradle\caches\journal-1)"        [_thread_blocked, id=35084, stack(0x000000d106500000,0x000000d106600000) (1024K)]
  0x000002657fd47660 JavaThread "File lock request listener"        [_thread_in_native, id=420, stack(0x000000d106700000,0x000000d106800000) (1024K)]
  0x000002657fd48a10 JavaThread "Cache worker for file hash cache (C:\Users\DELL\.gradle\caches\9.3.1\fileHashes)"        [_thread_blocked, id=42652, stack(0x000000d106800000,0x000000d106900000) (1024K)]
  0x000002657fdf24a0 JavaThread "Cache worker for file hash cache (D:\MEox\UITer\DOAN\Mosco_Megre\Mosco\client\.gradle\9.3.1\fileHashes)"        [_thread_blocked, id=42312, stack(0x000000d106900000,0x000000d106a00000) (1024K)]
  0x000002657fdf3850 JavaThread "Cache worker for Build Output Cleanup Cache (D:\MEox\UITer\DOAN\Mosco_Megre\Mosco\client\.gradle\buildOutputCleanup)"        [_thread_blocked, id=41628, stack(0x000000d106a00000,0x000000d106b00000) (1024K)]
  0x000002657fdf1780 JavaThread "File watcher server"        daemon [_thread_in_native, id=40984, stack(0x000000d106b00000,0x000000d106c00000) (1024K)]
  0x000002657fdf2b30 JavaThread "File watcher consumer"      daemon [_thread_blocked, id=22572, stack(0x000000d106c00000,0x000000d106d00000) (1024K)]
  0x000002657fdf3ee0 JavaThread "Cache worker for checksums cache (D:\MEox\UITer\DOAN\Mosco_Megre\Mosco\client\.gradle\9.3.1\checksums)"        [_thread_blocked, id=42880, stack(0x000000d106d00000,0x000000d106e00000) (1024K)]
  0x000002657fdf4570 JavaThread "Cache worker for file content cache (C:\Users\DELL\.gradle\caches\9.3.1\fileContent)"        [_thread_blocked, id=41572, stack(0x000000d106e00000,0x000000d106f00000) (1024K)]
  0x0000026510af02f0 JavaThread "Cache worker for cache directory md-supplier (C:\Users\DELL\.gradle\caches\9.3.1\md-supplier)"        [_thread_blocked, id=38260, stack(0x000000d106f00000,0x000000d107000000) (1024K)]
  0x0000026510aee220 JavaThread "Cache worker for cache directory md-rule (C:\Users\DELL\.gradle\caches\9.3.1\md-rule)"        [_thread_blocked, id=42916, stack(0x000000d107000000,0x000000d107100000) (1024K)]
  0x0000026510af0980 JavaThread "jar transforms"                    [_thread_blocked, id=38372, stack(0x000000d107100000,0x000000d107200000) (1024K)]
  0x0000026510aef5d0 JavaThread "Unconstrained build operations"        [_thread_blocked, id=42536, stack(0x000000d106600000,0x000000d106700000) (1024K)]
  0x0000026510af23c0 JavaThread "Unconstrained build operations Thread 2"        [_thread_blocked, id=30620, stack(0x000000d107200000,0x000000d107300000) (1024K)]
  0x0000026510af1d30 JavaThread "Unconstrained build operations Thread 3"        [_thread_blocked, id=25796, stack(0x000000d107300000,0x000000d107400000) (1024K)]
  0x0000026510aeef40 JavaThread "jar transforms Thread 2"           [_thread_blocked, id=40616, stack(0x000000d107400000,0x000000d107500000) (1024K)]
  0x0000026510af2a50 JavaThread "Problems report writer"            [_thread_blocked, id=42532, stack(0x000000d107500000,0x000000d107600000) (1024K)]
  0x0000026510aefc60 JavaThread "jar transforms Thread 3"           [_thread_blocked, id=13508, stack(0x000000d107600000,0x000000d107700000) (1024K)]
  0x0000026510af3770 JavaThread "Unconstrained build operations Thread 4"        [_thread_blocked, id=40132, stack(0x000000d107700000,0x000000d107800000) (1024K)]
  0x0000026510af3e00 JavaThread "Unconstrained build operations Thread 5"        [_thread_blocked, id=12352, stack(0x000000d107800000,0x000000d107900000) (1024K)]
  0x0000026510af4490 JavaThread "Unconstrained build operations Thread 6"        [_thread_blocked, id=42616, stack(0x000000d107900000,0x000000d107a00000) (1024K)]
  0x0000026510af4b20 JavaThread "Unconstrained build operations Thread 7"        [_thread_blocked, id=19816, stack(0x000000d107a00000,0x000000d107b00000) (1024K)]
  0x0000026510af51b0 JavaThread "Unconstrained build operations Thread 8"        [_thread_blocked, id=42496, stack(0x000000d107b00000,0x000000d107c00000) (1024K)]
  0x00000265118ae040 JavaThread "Unconstrained build operations Thread 9"        [_thread_blocked, id=41740, stack(0x000000d107c00000,0x000000d107d00000) (1024K)]
  0x00000265118af3f0 JavaThread "Unconstrained build operations Thread 10"        [_thread_blocked, id=41920, stack(0x000000d107d00000,0x000000d107e00000) (1024K)]
  0x00000265118abf70 JavaThread "Unconstrained build operations Thread 11"        [_thread_blocked, id=42264, stack(0x000000d107e00000,0x000000d107f00000) (1024K)]
  0x00000265118aed60 JavaThread "Unconstrained build operations Thread 12"        [_thread_blocked, id=41140, stack(0x000000d107f00000,0x000000d108000000) (1024K)]
  0x00000265118afa80 JavaThread "Unconstrained build operations Thread 13"        [_thread_blocked, id=41092, stack(0x000000d108000000,0x000000d108100000) (1024K)]
  0x00000265118ae6d0 JavaThread "Unconstrained build operations Thread 14"        [_thread_blocked, id=37508, stack(0x000000d108100000,0x000000d108200000) (1024K)]
  0x00000265118ad9b0 JavaThread "Unconstrained build operations Thread 15"        [_thread_blocked, id=42260, stack(0x000000d108200000,0x000000d108300000) (1024K)]
  0x00000265118ac600 JavaThread "Unconstrained build operations Thread 16"        [_thread_blocked, id=41468, stack(0x000000d108300000,0x000000d108400000) (1024K)]
  0x00000265118b0110 JavaThread "Unconstrained build operations Thread 17"        [_thread_blocked, id=37344, stack(0x000000d108400000,0x000000d108500000) (1024K)]
  0x00000265118acc90 JavaThread "Unconstrained build operations Thread 18"        [_thread_blocked, id=41636, stack(0x000000d108500000,0x000000d108600000) (1024K)]
  0x00000265118b07a0 JavaThread "Unconstrained build operations Thread 19"        [_thread_blocked, id=14496, stack(0x000000d108600000,0x000000d108700000) (1024K)]
  0x00000265118ad320 JavaThread "Unconstrained build operations Thread 20"        [_thread_blocked, id=41956, stack(0x000000d108700000,0x000000d108800000) (1024K)]
  0x00000265118b2f00 JavaThread "Unconstrained build operations Thread 21"        [_thread_blocked, id=39672, stack(0x000000d108800000,0x000000d108900000) (1024K)]
  0x00000265118b0e30 JavaThread "Unconstrained build operations Thread 22"        [_thread_blocked, id=9624, stack(0x000000d108900000,0x000000d108a00000) (1024K)]
  0x00000265118b14c0 JavaThread "Unconstrained build operations Thread 23"        [_thread_blocked, id=40392, stack(0x000000d108a00000,0x000000d108b00000) (1024K)]
  0x00000265118b21e0 JavaThread "Unconstrained build operations Thread 24"        [_thread_blocked, id=41212, stack(0x000000d108b00000,0x000000d108c00000) (1024K)]
  0x00000265118b1b50 JavaThread "Unconstrained build operations Thread 25"        [_thread_blocked, id=42820, stack(0x000000d108c00000,0x000000d108d00000) (1024K)]
  0x00000265118b2870 JavaThread "Unconstrained build operations Thread 26"        [_thread_blocked, id=18780, stack(0x000000d108d00000,0x000000d108e00000) (1024K)]
  0x00000265118b3590 JavaThread "Unconstrained build operations Thread 27"        [_thread_blocked, id=41024, stack(0x000000d108e00000,0x000000d108f00000) (1024K)]
  0x00000265127f37b0 JavaThread "Unconstrained build operations Thread 28"        [_thread_blocked, id=42872, stack(0x000000d108f00000,0x000000d109000000) (1024K)]
  0x00000265127f3120 JavaThread "Unconstrained build operations Thread 29"        [_thread_blocked, id=41976, stack(0x000000d109000000,0x000000d109100000) (1024K)]
  0x00000265127f4b60 JavaThread "Unconstrained build operations Thread 30"        [_thread_blocked, id=11072, stack(0x000000d109100000,0x000000d109200000) (1024K)]
  0x00000265127f44d0 JavaThread "Unconstrained build operations Thread 31"        [_thread_blocked, id=20936, stack(0x000000d109200000,0x000000d109300000) (1024K)]
  0x00000265127f2400 JavaThread "Unconstrained build operations Thread 32"        [_thread_blocked, id=40912, stack(0x000000d109300000,0x000000d109400000) (1024K)]
  0x00000265127f3e40 JavaThread "Unconstrained build operations Thread 33"        [_thread_blocked, id=42960, stack(0x000000d109400000,0x000000d109500000) (1024K)]
  0x00000265127f16e0 JavaThread "Unconstrained build operations Thread 34"        [_thread_blocked, id=42772, stack(0x000000d109500000,0x000000d109600000) (1024K)]
  0x00000265127f51f0 JavaThread "Unconstrained build operations Thread 35"        [_thread_blocked, id=41396, stack(0x000000d109600000,0x000000d109700000) (1024K)]
  0x00000265127f2a90 JavaThread "Unconstrained build operations Thread 36"        [_thread_blocked, id=41752, stack(0x000000d109700000,0x000000d109800000) (1024K)]
  0x00000265127f5880 JavaThread "jar transforms Thread 4"           [_thread_blocked, id=39980, stack(0x000000d109800000,0x000000d109900000) (1024K)]
  0x00000265127f7950 JavaThread "jar transforms Thread 5"           [_thread_blocked, id=23364, stack(0x000000d109900000,0x000000d109a00000) (1024K)]
  0x000002657efbcbe0 JavaThread "Memory manager"                    [_thread_blocked, id=42116, stack(0x000000d109a00000,0x000000d109b00000) (1024K)]
  0x00000265127f5f10 JavaThread "build event listener"              [_thread_blocked, id=29848, stack(0x000000d109b00000,0x000000d109c00000) (1024K)]
  0x00000265127f6c30 JavaThread "jar transforms Thread 6"           [_thread_blocked, id=18972, stack(0x000000d109c00000,0x000000d109d00000) (1024K)]
=>0x0000026511da2520 JavaThread "C2 CompilerThread1"         daemon [_thread_in_native, id=42224, stack(0x000000d104f00000,0x000000d105000000) (1024K)]
  0x0000026511b4bd80 JavaThread "pool-3-thread-1"                   [_thread_blocked, id=40916, stack(0x000000d109d00000,0x000000d109e00000) (1024K)]
  0x0000026511b4caa0 JavaThread "build event listener"              [_thread_blocked, id=15292, stack(0x000000d109e00000,0x000000d109f00000) (1024K)]
  0x0000026511b4eb70 JavaThread "included builds"                   [_thread_in_vm, id=40680, stack(0x000000d109f00000,0x000000d10a000000) (1024K)]
  0x0000026511b4b6f0 JavaThread "Execution worker"                  [_thread_blocked, id=39100, stack(0x000000d10a000000,0x000000d10a100000) (1024K)]
  0x0000026511b4c410 JavaThread "Execution worker Thread 2"         [_thread_blocked, id=42528, stack(0x000000d10a100000,0x000000d10a200000) (1024K)]
  0x0000026511b4de50 JavaThread "Execution worker Thread 3"         [_thread_blocked, id=21924, stack(0x000000d10a200000,0x000000d10a300000) (1024K)]
  0x0000026511b505b0 JavaThread "Execution worker Thread 4"         [_thread_blocked, id=15960, stack(0x000000d10a300000,0x000000d10a400000) (1024K)]
  0x0000026511b4f890 JavaThread "Execution worker Thread 5"         [_thread_blocked, id=41316, stack(0x000000d10a400000,0x000000d10a500000) (1024K)]
  0x0000026511b4ff20 JavaThread "Execution worker Thread 6"         [_thread_blocked, id=19876, stack(0x000000d10a500000,0x000000d10a600000) (1024K)]
  0x0000026511b4d7c0 JavaThread "Execution worker Thread 7"         [_thread_blocked, id=12400, stack(0x000000d10a600000,0x000000d10a700000) (1024K)]
  0x0000026511b4f200 JavaThread "Execution worker Thread 8"         [_thread_blocked, id=42200, stack(0x000000d10a700000,0x000000d10a800000) (1024K)]
  0x0000026511b4d130 JavaThread "Execution worker Thread 9"         [_thread_blocked, id=4612, stack(0x000000d10a800000,0x000000d10a900000) (1024K)]
  0x0000026511b512d0 JavaThread "Execution worker Thread 10"        [_thread_blocked, id=41048, stack(0x000000d10a900000,0x000000d10aa00000) (1024K)]
  0x0000026511b52680 JavaThread "Execution worker Thread 11"        [_thread_blocked, id=35756, stack(0x000000d10aa00000,0x000000d10ab00000) (1024K)]
  0x0000026511b51960 JavaThread "Cache worker for execution history cache (D:\MEox\UITer\DOAN\Mosco_Megre\Mosco\client\.gradle\9.3.1\executionHistory)"        [_thread_blocked, id=2632, stack(0x000000d10ab00000,0x000000d10ac00000) (1024K)]
  0x0000026511b50c40 JavaThread "Unconstrained build operations Thread 37"        [_thread_blocked, id=12344, stack(0x000000d10ad00000,0x000000d10ae00000) (1024K)]
  0x0000026511b4e4e0 JavaThread "Unconstrained build operations Thread 38"        [_thread_blocked, id=20932, stack(0x000000d10ae00000,0x000000d10af00000) (1024K)]
  0x0000026511b51ff0 JavaThread "Unconstrained build operations Thread 39"        [_thread_blocked, id=32652, stack(0x000000d10af00000,0x000000d10b000000) (1024K)]
  0x0000026512eaf550 JavaThread "Unconstrained build operations Thread 40"        [_thread_blocked, id=41184, stack(0x000000d10b000000,0x000000d10b100000) (1024K)]
  0x0000026512ead480 JavaThread "Unconstrained build operations Thread 41"        [_thread_blocked, id=37216, stack(0x000000d10b100000,0x000000d10b200000) (1024K)]
  0x0000026512eae1a0 JavaThread "Unconstrained build operations Thread 42"        [_thread_blocked, id=42844, stack(0x000000d10b200000,0x000000d10b300000) (1024K)]
  0x0000026512eadb10 JavaThread "Unconstrained build operations Thread 43"        [_thread_blocked, id=7844, stack(0x000000d10b300000,0x000000d10b400000) (1024K)]
  0x0000026512eaeec0 JavaThread "Unconstrained build operations Thread 44"        [_thread_blocked, id=21048, stack(0x000000d10b400000,0x000000d10b500000) (1024K)]
  0x0000026512eae830 JavaThread "Unconstrained build operations Thread 45"        [_thread_blocked, id=26000, stack(0x000000d10b500000,0x000000d10b600000) (1024K)]
  0x0000026512eac0d0 JavaThread "Unconstrained build operations Thread 46"        [_thread_blocked, id=18096, stack(0x000000d10b600000,0x000000d10b700000) (1024K)]
  0x0000026512eac760 JavaThread "Unconstrained build operations Thread 47"        [_thread_blocked, id=40764, stack(0x000000d10b700000,0x000000d10b800000) (1024K)]
  0x000002657efc4200 JavaThread "Unconstrained build operations Thread 48"        [_thread_blocked, id=2576, stack(0x000000d10b800000,0x000000d10b900000) (1024K)]
  0x000002657efc1aa0 JavaThread "Unconstrained build operations Thread 49"        [_thread_blocked, id=41256, stack(0x000000d10b900000,0x000000d10ba00000) (1024K)]
  0x00000265127f8670 JavaThread "Unconstrained build operations Thread 50"        [_thread_blocked, id=40748, stack(0x000000d10ba00000,0x000000d10bb00000) (1024K)]
  0x0000026511489340 JavaThread "Unconstrained build operations Thread 51"        [_thread_blocked, id=31048, stack(0x000000d10bb00000,0x000000d10bc00000) (1024K)]
  0x0000026511488cb0 JavaThread "Unconstrained build operations Thread 52"        [_thread_blocked, id=41672, stack(0x000000d10bc00000,0x000000d10bd00000) (1024K)]
  0x0000026511487f90 JavaThread "Unconstrained build operations Thread 53"        [_thread_blocked, id=42672, stack(0x000000d10bd00000,0x000000d10be00000) (1024K)]
  0x0000026511488620 JavaThread "Unconstrained build operations Thread 54"        [_thread_blocked, id=3448, stack(0x000000d10be00000,0x000000d10bf00000) (1024K)]
  0x00000265114899d0 JavaThread "Unconstrained build operations Thread 55"        [_thread_blocked, id=42660, stack(0x000000d10bf00000,0x000000d10c000000) (1024K)]
  0x0000026511487270 JavaThread "Unconstrained build operations Thread 56"        [_thread_blocked, id=42668, stack(0x000000d10c000000,0x000000d10c100000) (1024K)]
  0x000002651148a060 JavaThread "Unconstrained build operations Thread 57"        [_thread_blocked, id=42600, stack(0x000000d10c100000,0x000000d10c200000) (1024K)]
  0x0000026511487900 JavaThread "Unconstrained build operations Thread 58"        [_thread_blocked, id=27080, stack(0x000000d10c200000,0x000000d10c300000) (1024K)]
  0x000002651134f330 JavaThread "Unconstrained build operations Thread 59"        [_thread_blocked, id=38772, stack(0x000000d10c300000,0x000000d10c400000) (1024K)]
  0x0000026511350050 JavaThread "Unconstrained build operations Thread 60"        [_thread_blocked, id=32772, stack(0x000000d10c400000,0x000000d10c500000) (1024K)]
  0x0000026511350d70 JavaThread "Unconstrained build operations Thread 61"        [_thread_blocked, id=42892, stack(0x000000d10c500000,0x000000d10c600000) (1024K)]
  0x0000026511351400 JavaThread "Unconstrained build operations Thread 62"        [_thread_blocked, id=42416, stack(0x000000d10c600000,0x000000d10c700000) (1024K)]
  0x0000026511351a90 JavaThread "Unconstrained build operations Thread 63"        [_thread_blocked, id=32756, stack(0x000000d10c700000,0x000000d10c800000) (1024K)]
  0x0000026511352120 JavaThread "Unconstrained build operations Thread 64"        [_thread_blocked, id=7444, stack(0x000000d10c800000,0x000000d10c900000) (1024K)]
  0x00000265113527b0 JavaThread "Unconstrained build operations Thread 65"        [_thread_blocked, id=41696, stack(0x000000d10c900000,0x000000d10ca00000) (1024K)]
  0x0000026511352e40 JavaThread "Unconstrained build operations Thread 66"        [_thread_blocked, id=19316, stack(0x000000d10ca00000,0x000000d10cb00000) (1024K)]
  0x000002651134f9c0 JavaThread "Unconstrained build operations Thread 67"        [_thread_blocked, id=41428, stack(0x000000d10cb00000,0x000000d10cc00000) (1024K)]
  0x0000026511353b60 JavaThread "Unconstrained build operations Thread 68"        [_thread_blocked, id=41560, stack(0x000000d10cc00000,0x000000d10cd00000) (1024K)]
  0x00000265113541f0 JavaThread "Unconstrained build operations Thread 69"        [_thread_blocked, id=7968, stack(0x000000d10cd00000,0x000000d10ce00000) (1024K)]
  0x00000265139e1a50 JavaThread "WorkerExecutor Queue"              [_thread_blocked, id=37428, stack(0x000000d10ce00000,0x000000d10cf00000) (1024K)]
  0x00000265139d4ee0 JavaThread "Unconstrained build operations Thread 70"        [_thread_blocked, id=30944, stack(0x000000d10cf00000,0x000000d10d000000) (1024K)]
  0x00000265139d7cd0 JavaThread "Unconstrained build operations Thread 71"        [_thread_blocked, id=12592, stack(0x000000d10d000000,0x000000d10d100000) (1024K)]
  0x00000265139d7640 JavaThread "Unconstrained build operations Thread 72"        [_thread_blocked, id=42868, stack(0x000000d10d100000,0x000000d10d200000) (1024K)]
  0x00000265139d6920 JavaThread "Unconstrained build operations Thread 73"        [_thread_blocked, id=42968, stack(0x000000d10d200000,0x000000d10d300000) (1024K)]
  0x00000265139d8360 JavaThread "Unconstrained build operations Thread 74"        [_thread_blocked, id=41208, stack(0x000000d10d300000,0x000000d10d400000) (1024K)]
  0x00000265139d89f0 JavaThread "Unconstrained build operations Thread 75"        [_thread_blocked, id=37944, stack(0x000000d10d400000,0x000000d10d500000) (1024K)]
  0x00000265139d5c00 JavaThread "Unconstrained build operations Thread 76"        [_thread_blocked, id=42816, stack(0x000000d10d500000,0x000000d10d600000) (1024K)]
  0x00000265139d9080 JavaThread "Unconstrained build operations Thread 77"        [_thread_blocked, id=40808, stack(0x000000d10d600000,0x000000d10d700000) (1024K)]
  0x00000265139d9710 JavaThread "Unconstrained build operations Thread 78"        [_thread_blocked, id=28124, stack(0x000000d10d700000,0x000000d10d800000) (1024K)]
  0x00000265139d6290 JavaThread "Unconstrained build operations Thread 79"        [_thread_blocked, id=40320, stack(0x000000d10d800000,0x000000d10d900000) (1024K)]
  0x00000265139daac0 JavaThread "Unconstrained build operations Thread 80"        [_thread_blocked, id=36716, stack(0x000000d10d900000,0x000000d10da00000) (1024K)]
  0x000002651148b410 JavaThread "Unconstrained build operations Thread 81"        [_thread_blocked, id=42336, stack(0x000000d10da00000,0x000000d10db00000) (1024K)]
  0x000002651148d4e0 JavaThread "WorkerExecutor Queue Thread 2"        [_thread_blocked, id=28092, stack(0x000000d10db00000,0x000000d10dc00000) (1024K)]
  0x000002651148db70 JavaThread "Unconstrained build operations Thread 82"        [_thread_blocked, id=40424, stack(0x000000d10dc00000,0x000000d10dd00000) (1024K)]
  0x000002651148baa0 JavaThread "Unconstrained build operations Thread 83"        [_thread_blocked, id=32996, stack(0x000000d10dd00000,0x000000d10de00000) (1024K)]
  0x00000265113534d0 JavaThread "Unconstrained build operations Thread 84"        [_thread_blocked, id=41152, stack(0x000000d10de00000,0x000000d10df00000) (1024K)]
  0x00000265113506e0 JavaThread "Unconstrained build operations Thread 85"        [_thread_blocked, id=41816, stack(0x000000d10df00000,0x000000d10e000000) (1024K)]
  0x0000026511354880 JavaThread "Unconstrained build operations Thread 86"        [_thread_blocked, id=40668, stack(0x000000d10e000000,0x000000d10e100000) (1024K)]
  0x0000026511356950 JavaThread "Unconstrained build operations Thread 87"        [_thread_blocked, id=25492, stack(0x000000d10e100000,0x000000d10e200000) (1024K)]
  0x0000026511354f10 JavaThread "Unconstrained build operations Thread 88"        [_thread_blocked, id=42944, stack(0x000000d10e200000,0x000000d10e300000) (1024K)]
  0x00000265113555a0 JavaThread "Unconstrained build operations Thread 89"        [_thread_blocked, id=41600, stack(0x000000d10e300000,0x000000d10e400000) (1024K)]
  0x0000026511355c30 JavaThread "Unconstrained build operations Thread 90"        [_thread_blocked, id=42940, stack(0x000000d10e400000,0x000000d10e500000) (1024K)]
  0x00000265113562c0 JavaThread "Unconstrained build operations Thread 91"        [_thread_blocked, id=42004, stack(0x000000d10e500000,0x000000d10e600000) (1024K)]
  0x00000265196e1260 JavaThread "Unconstrained build operations Thread 92"        [_thread_blocked, id=3780, stack(0x000000d10e600000,0x000000d10e700000) (1024K)]
  0x00000265196e39c0 JavaThread "Unconstrained build operations Thread 93"        [_thread_blocked, id=3572, stack(0x000000d10e700000,0x000000d10e800000) (1024K)]
  0x00000265196e4050 JavaThread "Unconstrained build operations Thread 94"        [_thread_blocked, id=42976, stack(0x000000d10e800000,0x000000d10e900000) (1024K)]
  0x00000265196e2ca0 JavaThread "Unconstrained build operations Thread 95"        [_thread_blocked, id=41360, stack(0x000000d10e900000,0x000000d10ea00000) (1024K)]
  0x00000265196e0bd0 JavaThread "Unconstrained build operations Thread 96"        [_thread_blocked, id=41088, stack(0x000000d10ea00000,0x000000d10eb00000) (1024K)]
  0x00000265196e18f0 JavaThread "Unconstrained build operations Thread 97"        [_thread_blocked, id=37168, stack(0x000000d10eb00000,0x000000d10ec00000) (1024K)]
  0x00000265196e3330 JavaThread "Unconstrained build operations Thread 98"        [_thread_blocked, id=41860, stack(0x000000d10ec00000,0x000000d10ed00000) (1024K)]
  0x00000265196e2610 JavaThread "Unconstrained build operations Thread 99"        [_thread_blocked, id=32584, stack(0x000000d10ed00000,0x000000d10ee00000) (1024K)]
  0x00000265196e46e0 JavaThread "Unconstrained build operations Thread 100"        [_thread_blocked, id=39984, stack(0x000000d10ee00000,0x000000d10ef00000) (1024K)]
  0x00000265196e4d70 JavaThread "Unconstrained build operations Thread 101"        [_thread_blocked, id=37956, stack(0x000000d10ef00000,0x000000d10f000000) (1024K)]
  0x00000265196e5400 JavaThread "Unconstrained build operations Thread 102"        [_thread_blocked, id=5244, stack(0x000000d10f000000,0x000000d10f100000) (1024K)]
  0x00000265196e1f80 JavaThread "Unconstrained build operations Thread 103"        [_thread_blocked, id=40108, stack(0x000000d10f100000,0x000000d10f200000) (1024K)]
  0x00000265196e67b0 JavaThread "Unconstrained build operations Thread 104"        [_thread_blocked, id=41604, stack(0x000000d10f200000,0x000000d10f300000) (1024K)]
  0x00000265196e6e40 JavaThread "Unconstrained build operations Thread 105"        [_thread_blocked, id=42084, stack(0x000000d10f300000,0x000000d10f400000) (1024K)]
  0x00000265196e8880 JavaThread "Unconstrained build operations Thread 106"        [_thread_blocked, id=42068, stack(0x000000d10f400000,0x000000d10f500000) (1024K)]
  0x00000265196e8f10 JavaThread "Unconstrained build operations Thread 107"        [_thread_blocked, id=28940, stack(0x000000d10f500000,0x000000d10f600000) (1024K)]
  0x00000265196e5a90 JavaThread "Unconstrained build operations Thread 108"        [_thread_blocked, id=41144, stack(0x000000d10f600000,0x000000d10f700000) (1024K)]
  0x00000265196e7b60 JavaThread "Unconstrained build operations Thread 109"        [_thread_blocked, id=42804, stack(0x000000d10f700000,0x000000d10f800000) (1024K)]
  0x00000265196e81f0 JavaThread "Unconstrained build operations Thread 110"        [_thread_blocked, id=28204, stack(0x000000d10f800000,0x000000d10f900000) (1024K)]
  0x00000265196e95a0 JavaThread "Unconstrained build operations Thread 111"        [_thread_blocked, id=42800, stack(0x000000d10f900000,0x000000d10fa00000) (1024K)]
  0x00000265196e6120 JavaThread "Unconstrained build operations Thread 112"        [_thread_blocked, id=13380, stack(0x000000d10fa00000,0x000000d10fb00000) (1024K)]
  0x00000265196ec390 JavaThread "Unconstrained build operations Thread 113"        [_thread_blocked, id=42700, stack(0x000000d10fb00000,0x000000d10fc00000) (1024K)]
  0x00000265196ed0b0 JavaThread "Unconstrained build operations Thread 114"        [_thread_blocked, id=42076, stack(0x000000d10fc00000,0x000000d10fd00000) (1024K)]
  0x00000265196e9c30 JavaThread "Unconstrained build operations Thread 115"        [_thread_blocked, id=15664, stack(0x000000d10ac00000,0x000000d10ad00000) (1024K)]
  0x00000265196ea2c0 JavaThread "Unconstrained build operations Thread 116"        [_thread_blocked, id=42388, stack(0x000000d10fd00000,0x000000d10fe00000) (1024K)]
  0x00000265196ea950 JavaThread "Unconstrained build operations Thread 117"        [_thread_blocked, id=25568, stack(0x000000d10fe00000,0x000000d10ff00000) (1024K)]
  0x00000265196e74d0 JavaThread "Unconstrained build operations Thread 118"        [_thread_blocked, id=22312, stack(0x000000d10ff00000,0x000000d110000000) (1024K)]
  0x00000265196ebd00 JavaThread "Unconstrained build operations Thread 119"        [_thread_blocked, id=40064, stack(0x000000d110000000,0x000000d110100000) (1024K)]
  0x00000265196eca20 JavaThread "Unconstrained build operations Thread 120"        [_thread_blocked, id=42156, stack(0x000000d110100000,0x000000d110200000) (1024K)]
  0x00000265196eddd0 JavaThread "Cache worker for Java compile cache (C:\Users\DELL\.gradle\caches\9.3.1\javaCompile)"        [_thread_blocked, id=16940, stack(0x000000d110300000,0x000000d110400000) (1024K)]
  0x00000265196ee460 JavaThread "Build operations"                  [_thread_blocked, id=42252, stack(0x000000d110400000,0x000000d110500000) (1024K)]
  0x00000265196eb670 JavaThread "Build operations Thread 2"         [_thread_blocked, id=41220, stack(0x000000d110500000,0x000000d110600000) (1024K)]
  0x00000265196ed740 JavaThread "Build operations Thread 3"         [_thread_blocked, id=42552, stack(0x000000d110600000,0x000000d110700000) (1024K)]
  0x00000265196eafe0 JavaThread "Build operations Thread 4"         [_thread_blocked, id=34168, stack(0x000000d110700000,0x000000d110800000) (1024K)]
  0x00000265196efea0 JavaThread "Build operations Thread 5"         [_thread_blocked, id=38412, stack(0x000000d110800000,0x000000d110900000) (1024K)]
  0x00000265196eeaf0 JavaThread "Build operations Thread 6"         [_thread_blocked, id=42248, stack(0x000000d110900000,0x000000d110a00000) (1024K)]
  0x00000265196ef180 JavaThread "Build operations Thread 7"         [_thread_blocked, id=42396, stack(0x000000d110a00000,0x000000d110b00000) (1024K)]
  0x00000265196ef810 JavaThread "Build operations Thread 8"         [_thread_blocked, id=23116, stack(0x000000d110b00000,0x000000d110c00000) (1024K)]
  0x00000265139d6fb0 JavaThread "Build operations Thread 9"         [_thread_blocked, id=9292, stack(0x000000d110c00000,0x000000d110d00000) (1024K)]
  0x00000265139db150 JavaThread "Build operations Thread 10"        [_thread_blocked, id=41016, stack(0x000000d110d00000,0x000000d110e00000) (1024K)]
  0x00000265139de5d0 JavaThread "Build operations Thread 11"        [_thread_blocked, id=40544, stack(0x000000d110e00000,0x000000d110f00000) (1024K)]
Total: 191

Other Threads:
  0x0000026579292920 VMThread "VM Thread"                           [id=4960, stack(0x000000d104400000,0x000000d104500000) (1024K)]
  0x0000026579145a70 WatcherThread "VM Periodic Task Thread"        [id=36516, stack(0x000000d104300000,0x000000d104400000) (1024K)]
  0x0000026572408c80 WorkerThread "GC Thread#0"                     [id=4368, stack(0x000000d103e00000,0x000000d103f00000) (1024K)]
  0x0000026579292580 WorkerThread "GC Thread#1"                     [id=21960, stack(0x000000d105000000,0x000000d105100000) (1024K)]
  0x0000026579292cc0 WorkerThread "GC Thread#2"                     [id=28892, stack(0x000000d105100000,0x000000d105200000) (1024K)]
  0x0000026579291e40 WorkerThread "GC Thread#3"                     [id=17816, stack(0x000000d105200000,0x000000d105300000) (1024K)]
  0x0000026579291360 WorkerThread "GC Thread#4"                     [id=42620, stack(0x000000d105300000,0x000000d105400000) (1024K)]
  0x0000026579291700 WorkerThread "GC Thread#5"                     [id=12156, stack(0x000000d105400000,0x000000d105500000) (1024K)]
  0x000002657f5d3150 WorkerThread "GC Thread#6"                     [id=41940, stack(0x000000d105e00000,0x000000d105f00000) (1024K)]
  0x000002657f5d2db0 WorkerThread "GC Thread#7"                     [id=41460, stack(0x000000d105f00000,0x000000d106000000) (1024K)]
  0x000002657f5d0230 WorkerThread "GC Thread#8"                     [id=19884, stack(0x000000d106000000,0x000000d106100000) (1024K)]
  0x000002657f5cf750 WorkerThread "GC Thread#9"                     [id=42732, stack(0x000000d106100000,0x000000d106200000) (1024K)]
  0x000002657240e380 ConcurrentGCThread "G1 Main Marker"            [id=32444, stack(0x000000d103f00000,0x000000d104000000) (1024K)]
  0x000002657240f060 WorkerThread "G1 Conc#0"                       [id=42632, stack(0x000000d104000000,0x000000d104100000) (1024K)]
  0x000002657f5cfaf0 WorkerThread "G1 Conc#1"                       [id=42736, stack(0x000000d106200000,0x000000d106300000) (1024K)]
  0x000002657f5cfe90 WorkerThread "G1 Conc#2"                       [id=42712, stack(0x000000d106300000,0x000000d106400000) (1024K)]
  0x0000026579019640 ConcurrentGCThread "G1 Refine#0"               [id=32536, stack(0x000000d104100000,0x000000d104200000) (1024K)]
  0x0000026579019e60 ConcurrentGCThread "G1 Service"                [id=41852, stack(0x000000d104200000,0x000000d104300000) (1024K)]
Total: 18

Threads with active compile tasks:
C2 CompilerThread1  30291 17445       4       com.sun.tools.javac.code.Symtab::enterClass (71 bytes)
Total: 1

VM state: not at safepoint (normal execution)

VM Mutex/Monitor currently owned by a thread: None

Heap address: 0x00000000e0000000, size: 512 MB, Compressed Oops mode: 32-bit

CDS archive(s) not mapped
Compressed class space mapped at: 0x0000000100000000-0x0000000140000000, reserved size: 1073741824
Narrow klass base: 0x0000000000000000, Narrow klass shift: 3, Narrow klass range: 0x140000000

GC Precious Log:
 CardTable entry size: 512
 Card Set container configuration: InlinePtr #cards 5 size 8 Array Of Cards #cards 12 size 40 Howl #buckets 4 coarsen threshold 1843 Howl Bitmap #cards 512 size 80 coarsen threshold 460 Card regions per heap region 1 cards per card region 2048
 CPUs: 12 total, 12 available
 Memory: 16068M
 Large Page Support: Disabled
 NUMA Support: Disabled
 Compressed Oops: Enabled (32-bit)
 Heap Region Size: 1M
 Heap Min Capacity: 8M
 Heap Initial Capacity: 252M
 Heap Max Capacity: 512M
 Pre-touch: Disabled
 Parallel Workers: 10
 Concurrent Workers: 3
 Concurrent Refinement Workers: 10
 Periodic GC: Disabled

Heap:
 garbage-first heap   total 306176K, used 245883K [0x00000000e0000000, 0x0000000100000000)
  region size 1024K, 104 young (106496K), 19 survivors (19456K)
 Metaspace       used 134883K, committed 137216K, reserved 1179648K
  class space    used 18492K, committed 19648K, reserved 1048576K

Heap Regions: E=young(eden), S=young(survivor), O=old, HS=humongous(starts), HC=humongous(continues), CS=collection set, F=free, TAMS=top-at-mark-start, PB=parsable bottom
|   0|0x00000000e0000000, 0x00000000e0100000, 0x00000000e0100000|100%|HS|  |TAMS 0x00000000e0000000| PB 0x00000000e0000000| Complete 
|   1|0x00000000e0100000, 0x00000000e0200000, 0x00000000e0200000|100%|HC|  |TAMS 0x00000000e0100000| PB 0x00000000e0100000| Complete 
|   2|0x00000000e0200000, 0x00000000e0300000, 0x00000000e0300000|100%|HC|  |TAMS 0x00000000e0200000| PB 0x00000000e0200000| Complete 
|   3|0x00000000e0300000, 0x00000000e0400000, 0x00000000e0400000|100%|HC|  |TAMS 0x00000000e0300000| PB 0x00000000e0300000| Complete 
|   4|0x00000000e0400000, 0x00000000e0500000, 0x00000000e0500000|100%| O|  |TAMS 0x00000000e0400000| PB 0x00000000e0400000| Untracked 
|   5|0x00000000e0500000, 0x00000000e0600000, 0x00000000e0600000|100%| O|  |TAMS 0x00000000e0500000| PB 0x00000000e0500000| Untracked 
|   6|0x00000000e0600000, 0x00000000e0700000, 0x00000000e0700000|100%|HS|  |TAMS 0x00000000e0600000| PB 0x00000000e0600000| Complete 
|   7|0x00000000e0700000, 0x00000000e0800000, 0x00000000e0800000|100%| O|  |TAMS 0x00000000e0700000| PB 0x00000000e0700000| Untracked 
|   8|0x00000000e0800000, 0x00000000e0900000, 0x00000000e0900000|100%| O|  |TAMS 0x00000000e0800000| PB 0x00000000e0800000| Untracked 
|   9|0x00000000e0900000, 0x00000000e0a00000, 0x00000000e0a00000|100%| O|  |TAMS 0x00000000e0900000| PB 0x00000000e0900000| Untracked 
|  10|0x00000000e0a00000, 0x00000000e0b00000, 0x00000000e0b00000|100%| O|  |TAMS 0x00000000e0a00000| PB 0x00000000e0a00000| Untracked 
|  11|0x00000000e0b00000, 0x00000000e0c00000, 0x00000000e0c00000|100%| O|  |TAMS 0x00000000e0b00000| PB 0x00000000e0b00000| Untracked 
|  12|0x00000000e0c00000, 0x00000000e0d00000, 0x00000000e0d00000|100%| O|  |TAMS 0x00000000e0c00000| PB 0x00000000e0c00000| Untracked 
|  13|0x00000000e0d00000, 0x00000000e0e00000, 0x00000000e0e00000|100%| O|  |TAMS 0x00000000e0d00000| PB 0x00000000e0d00000| Untracked 
|  14|0x00000000e0e00000, 0x00000000e0f00000, 0x00000000e0f00000|100%| O|  |TAMS 0x00000000e0e00000| PB 0x00000000e0e00000| Untracked 
|  15|0x00000000e0f00000, 0x00000000e1000000, 0x00000000e1000000|100%| O|  |TAMS 0x00000000e0f00000| PB 0x00000000e0f00000| Untracked 
|  16|0x00000000e1000000, 0x00000000e1100000, 0x00000000e1100000|100%| O|  |TAMS 0x00000000e1000000| PB 0x00000000e1000000| Untracked 
|  17|0x00000000e1100000, 0x00000000e1200000, 0x00000000e1200000|100%| O|  |TAMS 0x00000000e1100000| PB 0x00000000e1100000| Untracked 
|  18|0x00000000e1200000, 0x00000000e1300000, 0x00000000e1300000|100%| O|  |TAMS 0x00000000e1200000| PB 0x00000000e1200000| Untracked 
|  19|0x00000000e1300000, 0x00000000e1400000, 0x00000000e1400000|100%| O|  |TAMS 0x00000000e1300000| PB 0x00000000e1300000| Untracked 
|  20|0x00000000e1400000, 0x00000000e1500000, 0x00000000e1500000|100%| O|  |TAMS 0x00000000e1400000| PB 0x00000000e1400000| Untracked 
|  21|0x00000000e1500000, 0x00000000e1600000, 0x00000000e1600000|100%| O|  |TAMS 0x00000000e1500000| PB 0x00000000e1500000| Untracked 
|  22|0x00000000e1600000, 0x00000000e1700000, 0x00000000e1700000|100%| O|  |TAMS 0x00000000e1600000| PB 0x00000000e1600000| Untracked 
|  23|0x00000000e1700000, 0x00000000e1800000, 0x00000000e1800000|100%| O|  |TAMS 0x00000000e1700000| PB 0x00000000e1700000| Untracked 
|  24|0x00000000e1800000, 0x00000000e1900000, 0x00000000e1900000|100%| O|  |TAMS 0x00000000e1800000| PB 0x00000000e1800000| Untracked 
|  25|0x00000000e1900000, 0x00000000e1a00000, 0x00000000e1a00000|100%| O|  |TAMS 0x00000000e1900000| PB 0x00000000e1900000| Untracked 
|  26|0x00000000e1a00000, 0x00000000e1b00000, 0x00000000e1b00000|100%| O|  |TAMS 0x00000000e1a00000| PB 0x00000000e1a00000| Untracked 
|  27|0x00000000e1b00000, 0x00000000e1c00000, 0x00000000e1c00000|100%| O|  |TAMS 0x00000000e1b00000| PB 0x00000000e1b00000| Untracked 
|  28|0x00000000e1c00000, 0x00000000e1d00000, 0x00000000e1d00000|100%| O|  |TAMS 0x00000000e1c00000| PB 0x00000000e1c00000| Untracked 
|  29|0x00000000e1d00000, 0x00000000e1e00000, 0x00000000e1e00000|100%| O|  |TAMS 0x00000000e1d00000| PB 0x00000000e1d00000| Untracked 
|  30|0x00000000e1e00000, 0x00000000e1f00000, 0x00000000e1f00000|100%| O|  |TAMS 0x00000000e1e00000| PB 0x00000000e1e00000| Untracked 
|  31|0x00000000e1f00000, 0x00000000e2000000, 0x00000000e2000000|100%| O|  |TAMS 0x00000000e1f00000| PB 0x00000000e1f00000| Untracked 
|  32|0x00000000e2000000, 0x00000000e2100000, 0x00000000e2100000|100%| O|  |TAMS 0x00000000e2000000| PB 0x00000000e2000000| Untracked 
|  33|0x00000000e2100000, 0x00000000e2200000, 0x00000000e2200000|100%| O|  |TAMS 0x00000000e2100000| PB 0x00000000e2100000| Untracked 
|  34|0x00000000e2200000, 0x00000000e2300000, 0x00000000e2300000|100%| O|  |TAMS 0x00000000e2200000| PB 0x00000000e2200000| Untracked 
|  35|0x00000000e2300000, 0x00000000e2400000, 0x00000000e2400000|100%| O|  |TAMS 0x00000000e2300000| PB 0x00000000e2300000| Untracked 
|  36|0x00000000e2400000, 0x00000000e2500000, 0x00000000e2500000|100%| O|  |TAMS 0x00000000e2400000| PB 0x00000000e2400000| Untracked 
|  37|0x00000000e2500000, 0x00000000e2600000, 0x00000000e2600000|100%|HS|  |TAMS 0x00000000e2500000| PB 0x00000000e2500000| Complete 
|  38|0x00000000e2600000, 0x00000000e2700000, 0x00000000e2700000|100%| O|  |TAMS 0x00000000e2600000| PB 0x00000000e2600000| Untracked 
|  39|0x00000000e2700000, 0x00000000e2800000, 0x00000000e2800000|100%| O|  |TAMS 0x00000000e2700000| PB 0x00000000e2700000| Untracked 
|  40|0x00000000e2800000, 0x00000000e2900000, 0x00000000e2900000|100%|HS|  |TAMS 0x00000000e2800000| PB 0x00000000e2800000| Complete 
|  41|0x00000000e2900000, 0x00000000e2a00000, 0x00000000e2a00000|100%| O|  |TAMS 0x00000000e2900000| PB 0x00000000e2900000| Untracked 
|  42|0x00000000e2a00000, 0x00000000e2b00000, 0x00000000e2b00000|100%| O|  |TAMS 0x00000000e2a00000| PB 0x00000000e2a00000| Untracked 
|  43|0x00000000e2b00000, 0x00000000e2c00000, 0x00000000e2c00000|100%| O|  |TAMS 0x00000000e2b00000| PB 0x00000000e2b00000| Untracked 
|  44|0x00000000e2c00000, 0x00000000e2d00000, 0x00000000e2d00000|100%|HS|  |TAMS 0x00000000e2c00000| PB 0x00000000e2c00000| Complete 
|  45|0x00000000e2d00000, 0x00000000e2e00000, 0x00000000e2e00000|100%| O|  |TAMS 0x00000000e2d00000| PB 0x00000000e2d00000| Untracked 
|  46|0x00000000e2e00000, 0x00000000e2f00000, 0x00000000e2f00000|100%| O|  |TAMS 0x00000000e2e00000| PB 0x00000000e2e00000| Untracked 
|  47|0x00000000e2f00000, 0x00000000e3000000, 0x00000000e3000000|100%| O|  |TAMS 0x00000000e2f00000| PB 0x00000000e2f00000| Untracked 
|  48|0x00000000e3000000, 0x00000000e3100000, 0x00000000e3100000|100%| O|  |TAMS 0x00000000e3000000| PB 0x00000000e3000000| Untracked 
|  49|0x00000000e3100000, 0x00000000e3200000, 0x00000000e3200000|100%| O|  |TAMS 0x00000000e3100000| PB 0x00000000e3100000| Untracked 
|  50|0x00000000e3200000, 0x00000000e3300000, 0x00000000e3300000|100%|HS|  |TAMS 0x00000000e3200000| PB 0x00000000e3200000| Complete 
|  51|0x00000000e3300000, 0x00000000e3400000, 0x00000000e3400000|100%|HC|  |TAMS 0x00000000e3300000| PB 0x00000000e3300000| Complete 
|  52|0x00000000e3400000, 0x00000000e3500000, 0x00000000e3500000|100%|HS|  |TAMS 0x00000000e3400000| PB 0x00000000e3400000| Complete 
|  53|0x00000000e3500000, 0x00000000e3600000, 0x00000000e3600000|100%| O|  |TAMS 0x00000000e3500000| PB 0x00000000e3500000| Untracked 
|  54|0x00000000e3600000, 0x00000000e3700000, 0x00000000e3700000|100%|HS|  |TAMS 0x00000000e3600000| PB 0x00000000e3600000| Complete 
|  55|0x00000000e3700000, 0x00000000e3800000, 0x00000000e3800000|100%|HS|  |TAMS 0x00000000e3700000| PB 0x00000000e3700000| Complete 
|  56|0x00000000e3800000, 0x00000000e3900000, 0x00000000e3900000|100%|HS|  |TAMS 0x00000000e3800000| PB 0x00000000e3800000| Complete 
|  57|0x00000000e3900000, 0x00000000e3a00000, 0x00000000e3a00000|100%|HC|  |TAMS 0x00000000e3900000| PB 0x00000000e3900000| Complete 
|  58|0x00000000e3a00000, 0x00000000e3b00000, 0x00000000e3b00000|100%| O|  |TAMS 0x00000000e3a00000| PB 0x00000000e3a00000| Untracked 
|  59|0x00000000e3b00000, 0x00000000e3c00000, 0x00000000e3c00000|100%| O|  |TAMS 0x00000000e3b00000| PB 0x00000000e3b00000| Untracked 
|  60|0x00000000e3c00000, 0x00000000e3d00000, 0x00000000e3d00000|100%| O|  |TAMS 0x00000000e3c00000| PB 0x00000000e3c00000| Untracked 
|  61|0x00000000e3d00000, 0x00000000e3e00000, 0x00000000e3e00000|100%| O|  |TAMS 0x00000000e3d00000| PB 0x00000000e3d00000| Untracked 
|  62|0x00000000e3e00000, 0x00000000e3f00000, 0x00000000e3f00000|100%| O|  |TAMS 0x00000000e3e00000| PB 0x00000000e3e00000| Untracked 
|  63|0x00000000e3f00000, 0x00000000e4000000, 0x00000000e4000000|100%| O|  |TAMS 0x00000000e3f00000| PB 0x00000000e3f00000| Untracked 
|  64|0x00000000e4000000, 0x00000000e4100000, 0x00000000e4100000|100%| O|  |TAMS 0x00000000e4000000| PB 0x00000000e4000000| Untracked 
|  65|0x00000000e4100000, 0x00000000e4200000, 0x00000000e4200000|100%| O|  |TAMS 0x00000000e4100000| PB 0x00000000e4100000| Untracked 
|  66|0x00000000e4200000, 0x00000000e4300000, 0x00000000e4300000|100%|HS|  |TAMS 0x00000000e4200000| PB 0x00000000e4200000| Complete 
|  67|0x00000000e4300000, 0x00000000e4400000, 0x00000000e4400000|100%| O|  |TAMS 0x00000000e4300000| PB 0x00000000e4300000| Untracked 
|  68|0x00000000e4400000, 0x00000000e4500000, 0x00000000e4500000|100%| O|  |TAMS 0x00000000e4400000| PB 0x00000000e4400000| Untracked 
|  69|0x00000000e4500000, 0x00000000e4600000, 0x00000000e4600000|100%| O|  |TAMS 0x00000000e4500000| PB 0x00000000e4500000| Untracked 
|  70|0x00000000e4600000, 0x00000000e4700000, 0x00000000e4700000|100%| O|  |TAMS 0x00000000e4600000| PB 0x00000000e4600000| Untracked 
|  71|0x00000000e4700000, 0x00000000e4800000, 0x00000000e4800000|100%| O|  |TAMS 0x00000000e4700000| PB 0x00000000e4700000| Untracked 
|  72|0x00000000e4800000, 0x00000000e4900000, 0x00000000e4900000|100%| O|  |TAMS 0x00000000e4800000| PB 0x00000000e4800000| Untracked 
|  73|0x00000000e4900000, 0x00000000e4a00000, 0x00000000e4a00000|100%| O|  |TAMS 0x00000000e4900000| PB 0x00000000e4900000| Untracked 
|  74|0x00000000e4a00000, 0x00000000e4b00000, 0x00000000e4b00000|100%| O|  |TAMS 0x00000000e4a00000| PB 0x00000000e4a00000| Untracked 
|  75|0x00000000e4b00000, 0x00000000e4c00000, 0x00000000e4c00000|100%| O|  |TAMS 0x00000000e4b00000| PB 0x00000000e4b00000| Untracked 
|  76|0x00000000e4c00000, 0x00000000e4d00000, 0x00000000e4d00000|100%| O|  |TAMS 0x00000000e4c00000| PB 0x00000000e4c00000| Untracked 
|  77|0x00000000e4d00000, 0x00000000e4e00000, 0x00000000e4e00000|100%| O|  |TAMS 0x00000000e4d00000| PB 0x00000000e4d00000| Untracked 
|  78|0x00000000e4e00000, 0x00000000e4f00000, 0x00000000e4f00000|100%| O|  |TAMS 0x00000000e4e00000| PB 0x00000000e4e00000| Untracked 
|  79|0x00000000e4f00000, 0x00000000e5000000, 0x00000000e5000000|100%| O|  |TAMS 0x00000000e4f00000| PB 0x00000000e4f00000| Untracked 
|  80|0x00000000e5000000, 0x00000000e5100000, 0x00000000e5100000|100%| O|  |TAMS 0x00000000e5000000| PB 0x00000000e5000000| Untracked 
|  81|0x00000000e5100000, 0x00000000e5200000, 0x00000000e5200000|100%| O|  |TAMS 0x00000000e5100000| PB 0x00000000e5100000| Untracked 
|  82|0x00000000e5200000, 0x00000000e5300000, 0x00000000e5300000|100%| O|  |TAMS 0x00000000e5200000| PB 0x00000000e5200000| Untracked 
|  83|0x00000000e5300000, 0x00000000e5400000, 0x00000000e5400000|100%| O|  |TAMS 0x00000000e5300000| PB 0x00000000e5300000| Untracked 
|  84|0x00000000e5400000, 0x00000000e5500000, 0x00000000e5500000|100%| O|  |TAMS 0x00000000e5400000| PB 0x00000000e5400000| Untracked 
|  85|0x00000000e5500000, 0x00000000e5600000, 0x00000000e5600000|100%| O|  |TAMS 0x00000000e5500000| PB 0x00000000e5500000| Untracked 
|  86|0x00000000e5600000, 0x00000000e5700000, 0x00000000e5700000|100%| O|  |TAMS 0x00000000e5600000| PB 0x00000000e5600000| Untracked 
|  87|0x00000000e5700000, 0x00000000e5800000, 0x00000000e5800000|100%| O|  |TAMS 0x00000000e5700000| PB 0x00000000e5700000| Untracked 
|  88|0x00000000e5800000, 0x00000000e5900000, 0x00000000e5900000|100%| O|  |TAMS 0x00000000e5800000| PB 0x00000000e5800000| Untracked 
|  89|0x00000000e5900000, 0x00000000e5a00000, 0x00000000e5a00000|100%| O|  |TAMS 0x00000000e5900000| PB 0x00000000e5900000| Untracked 
|  90|0x00000000e5a00000, 0x00000000e5b00000, 0x00000000e5b00000|100%| O|  |TAMS 0x00000000e5a00000| PB 0x00000000e5a00000| Untracked 
|  91|0x00000000e5b00000, 0x00000000e5c00000, 0x00000000e5c00000|100%| O|  |TAMS 0x00000000e5b00000| PB 0x00000000e5b00000| Untracked 
|  92|0x00000000e5c00000, 0x00000000e5d00000, 0x00000000e5d00000|100%| O|  |TAMS 0x00000000e5c00000| PB 0x00000000e5c00000| Untracked 
|  93|0x00000000e5d00000, 0x00000000e5e00000, 0x00000000e5e00000|100%| O|  |TAMS 0x00000000e5d00000| PB 0x00000000e5d00000| Untracked 
|  94|0x00000000e5e00000, 0x00000000e5f00000, 0x00000000e5f00000|100%| O|  |TAMS 0x00000000e5e00000| PB 0x00000000e5e00000| Untracked 
|  95|0x00000000e5f00000, 0x00000000e6000000, 0x00000000e6000000|100%| O|  |TAMS 0x00000000e5f00000| PB 0x00000000e5f00000| Untracked 
|  96|0x00000000e6000000, 0x00000000e6100000, 0x00000000e6100000|100%| O|  |TAMS 0x00000000e6000000| PB 0x00000000e6000000| Untracked 
|  97|0x00000000e6100000, 0x00000000e6200000, 0x00000000e6200000|100%| O|  |TAMS 0x00000000e6100000| PB 0x00000000e6100000| Untracked 
|  98|0x00000000e6200000, 0x00000000e6300000, 0x00000000e6300000|100%| O|  |TAMS 0x00000000e6200000| PB 0x00000000e6200000| Untracked 
|  99|0x00000000e6300000, 0x00000000e6400000, 0x00000000e6400000|100%| O|  |TAMS 0x00000000e6300000| PB 0x00000000e6300000| Untracked 
| 100|0x00000000e6400000, 0x00000000e6500000, 0x00000000e6500000|100%| O|  |TAMS 0x00000000e6400000| PB 0x00000000e6400000| Untracked 
| 101|0x00000000e6500000, 0x00000000e6600000, 0x00000000e6600000|100%| O|  |TAMS 0x00000000e6500000| PB 0x00000000e6500000| Untracked 
| 102|0x00000000e6600000, 0x00000000e6700000, 0x00000000e6700000|100%| O|  |TAMS 0x00000000e6600000| PB 0x00000000e6600000| Untracked 
| 103|0x00000000e6700000, 0x00000000e6800000, 0x00000000e6800000|100%| O|  |TAMS 0x00000000e6700000| PB 0x00000000e6700000| Untracked 
| 104|0x00000000e6800000, 0x00000000e6900000, 0x00000000e6900000|100%| O|  |TAMS 0x00000000e6800000| PB 0x00000000e6800000| Untracked 
| 105|0x00000000e6900000, 0x00000000e6a00000, 0x00000000e6a00000|100%| O|  |TAMS 0x00000000e6900000| PB 0x00000000e6900000| Untracked 
| 106|0x00000000e6a00000, 0x00000000e6b00000, 0x00000000e6b00000|100%| O|Cm|TAMS 0x00000000e6a00000| PB 0x00000000e6a00000| Complete 
| 107|0x00000000e6b00000, 0x00000000e6c00000, 0x00000000e6c00000|100%| O|  |TAMS 0x00000000e6b00000| PB 0x00000000e6b00000| Untracked 
| 108|0x00000000e6c00000, 0x00000000e6d00000, 0x00000000e6d00000|100%| O|  |TAMS 0x00000000e6c00000| PB 0x00000000e6c00000| Untracked 
| 109|0x00000000e6d00000, 0x00000000e6e00000, 0x00000000e6e00000|100%| O|  |TAMS 0x00000000e6d00000| PB 0x00000000e6d00000| Untracked 
| 110|0x00000000e6e00000, 0x00000000e6f00000, 0x00000000e6f00000|100%| O|  |TAMS 0x00000000e6e00000| PB 0x00000000e6e00000| Untracked 
| 111|0x00000000e6f00000, 0x00000000e7000000, 0x00000000e7000000|100%| O|  |TAMS 0x00000000e6f00000| PB 0x00000000e6f00000| Untracked 
| 112|0x00000000e7000000, 0x00000000e7100000, 0x00000000e7100000|100%| O|  |TAMS 0x00000000e7000000| PB 0x00000000e7000000| Untracked 
| 113|0x00000000e7100000, 0x00000000e7200000, 0x00000000e7200000|100%| O|  |TAMS 0x00000000e7100000| PB 0x00000000e7100000| Untracked 
| 114|0x00000000e7200000, 0x00000000e7300000, 0x00000000e7300000|100%| O|  |TAMS 0x00000000e7200000| PB 0x00000000e7200000| Untracked 
| 115|0x00000000e7300000, 0x00000000e731ede0, 0x00000000e7400000| 12%| O|  |TAMS 0x00000000e7300000| PB 0x00000000e7300000| Untracked 
| 116|0x00000000e7400000, 0x00000000e7500000, 0x00000000e7500000|100%| O|  |TAMS 0x00000000e7400000| PB 0x00000000e7400000| Untracked 
| 117|0x00000000e7500000, 0x00000000e7600000, 0x00000000e7600000|100%| O|  |TAMS 0x00000000e7500000| PB 0x00000000e7500000| Untracked 
| 118|0x00000000e7600000, 0x00000000e7700000, 0x00000000e7700000|100%| O|  |TAMS 0x00000000e7600000| PB 0x00000000e7600000| Untracked 
| 119|0x00000000e7700000, 0x00000000e7800000, 0x00000000e7800000|100%| O|  |TAMS 0x00000000e7700000| PB 0x00000000e7700000| Untracked 
| 120|0x00000000e7800000, 0x00000000e7900000, 0x00000000e7900000|100%| O|Cm|TAMS 0x00000000e7800000| PB 0x00000000e7800000| Complete 
| 121|0x00000000e7900000, 0x00000000e7a00000, 0x00000000e7a00000|100%| O|Cm|TAMS 0x00000000e7900000| PB 0x00000000e7900000| Complete 
| 122|0x00000000e7a00000, 0x00000000e7b00000, 0x00000000e7b00000|100%| O|  |TAMS 0x00000000e7a00000| PB 0x00000000e7a00000| Untracked 
| 123|0x00000000e7b00000, 0x00000000e7b00000, 0x00000000e7c00000|  0%| F|  |TAMS 0x00000000e7b00000| PB 0x00000000e7b00000| Untracked 
| 124|0x00000000e7c00000, 0x00000000e7d00000, 0x00000000e7d00000|100%| O|Cm|TAMS 0x00000000e7c00000| PB 0x00000000e7c00000| Complete 
| 125|0x00000000e7d00000, 0x00000000e7e00000, 0x00000000e7e00000|100%| O|Cm|TAMS 0x00000000e7d00000| PB 0x00000000e7d00000| Complete 
| 126|0x00000000e7e00000, 0x00000000e7f00000, 0x00000000e7f00000|100%| O|  |TAMS 0x00000000e7e00000| PB 0x00000000e7e00000| Untracked 
| 127|0x00000000e7f00000, 0x00000000e8000000, 0x00000000e8000000|100%|HS|  |TAMS 0x00000000e7f00000| PB 0x00000000e7f00000| Complete 
| 128|0x00000000e8000000, 0x00000000e8100000, 0x00000000e8100000|100%|HC|  |TAMS 0x00000000e8000000| PB 0x00000000e8000000| Complete 
| 129|0x00000000e8100000, 0x00000000e8200000, 0x00000000e8200000|100%|HS|  |TAMS 0x00000000e8100000| PB 0x00000000e8100000| Complete 
| 130|0x00000000e8200000, 0x00000000e8300000, 0x00000000e8300000|100%|HC|  |TAMS 0x00000000e8200000| PB 0x00000000e8200000| Complete 
| 131|0x00000000e8300000, 0x00000000e8400000, 0x00000000e8400000|100%| O|  |TAMS 0x00000000e8300000| PB 0x00000000e8300000| Untracked 
| 132|0x00000000e8400000, 0x00000000e8400000, 0x00000000e8500000|  0%| F|  |TAMS 0x00000000e8400000| PB 0x00000000e8400000| Untracked 
| 133|0x00000000e8500000, 0x00000000e8500000, 0x00000000e8600000|  0%| F|  |TAMS 0x00000000e8500000| PB 0x00000000e8500000| Untracked 
| 134|0x00000000e8600000, 0x00000000e8600000, 0x00000000e8700000|  0%| F|  |TAMS 0x00000000e8600000| PB 0x00000000e8600000| Untracked 
| 135|0x00000000e8700000, 0x00000000e8700000, 0x00000000e8800000|  0%| F|  |TAMS 0x00000000e8700000| PB 0x00000000e8700000| Untracked 
| 136|0x00000000e8800000, 0x00000000e8800000, 0x00000000e8900000|  0%| F|  |TAMS 0x00000000e8800000| PB 0x00000000e8800000| Untracked 
| 137|0x00000000e8900000, 0x00000000e8900000, 0x00000000e8a00000|  0%| F|  |TAMS 0x00000000e8900000| PB 0x00000000e8900000| Untracked 
| 138|0x00000000e8a00000, 0x00000000e8a00000, 0x00000000e8b00000|  0%| F|  |TAMS 0x00000000e8a00000| PB 0x00000000e8a00000| Untracked 
| 139|0x00000000e8b00000, 0x00000000e8b00000, 0x00000000e8c00000|  0%| F|  |TAMS 0x00000000e8b00000| PB 0x00000000e8b00000| Untracked 
| 140|0x00000000e8c00000, 0x00000000e8c00000, 0x00000000e8d00000|  0%| F|  |TAMS 0x00000000e8c00000| PB 0x00000000e8c00000| Untracked 
| 141|0x00000000e8d00000, 0x00000000e8d00000, 0x00000000e8e00000|  0%| F|  |TAMS 0x00000000e8d00000| PB 0x00000000e8d00000| Untracked 
| 142|0x00000000e8e00000, 0x00000000e8e00000, 0x00000000e8f00000|  0%| F|  |TAMS 0x00000000e8e00000| PB 0x00000000e8e00000| Untracked 
| 143|0x00000000e8f00000, 0x00000000e8f00000, 0x00000000e9000000|  0%| F|  |TAMS 0x00000000e8f00000| PB 0x00000000e8f00000| Untracked 
| 144|0x00000000e9000000, 0x00000000e9000000, 0x00000000e9100000|  0%| F|  |TAMS 0x00000000e9000000| PB 0x00000000e9000000| Untracked 
| 145|0x00000000e9100000, 0x00000000e9100000, 0x00000000e9200000|  0%| F|  |TAMS 0x00000000e9100000| PB 0x00000000e9100000| Untracked 
| 146|0x00000000e9200000, 0x00000000e9200000, 0x00000000e9300000|  0%| F|  |TAMS 0x00000000e9200000| PB 0x00000000e9200000| Untracked 
| 147|0x00000000e9300000, 0x00000000e9300000, 0x00000000e9400000|  0%| F|  |TAMS 0x00000000e9300000| PB 0x00000000e9300000| Untracked 
| 148|0x00000000e9400000, 0x00000000e9400000, 0x00000000e9500000|  0%| F|  |TAMS 0x00000000e9400000| PB 0x00000000e9400000| Untracked 
| 149|0x00000000e9500000, 0x00000000e9500000, 0x00000000e9600000|  0%| F|  |TAMS 0x00000000e9500000| PB 0x00000000e9500000| Untracked 
| 150|0x00000000e9600000, 0x00000000e9600000, 0x00000000e9700000|  0%| F|  |TAMS 0x00000000e9600000| PB 0x00000000e9600000| Untracked 
| 151|0x00000000e9700000, 0x00000000e9700000, 0x00000000e9800000|  0%| F|  |TAMS 0x00000000e9700000| PB 0x00000000e9700000| Untracked 
| 152|0x00000000e9800000, 0x00000000e9800000, 0x00000000e9900000|  0%| F|  |TAMS 0x00000000e9800000| PB 0x00000000e9800000| Untracked 
| 153|0x00000000e9900000, 0x00000000e9900000, 0x00000000e9a00000|  0%| F|  |TAMS 0x00000000e9900000| PB 0x00000000e9900000| Untracked 
| 154|0x00000000e9a00000, 0x00000000e9a00000, 0x00000000e9b00000|  0%| F|  |TAMS 0x00000000e9a00000| PB 0x00000000e9a00000| Untracked 
| 155|0x00000000e9b00000, 0x00000000e9b00000, 0x00000000e9c00000|  0%| F|  |TAMS 0x00000000e9b00000| PB 0x00000000e9b00000| Untracked 
| 156|0x00000000e9c00000, 0x00000000e9c00000, 0x00000000e9d00000|  0%| F|  |TAMS 0x00000000e9c00000| PB 0x00000000e9c00000| Untracked 
| 157|0x00000000e9d00000, 0x00000000e9d00000, 0x00000000e9e00000|  0%| F|  |TAMS 0x00000000e9d00000| PB 0x00000000e9d00000| Untracked 
| 158|0x00000000e9e00000, 0x00000000e9e00000, 0x00000000e9f00000|  0%| F|  |TAMS 0x00000000e9e00000| PB 0x00000000e9e00000| Untracked 
| 159|0x00000000e9f00000, 0x00000000e9f00000, 0x00000000ea000000|  0%| F|  |TAMS 0x00000000e9f00000| PB 0x00000000e9f00000| Untracked 
| 160|0x00000000ea000000, 0x00000000ea000000, 0x00000000ea100000|  0%| F|  |TAMS 0x00000000ea000000| PB 0x00000000ea000000| Untracked 
| 161|0x00000000ea100000, 0x00000000ea100000, 0x00000000ea200000|  0%| F|  |TAMS 0x00000000ea100000| PB 0x00000000ea100000| Untracked 
| 162|0x00000000ea200000, 0x00000000ea200000, 0x00000000ea300000|  0%| F|  |TAMS 0x00000000ea200000| PB 0x00000000ea200000| Untracked 
| 163|0x00000000ea300000, 0x00000000ea300000, 0x00000000ea400000|  0%| F|  |TAMS 0x00000000ea300000| PB 0x00000000ea300000| Untracked 
| 164|0x00000000ea400000, 0x00000000ea400000, 0x00000000ea500000|  0%| F|  |TAMS 0x00000000ea400000| PB 0x00000000ea400000| Untracked 
| 165|0x00000000ea500000, 0x00000000ea500000, 0x00000000ea600000|  0%| F|  |TAMS 0x00000000ea500000| PB 0x00000000ea500000| Untracked 
| 166|0x00000000ea600000, 0x00000000ea600000, 0x00000000ea700000|  0%| F|  |TAMS 0x00000000ea600000| PB 0x00000000ea600000| Untracked 
| 167|0x00000000ea700000, 0x00000000ea700000, 0x00000000ea800000|  0%| F|  |TAMS 0x00000000ea700000| PB 0x00000000ea700000| Untracked 
| 168|0x00000000ea800000, 0x00000000ea800000, 0x00000000ea900000|  0%| F|  |TAMS 0x00000000ea800000| PB 0x00000000ea800000| Untracked 
| 169|0x00000000ea900000, 0x00000000ea900000, 0x00000000eaa00000|  0%| F|  |TAMS 0x00000000ea900000| PB 0x00000000ea900000| Untracked 
| 170|0x00000000eaa00000, 0x00000000eaa00000, 0x00000000eab00000|  0%| F|  |TAMS 0x00000000eaa00000| PB 0x00000000eaa00000| Untracked 
| 171|0x00000000eab00000, 0x00000000eab00000, 0x00000000eac00000|  0%| F|  |TAMS 0x00000000eab00000| PB 0x00000000eab00000| Untracked 
| 172|0x00000000eac00000, 0x00000000eac00000, 0x00000000ead00000|  0%| F|  |TAMS 0x00000000eac00000| PB 0x00000000eac00000| Untracked 
| 173|0x00000000ead00000, 0x00000000ead00000, 0x00000000eae00000|  0%| F|  |TAMS 0x00000000ead00000| PB 0x00000000ead00000| Untracked 
| 174|0x00000000eae00000, 0x00000000eae00000, 0x00000000eaf00000|  0%| F|  |TAMS 0x00000000eae00000| PB 0x00000000eae00000| Untracked 
| 175|0x00000000eaf00000, 0x00000000eaf00000, 0x00000000eb000000|  0%| F|  |TAMS 0x00000000eaf00000| PB 0x00000000eaf00000| Untracked 
| 176|0x00000000eb000000, 0x00000000eb000000, 0x00000000eb100000|  0%| F|  |TAMS 0x00000000eb000000| PB 0x00000000eb000000| Untracked 
| 177|0x00000000eb100000, 0x00000000eb100000, 0x00000000eb200000|  0%| F|  |TAMS 0x00000000eb100000| PB 0x00000000eb100000| Untracked 
| 178|0x00000000eb200000, 0x00000000eb200000, 0x00000000eb300000|  0%| F|  |TAMS 0x00000000eb200000| PB 0x00000000eb200000| Untracked 
| 179|0x00000000eb300000, 0x00000000eb300000, 0x00000000eb400000|  0%| F|  |TAMS 0x00000000eb300000| PB 0x00000000eb300000| Untracked 
| 180|0x00000000eb400000, 0x00000000eb400000, 0x00000000eb500000|  0%| F|  |TAMS 0x00000000eb400000| PB 0x00000000eb400000| Untracked 
| 181|0x00000000eb500000, 0x00000000eb500000, 0x00000000eb600000|  0%| F|  |TAMS 0x00000000eb500000| PB 0x00000000eb500000| Untracked 
| 182|0x00000000eb600000, 0x00000000eb600000, 0x00000000eb700000|  0%| F|  |TAMS 0x00000000eb600000| PB 0x00000000eb600000| Untracked 
| 183|0x00000000eb700000, 0x00000000eb700000, 0x00000000eb800000|  0%| F|  |TAMS 0x00000000eb700000| PB 0x00000000eb700000| Untracked 
| 184|0x00000000eb800000, 0x00000000eb800000, 0x00000000eb900000|  0%| F|  |TAMS 0x00000000eb800000| PB 0x00000000eb800000| Untracked 
| 185|0x00000000eb900000, 0x00000000eb900000, 0x00000000eba00000|  0%| F|  |TAMS 0x00000000eb900000| PB 0x00000000eb900000| Untracked 
| 186|0x00000000eba00000, 0x00000000eba00000, 0x00000000ebb00000|  0%| F|  |TAMS 0x00000000eba00000| PB 0x00000000eba00000| Untracked 
| 187|0x00000000ebb00000, 0x00000000ebb778b8, 0x00000000ebc00000| 46%| E|  |TAMS 0x00000000ebb00000| PB 0x00000000ebb00000| Complete 
| 188|0x00000000ebc00000, 0x00000000ebd00000, 0x00000000ebd00000|100%| E|CS|TAMS 0x00000000ebc00000| PB 0x00000000ebc00000| Complete 
| 189|0x00000000ebd00000, 0x00000000ebe00000, 0x00000000ebe00000|100%| E|CS|TAMS 0x00000000ebd00000| PB 0x00000000ebd00000| Complete 
| 190|0x00000000ebe00000, 0x00000000ebf00000, 0x00000000ebf00000|100%| E|CS|TAMS 0x00000000ebe00000| PB 0x00000000ebe00000| Complete 
| 191|0x00000000ebf00000, 0x00000000ec000000, 0x00000000ec000000|100%| E|CS|TAMS 0x00000000ebf00000| PB 0x00000000ebf00000| Complete 
| 192|0x00000000ec000000, 0x00000000ec100000, 0x00000000ec100000|100%| E|CS|TAMS 0x00000000ec000000| PB 0x00000000ec000000| Complete 
| 193|0x00000000ec100000, 0x00000000ec200000, 0x00000000ec200000|100%| E|CS|TAMS 0x00000000ec100000| PB 0x00000000ec100000| Complete 
| 194|0x00000000ec200000, 0x00000000ec300000, 0x00000000ec300000|100%| E|  |TAMS 0x00000000ec200000| PB 0x00000000ec200000| Complete 
| 195|0x00000000ec300000, 0x00000000ec400000, 0x00000000ec400000|100%| E|CS|TAMS 0x00000000ec300000| PB 0x00000000ec300000| Complete 
| 196|0x00000000ec400000, 0x00000000ec500000, 0x00000000ec500000|100%| E|CS|TAMS 0x00000000ec400000| PB 0x00000000ec400000| Complete 
| 197|0x00000000ec500000, 0x00000000ec600000, 0x00000000ec600000|100%| E|CS|TAMS 0x00000000ec500000| PB 0x00000000ec500000| Complete 
| 198|0x00000000ec600000, 0x00000000ec700000, 0x00000000ec700000|100%| E|CS|TAMS 0x00000000ec600000| PB 0x00000000ec600000| Complete 
| 199|0x00000000ec700000, 0x00000000ec800000, 0x00000000ec800000|100%| E|CS|TAMS 0x00000000ec700000| PB 0x00000000ec700000| Complete 
| 200|0x00000000ec800000, 0x00000000ec900000, 0x00000000ec900000|100%| E|CS|TAMS 0x00000000ec800000| PB 0x00000000ec800000| Complete 
| 201|0x00000000ec900000, 0x00000000eca00000, 0x00000000eca00000|100%| E|CS|TAMS 0x00000000ec900000| PB 0x00000000ec900000| Complete 
| 202|0x00000000eca00000, 0x00000000ecb00000, 0x00000000ecb00000|100%| E|CS|TAMS 0x00000000eca00000| PB 0x00000000eca00000| Complete 
| 203|0x00000000ecb00000, 0x00000000ecc00000, 0x00000000ecc00000|100%| E|CS|TAMS 0x00000000ecb00000| PB 0x00000000ecb00000| Complete 
| 204|0x00000000ecc00000, 0x00000000ecd00000, 0x00000000ecd00000|100%| E|CS|TAMS 0x00000000ecc00000| PB 0x00000000ecc00000| Complete 
| 205|0x00000000ecd00000, 0x00000000ece00000, 0x00000000ece00000|100%| E|CS|TAMS 0x00000000ecd00000| PB 0x00000000ecd00000| Complete 
| 206|0x00000000ece00000, 0x00000000ecf00000, 0x00000000ecf00000|100%| S|CS|TAMS 0x00000000ece00000| PB 0x00000000ece00000| Complete 
| 207|0x00000000ecf00000, 0x00000000ed000000, 0x00000000ed000000|100%| S|CS|TAMS 0x00000000ecf00000| PB 0x00000000ecf00000| Complete 
| 208|0x00000000ed000000, 0x00000000ed100000, 0x00000000ed100000|100%| S|CS|TAMS 0x00000000ed000000| PB 0x00000000ed000000| Complete 
| 209|0x00000000ed100000, 0x00000000ed200000, 0x00000000ed200000|100%| S|CS|TAMS 0x00000000ed100000| PB 0x00000000ed100000| Complete 
| 210|0x00000000ed200000, 0x00000000ed300000, 0x00000000ed300000|100%| S|CS|TAMS 0x00000000ed200000| PB 0x00000000ed200000| Complete 
| 211|0x00000000ed300000, 0x00000000ed400000, 0x00000000ed400000|100%| S|CS|TAMS 0x00000000ed300000| PB 0x00000000ed300000| Complete 
| 212|0x00000000ed400000, 0x00000000ed500000, 0x00000000ed500000|100%| S|CS|TAMS 0x00000000ed400000| PB 0x00000000ed400000| Complete 
| 213|0x00000000ed500000, 0x00000000ed600000, 0x00000000ed600000|100%| S|CS|TAMS 0x00000000ed500000| PB 0x00000000ed500000| Complete 
| 214|0x00000000ed600000, 0x00000000ed700000, 0x00000000ed700000|100%| S|CS|TAMS 0x00000000ed600000| PB 0x00000000ed600000| Complete 
| 215|0x00000000ed700000, 0x00000000ed800000, 0x00000000ed800000|100%| S|CS|TAMS 0x00000000ed700000| PB 0x00000000ed700000| Complete 
| 216|0x00000000ed800000, 0x00000000ed900000, 0x00000000ed900000|100%| S|CS|TAMS 0x00000000ed800000| PB 0x00000000ed800000| Complete 
| 217|0x00000000ed900000, 0x00000000eda00000, 0x00000000eda00000|100%| S|CS|TAMS 0x00000000ed900000| PB 0x00000000ed900000| Complete 
| 218|0x00000000eda00000, 0x00000000edb00000, 0x00000000edb00000|100%| S|CS|TAMS 0x00000000eda00000| PB 0x00000000eda00000| Complete 
| 219|0x00000000edb00000, 0x00000000edc00000, 0x00000000edc00000|100%| S|CS|TAMS 0x00000000edb00000| PB 0x00000000edb00000| Complete 
| 220|0x00000000edc00000, 0x00000000edd00000, 0x00000000edd00000|100%| S|CS|TAMS 0x00000000edc00000| PB 0x00000000edc00000| Complete 
| 221|0x00000000edd00000, 0x00000000ede00000, 0x00000000ede00000|100%| S|CS|TAMS 0x00000000edd00000| PB 0x00000000edd00000| Complete 
| 222|0x00000000ede00000, 0x00000000edf00000, 0x00000000edf00000|100%| S|CS|TAMS 0x00000000ede00000| PB 0x00000000ede00000| Complete 
| 223|0x00000000edf00000, 0x00000000ee000000, 0x00000000ee000000|100%| S|CS|TAMS 0x00000000edf00000| PB 0x00000000edf00000| Complete 
| 224|0x00000000ee000000, 0x00000000ee100000, 0x00000000ee100000|100%| S|CS|TAMS 0x00000000ee000000| PB 0x00000000ee000000| Complete 
| 225|0x00000000ee100000, 0x00000000ee200000, 0x00000000ee200000|100%| E|CS|TAMS 0x00000000ee100000| PB 0x00000000ee100000| Complete 
| 226|0x00000000ee200000, 0x00000000ee300000, 0x00000000ee300000|100%| E|CS|TAMS 0x00000000ee200000| PB 0x00000000ee200000| Complete 
| 227|0x00000000ee300000, 0x00000000ee400000, 0x00000000ee400000|100%| E|CS|TAMS 0x00000000ee300000| PB 0x00000000ee300000| Complete 
| 228|0x00000000ee400000, 0x00000000ee500000, 0x00000000ee500000|100%| E|CS|TAMS 0x00000000ee400000| PB 0x00000000ee400000| Complete 
| 229|0x00000000ee500000, 0x00000000ee600000, 0x00000000ee600000|100%| E|CS|TAMS 0x00000000ee500000| PB 0x00000000ee500000| Complete 
| 230|0x00000000ee600000, 0x00000000ee700000, 0x00000000ee700000|100%| E|CS|TAMS 0x00000000ee600000| PB 0x00000000ee600000| Complete 
| 231|0x00000000ee700000, 0x00000000ee800000, 0x00000000ee800000|100%| E|CS|TAMS 0x00000000ee700000| PB 0x00000000ee700000| Complete 
| 232|0x00000000ee800000, 0x00000000ee900000, 0x00000000ee900000|100%| E|CS|TAMS 0x00000000ee800000| PB 0x00000000ee800000| Complete 
| 233|0x00000000ee900000, 0x00000000eea00000, 0x00000000eea00000|100%| E|CS|TAMS 0x00000000ee900000| PB 0x00000000ee900000| Complete 
| 234|0x00000000eea00000, 0x00000000eeb00000, 0x00000000eeb00000|100%| E|CS|TAMS 0x00000000eea00000| PB 0x00000000eea00000| Complete 
| 235|0x00000000eeb00000, 0x00000000eec00000, 0x00000000eec00000|100%| E|CS|TAMS 0x00000000eeb00000| PB 0x00000000eeb00000| Complete 
| 236|0x00000000eec00000, 0x00000000eed00000, 0x00000000eed00000|100%| E|CS|TAMS 0x00000000eec00000| PB 0x00000000eec00000| Complete 
| 237|0x00000000eed00000, 0x00000000eee00000, 0x00000000eee00000|100%| E|CS|TAMS 0x00000000eed00000| PB 0x00000000eed00000| Complete 
| 238|0x00000000eee00000, 0x00000000eef00000, 0x00000000eef00000|100%| E|CS|TAMS 0x00000000eee00000| PB 0x00000000eee00000| Complete 
| 239|0x00000000eef00000, 0x00000000ef000000, 0x00000000ef000000|100%| E|CS|TAMS 0x00000000eef00000| PB 0x00000000eef00000| Complete 
| 240|0x00000000ef000000, 0x00000000ef100000, 0x00000000ef100000|100%| E|CS|TAMS 0x00000000ef000000| PB 0x00000000ef000000| Complete 
| 241|0x00000000ef100000, 0x00000000ef200000, 0x00000000ef200000|100%| E|CS|TAMS 0x00000000ef100000| PB 0x00000000ef100000| Complete 
| 242|0x00000000ef200000, 0x00000000ef300000, 0x00000000ef300000|100%| E|CS|TAMS 0x00000000ef200000| PB 0x00000000ef200000| Complete 
| 243|0x00000000ef300000, 0x00000000ef400000, 0x00000000ef400000|100%| E|CS|TAMS 0x00000000ef300000| PB 0x00000000ef300000| Complete 
| 244|0x00000000ef400000, 0x00000000ef500000, 0x00000000ef500000|100%| E|CS|TAMS 0x00000000ef400000| PB 0x00000000ef400000| Complete 
| 245|0x00000000ef500000, 0x00000000ef600000, 0x00000000ef600000|100%| E|CS|TAMS 0x00000000ef500000| PB 0x00000000ef500000| Complete 
| 246|0x00000000ef600000, 0x00000000ef700000, 0x00000000ef700000|100%| E|CS|TAMS 0x00000000ef600000| PB 0x00000000ef600000| Complete 
| 247|0x00000000ef700000, 0x00000000ef800000, 0x00000000ef800000|100%| E|CS|TAMS 0x00000000ef700000| PB 0x00000000ef700000| Complete 
| 248|0x00000000ef800000, 0x00000000ef900000, 0x00000000ef900000|100%| E|CS|TAMS 0x00000000ef800000| PB 0x00000000ef800000| Complete 
| 249|0x00000000ef900000, 0x00000000efa00000, 0x00000000efa00000|100%| E|CS|TAMS 0x00000000ef900000| PB 0x00000000ef900000| Complete 
| 250|0x00000000efa00000, 0x00000000efb00000, 0x00000000efb00000|100%| E|CS|TAMS 0x00000000efa00000| PB 0x00000000efa00000| Complete 
| 251|0x00000000efb00000, 0x00000000efc00000, 0x00000000efc00000|100%| E|CS|TAMS 0x00000000efb00000| PB 0x00000000efb00000| Complete 
| 252|0x00000000efc00000, 0x00000000efd00000, 0x00000000efd00000|100%| E|CS|TAMS 0x00000000efc00000| PB 0x00000000efc00000| Complete 
| 253|0x00000000efd00000, 0x00000000efe00000, 0x00000000efe00000|100%| E|CS|TAMS 0x00000000efd00000| PB 0x00000000efd00000| Complete 
| 254|0x00000000efe00000, 0x00000000eff00000, 0x00000000eff00000|100%| E|CS|TAMS 0x00000000efe00000| PB 0x00000000efe00000| Complete 
| 255|0x00000000eff00000, 0x00000000f0000000, 0x00000000f0000000|100%| E|CS|TAMS 0x00000000eff00000| PB 0x00000000eff00000| Complete 
| 256|0x00000000f0000000, 0x00000000f0100000, 0x00000000f0100000|100%| E|CS|TAMS 0x00000000f0000000| PB 0x00000000f0000000| Complete 
| 257|0x00000000f0100000, 0x00000000f0200000, 0x00000000f0200000|100%| E|CS|TAMS 0x00000000f0100000| PB 0x00000000f0100000| Complete 
| 258|0x00000000f0200000, 0x00000000f0300000, 0x00000000f0300000|100%| E|CS|TAMS 0x00000000f0200000| PB 0x00000000f0200000| Complete 
| 259|0x00000000f0300000, 0x00000000f0400000, 0x00000000f0400000|100%| E|CS|TAMS 0x00000000f0300000| PB 0x00000000f0300000| Complete 
| 260|0x00000000f0400000, 0x00000000f0500000, 0x00000000f0500000|100%| E|CS|TAMS 0x00000000f0400000| PB 0x00000000f0400000| Complete 
| 261|0x00000000f0500000, 0x00000000f0600000, 0x00000000f0600000|100%| E|CS|TAMS 0x00000000f0500000| PB 0x00000000f0500000| Complete 
| 262|0x00000000f0600000, 0x00000000f0700000, 0x00000000f0700000|100%| E|CS|TAMS 0x00000000f0600000| PB 0x00000000f0600000| Complete 
| 263|0x00000000f0700000, 0x00000000f0800000, 0x00000000f0800000|100%| E|CS|TAMS 0x00000000f0700000| PB 0x00000000f0700000| Complete 
| 264|0x00000000f0800000, 0x00000000f0900000, 0x00000000f0900000|100%| E|CS|TAMS 0x00000000f0800000| PB 0x00000000f0800000| Complete 
| 265|0x00000000f0900000, 0x00000000f0a00000, 0x00000000f0a00000|100%| E|CS|TAMS 0x00000000f0900000| PB 0x00000000f0900000| Complete 
| 266|0x00000000f0a00000, 0x00000000f0b00000, 0x00000000f0b00000|100%| E|CS|TAMS 0x00000000f0a00000| PB 0x00000000f0a00000| Complete 
| 267|0x00000000f0b00000, 0x00000000f0c00000, 0x00000000f0c00000|100%| E|CS|TAMS 0x00000000f0b00000| PB 0x00000000f0b00000| Complete 
| 268|0x00000000f0c00000, 0x00000000f0d00000, 0x00000000f0d00000|100%| E|CS|TAMS 0x00000000f0c00000| PB 0x00000000f0c00000| Complete 
| 269|0x00000000f0d00000, 0x00000000f0e00000, 0x00000000f0e00000|100%| E|CS|TAMS 0x00000000f0d00000| PB 0x00000000f0d00000| Complete 
| 270|0x00000000f0e00000, 0x00000000f0f00000, 0x00000000f0f00000|100%| E|CS|TAMS 0x00000000f0e00000| PB 0x00000000f0e00000| Complete 
| 271|0x00000000f0f00000, 0x00000000f1000000, 0x00000000f1000000|100%| E|CS|TAMS 0x00000000f0f00000| PB 0x00000000f0f00000| Complete 
| 485|0x00000000fe500000, 0x00000000fe600000, 0x00000000fe600000|100%| E|CS|TAMS 0x00000000fe500000| PB 0x00000000fe500000| Complete 
| 486|0x00000000fe600000, 0x00000000fe700000, 0x00000000fe700000|100%| E|CS|TAMS 0x00000000fe600000| PB 0x00000000fe600000| Complete 
| 487|0x00000000fe700000, 0x00000000fe800000, 0x00000000fe800000|100%| E|CS|TAMS 0x00000000fe700000| PB 0x00000000fe700000| Complete 
| 488|0x00000000fe800000, 0x00000000fe900000, 0x00000000fe900000|100%| E|CS|TAMS 0x00000000fe800000| PB 0x00000000fe800000| Complete 
| 489|0x00000000fe900000, 0x00000000fea00000, 0x00000000fea00000|100%| E|CS|TAMS 0x00000000fe900000| PB 0x00000000fe900000| Complete 
| 490|0x00000000fea00000, 0x00000000feb00000, 0x00000000feb00000|100%| E|CS|TAMS 0x00000000fea00000| PB 0x00000000fea00000| Complete 
| 491|0x00000000feb00000, 0x00000000fec00000, 0x00000000fec00000|100%| E|CS|TAMS 0x00000000feb00000| PB 0x00000000feb00000| Complete 
| 492|0x00000000fec00000, 0x00000000fed00000, 0x00000000fed00000|100%| E|CS|TAMS 0x00000000fec00000| PB 0x00000000fec00000| Complete 
| 493|0x00000000fed00000, 0x00000000fee00000, 0x00000000fee00000|100%| E|CS|TAMS 0x00000000fed00000| PB 0x00000000fed00000| Complete 
| 494|0x00000000fee00000, 0x00000000fef00000, 0x00000000fef00000|100%| E|CS|TAMS 0x00000000fee00000| PB 0x00000000fee00000| Complete 
| 495|0x00000000fef00000, 0x00000000ff000000, 0x00000000ff000000|100%| E|CS|TAMS 0x00000000fef00000| PB 0x00000000fef00000| Complete 
| 496|0x00000000ff000000, 0x00000000ff100000, 0x00000000ff100000|100%| E|CS|TAMS 0x00000000ff000000| PB 0x00000000ff000000| Complete 
| 497|0x00000000ff100000, 0x00000000ff200000, 0x00000000ff200000|100%| E|CS|TAMS 0x00000000ff100000| PB 0x00000000ff100000| Complete 
| 498|0x00000000ff200000, 0x00000000ff300000, 0x00000000ff300000|100%| O|  |TAMS 0x00000000ff200000| PB 0x00000000ff200000| Untracked 
| 499|0x00000000ff300000, 0x00000000ff400000, 0x00000000ff400000|100%| E|CS|TAMS 0x00000000ff300000| PB 0x00000000ff300000| Complete 
| 500|0x00000000ff400000, 0x00000000ff500000, 0x00000000ff500000|100%| O|  |TAMS 0x00000000ff400000| PB 0x00000000ff400000| Untracked 
| 501|0x00000000ff500000, 0x00000000ff600000, 0x00000000ff600000|100%| E|CS|TAMS 0x00000000ff500000| PB 0x00000000ff500000| Complete 
| 502|0x00000000ff600000, 0x00000000ff700000, 0x00000000ff700000|100%| O|  |TAMS 0x00000000ff600000| PB 0x00000000ff600000| Untracked 
| 503|0x00000000ff700000, 0x00000000ff800000, 0x00000000ff800000|100%| O|  |TAMS 0x00000000ff700000| PB 0x00000000ff700000| Untracked 
| 504|0x00000000ff800000, 0x00000000ff900000, 0x00000000ff900000|100%| E|CS|TAMS 0x00000000ff800000| PB 0x00000000ff800000| Complete 
| 505|0x00000000ff900000, 0x00000000ffa00000, 0x00000000ffa00000|100%| O|  |TAMS 0x00000000ff900000| PB 0x00000000ff900000| Untracked 
| 506|0x00000000ffa00000, 0x00000000ffb00000, 0x00000000ffb00000|100%| O|  |TAMS 0x00000000ffa00000| PB 0x00000000ffa00000| Untracked 
| 507|0x00000000ffb00000, 0x00000000ffc00000, 0x00000000ffc00000|100%| E|CS|TAMS 0x00000000ffb00000| PB 0x00000000ffb00000| Complete 
| 508|0x00000000ffc00000, 0x00000000ffd00000, 0x00000000ffd00000|100%| E|CS|TAMS 0x00000000ffc00000| PB 0x00000000ffc00000| Complete 
| 509|0x00000000ffd00000, 0x00000000ffe00000, 0x00000000ffe00000|100%| O|  |TAMS 0x00000000ffd00000| PB 0x00000000ffd00000| Untracked 
| 510|0x00000000ffe00000, 0x00000000fff00000, 0x00000000fff00000|100%| E|CS|TAMS 0x00000000ffe00000| PB 0x00000000ffe00000| Complete 
| 511|0x00000000fff00000, 0x0000000100000000, 0x0000000100000000|100%| O|  |TAMS 0x00000000fff00000| PB 0x00000000fff00000| Untracked 

Card table byte_map: [0x0000026575ba0000,0x0000026575ca0000] _byte_map_base: 0x00000265754a0000

Marking Bits: (CMBitMap*) 0x0000026572409290
 Bits: [0x0000026575ca0000, 0x00000265764a0000)

Polling page: 0x0000026570660000

Metaspace:

Usage:
  Non-class:    113.69 MB used.
      Class:     18.06 MB used.
       Both:    131.75 MB used.

Virtual space:
  Non-class space:      128.00 MB reserved,     114.88 MB ( 90%) committed,  2 nodes.
      Class space:        1.00 GB reserved,      19.19 MB (  2%) committed,  1 nodes.
             Both:        1.12 GB reserved,     134.06 MB ( 12%) committed. 

Chunk freelists:
   Non-Class:  12.97 MB
       Class:  12.64 MB
        Both:  25.61 MB

MaxMetaspaceSize: unlimited
CompressedClassSpaceSize: 1.00 GB
Initial GC threshold: 21.00 MB
Current GC threshold: 210.62 MB
CDS: off
 - commit_granule_bytes: 65536.
 - commit_granule_words: 8192.
 - virtual_space_node_default_size: 8388608.
 - enlarge_chunks_in_place: 1.
 - use_allocation_guard: 0.


Internal statistics:

num_allocs_failed_limit: 11.
num_arena_births: 4636.
num_arena_deaths: 0.
num_vsnodes_births: 3.
num_vsnodes_deaths: 0.
num_space_committed: 2143.
num_space_uncommitted: 0.
num_chunks_returned_to_freelist: 11.
num_chunks_taken_from_freelist: 10304.
num_chunk_merges: 11.
num_chunk_splits: 6800.
num_chunks_enlarged: 4311.
num_inconsistent_stats: 0.

CodeHeap 'non-profiled nmethods': size=120000Kb used=10610Kb max_used=10610Kb free=109389Kb
 bounds [0x0000026507ad0000, 0x0000026508530000, 0x000002650f000000]
CodeHeap 'profiled nmethods': size=120000Kb used=25200Kb max_used=25200Kb free=94800Kb
 bounds [0x0000026500000000, 0x00000265018a0000, 0x0000026507530000]
CodeHeap 'non-nmethods': size=5760Kb used=2052Kb max_used=2101Kb free=3707Kb
 bounds [0x0000026507530000, 0x00000265077a0000, 0x0000026507ad0000]
CodeCache: size=245760Kb, used=37862Kb, max_used=37911Kb, free=207896Kb
 total_blobs=14848, nmethods=13917, adapters=834, full_count=0
Compilation: enabled, stopped_count=0, restarted_count=0

Compilation events (20 events):
Event: 29.167 Thread 0x00000265793a3d00 nmethod 17514 0x0000026501897990 code [0x0000026501897b60, 0x0000026501898020]
Event: 29.167 Thread 0x00000265793a3d00 17516       3       com.sun.tools.javac.tree.TreeScanner::visitIdent (1 bytes)
Event: 29.167 Thread 0x00000265793a3d00 nmethod 17516 0x0000026501134f10 code [0x00000265011350a0, 0x00000265011351a8]
Event: 29.167 Thread 0x00000265793a3d00 17515       1       com.sun.tools.javac.code.Symbol$Completer$1::isTerminal (2 bytes)
Event: 29.167 Thread 0x00000265793a3d00 nmethod 17515 0x0000026508525990 code [0x0000026508525b20, 0x0000026508525be8]
Event: 29.167 Thread 0x00000265793a3d00 17517       3       com.sun.tools.javac.tree.TreeInfo$DeclScanner::scan (17 bytes)
Event: 29.167 Thread 0x00000265793a3d00 nmethod 17517 0x0000026501898190 code [0x0000026501898340, 0x0000026501898578]
Event: 29.173 Thread 0x0000026513b6af90 17518       4       com.sun.tools.javac.code.Scope$ScopeImpl::lookup (71 bytes)
Event: 29.174 Thread 0x00000265793a3d00 17519   !   3       java.util.Collections$SynchronizedCollection::remove (25 bytes)
Event: 29.174 Thread 0x00000265793a3d00 nmethod 17519 0x0000026501898690 code [0x0000026501898840, 0x0000026501898b08]
Event: 29.178 Thread 0x0000026513b6af90 nmethod 17518 0x0000026508525c90 code [0x0000026508525e60, 0x0000026508526220]
Event: 29.226 Thread 0x00000265793a3d00 17520       3       java.net.URLStreamHandler::setURL (156 bytes)
Event: 29.228 Thread 0x00000265793a3d00 nmethod 17520 0x0000026501898c90 code [0x0000026501898fa0, 0x0000026501899fa8]
Event: 29.236 Thread 0x00000265793a3260 nmethod 17427 0x0000026508526590 code [0x0000026508526ac0, 0x0000026508529fe8]
Event: 29.247 Thread 0x0000026513b6af90 17521       4       java.lang.invoke.InnerClassLambdaMetafactory::getOpcodeOffset (38 bytes)
Event: 29.248 Thread 0x0000026513b6af90 nmethod 17521 0x000002650852c390 code [0x000002650852c520, 0x000002650852c610]
Event: 29.876 Thread 0x00000265793a3d00 17522   !   3       sun.management.Util::newObjectName (15 bytes)
Event: 29.876 Thread 0x00000265793a3d00 nmethod 17522 0x000002650189a590 code [0x000002650189a760, 0x000002650189aae0]
Event: 29.876 Thread 0x00000265793a3d00 17523       3       sun.management.Util::newObjectName (11 bytes)
Event: 29.877 Thread 0x00000265793a3d00 nmethod 17523 0x000002650189ac90 code [0x000002650189b0a0, 0x000002650189cfa0]

GC Heap History (20 events):
Event: 25.365 GC heap before
{Heap before GC invocations=81 (full 0):
 garbage-first heap   total 306176K, used 271049K [0x00000000e0000000, 0x0000000100000000)
  region size 1024K, 129 young (132096K), 8 survivors (8192K)
 Metaspace       used 124702K, committed 127040K, reserved 1179648K
  class space    used 17206K, committed 18304K, reserved 1048576K
}
Event: 25.369 GC heap after
{Heap after GC invocations=82 (full 0):
 garbage-first heap   total 306176K, used 147280K [0x00000000e0000000, 0x0000000100000000)
  region size 1024K, 8 young (8192K), 8 survivors (8192K)
 Metaspace       used 124702K, committed 127040K, reserved 1179648K
  class space    used 17206K, committed 18304K, reserved 1048576K
}
Event: 25.587 GC heap before
{Heap before GC invocations=83 (full 0):
 garbage-first heap   total 306176K, used 275280K [0x00000000e0000000, 0x0000000100000000)
  region size 1024K, 133 young (136192K), 8 survivors (8192K)
 Metaspace       used 124709K, committed 127040K, reserved 1179648K
  class space    used 17206K, committed 18304K, reserved 1048576K
}
Event: 25.594 GC heap after
{Heap after GC invocations=84 (full 0):
 garbage-first heap   total 306176K, used 148051K [0x00000000e0000000, 0x0000000100000000)
  region size 1024K, 9 young (9216K), 9 survivors (9216K)
 Metaspace       used 124709K, committed 127040K, reserved 1179648K
  class space    used 17206K, committed 18304K, reserved 1048576K
}
Event: 25.766 GC heap before
{Heap before GC invocations=84 (full 0):
 garbage-first heap   total 306176K, used 279123K [0x00000000e0000000, 0x0000000100000000)
  region size 1024K, 137 young (140288K), 9 survivors (9216K)
 Metaspace       used 124709K, committed 127040K, reserved 1179648K
  class space    used 17206K, committed 18304K, reserved 1048576K
}
Event: 25.772 GC heap after
{Heap after GC invocations=85 (full 0):
 garbage-first heap   total 306176K, used 146222K [0x00000000e0000000, 0x0000000100000000)
  region size 1024K, 10 young (10240K), 10 survivors (10240K)
 Metaspace       used 124709K, committed 127040K, reserved 1179648K
  class space    used 17206K, committed 18304K, reserved 1048576K
}
Event: 25.985 GC heap before
{Heap before GC invocations=85 (full 0):
 garbage-first heap   total 306176K, used 281390K [0x00000000e0000000, 0x0000000100000000)
  region size 1024K, 142 young (145408K), 10 survivors (10240K)
 Metaspace       used 124727K, committed 127040K, reserved 1179648K
  class space    used 17206K, committed 18304K, reserved 1048576K
}
Event: 25.992 GC heap after
{Heap after GC invocations=86 (full 0):
 garbage-first heap   total 306176K, used 146402K [0x00000000e0000000, 0x0000000100000000)
  region size 1024K, 10 young (10240K), 10 survivors (10240K)
 Metaspace       used 124727K, committed 127040K, reserved 1179648K
  class space    used 17206K, committed 18304K, reserved 1048576K
}
Event: 26.198 GC heap before
{Heap before GC invocations=87 (full 0):
 garbage-first heap   total 306176K, used 283618K [0x00000000e0000000, 0x0000000100000000)
  region size 1024K, 145 young (148480K), 10 survivors (10240K)
 Metaspace       used 124728K, committed 127040K, reserved 1179648K
  class space    used 17206K, committed 18304K, reserved 1048576K
}
Event: 26.204 GC heap after
{Heap after GC invocations=88 (full 0):
 garbage-first heap   total 306176K, used 146785K [0x00000000e0000000, 0x0000000100000000)
  region size 1024K, 10 young (10240K), 10 survivors (10240K)
 Metaspace       used 124728K, committed 127040K, reserved 1179648K
  class space    used 17206K, committed 18304K, reserved 1048576K
}
Event: 26.332 GC heap before
{Heap before GC invocations=88 (full 0):
 garbage-first heap   total 306176K, used 286049K [0x00000000e0000000, 0x0000000100000000)
  region size 1024K, 147 young (150528K), 10 survivors (10240K)
 Metaspace       used 124728K, committed 127040K, reserved 1179648K
  class space    used 17206K, committed 18304K, reserved 1048576K
}
Event: 26.339 GC heap after
{Heap after GC invocations=89 (full 0):
 garbage-first heap   total 306176K, used 146166K [0x00000000e0000000, 0x0000000100000000)
  region size 1024K, 11 young (11264K), 11 survivors (11264K)
 Metaspace       used 124728K, committed 127040K, reserved 1179648K
  class space    used 17206K, committed 18304K, reserved 1048576K
}
Event: 26.766 GC heap before
{Heap before GC invocations=89 (full 0):
 garbage-first heap   total 306176K, used 287478K [0x00000000e0000000, 0x0000000100000000)
  region size 1024K, 150 young (153600K), 11 survivors (11264K)
 Metaspace       used 124963K, committed 127296K, reserved 1179648K
  class space    used 17244K, committed 18368K, reserved 1048576K
}
Event: 26.772 GC heap after
{Heap after GC invocations=90 (full 0):
 garbage-first heap   total 306176K, used 147956K [0x00000000e0000000, 0x0000000100000000)
  region size 1024K, 12 young (12288K), 12 survivors (12288K)
 Metaspace       used 124963K, committed 127296K, reserved 1179648K
  class space    used 17244K, committed 18368K, reserved 1048576K
}
Event: 26.983 GC heap before
{Heap before GC invocations=91 (full 0):
 garbage-first heap   total 306176K, used 289268K [0x00000000e0000000, 0x0000000100000000)
  region size 1024K, 150 young (153600K), 12 survivors (12288K)
 Metaspace       used 124964K, committed 127296K, reserved 1179648K
  class space    used 17245K, committed 18368K, reserved 1048576K
}
Event: 26.989 GC heap after
{Heap after GC invocations=92 (full 0):
 garbage-first heap   total 306176K, used 148718K [0x00000000e0000000, 0x0000000100000000)
  region size 1024K, 11 young (11264K), 11 survivors (11264K)
 Metaspace       used 124964K, committed 127296K, reserved 1179648K
  class space    used 17245K, committed 18368K, reserved 1048576K
}
Event: 27.121 GC heap before
{Heap before GC invocations=92 (full 0):
 garbage-first heap   total 306176K, used 289006K [0x00000000e0000000, 0x0000000100000000)
  region size 1024K, 148 young (151552K), 11 survivors (11264K)
 Metaspace       used 124994K, committed 127296K, reserved 1179648K
  class space    used 17247K, committed 18368K, reserved 1048576K
}
Event: 27.127 GC heap after
{Heap after GC invocations=93 (full 0):
 garbage-first heap   total 306176K, used 147532K [0x00000000e0000000, 0x0000000100000000)
  region size 1024K, 11 young (11264K), 11 survivors (11264K)
 Metaspace       used 124994K, committed 127296K, reserved 1179648K
  class space    used 17247K, committed 18368K, reserved 1048576K
}
Event: 27.818 GC heap before
{Heap before GC invocations=93 (full 0):
 garbage-first heap   total 306176K, used 213068K [0x00000000e0000000, 0x0000000100000000)
  region size 1024K, 77 young (78848K), 11 survivors (11264K)
 Metaspace       used 127056K, committed 129408K, reserved 1179648K
  class space    used 17542K, committed 18688K, reserved 1048576K
}
Event: 27.831 GC heap after
{Heap after GC invocations=94 (full 0):
 garbage-first heap   total 306176K, used 157819K [0x00000000e0000000, 0x0000000100000000)
  region size 1024K, 19 young (19456K), 19 survivors (19456K)
 Metaspace       used 127056K, committed 129408K, reserved 1179648K
  class space    used 17542K, committed 18688K, reserved 1048576K
}

Dll operation events (3 events):
Event: 0.008 Loaded shared library C:\Program Files\Android\Android Studio\jbr\bin\java.dll
Event: 0.012 Loaded shared library C:\Program Files\Android\Android Studio\jbr\bin\zip.dll
Event: 0.697 Loaded shared library C:\Program Files\Android\Android Studio\jbr\bin\verify.dll

Deoptimization events (20 events):
Event: 29.039 Thread 0x0000026511b4eb70 DEOPT PACKING pc=0x00000265084fed8c sp=0x000000d109ff7f20
Event: 29.039 Thread 0x0000026511b4eb70 DEOPT UNPACKING pc=0x00000265075843a2 sp=0x000000d109ff7eb0 mode 2
Event: 29.053 Thread 0x0000026511b4eb70 DEOPT PACKING pc=0x000002650177cf4e sp=0x000000d109ff7f00
Event: 29.053 Thread 0x0000026511b4eb70 DEOPT UNPACKING pc=0x0000026507584b42 sp=0x000000d109ff7448 mode 0
Event: 29.079 Thread 0x0000026511b4eb70 Uncommon trap: trap_request=0xffffff45 fr.pc=0x000002650850ceb0 relative=0x0000000000000ff0
Event: 29.079 Thread 0x0000026511b4eb70 Uncommon trap: reason=unstable_if action=reinterpret pc=0x000002650850ceb0 method=com.sun.tools.javac.jvm.ClassReader.sigToType()Lcom/sun/tools/javac/code/Type; @ 10 c2
Event: 29.079 Thread 0x0000026511b4eb70 DEOPT PACKING pc=0x000002650850ceb0 sp=0x000000d109ff7980
Event: 29.079 Thread 0x0000026511b4eb70 DEOPT UNPACKING pc=0x00000265075843a2 sp=0x000000d109ff7930 mode 2
Event: 29.106 Thread 0x0000026511b4eb70 Uncommon trap: trap_request=0xffffff45 fr.pc=0x00000265084fea9c relative=0x000000000000007c
Event: 29.106 Thread 0x0000026511b4eb70 Uncommon trap: reason=unstable_if action=reinterpret pc=0x00000265084fea9c method=com.sun.tools.javac.jvm.Code.width(I)I @ 1 c2
Event: 29.106 Thread 0x0000026511b4eb70 DEOPT PACKING pc=0x00000265084fea9c sp=0x000000d109ff7080
Event: 29.106 Thread 0x0000026511b4eb70 DEOPT UNPACKING pc=0x00000265075843a2 sp=0x000000d109ff7008 mode 2
Event: 29.141 Thread 0x0000026511b4eb70 Uncommon trap: trap_request=0xffffff45 fr.pc=0x000002650850a3a4 relative=0x0000000000000364
Event: 29.141 Thread 0x0000026511b4eb70 Uncommon trap: reason=unstable_if action=reinterpret pc=0x000002650850a3a4 method=com.sun.tools.javac.file.BaseFileManager.getKind(Ljava/lang/String;)Ljavax/tools/JavaFileObject$Kind; @ 10 c2
Event: 29.141 Thread 0x0000026511b4eb70 DEOPT PACKING pc=0x000002650850a3a4 sp=0x000000d109ff8160
Event: 29.141 Thread 0x0000026511b4eb70 DEOPT UNPACKING pc=0x00000265075843a2 sp=0x000000d109ff8138 mode 2
Event: 29.141 Thread 0x0000026511b4eb70 Uncommon trap: trap_request=0xffffff45 fr.pc=0x0000026508519618 relative=0x00000000000003b8
Event: 29.141 Thread 0x0000026511b4eb70 Uncommon trap: reason=unstable_if action=reinterpret pc=0x0000026508519618 method=com.sun.tools.javac.file.BaseFileManager.getKind(Ljava/lang/String;)Ljavax/tools/JavaFileObject$Kind; @ 10 c2
Event: 29.141 Thread 0x0000026511b4eb70 DEOPT PACKING pc=0x0000026508519618 sp=0x000000d109ff8570
Event: 29.141 Thread 0x0000026511b4eb70 DEOPT UNPACKING pc=0x00000265075843a2 sp=0x000000d109ff8488 mode 2

Classes loaded (20 events):
Event: 28.536 Loading class jdk/internal/jrtfs/JrtFileSystemProvider$JrtFsLoader
Event: 28.536 Loading class jdk/internal/jrtfs/JrtFileSystemProvider$JrtFsLoader done
Event: 28.545 Loading class java/io/IOError
Event: 28.545 Loading class java/io/IOError done
Event: 28.553 Loading class java/nio/channels/FileChannel$MapMode
Event: 28.553 Loading class java/nio/channels/FileChannel$MapMode done
Event: 28.553 Loading class jdk/internal/misc/ExtendedMapMode
Event: 28.554 Loading class jdk/internal/misc/ExtendedMapMode done
Event: 28.554 Loading class sun/nio/ch/FileChannelImpl$DefaultUnmapper
Event: 28.554 Loading class sun/nio/ch/FileChannelImpl$Unmapper
Event: 28.554 Loading class jdk/internal/access/foreign/UnmapperProxy
Event: 28.554 Loading class jdk/internal/access/foreign/UnmapperProxy done
Event: 28.554 Loading class sun/nio/ch/FileChannelImpl$Unmapper done
Event: 28.554 Loading class sun/nio/ch/FileChannelImpl$DefaultUnmapper done
Event: 28.554 Loading class sun/nio/ch/Util$4
Event: 28.555 Loading class sun/nio/ch/Util$4 done
Event: 28.559 Loading class java/io/UTFDataFormatException
Event: 28.559 Loading class java/io/UTFDataFormatException done
Event: 28.567 Loading class java/util/regex/Pattern$Bound
Event: 28.567 Loading class java/util/regex/Pattern$Bound done

Classes unloaded (0 events):
No events

Classes redefined (0 events):
No events

Internal exceptions (20 events):
Event: 29.043 Thread 0x0000026511b4eb70 Exception <a 'sun/nio/fs/WindowsException'{0x00000000ecdd8478}> (0x00000000ecdd8478) 
thrown [s\src\hotspot\share\prims\jni.cpp, line 537]
Event: 29.043 Thread 0x0000026511b4eb70 Exception <a 'sun/nio/fs/WindowsException'{0x00000000ecddbe18}> (0x00000000ecddbe18) 
thrown [s\src\hotspot\share\prims\jni.cpp, line 537]
Event: 29.066 Thread 0x0000026511b4eb70 Exception <a 'sun/nio/fs/WindowsException'{0x00000000ecb20e88}> (0x00000000ecb20e88) 
thrown [s\src\hotspot\share\prims\jni.cpp, line 537]
Event: 29.082 Thread 0x0000026511b4eb70 Exception <a 'sun/nio/fs/WindowsException'{0x00000000ecad2e68}> (0x00000000ecad2e68) 
thrown [s\src\hotspot\share\prims\jni.cpp, line 537]
Event: 29.084 Thread 0x0000026511b4eb70 Exception <a 'sun/nio/fs/WindowsException'{0x00000000ec90f9d8}> (0x00000000ec90f9d8) 
thrown [s\src\hotspot\share\prims\jni.cpp, line 537]
Event: 29.090 Thread 0x0000026511b4eb70 Exception <a 'sun/nio/fs/WindowsException'{0x00000000ec96e9b8}> (0x00000000ec96e9b8) 
thrown [s\src\hotspot\share\prims\jni.cpp, line 537]
Event: 29.092 Thread 0x0000026511b4eb70 Exception <a 'sun/nio/fs/WindowsException'{0x00000000ec9bab50}> (0x00000000ec9bab50) 
thrown [s\src\hotspot\share\prims\jni.cpp, line 537]
Event: 29.093 Thread 0x0000026511b4eb70 Exception <a 'sun/nio/fs/WindowsException'{0x00000000ec9d6720}> (0x00000000ec9d6720) 
thrown [s\src\hotspot\share\prims\jni.cpp, line 537]
Event: 29.095 Thread 0x0000026511b4eb70 Exception <a 'sun/nio/fs/WindowsException'{0x00000000ec847ac8}> (0x00000000ec847ac8) 
thrown [s\src\hotspot\share\prims\jni.cpp, line 537]
Event: 29.097 Thread 0x0000026511b4eb70 Exception <a 'sun/nio/fs/WindowsException'{0x00000000ec8d1060}> (0x00000000ec8d1060) 
thrown [s\src\hotspot\share\prims\jni.cpp, line 537]
Event: 29.098 Thread 0x0000026511b4eb70 Exception <a 'sun/nio/fs/WindowsException'{0x00000000ec8e2058}> (0x00000000ec8e2058) 
thrown [s\src\hotspot\share\prims\jni.cpp, line 537]
Event: 29.112 Thread 0x0000026511b4eb70 Exception <a 'sun/nio/fs/WindowsException'{0x00000000ec77df28}> (0x00000000ec77df28) 
thrown [s\src\hotspot\share\prims\jni.cpp, line 537]
Event: 29.120 Thread 0x0000026511b4eb70 Exception <a 'sun/nio/fs/WindowsException'{0x00000000ec6683b0}> (0x00000000ec6683b0) 
thrown [s\src\hotspot\share\prims\jni.cpp, line 537]
Event: 29.128 Thread 0x0000026511b4eb70 Exception <a 'sun/nio/fs/WindowsException'{0x00000000ec579130}> (0x00000000ec579130) 
thrown [s\src\hotspot\share\prims\jni.cpp, line 537]
Event: 29.140 Thread 0x0000026511b4eb70 Exception <a 'sun/nio/fs/WindowsException'{0x00000000ec42ee60}> (0x00000000ec42ee60) 
thrown [s\src\hotspot\share\prims\jni.cpp, line 537]
Event: 29.145 Thread 0x0000026511b4eb70 Exception <a 'sun/nio/fs/WindowsException'{0x00000000ec4550b8}> (0x00000000ec4550b8) 
thrown [s\src\hotspot\share\prims\jni.cpp, line 537]
Event: 29.147 Thread 0x0000026511b4eb70 Exception <a 'sun/nio/fs/WindowsException'{0x00000000ec4ba0a0}> (0x00000000ec4ba0a0) 
thrown [s\src\hotspot\share\prims\jni.cpp, line 537]
Event: 29.151 Thread 0x0000026511b4eb70 Exception <a 'sun/nio/fs/WindowsException'{0x00000000ec4e0390}> (0x00000000ec4e0390) 
thrown [s\src\hotspot\share\prims\jni.cpp, line 537]
Event: 29.152 Thread 0x0000026511b4eb70 Exception <a 'sun/nio/fs/WindowsException'{0x00000000ec4e93a8}> (0x00000000ec4e93a8) 
thrown [s\src\hotspot\share\prims\jni.cpp, line 537]
Event: 29.159 Thread 0x0000026511b4eb70 Exception <a 'sun/nio/fs/WindowsException'{0x00000000ec33eef8}> (0x00000000ec33eef8) 
thrown [s\src\hotspot\share\prims\jni.cpp, line 537]

ZGC Phase Switch (0 events):
No events

VM Operations (20 events):
Event: 27.121 Executing VM operation: G1CollectForAllocation (G1 Evacuation Pause)
Event: 27.127 Executing VM operation: G1CollectForAllocation (G1 Evacuation Pause) done
Event: 27.662 Executing VM operation: HandshakeAllThreads (Deoptimize)
Event: 27.663 Executing VM operation: HandshakeAllThreads (Deoptimize) done
Event: 27.778 Executing VM operation: HandshakeAllThreads (Deoptimize)
Event: 27.779 Executing VM operation: HandshakeAllThreads (Deoptimize) done
Event: 27.818 Executing VM operation: G1TryInitiateConcMark (G1 Humongous Allocation)
Event: 27.831 Executing VM operation: G1TryInitiateConcMark (G1 Humongous Allocation) done
Event: 27.899 Executing VM operation: G1PauseRemark
Event: 27.906 Executing VM operation: G1PauseRemark done
Event: 27.950 Executing VM operation: G1PauseCleanup
Event: 27.950 Executing VM operation: G1PauseCleanup done
Event: 28.950 Executing VM operation: Cleanup
Event: 28.950 Executing VM operation: Cleanup done
Event: 29.026 Executing VM operation: HandshakeAllThreads (Deoptimize)
Event: 29.026 Executing VM operation: HandshakeAllThreads (Deoptimize) done
Event: 29.078 Executing VM operation: HandshakeAllThreads (Deoptimize)
Event: 29.078 Executing VM operation: HandshakeAllThreads (Deoptimize) done
Event: 29.126 Executing VM operation: ICBufferFull
Event: 29.126 Executing VM operation: ICBufferFull done

Memory protections (0 events):
No events

Nmethod flushes (20 events):
Event: 27.905 Thread 0x0000026579292920 flushing  nmethod 0x00000265006b2890
Event: 27.905 Thread 0x0000026579292920 flushing  nmethod 0x0000026500767d90
Event: 27.905 Thread 0x0000026579292920 flushing  nmethod 0x0000026500cbe210
Event: 27.905 Thread 0x0000026579292920 flushing  nmethod 0x0000026507d32110
Event: 27.905 Thread 0x0000026579292920 flushing  nmethod 0x0000026508213f90
Event: 27.905 Thread 0x0000026579292920 flushing  nmethod 0x0000026500004610
Event: 27.905 Thread 0x0000026579292920 flushing  nmethod 0x0000026500072410
Event: 27.905 Thread 0x0000026579292920 flushing  nmethod 0x0000026500a23490
Event: 27.905 Thread 0x0000026579292920 flushing  nmethod 0x0000026500a61110
Event: 27.905 Thread 0x0000026579292920 flushing  nmethod 0x0000026500cabb90
Event: 27.905 Thread 0x0000026579292920 flushing  nmethod 0x0000026500cabf90
Event: 27.905 Thread 0x0000026579292920 flushing  nmethod 0x00000265010b3d10
Event: 27.905 Thread 0x0000026579292920 flushing  nmethod 0x000002650153b010
Event: 27.905 Thread 0x0000026579292920 flushing  nmethod 0x0000026507d74d10
Event: 27.905 Thread 0x0000026579292920 flushing  nmethod 0x00000265081d2010
Event: 27.905 Thread 0x0000026579292920 flushing  nmethod 0x000002650821b110
Event: 27.905 Thread 0x0000026579292920 flushing  nmethod 0x0000026500042890
Event: 27.905 Thread 0x0000026579292920 flushing  nmethod 0x0000026500092890
Event: 27.905 Thread 0x0000026579292920 flushing  nmethod 0x0000026500b14310
Event: 27.905 Thread 0x0000026579292920 flushing  nmethod 0x0000026500cc3c90

Events (20 events):
Event: 25.867 Thread 0x0000026511b4eb70 Thread added: 0x00000265196ebd00
Event: 25.867 Thread 0x0000026511b4eb70 Thread added: 0x00000265196eca20
Event: 25.883 Thread 0x00000265793a3d00 Thread added: 0x0000026513b6a1f0
Event: 26.124 Thread 0x0000026513b6a1f0 Thread exited: 0x0000026513b6a1f0
Event: 26.606 Thread 0x00000265793a3d00 Thread added: 0x0000026513b6a1f0
Event: 27.214 Thread 0x0000026511b4eb70 Thread added: 0x00000265196eddd0
Event: 27.282 Thread 0x0000026511b4eb70 Thread added: 0x00000265196ee460
Event: 27.282 Thread 0x0000026511b4eb70 Thread added: 0x00000265196eb670
Event: 27.282 Thread 0x0000026511b4eb70 Thread added: 0x00000265196ed740
Event: 27.282 Thread 0x0000026511b4eb70 Thread added: 0x00000265196eafe0
Event: 27.283 Thread 0x0000026511b4eb70 Thread added: 0x00000265196efea0
Event: 27.283 Thread 0x0000026511b4eb70 Thread added: 0x00000265196eeaf0
Event: 27.283 Thread 0x0000026511b4eb70 Thread added: 0x00000265196ef180
Event: 27.283 Thread 0x0000026511b4eb70 Thread added: 0x00000265196ef810
Event: 27.283 Thread 0x0000026511b4eb70 Thread added: 0x00000265139d6fb0
Event: 27.283 Thread 0x0000026511b4eb70 Thread added: 0x00000265139db150
Event: 27.283 Thread 0x0000026511b4eb70 Thread added: 0x00000265139de5d0
Event: 28.430 Thread 0x0000026513b6a1f0 Thread exited: 0x0000026513b6a1f0
Event: 28.582 Thread 0x0000026511da2520 Thread added: 0x0000026513b6af90
Event: 29.876 Thread 0x0000026513b6af90 Thread exited: 0x0000026513b6af90


Dynamic libraries:
0x00007ff63fae0000 - 0x00007ff63faea000 	C:\Program Files\Android\Android Studio\jbr\bin\java.exe
0x00007ffb1d820000 - 0x00007ffb1da87000 	C:\WINDOWS\SYSTEM32\ntdll.dll
0x00007ffb1c3b0000 - 0x00007ffb1c479000 	C:\WINDOWS\System32\KERNEL32.DLL
0x00007ffb1a940000 - 0x00007ffb1ad34000 	C:\WINDOWS\System32\KERNELBASE.dll
0x00007ffb1a480000 - 0x00007ffb1a5cb000 	C:\WINDOWS\System32\ucrtbase.dll
0x00007ffb08ea0000 - 0x00007ffb08eb8000 	C:\Program Files\Android\Android Studio\jbr\bin\jli.dll
0x00007ffb08b80000 - 0x00007ffb08b9b000 	C:\Program Files\Android\Android Studio\jbr\bin\VCRUNTIME140.dll
0x00007ffb1c890000 - 0x00007ffb1ca55000 	C:\WINDOWS\System32\USER32.dll
0x00007ffb02e90000 - 0x00007ffb03123000 	C:\WINDOWS\WinSxS\amd64_microsoft.windows.common-controls_6595b64144ccf1df_6.0.26100.8115_none_3e075c82e3354f9c\COMCTL32.dll
0x00007ffb1a0f0000 - 0x00007ffb1a117000 	C:\WINDOWS\System32\win32u.dll
0x00007ffb1bdb0000 - 0x00007ffb1be59000 	C:\WINDOWS\System32\msvcrt.dll
0x00007ffb1c850000 - 0x00007ffb1c87b000 	C:\WINDOWS\System32\GDI32.dll
0x00007ffb1a350000 - 0x00007ffb1a47b000 	C:\WINDOWS\System32\gdi32full.dll
0x00007ffb1a120000 - 0x00007ffb1a1c3000 	C:\WINDOWS\System32\msvcp_win.dll
0x00007ffb1be60000 - 0x00007ffb1be92000 	C:\WINDOWS\System32\IMM32.DLL
0x00007ffb08be0000 - 0x00007ffb08bec000 	C:\Program Files\Android\Android Studio\jbr\bin\vcruntime140_1.dll
0x00007ffae9c70000 - 0x00007ffae9cfd000 	C:\Program Files\Android\Android Studio\jbr\bin\msvcp140.dll
0x00007ffaaa9f0000 - 0x00007ffaab686000 	C:\Program Files\Android\Android Studio\jbr\bin\server\jvm.dll
0x00007ffb1cc40000 - 0x00007ffb1ccf6000 	C:\WINDOWS\System32\ADVAPI32.dll
0x00007ffb1cee0000 - 0x00007ffb1cf87000 	C:\WINDOWS\System32\sechost.dll
0x00007ffb1c630000 - 0x00007ffb1c748000 	C:\WINDOWS\System32\RPCRT4.dll
0x00007ffb1b890000 - 0x00007ffb1b910000 	C:\WINDOWS\System32\WS2_32.dll
0x00007ffb19f70000 - 0x00007ffb19fce000 	C:\WINDOWS\SYSTEM32\POWRPROF.dll
0x00007ffb04820000 - 0x00007ffb0482b000 	C:\WINDOWS\SYSTEM32\VERSION.dll
0x00007ffb15140000 - 0x00007ffb15176000 	C:\WINDOWS\SYSTEM32\WINMM.dll
0x00007ffb19f30000 - 0x00007ffb19f44000 	C:\WINDOWS\SYSTEM32\UMPDC.dll
0x00007ffb18de0000 - 0x00007ffb18dfb000 	C:\WINDOWS\SYSTEM32\kernel.appcore.dll
0x00007ffb08b70000 - 0x00007ffb08b7a000 	C:\Program Files\Android\Android Studio\jbr\bin\jimage.dll
0x00007ffb17ec0000 - 0x00007ffb18102000 	C:\WINDOWS\SYSTEM32\DBGHELP.DLL
0x00007ffb1c020000 - 0x00007ffb1c3a2000 	C:\WINDOWS\System32\combase.dll
0x00007ffb1bf10000 - 0x00007ffb1bfe8000 	C:\WINDOWS\System32\OLEAUT32.dll
0x00007ffaffea0000 - 0x00007ffaffedb000 	C:\WINDOWS\SYSTEM32\dbgcore.DLL
0x00007ffb1a5d0000 - 0x00007ffb1a675000 	C:\WINDOWS\System32\bcryptPrimitives.dll
0x00007ffafab40000 - 0x00007ffafab4e000 	C:\Program Files\Android\Android Studio\jbr\bin\instrument.dll
0x00007ffb08b50000 - 0x00007ffb08b70000 	C:\Program Files\Android\Android Studio\jbr\bin\java.dll
0x00007ffb08b30000 - 0x00007ffb08b48000 	C:\Program Files\Android\Android Studio\jbr\bin\zip.dll
0x00007ffb1cfa0000 - 0x00007ffb1d707000 	C:\WINDOWS\System32\SHELL32.dll
0x00007ffb1a680000 - 0x00007ffb1a7ea000 	C:\WINDOWS\System32\wintypes.dll
0x00007ffb1ad40000 - 0x00007ffb1b5a8000 	C:\WINDOWS\System32\windows.storage.dll
0x00007ffb1ca60000 - 0x00007ffb1cb58000 	C:\WINDOWS\System32\SHCORE.dll
0x00007ffb1bea0000 - 0x00007ffb1bf06000 	C:\WINDOWS\System32\shlwapi.dll
0x00007ffb1a010000 - 0x00007ffb1a039000 	C:\WINDOWS\SYSTEM32\profapi.dll
0x00007ffb08b20000 - 0x00007ffb08b30000 	C:\Program Files\Android\Android Studio\jbr\bin\net.dll
0x00007ffb0fac0000 - 0x00007ffb0fbed000 	C:\WINDOWS\SYSTEM32\WINHTTP.dll
0x00007ffb193f0000 - 0x00007ffb1945c000 	C:\WINDOWS\system32\mswsock.dll
0x00007ffb08b00000 - 0x00007ffb08b16000 	C:\Program Files\Android\Android Studio\jbr\bin\nio.dll
0x00007ffafabd0000 - 0x00007ffafabe0000 	C:\Program Files\Android\Android Studio\jbr\bin\verify.dll
0x00007ffafab50000 - 0x00007ffafab77000 	C:\Users\DELL\.gradle\native\660c5614fbf4a5f2a75b1949f50a0caf5cd603558e7d8a26e50b933a0cfb79d1\windows-amd64\native-platform.dll
0x00007ffad1e20000 - 0x00007ffad1e97000 	C:\Users\DELL\.gradle\native\0.2.8\x86_64-windows-gnu\gradle-fileevents.dll
0x00007ffb03130000 - 0x00007ffb03139000 	C:\Program Files\Android\Android Studio\jbr\bin\management.dll
0x00007ffafabf0000 - 0x00007ffafabfb000 	C:\Program Files\Android\Android Studio\jbr\bin\management_ext.dll
0x00007ffb1cf90000 - 0x00007ffb1cf98000 	C:\WINDOWS\System32\PSAPI.DLL
0x00007ffb188d0000 - 0x00007ffb18902000 	C:\WINDOWS\SYSTEM32\IPHLPAPI.DLL
0x00007ffb1c880000 - 0x00007ffb1c88a000 	C:\WINDOWS\System32\NSI.dll
0x00007ffafabe0000 - 0x00007ffafabe9000 	C:\Program Files\Android\Android Studio\jbr\bin\extnet.dll
0x00007ffb196d0000 - 0x00007ffb196eb000 	C:\WINDOWS\SYSTEM32\CRYPTSP.dll
0x00007ffb18e00000 - 0x00007ffb18e39000 	C:\WINDOWS\system32\rsaenh.dll
0x00007ffb194a0000 - 0x00007ffb194d3000 	C:\WINDOWS\SYSTEM32\USERENV.dll
0x00007ffb19fe0000 - 0x00007ffb1a00a000 	C:\WINDOWS\SYSTEM32\bcrypt.dll
0x00007ffb196f0000 - 0x00007ffb196fc000 	C:\WINDOWS\SYSTEM32\CRYPTBASE.dll
0x00007ffaea100000 - 0x00007ffaea108000 	C:\WINDOWS\system32\wshunix.dll
0x00007ffb18fa0000 - 0x00007ffb18fd6000 	C:\WINDOWS\SYSTEM32\ntmarta.dll

JVMTI agents:
C:\Users\DELL\.gradle\wrapper\dists\gradle-9.3.1-bin\23ovyewtku6u96viwx3xl3oks\gradle-9.3.1\lib\agents\gradle-instrumentation-agent-9.3.1.jar path:C:\Program Files\Android\Android Studio\jbr\bin\instrument.dll, loaded, initialized, instrumentlib options:none

dbghelp: loaded successfully - version: 4.0.5 - missing functions: none
symbol engine: initialized successfully - sym options: 0x614 - pdb path: .;C:\Program Files\Android\Android Studio\jbr\bin;C:\WINDOWS\SYSTEM32;C:\WINDOWS\WinSxS\amd64_microsoft.windows.common-controls_6595b64144ccf1df_6.0.26100.8115_none_3e075c82e3354f9c;C:\Program Files\Android\Android Studio\jbr\bin\server;C:\Users\DELL\.gradle\native\660c5614fbf4a5f2a75b1949f50a0caf5cd603558e7d8a26e50b933a0cfb79d1\windows-amd64;C:\Users\DELL\.gradle\native\0.2.8\x86_64-windows-gnu

VM Arguments:
jvm_args: --add-opens=java.base/java.lang=ALL-UNNAMED --add-opens=java.base/java.lang.invoke=ALL-UNNAMED --add-opens=java.base/java.util=ALL-UNNAMED --add-opens=java.prefs/java.util.prefs=ALL-UNNAMED --add-exports=jdk.compiler/com.sun.tools.javac.api=ALL-UNNAMED --add-exports=jdk.compiler/com.sun.tools.javac.util=ALL-UNNAMED --add-opens=java.base/java.util=ALL-UNNAMED --add-opens=java.prefs/java.util.prefs=ALL-UNNAMED --add-opens=java.base/java.nio.charset=ALL-UNNAMED --add-opens=java.base/java.net=ALL-UNNAMED --add-opens=java.base/java.util.concurrent=ALL-UNNAMED --add-opens=java.base/java.util.concurrent.atomic=ALL-UNNAMED --add-opens=java.xml/javax.xml.namespace=ALL-UNNAMED --add-opens=java.base/java.time=ALL-UNNAMED -Xmx512m -Dfile.encoding=UTF-8 -Duser.country=US -Duser.language=en -Duser.variant -javaagent:C:\Users\DELL\.gradle\wrapper\dists\gradle-9.3.1-bin\23ovyewtku6u96viwx3xl3oks\gradle-9.3.1\lib\agents\gradle-instrumentation-agent-9.3.1.jar 
java_command: org.gradle.launcher.daemon.bootstrap.GradleDaemon 9.3.1
java_class_path (initial): C:\Users\DELL\.gradle\wrapper\dists\gradle-9.3.1-bin\23ovyewtku6u96viwx3xl3oks\gradle-9.3.1\lib\gradle-daemon-main-9.3.1.jar
Launcher Type: SUN_STANDARD

[Global flags]
     intx CICompilerCount                          = 4                                         {product} {ergonomic}
     uint ConcGCThreads                            = 3                                         {product} {ergonomic}
     uint G1ConcRefinementThreads                  = 10                                        {product} {ergonomic}
   size_t G1HeapRegionSize                         = 1048576                                   {product} {ergonomic}
    uintx GCDrainStackTargetSize                   = 64                                        {product} {ergonomic}
   size_t InitialHeapSize                          = 264241152                                 {product} {ergonomic}
   size_t MarkStackSize                            = 4194304                                   {product} {ergonomic}
   size_t MaxHeapSize                              = 536870912                                 {product} {command line}
   size_t MaxNewSize                               = 321912832                                 {product} {ergonomic}
   size_t MinHeapDeltaBytes                        = 1048576                                   {product} {ergonomic}
   size_t MinHeapSize                              = 8388608                                   {product} {ergonomic}
    uintx NonNMethodCodeHeapSize                   = 5839372                                {pd product} {ergonomic}
    uintx NonProfiledCodeHeapSize                  = 122909434                              {pd product} {ergonomic}
    uintx ProfiledCodeHeapSize                     = 122909434                              {pd product} {ergonomic}
    uintx ReservedCodeCacheSize                    = 251658240                              {pd product} {ergonomic}
     bool SegmentedCodeCache                       = true                                      {product} {ergonomic}
   size_t SoftMaxHeapSize                          = 536870912                              {manageable} {ergonomic}
     bool UseCompressedOops                        = true                           {product lp64_product} {ergonomic}
     bool UseG1GC                                  = true                                      {product} {ergonomic}
     bool UseLargePagesIndividualAllocation        = false                                  {pd product} {ergonomic}

Logging:
Log output configuration:
 #0: stdout all=warning uptime,level,tags foldmultilines=false
 #1: stderr all=off uptime,level,tags foldmultilines=false

Release file:
JAVA_VERSION="21.0.9" 
MODULES="java.base java.compiler java.datatransfer java.xml java.prefs java.desktop java.instrument java.logging java.management java.security.sasl java.naming java.rmi java.management.rmi java.net.http java.scripting java.security.jgss java.transaction.xa java.sql java.sql.rowset java.xml.crypto java.se java.smartcardio jdk.accessibility jdk.internal.jvmstat jdk.attach jdk.charsets jdk.internal.opt jdk.zipfs jdk.compiler jdk.crypto.ec jdk.crypto.cryptoki jdk.dynalink jdk.hotspot.agent jdk.httpserver jdk.internal.ed jdk.internal.le jdk.internal.vm.ci jdk.jartool jdk.javadoc jdk.jcmd jdk.jdeps jdk.jdwp.agent jdk.jdi jdk.jfr jdk.jlink jdk.jsobject jdk.localedata jdk.management jdk.management.agent jdk.management.jfr jdk.naming.dns jdk.naming.rmi jdk.net jdk.sctp jdk.security.auth jdk.security.jgss jdk.unsupported jdk.unsupported.desktop jdk.xml.dom" 
IMPLEMENTOR="JetBrains s.r.o." 
JAVA_RUNTIME_VERSION="21.0.9+-14787801-b1163.94" 
LIBC="default" 
OS_ARCH="x86_64" 
OS_NAME="Windows" 
SOURCE=".:git:0c757ddc9f2f" 

Environment Variables:
JAVA_HOME=C:\Program Files\Android\Android Studio\jbr
PATH=C:\Program Files (x86)\Common Files\Oracle\Java\java8path;C:\Program Files (x86)\Common Files\Oracle\Java\javapath;C:\Program Files\Microsoft MPI\Bin\;C:\WINDOWS\system32;C:\WINDOWS;C:\WINDOWS\System32\Wbem;C:\WINDOWS\System32\WindowsPowerShell\v1.0\;C:\WINDOWS\System32\OpenSSH\;C:\Program Files\dotnet\;C:\msys64\ucrt64\bin;C:\Program Files (x86)\Windows Kits\10\Windows Performance Toolkit\;C:\Program Files (x86)\Microsoft SQL Server\160\Tools\Binn\;C:\Program Files\Microsoft SQL Server\160\Tools\Binn\;C:\Program Files\Microsoft SQL Server\Client SDK\ODBC\170\Tools\Binn\;C:\Program Files\Microsoft SQL Server\160\DTS\Binn\;C:\Program Files (x86)\Microsoft SQL Server\160\DTS\Binn\;C:\Program Files\Microsoft SQL Server\170\DTS\Binn\;C:\Program Files\Git\cmd;C:\WINDOWS\system32\config\systemprofile\AppData\Local\Muse Hub\lib;C:\Program Files\PuTTY\;C:\Program Files\nodejs\;C:\Program Files\Void\bin;C:\Program Files\MySQL\MySQL Shell 8.0\bin\;C:\Users\DELL\AppData\Local\Programs\Python\Python310\Scripts\;C:\Users\DELL\AppData\Local\Programs\Python\Python310\;C:\Users\DELL\AppData\Local\Microsoft\WindowsApps;C:\Users\DELL\.dotnet\tools;C:\Users\DELL\AppData\Local\Programs\Microsoft VS Code\bin;C:\Users\DELL\AppData\Local\Pandoc\;C:\Users\DELL\AppData\Roaming\npm;C:\Program Files\MySQL\MySQL Server 8.0\bin;C:\Users\DELL\AppData\Local\Programs\cursor\resources\app\bin;C:\Users\DELL\AppData\Local\Programs\Antigravity\bin;C:\Users\DELL\AppData\Local\Microsoft\WindowsApps;C:\Program Files\Android\Android Studio\jbr\bin;
USERNAME=DELL
OS=Windows_NT
PROCESSOR_IDENTIFIER=Intel64 Family 6 Model 154 Stepping 4, GenuineIntel
TMP=C:\Users\DELL\AppData\Local\Temp
TEMP=C:\Users\DELL\AppData\Local\Temp




Periodic native trim disabled

JNI global refs:
JNI global refs: 28, weak refs: 0

JNI global refs memory usage: 835, weak refs: 833

Process memory usage:
Resident Set Size: 690348K (4% of 16454388K total physical memory with 897472K free physical memory)

OOME stack traces (most recent first):
Classloader memory used:
Loader org.gradle.internal.classloader.VisitableURLClassLoader                         : 44193K
Loader org.gradle.internal.classloader.VisitableURLClassLoader$InstrumentingVisitableURLClassLoader: 37377K
Loader bootstrap                                                                       : 31179K
Loader org.gradle.initialization.MixInLegacyTypesClassLoader                           : 12150K
Loader jdk.internal.loader.ClassLoaders$AppClassLoader                                 : 7251K
Loader java.net.URLClassLoader                                                         : 1399K
Loader jdk.internal.loader.ClassLoaders$PlatformClassLoader                            : 665K
Loader jdk.internal.jrtfs.JrtFileSystemProvider$JrtFsLoader                            : 290K
Loader jdk.internal.reflect.DelegatingClassLoader                                      : 237K
Loader org.gradle.groovy.scripts.internal.DefaultScriptCompilationHandler$ScriptClassLoader: 152K
Loader org.gradle.internal.classloader.VisitableURLClassLoader                         : 55336B

Classes loaded by more than one classloader:
Class kotlin.NotImplementedError                                                      : loaded 2 times (x 82B)
Class kotlin.text.StringsKt__StringsKt                                                : loaded 2 times (x 71B)
Class com.google.common.base.PairwiseEquivalence                                      : loaded 2 times (x 83B)
Class com.google.common.base.Equivalence$Identity                                     : loaded 2 times (x 82B)
Class com.google.common.collect.RegularImmutableMap$KeySet                            : loaded 2 times (x 152B)
Class org.gradle.internal.classloader.FilteringClassLoader                            : loaded 2 times (x 105B)
Class jdk.internal.jimage.BasicImageReader                                            : loaded 2 times (x 95B)
Class kotlin.jvm.internal.MutablePropertyReference0                                   : loaded 2 times (x 137B)
Class kotlin.collections.CollectionsKt__ReversedViewsKt                               : loaded 2 times (x 71B)
Class [Lcom.google.common.collect.MapMakerInternalMap$Segment;                        : loaded 2 times (x 69B)
Class com.google.common.io.FileWriteMode                                              : loaded 2 times (x 79B)
Class [Lcom.google.common.base.AbstractIterator$State;                                : loaded 2 times (x 69B)
Class com.google.common.base.CharMatcher$IsEither                                     : loaded 2 times (x 111B)
Class org.gradle.internal.classloader.ClassLoaderHierarchy                            : loaded 2 times (x 70B)
Class kotlin.SafePublicationLazyImpl$Companion                                        : loaded 2 times (x 71B)
Class kotlin.jvm.internal.PropertyReference1Impl                                      : loaded 2 times (x 127B)
Class kotlin.jvm.internal.MutablePropertyReference1                                   : loaded 2 times (x 137B)
Class build_vum9lm4dgnnr9clfhb7twf98$_run_closure1                                    : loaded 2 times (x 139B)
Class com.google.common.collect.AbstractMapBasedMultimap$WrappedCollection            : loaded 2 times (x 124B)
Class com.google.common.collect.ImmutableEnumSet                                      : loaded 2 times (x 146B)
Class com.google.common.util.concurrent.ExecutionError                                : loaded 2 times (x 82B)
Class com.google.common.collect.ImmutableList$1                                       : loaded 2 times (x 97B)
Class org.gradle.api.internal.classpath.ManifestUtil                                  : loaded 2 times (x 71B)
Class kotlin.reflect.jvm.internal.ReflectProperties$Val                               : loaded 2 times (x 74B)
Class kotlin.jvm.internal.MutablePropertyReference2                                   : loaded 2 times (x 137B)
Class com.google.common.collect.RegularImmutableMap                                   : loaded 2 times (x 121B)
Class com.google.common.collect.ImmutableMap$MapViewOfValuesAsSingletonSets           : loaded 2 times (x 126B)
Class com.google.common.collect.TransformedListIterator                               : loaded 2 times (x 93B)
Class [Lorg.objectweb.asm.Symbol;                                                     : loaded 2 times (x 69B)
Class org.objectweb.asm.ClassVisitor                                                  : loaded 2 times (x 88B)
Class com.google.common.collect.UnmodifiableListIterator                              : loaded 2 times (x 95B)
Class kotlin.reflect.jvm.internal.impl.name.FqName                                    : loaded 2 times (x 72B)
Class [Lkotlin.reflect.KClass;                                                        : loaded 2 times (x 69B)
Class com.google.common.collect.MapMakerInternalMap$StrongKeyDummyValueEntry$LinkedStrongKeyDummyValueEntry: loaded 2 times (x 82B)
Class com.google.common.collect.MapMakerInternalMap$Strength                          : loaded 2 times (x 80B)
Class com.google.common.base.Platform$JdkPatternCompiler                              : loaded 2 times (x 75B)
Class org.objectweb.asm.MethodTooLargeException                                       : loaded 2 times (x 83B)
Class [Lcom.google.common.cache.CacheBuilder$OneWeigher;                              : loaded 2 times (x 69B)
Class com.google.common.base.Suppliers                                                : loaded 2 times (x 71B)
Class org.gradle.internal.classloader.DefaultClassLoaderFactory                       : loaded 2 times (x 82B)
Class kotlin.collections.AbstractList$Companion                                       : loaded 2 times (x 71B)
Class com.google.common.base.CharMatcher$None                                         : loaded 2 times (x 112B)
Class org.gradle.internal.classloader.ClassLoaderVisitor                              : loaded 2 times (x 76B)
Class kotlin.reflect.jvm.internal.KProperty1Impl                                      : loaded 2 times (x 128B)
Class [Lcom.google.common.collect.ImmutableMapEntry;                                  : loaded 2 times (x 69B)
Class org.gradle.api.internal.classpath.EffectiveClassPath                            : loaded 2 times (x 90B)
Class kotlin.text.StringsKt__AppendableKt                                             : loaded 2 times (x 71B)
Class [Lorg.apache.commons.io.StandardLineSeparator;                                  : loaded 2 times (x 69B)
Class org.apache.commons.io.output.StringBuilderWriter                                : loaded 2 times (x 100B)
Class com.google.common.collect.ListMultimap                                          : loaded 2 times (x 70B)
Class com.google.common.collect.ImmutableEnumMap                                      : loaded 2 times (x 126B)
Class kotlin.reflect.jvm.internal.KCallableImpl                                       : loaded 2 times (x 105B)
Class kotlin.reflect.KProperty$Accessor                                               : loaded 2 times (x 70B)
Class [Lkotlin.reflect.KCallable;                                                     : loaded 2 times (x 69B)
Class com.google.common.collect.Iterators$EmptyModifiableIterator                     : loaded 2 times (x 86B)
Class com.google.common.base.Splitter                                                 : loaded 2 times (x 72B)
Class com.google.common.collect.Sets$1                                                : loaded 2 times (x 139B)
Class org.objectweb.asm.AnnotationVisitor                                             : loaded 2 times (x 78B)
Class org.gradle.api.internal.DefaultClassPathProvider                                : loaded 2 times (x 76B)
Class kotlin.text.StringsKt__StringNumberConversionsJVMKt                             : loaded 2 times (x 71B)
Class com.google.common.collect.MapMakerInternalMap$Strength$1                        : loaded 2 times (x 80B)
Class com.google.common.collect.Maps$ViewCachingAbstractMap                           : loaded 2 times (x 125B)
Class com.google.common.collect.Sets$2                                                : loaded 2 times (x 139B)
Class [Lorg.gradle.api.internal.ClassPathProvider;                                    : loaded 2 times (x 69B)
Class org.gradle.api.internal.ClassPathProvider                                       : loaded 2 times (x 70B)
Class jdk.internal.jrtfs.SystemImage                                                  : loaded 2 times (x 74B)
Class com.google.common.collect.MapMakerInternalMap$Strength$2                        : loaded 2 times (x 80B)
Class com.google.common.base.AbstractIterator$State                                   : loaded 2 times (x 79B)
Class [Lorg.objectweb.asm.AnnotationVisitor;                                          : loaded 2 times (x 69B)
Class com.google.common.collect.Sets$3                                                : loaded 2 times (x 139B)
Class com.google.common.cache.LocalCache$LocalLoadingCache                            : loaded 2 times (x 134B)
Class org.gradle.internal.service.UnknownServiceException                             : loaded 2 times (x 83B)
Class kotlin.reflect.jvm.internal.impl.name.ClassId                                   : loaded 2 times (x 72B)
Class android.databinding.tool.writer.JavaFileWriter                                  : loaded 2 times (x 74B)
Class com.google.common.collect.MapMakerInternalMap$StrongValueEntry                  : loaded 2 times (x 70B)
Class com.google.common.collect.Sets$4                                                : loaded 2 times (x 139B)
Class org.objectweb.asm.ModuleVisitor                                                 : loaded 2 times (x 81B)
Class com.google.common.cache.LocalCache$Strength$1                                   : loaded 2 times (x 81B)
Class org.apache.commons.io.output.QueueOutputStream                                  : loaded 2 times (x 87B)
Class com.google.common.util.concurrent.SettableFuture                                : loaded 2 times (x 114B)
Class com.google.common.cache.LocalCache$Strength$2                                   : loaded 2 times (x 81B)
Class kotlin.reflect.KTypeParameter                                                   : loaded 2 times (x 70B)
Class kotlin.text.StringsKt__RegexExtensionsJVMKt                                     : loaded 2 times (x 71B)
Class kotlin.collections.CollectionsKt__CollectionsKt                                 : loaded 2 times (x 71B)
Class com.google.common.collect.Interners$InternerImpl                                : loaded 2 times (x 75B)
Class com.google.common.collect.Interner                                              : loaded 2 times (x 70B)
Class com.google.common.collect.TransformedIterator                                   : loaded 2 times (x 80B)
Class com.google.common.base.Splitter$1                                               : loaded 2 times (x 77B)
Class com.google.common.cache.LocalCache$Strength$3                                   : loaded 2 times (x 81B)
Class com.google.common.collect.MapDifference                                         : loaded 2 times (x 70B)
Class kotlin.text.Regex$Companion                                                     : loaded 2 times (x 71B)
Class com.google.common.collect.MapMaker$Dummy                                        : loaded 2 times (x 79B)
Class org.objectweb.asm.FieldWriter                                                   : loaded 2 times (x 78B)
Class com.google.common.cache.CacheBuilder$NullListener                               : loaded 2 times (x 82B)
Class org.gradle.internal.classpath.TransformedClassPath                              : loaded 2 times (x 96B)
Class org.gradle.internal.classloader.InstrumentingClassLoader                        : loaded 2 times (x 70B)
Class jdk.internal.jrtfs.SystemImage$1                                                : loaded 2 times (x 78B)
Class kotlin.enums.EnumEntriesList                                                    : loaded 2 times (x 223B)
Class kotlin.jvm.internal.FunctionReference                                           : loaded 2 times (x 122B)
Class kotlin.jvm.internal.FunctionBase                                                : loaded 2 times (x 70B)
Class org.apache.commons.io.output.UnsynchronizedByteArrayOutputStream                : loaded 2 times (x 102B)
Class com.google.common.cache.CacheLoader$FunctionToCacheLoader                       : loaded 2 times (x 75B)
Class com.google.common.collect.Iterators$ArrayItr                                    : loaded 2 times (x 97B)
Class com.google.common.collect.ImmutableCollection$Builder                           : loaded 2 times (x 76B)
Class jdk.internal.jrtfs.SystemImage$2                                                : loaded 2 times (x 76B)
Class kotlin.comparisons.ComparisonsKt___ComparisonsJvmKt                             : loaded 2 times (x 71B)
Class kotlin.collections.CollectionsKt__IteratorsJVMKt                                : loaded 2 times (x 71B)
Class com.google.common.collect.BaseImmutableMultimap                                 : loaded 2 times (x 123B)
Class org.apache.commons.io.output.ByteArrayOutputStream                              : loaded 2 times (x 102B)
Class com.google.common.base.Joiner                                                   : loaded 2 times (x 79B)
Class com.google.common.base.MoreObjects                                              : loaded 2 times (x 71B)
Class kotlin.reflect.KProperty0                                                       : loaded 2 times (x 70B)
Class com.google.common.collect.Platform                                              : loaded 2 times (x 71B)
Class [Lorg.objectweb.asm.Type;                                                       : loaded 2 times (x 69B)
Class com.google.common.collect.UnmodifiableIterator                                  : loaded 2 times (x 80B)
Class org.gradle.internal.service.ServiceLocator                                      : loaded 2 times (x 70B)
Class jdk.internal.jrtfs.JrtFileSystemProvider                                        : loaded 2 times (x 101B)
Class kotlin.reflect.KProperty1                                                       : loaded 2 times (x 70B)
Class kotlin.reflect.KClass                                                           : loaded 2 times (x 70B)
Class org.apache.commons.io.FileExistsException                                       : loaded 2 times (x 82B)
Class com.google.common.collect.HashBiMap$BiEntry                                     : loaded 2 times (x 83B)
Class com.google.common.collect.SingletonImmutableBiMap                               : loaded 2 times (x 143B)
Class com.google.common.base.Ascii                                                    : loaded 2 times (x 71B)
Class com.google.common.cache.LocalCache$1                                            : loaded 2 times (x 89B)
Class com.google.common.collect.Iterators$SingletonIterator                           : loaded 2 times (x 81B)
Class com.google.common.collect.AbstractMapEntry                                      : loaded 2 times (x 81B)
Class settings_cqu13lbp78xniu3qlwonyc3q3                                              : loaded 2 times (x 171B)
Class kotlin.reflect.KProperty2                                                       : loaded 2 times (x 70B)
Class kotlin.collections.CollectionsKt__MutableCollectionsKt                          : loaded 2 times (x 71B)
Class com.google.common.collect.MapMakerInternalMap$AbstractStrongKeyEntry            : loaded 2 times (x 80B)
Class com.google.common.collect.Sets$ImprovedAbstractSet                              : loaded 2 times (x 135B)
Class com.google.common.collect.ImmutableList$Builder                                 : loaded 2 times (x 77B)
Class com.google.common.collect.AbstractMultimap                                      : loaded 2 times (x 123B)
Class com.google.common.cache.LocalCache$2                                            : loaded 2 times (x 142B)
Class kotlin.reflect.KCallable                                                        : loaded 2 times (x 70B)
Class com.google.common.collect.RegularImmutableAsList                                : loaded 2 times (x 217B)
Class kotlin.text.CharsKt                                                             : loaded 2 times (x 71B)
Class com.google.common.util.concurrent.AbstractFuture$Trusted                        : loaded 2 times (x 70B)
Class com.google.common.collect.Iterators                                             : loaded 2 times (x 71B)
Class jdk.internal.jrtfs.JrtDirectoryStream$1                                         : loaded 2 times (x 83B)
Class jdk.internal.jimage.ImageLocation                                               : loaded 2 times (x 90B)
Class com.google.common.io.ByteSink$AsCharSink                                        : loaded 2 times (x 80B)
Class com.google.common.collect.Lists$StringAsImmutableList                           : loaded 2 times (x 207B)
Class com.google.common.util.concurrent.UncheckedExecutionException                   : loaded 2 times (x 82B)
Class jdk.internal.jimage.ImageBufferCache$1                                          : loaded 2 times (x 83B)
Class kotlin.reflect.jvm.internal.ReflectionFactoryImpl                               : loaded 2 times (x 91B)
Class kotlin.collections.MapsKt__MapsJVMKt                                            : loaded 2 times (x 71B)
Class com.google.common.collect.AbstractMapBasedMultimap$KeySet$1                     : loaded 2 times (x 82B)
Class org.objectweb.asm.ClassWriter                                                   : loaded 2 times (x 106B)
Class com.google.common.base.CharMatcher$And                                          : loaded 2 times (x 112B)
Class com.google.common.cache.CacheLoader$UnsupportedLoadingOperationException        : loaded 2 times (x 82B)
Class org.gradle.internal.classloader.ClasspathUtil$1                                 : loaded 2 times (x 76B)
Class jdk.internal.jimage.ImageBufferCache$2                                          : loaded 2 times (x 91B)
Class com.google.common.base.Objects                                                  : loaded 2 times (x 71B)
Class org.objectweb.asm.FieldVisitor                                                  : loaded 2 times (x 77B)
Class com.google.common.collect.IndexedImmutableSet                                   : loaded 2 times (x 152B)
Class com.google.common.collect.ImmutableMap$1                                        : loaded 2 times (x 81B)
Class com.google.common.collect.BiMap                                                 : loaded 2 times (x 70B)
Class org.gradle.api.internal.classpath.DefaultModuleRegistry$DefaultModule           : loaded 2 times (x 86B)
Class com.google.common.primitives.Ints                                               : loaded 2 times (x 71B)
Class com.google.common.collect.AbstractIterator                                      : loaded 2 times (x 82B)
Class com.google.common.collect.ObjectArrays                                          : loaded 2 times (x 71B)
Class com.google.common.math.MathPreconditions                                        : loaded 2 times (x 71B)
Class com.google.common.collect.Multiset                                              : loaded 2 times (x 70B)
Class com.google.common.collect.ArrayListMultimapGwtSerializationDependencies         : loaded 2 times (x 172B)
Class com.google.common.collect.AbstractIndexedListIterator                           : loaded 2 times (x 96B)
Class kotlin.reflect.jvm.internal.KotlinReflectionInternalError                       : loaded 2 times (x 82B)
Class kotlin.Function                                                                 : loaded 2 times (x 70B)
Class org.apache.commons.io.output.NullOutputStream                                   : loaded 2 times (x 85B)
Class com.google.common.collect.ImmutableMapEntrySet                                  : loaded 2 times (x 152B)
Class org.gradle.api.internal.classpath.Module                                        : loaded 2 times (x 70B)
Class kotlin.reflect.jvm.internal.KClassifierImpl                                     : loaded 2 times (x 70B)
Class kotlin.reflect.KMutableProperty                                                 : loaded 2 times (x 70B)
Class com.google.common.cache.Weigher                                                 : loaded 2 times (x 70B)
Class org.gradle.api.internal.classpath.UnknownModuleException                        : loaded 2 times (x 82B)
Class jdk.internal.jimage.ImageHeader                                                 : loaded 2 times (x 71B)
Class kotlin.jvm.internal.PropertyReference                                           : loaded 2 times (x 115B)
Class com.google.common.base.Stopwatch                                                : loaded 2 times (x 72B)
Class com.google.common.cache.LocalCache$Strength                                     : loaded 2 times (x 81B)
Class com.google.common.cache.Cache                                                   : loaded 2 times (x 70B)
Class org.apache.commons.io.filefilter.IOFileFilter                                   : loaded 2 times (x 70B)
Class com.google.common.base.NullnessCasts                                            : loaded 2 times (x 71B)
Class com.google.common.util.concurrent.AbstractFuture$Cancellation                   : loaded 2 times (x 72B)
Class com.google.common.collect.ImmutableMap$Builder                                  : loaded 2 times (x 82B)
Class kotlin.reflect.jvm.internal.ReflectProperties$LazySoftVal                       : loaded 2 times (x 78B)
Class [Lkotlin.reflect.KAnnotatedElement;                                             : loaded 2 times (x 69B)
Class com.google.common.collect.AbstractMapBasedMultimap$WrappedCollection$WrappedIterator: loaded 2 times (x 84B)
Class com.google.common.cache.RemovalListener                                         : loaded 2 times (x 70B)
Class org.gradle.api.internal.DefaultClassPathRegistry                                : loaded 2 times (x 76B)
Class kotlin.reflect.jvm.internal.KPropertyImpl                                       : loaded 2 times (x 115B)
Class kotlin.reflect.KProperty                                                        : loaded 2 times (x 70B)
Class kotlin.jvm.internal.Reflection                                                  : loaded 2 times (x 71B)
Class com.google.common.primitives.IntsMethodsForWeb                                  : loaded 2 times (x 71B)
Class com.google.common.collect.Multimap                                              : loaded 2 times (x 70B)
Class org.gradle.api.internal.ClassPathRegistry                                       : loaded 2 times (x 70B)
Class org.gradle.internal.classpath.DefaultClassPath$ImmutableUniqueList              : loaded 2 times (x 199B)
Class kotlin.text.StringsKt__StringsJVMKt                                             : loaded 2 times (x 71B)
Class com.google.common.collect.MapMakerInternalMap$Segment                           : loaded 2 times (x 142B)
Class com.google.common.base.ExtraObjectsMethodsForWeb                                : loaded 2 times (x 71B)
Class org.apache.commons.io.IOUtils                                                   : loaded 2 times (x 71B)
Class kotlin.text.StringsKt__IndentKt                                                 : loaded 2 times (x 71B)
Class com.google.common.io.ByteSink                                                   : loaded 2 times (x 76B)
Class com.google.common.cache.CacheBuilder                                            : loaded 2 times (x 72B)
Class com.google.common.collect.SingletonImmutableList                                : loaded 2 times (x 207B)
Class org.gradle.internal.classpath.ClassPath                                         : loaded 2 times (x 70B)
Class kotlin.reflect.KFunction                                                        : loaded 2 times (x 70B)
Class com.google.common.collect.Interners$InternerBuilder                             : loaded 2 times (x 76B)
Class com.google.common.io.Files$FileByteSource                                       : loaded 2 times (x 85B)
Class com.google.common.base.JdkPattern                                               : loaded 2 times (x 75B)
Class com.google.common.collect.ImmutableList$ReverseImmutableList                    : loaded 2 times (x 209B)
Class [Lkotlin.reflect.KDeclarationContainer;                                         : loaded 2 times (x 69B)
Class kotlin.collections.MapsKt__MapsKt                                               : loaded 2 times (x 71B)
Class kotlin.jvm.internal.Lambda                                                      : loaded 2 times (x 75B)
Class org.objectweb.asm.SymbolTable$Entry                                             : loaded 2 times (x 74B)
Class jdk.internal.jimage.ImageStringsReader                                          : loaded 2 times (x 80B)
Class org.objectweb.asm.Edge                                                          : loaded 2 times (x 72B)
Class com.google.common.base.Suppliers$SupplierOfInstance                             : loaded 2 times (x 79B)
Class com.google.common.collect.Iterators$1                                           : loaded 2 times (x 81B)
Class kotlin.UninitializedPropertyAccessException                                     : loaded 2 times (x 82B)
Class com.google.common.cache.LocalCache$ComputingValueReference                      : loaded 2 times (x 96B)
Class com.google.common.collect.SingletonImmutableSet                                 : loaded 2 times (x 146B)
Class com.google.common.collect.ImmutableMap$IteratorBasedImmutableMap                : loaded 2 times (x 126B)
Class jdk.internal.jimage.ImageReader                                                 : loaded 2 times (x 75B)
Class kotlin.reflect.KProperty$Getter                                                 : loaded 2 times (x 70B)
Class build_vum9lm4dgnnr9clfhb7twf98                                                  : loaded 2 times (x 172B)
Class com.google.common.cache.LocalCache$Segment                                      : loaded 2 times (x 154B)
Class jdk.internal.jimage.ImageReader$SharedImageReader                               : loaded 2 times (x 95B)
Class kotlin.SafePublicationLazyImpl                                                  : loaded 2 times (x 76B)
Class kotlin.reflect.jvm.internal.ReflectProperties                                   : loaded 2 times (x 71B)
Class com.google.common.collect.AbstractListMultimap                                  : loaded 2 times (x 172B)
Class [Lorg.objectweb.asm.SymbolTable$Entry;                                          : loaded 2 times (x 69B)
Class com.google.common.cache.CacheLoader                                             : loaded 2 times (x 74B)
Class com.google.common.collect.Iterators$4                                           : loaded 2 times (x 82B)
Class com.google.common.collect.ImmutableBiMap                                        : loaded 2 times (x 143B)
Class org.gradle.api.internal.classpath.ModuleRegistry                                : loaded 2 times (x 70B)
Class org.gradle.internal.installation.GradleInstallation$1                           : loaded 2 times (x 75B)
Class com.google.common.base.Splitter$SplittingIterator                               : loaded 2 times (x 84B)
Class org.apache.commons.io.output.NullWriter                                         : loaded 2 times (x 99B)
Class com.google.common.collect.ImmutableSet$JdkBackedSetBuilderImpl                  : loaded 2 times (x 76B)
Class com.google.common.util.concurrent.internal.InternalFutureFailureAccess          : loaded 2 times (x 72B)
Class com.google.common.collect.Iterators$5                                           : loaded 2 times (x 82B)
Class kotlin.reflect.jvm.internal.KDeclarationContainerImpl                           : loaded 2 times (x 84B)
Class com.google.common.base.CharMatcher$ForPredicate                                 : loaded 2 times (x 112B)
Class com.google.common.cache.LocalCache$LocalManualCache$1                           : loaded 2 times (x 75B)
Class jdk.internal.jimage.ImageReader$Node                                            : loaded 2 times (x 84B)
Class kotlin.collections.CollectionsKt__CollectionsJVMKt                              : loaded 2 times (x 71B)
Class com.google.common.base.CharMatcher$AnyOf                                        : loaded 2 times (x 112B)
Class com.google.common.collect.ImmutableCollection                                   : loaded 2 times (x 125B)
Class org.gradle.api.internal.classpath.DefaultModuleRegistry                         : loaded 2 times (x 86B)
Class jdk.internal.jimage.BasicImageReader$1                                          : loaded 2 times (x 77B)
Class kotlin.collections.CollectionsKt__IteratorsKt                                   : loaded 2 times (x 71B)
Class com.google.common.collect.Lists                                                 : loaded 2 times (x 71B)
Class com.google.common.util.concurrent.ListenableFuture                              : loaded 2 times (x 70B)
Class com.google.common.cache.ReferenceEntry                                          : loaded 2 times (x 70B)
Class com.google.common.base.Converter                                                : loaded 2 times (x 90B)
Class com.google.common.collect.ImmutableSet$CachingAsList                            : loaded 2 times (x 148B)
Class kotlin.text.StringsKt                                                           : loaded 2 times (x 71B)
Class com.google.common.collect.AbstractMapBasedMultimap                              : loaded 2 times (x 139B)
Class com.google.common.util.concurrent.AbstractFuture                                : loaded 2 times (x 106B)
Class com.google.common.base.FunctionalEquivalence                                    : loaded 2 times (x 83B)
Class com.google.common.collect.Iterators$9                                           : loaded 2 times (x 81B)
Class com.google.common.collect.ImmutableAsList                                       : loaded 2 times (x 209B)
Class kotlin.LazyKt__LazyJVMKt                                                        : loaded 2 times (x 71B)
Class org.objectweb.asm.RecordComponentVisitor                                        : loaded 2 times (x 77B)
Class com.google.common.cache.CacheLoader$SupplierToCacheLoader                       : loaded 2 times (x 75B)
Class jdk.internal.jimage.decompressor.Decompressor                                   : loaded 2 times (x 72B)
Class jdk.internal.jimage.ImageReader$Resource                                        : loaded 2 times (x 84B)
Class kotlin.text.StringsKt__StringNumberConversionsKt                                : loaded 2 times (x 71B)
Class com.google.common.collect.Maps$EntryTransformer                                 : loaded 2 times (x 70B)
Class org.gradle.internal.service.ServiceLookupException                              : loaded 2 times (x 82B)
Class jdk.internal.jrtfs.JrtFileAttributes                                            : loaded 2 times (x 83B)
Class com.google.common.collect.Lists$ReverseList                                     : loaded 2 times (x 200B)
Class [Lcom.google.common.cache.LocalCache$EntryFactory;                              : loaded 2 times (x 69B)
Class org.gradle.internal.classloader.ClassLoaderFactory                              : loaded 2 times (x 70B)
Class com.google.common.collect.ImmutableMap$SerializedForm                           : loaded 2 times (x 73B)
Class org.apache.commons.io.CloseableURLConnection                                    : loaded 2 times (x 116B)
Class com.google.common.base.CommonPattern                                            : loaded 2 times (x 74B)
Class com.google.common.base.CharMatcher$IsNot                                        : loaded 2 times (x 111B)
Class com.google.common.cache.LocalCache$LocalManualCache                             : loaded 2 times (x 99B)
Class org.gradle.internal.service.CachingServiceLocator                               : loaded 2 times (x 82B)
Class kotlin.jvm.internal.CallableReference                                           : loaded 2 times (x 106B)
Class com.google.common.collect.AbstractMapBasedMultimap$KeySet                       : loaded 2 times (x 137B)
Class com.google.common.math.IntMath                                                  : loaded 2 times (x 71B)
Class kotlin.reflect.jvm.internal.impl.descriptors.runtime.structure.ReflectClassUtilKt: loaded 2 times (x 71B)
Class com.google.common.collect.MapMakerInternalMap$InternalEntry                     : loaded 2 times (x 70B)
Class [Lcom.google.common.collect.HashBiMap$BiEntry;                                  : loaded 2 times (x 69B)
Class com.google.common.collect.ImmutableMapEntry                                     : loaded 2 times (x 85B)
Class kotlin.enums.EnumEntries                                                        : loaded 2 times (x 70B)
Class com.google.common.collect.ImmutableMultimap                                     : loaded 2 times (x 147B)
Class com.google.common.base.Equivalence                                              : loaded 2 times (x 82B)
Class com.google.common.base.Function                                                 : loaded 2 times (x 70B)
Class com.google.common.collect.ImmutableMapEntry$NonTerminalImmutableMapEntry        : loaded 2 times (x 85B)
Class org.apache.commons.io.output.AbstractByteArrayOutputStream                      : loaded 2 times (x 102B)
Class com.google.common.collect.IndexedImmutableSet$1                                 : loaded 2 times (x 213B)
Class com.google.common.cache.CacheBuilder$OneWeigher                                 : loaded 2 times (x 82B)
Class com.google.common.collect.RegularImmutableList                                  : loaded 2 times (x 213B)
Class jdk.internal.jimage.ImageBufferCache                                            : loaded 2 times (x 71B)
Class jdk.internal.jrtfs.JrtPath                                                      : loaded 2 times (x 118B)
Class kotlin.reflect.jvm.internal.KDeclarationContainerImpl$Companion                 : loaded 2 times (x 71B)
Class org.gradle.internal.classloader.ClasspathUtil                                   : loaded 2 times (x 71B)
Class kotlin.jvm.internal.PropertyReference0                                          : loaded 2 times (x 127B)
Class com.google.common.util.concurrent.Uninterruptibles                              : loaded 2 times (x 71B)
Class kotlin.reflect.full.IllegalCallableAccessException                              : loaded 2 times (x 82B)
Class kotlin.jvm.internal.DefaultConstructorMarker                                    : loaded 2 times (x 71B)
Class kotlin.jvm.internal.PropertyReference1                                          : loaded 2 times (x 127B)
Class com.google.common.util.concurrent.LazyLogger                                    : loaded 2 times (x 72B)
Class com.google.common.collect.Maps                                                  : loaded 2 times (x 71B)
Class org.gradle.api.specs.Spec                                                       : loaded 2 times (x 70B)
Class jdk.internal.jimage.ImageReader$SharedImageReader$LocationVisitor               : loaded 2 times (x 70B)
Class kotlin.LazyKt__LazyJVMKt$WhenMappings                                           : loaded 2 times (x 71B)
Class kotlin.jvm.internal.PropertyReference2                                          : loaded 2 times (x 127B)
Class kotlin.jvm.internal.MutablePropertyReference                                    : loaded 2 times (x 119B)
Class com.google.common.collect.MapMaker                                              : loaded 2 times (x 72B)
Class org.apache.commons.io.file.PathFilter                                           : loaded 2 times (x 70B)
Class [Lcom.google.common.collect.ImmutableEntry;                                     : loaded 2 times (x 69B)
Class kotlin.LazyThreadSafetyMode                                                     : loaded 2 times (x 79B)
Class kotlin.reflect.full.IllegalPropertyDelegateAccessException                      : loaded 2 times (x 82B)
Class javax.xml.bind.JAXBException                                                    : loaded 2 times (x 85B)
Class com.google.common.cache.LocalCache$LoadingValueReference                        : loaded 2 times (x 96B)
Class kotlin.text.StringsKt__RegexExtensionsKt                                        : loaded 2 times (x 71B)
Class kotlin.SynchronizedLazyImpl                                                     : loaded 2 times (x 76B)
Class com.google.common.collect.MapMakerInternalMap$StrongKeyDummyValueEntry          : loaded 2 times (x 82B)
Class com.google.common.base.Platform                                                 : loaded 2 times (x 71B)
Class jdk.internal.jimage.ImageReader$Directory                                       : loaded 2 times (x 84B)
Class kotlin.collections.AbstractList                                                 : loaded 2 times (x 197B)
Class kotlin.collections.AbstractCollection                                           : loaded 2 times (x 117B)
Class com.google.common.collect.AbstractMapBasedMultimap$WrappedList                  : loaded 2 times (x 205B)
Class [Lorg.objectweb.asm.AnnotationWriter;                                           : loaded 2 times (x 69B)
Class com.google.common.collect.Maps$8                                                : loaded 2 times (x 82B)
Class kotlin.text.Regex                                                               : loaded 2 times (x 72B)
Class kotlin.text.StringsKt__StringBuilderJVMKt                                       : loaded 2 times (x 71B)
Class kotlin.LazyKt__LazyKt                                                           : loaded 2 times (x 71B)
Class [Lcom.google.common.collect.Iterators$EmptyModifiableIterator;                  : loaded 2 times (x 69B)
Class com.google.common.collect.Lists$ReverseList$1                                   : loaded 2 times (x 99B)
Class com.google.common.collect.Sets$SetView                                          : loaded 2 times (x 138B)
Class com.google.common.cache.LocalCache$StrongValueReference                         : loaded 2 times (x 90B)
Class kotlin.jvm.internal.ReflectionFactory                                           : loaded 2 times (x 91B)
Class kotlin.UNINITIALIZED_VALUE                                                      : loaded 2 times (x 71B)
Class com.google.common.graph.SuccessorsFunction                                      : loaded 2 times (x 70B)
Class org.objectweb.asm.Type                                                          : loaded 2 times (x 72B)
Class org.gradle.internal.classloader.VisitableURLClassLoader$InstrumentingVisitableURLClassLoader: loaded 2 times (x 123B)
Class kotlin.jvm.internal.ClassBasedDeclarationContainer                              : loaded 2 times (x 70B)
Class kotlin.comparisons.ComparisonsKt__ComparisonsKt                                 : loaded 2 times (x 71B)
Class kotlin.ranges.RangesKt__RangesKt                                                : loaded 2 times (x 71B)
Class com.google.common.collect.MapMakerInternalMap$StrongKeyDummyValueEntry$Helper   : loaded 2 times (x 79B)
Class org.apache.commons.io.FileUtils                                                 : loaded 2 times (x 71B)
Class com.google.common.io.Files$FileByteSink                                         : loaded 2 times (x 77B)
Class com.google.common.math.IntMath$1                                                : loaded 2 times (x 71B)
Class org.objectweb.asm.ByteVector                                                    : loaded 2 times (x 79B)
Class [Lcom.google.common.cache.CacheBuilder$NullListener;                            : loaded 2 times (x 69B)
Class org.gradle.internal.classloader.VisitableURLClassLoader$Spec                    : loaded 2 times (x 74B)
Class org.gradle.internal.classpath.DefaultClassPath                                  : loaded 2 times (x 90B)
Class kotlin.comparisons.ComparisonsKt                                                : loaded 2 times (x 71B)
Class kotlin.comparisons.ComparisonsKt___ComparisonsKt                                : loaded 2 times (x 71B)
Class kotlin.text.CharsKt__CharJVMKt                                                  : loaded 2 times (x 71B)
Class com.google.common.base.AbstractIterator                                         : loaded 2 times (x 80B)
Class org.objectweb.asm.Symbol                                                        : loaded 2 times (x 73B)
Class kotlin.reflect.KType                                                            : loaded 2 times (x 70B)
Class com.google.common.io.Closer                                                     : loaded 2 times (x 78B)
Class com.google.common.base.CharMatcher$BitSetMatcher                                : loaded 2 times (x 112B)
Class com.google.common.collect.RegularImmutableMap$Values                            : loaded 2 times (x 207B)
Class com.google.common.collect.ImmutableSet                                          : loaded 2 times (x 145B)
Class org.gradle.internal.classloader.ClassLoaderSpec                                 : loaded 2 times (x 71B)
Class kotlin.reflect.jvm.internal.ReflectProperties$Val$1                             : loaded 2 times (x 71B)
Class kotlin.collections.CollectionsKt___CollectionsJvmKt                             : loaded 2 times (x 71B)
Class org.objectweb.asm.AnnotationWriter                                              : loaded 2 times (x 79B)
Class com.google.common.cache.CacheStats                                              : loaded 2 times (x 71B)
Class com.google.common.collect.Interners                                             : loaded 2 times (x 71B)
Class com.google.common.io.Closer$Suppressor                                          : loaded 2 times (x 70B)
Class com.google.common.io.LineProcessor                                              : loaded 2 times (x 70B)
Class org.objectweb.asm.RecordComponentWriter                                         : loaded 2 times (x 78B)
Class com.google.common.util.concurrent.AbstractFuture$Listener                       : loaded 2 times (x 72B)
Class com.google.common.base.CharMatcher$Or                                           : loaded 2 times (x 112B)
Class kotlin.ranges.RangesKt                                                          : loaded 2 times (x 71B)
Class org.objectweb.asm.Attribute                                                     : loaded 2 times (x 77B)
Class com.google.common.base.Supplier                                                 : loaded 2 times (x 70B)
Class org.gradle.internal.classloader.VisitableURLClassLoader                         : loaded 2 times (x 117B)
Class kotlin.reflect.jvm.internal.KClassImpl                                          : loaded 2 times (x 115B)
Class kotlin.jvm.functions.Function0                                                  : loaded 2 times (x 70B)
Class org.gradle.internal.Cast                                                        : loaded 2 times (x 71B)
Class org.gradle.api.Action                                                           : loaded 2 times (x 70B)
Class kotlin.jvm.functions.Function1                                                  : loaded 2 times (x 70B)
Class com.google.common.collect.MapMakerInternalMap                                   : loaded 2 times (x 161B)
Class com.google.common.collect.HashBiMap                                             : loaded 2 times (x 143B)
Class com.google.common.base.Strings                                                  : loaded 2 times (x 71B)
Class com.google.common.collect.Sets                                                  : loaded 2 times (x 71B)
Class org.objectweb.asm.Handler                                                       : loaded 2 times (x 72B)
Class com.google.common.base.CharMatcher$FastMatcher                                  : loaded 2 times (x 111B)
Class com.google.common.base.Ticker                                                   : loaded 2 times (x 72B)
Class kotlin.jvm.functions.Function2                                                  : loaded 2 times (x 70B)
Class [Lcom.google.common.cache.LocalCache$Segment;                                   : loaded 2 times (x 69B)
Class com.google.common.base.Predicate                                                : loaded 2 times (x 70B)
Class [Lcom.google.common.cache.LocalCache$Strength;                                  : loaded 2 times (x 69B)
Class com.google.common.cache.CacheBuilder$1                                          : loaded 2 times (x 85B)
Class com.google.common.collect.ImmutableMap                                          : loaded 2 times (x 120B)
Class org.gradle.internal.classpath.DefaultClassPath$ImmutableUniqueList$Builder      : loaded 2 times (x 75B)
Class kotlin.reflect.jvm.internal.KDeclarationContainerImpl$Data                      : loaded 2 times (x 72B)
Class kotlin.collections.MapsKt___MapsJvmKt                                           : loaded 2 times (x 71B)
Class com.google.common.collect.MapMakerInternalMap$WeakValueReference                : loaded 2 times (x 70B)
Class com.google.common.base.CharMatcher$NegatedFastMatcher                           : loaded 2 times (x 113B)
Class com.google.common.cache.LocalCache                                              : loaded 2 times (x 187B)
Class com.google.common.cache.CacheBuilder$2                                          : loaded 2 times (x 79B)
Class kotlin.reflect.jvm.internal.KClassImpl$Data                                     : loaded 2 times (x 72B)
Class kotlin.collections.CollectionsKt___CollectionsKt                                : loaded 2 times (x 71B)
Class com.google.common.collect.ArrayListMultimap                                     : loaded 2 times (x 172B)
Class com.google.common.cache.CacheBuilder$3                                          : loaded 2 times (x 72B)
Class [Lcom.google.common.collect.AbstractMapEntry;                                   : loaded 2 times (x 69B)
Class com.google.common.collect.ImmutableEntry                                        : loaded 2 times (x 82B)
Class org.gradle.api.GradleException                                                  : loaded 2 times (x 82B)
Class jdk.internal.jimage.ImageStrings                                                : loaded 2 times (x 70B)
Class kotlin.reflect.KDeclarationContainer                                            : loaded 2 times (x 70B)
Class kotlin.text.StringsKt___StringsJvmKt                                            : loaded 2 times (x 71B)
Class org.apache.commons.io.StandardLineSeparator                                     : loaded 2 times (x 79B)
Class com.google.common.collect.CollectPreconditions                                  : loaded 2 times (x 71B)
Class kotlin.reflect.jvm.internal.KTypeParameterOwnerImpl                             : loaded 2 times (x 70B)
Class kotlin.collections.MapsKt___MapsKt                                              : loaded 2 times (x 71B)
Class [Lcom.google.common.collect.MapMakerInternalMap$Strength;                       : loaded 2 times (x 69B)
Class [Lcom.google.common.io.FileWriteMode;                                           : loaded 2 times (x 69B)
Class com.google.common.collect.SortedMapDifference                                   : loaded 2 times (x 70B)
Class kotlin.reflect.jvm.internal.impl.name.Name                                      : loaded 2 times (x 75B)
Class kotlin.reflect.jvm.internal.KPropertyImpl$Companion                             : loaded 2 times (x 71B)
Class kotlin.collections.MapsKt__MapWithDefaultKt                                     : loaded 2 times (x 71B)
Class com.google.common.collect.MapMakerInternalMap$StrongKeyDummyValueSegment        : loaded 2 times (x 142B)
Class com.google.common.io.Files                                                      : loaded 2 times (x 71B)
Class com.google.common.cache.LocalCache$EntryFactory                                 : loaded 2 times (x 83B)
Class kotlin.reflect.jvm.internal.impl.name.FqNameUnsafe                              : loaded 2 times (x 72B)
Class kotlin.enums.EnumEntriesKt                                                      : loaded 2 times (x 71B)
Class kotlin.text.StringsKt___StringsKt                                               : loaded 2 times (x 71B)
Class kotlin.collections.CollectionsKt__MutableCollectionsJVMKt                       : loaded 2 times (x 71B)
Class [Lcom.google.common.collect.MapMaker$Dummy;                                     : loaded 2 times (x 69B)
Class com.google.common.base.CharMatcher$Whitespace                                   : loaded 2 times (x 112B)
Class com.google.common.cache.LocalCache$AbstractReferenceEntry                       : loaded 2 times (x 107B)
Class org.gradle.internal.IoActions                                                   : loaded 2 times (x 71B)
Class [Lkotlin.LazyThreadSafetyMode;                                                  : loaded 2 times (x 69B)
Class [Lkotlin.reflect.KClassifier;                                                   : loaded 2 times (x 69B)
Class kotlin.reflect.jvm.internal.EmptyContainerForLocal                              : loaded 2 times (x 84B)
Class com.google.common.collect.ImmutableMapKeySet                                    : loaded 2 times (x 152B)
Class org.objectweb.asm.SymbolTable                                                   : loaded 2 times (x 72B)
Class com.google.common.cache.CacheLoader$InvalidCacheLoadException                   : loaded 2 times (x 82B)
Class com.google.common.collect.ImmutableSet$RegularSetBuilderImpl                    : loaded 2 times (x 77B)
Class settings_cqu13lbp78xniu3qlwonyc3q3$_run_closure1                                : loaded 2 times (x 139B)
Class org.gradle.internal.classloader.SystemClassLoaderSpec                           : loaded 2 times (x 71B)
Class kotlin.reflect.KAnnotatedElement                                                : loaded 2 times (x 70B)
Class kotlin.jvm.internal.Intrinsics                                                  : loaded 2 times (x 71B)
Class com.google.common.cache.LocalCache$StrongEntry                                  : loaded 2 times (x 108B)
Class com.google.common.util.concurrent.AbstractFuture$TrustedFuture                  : loaded 2 times (x 114B)
Class com.google.common.cache.LoadingCache                                            : loaded 2 times (x 70B)
Class jdk.internal.jrtfs.JrtFileSystem                                                : loaded 2 times (x 102B)
Class kotlin.collections.MapsKt                                                       : loaded 2 times (x 71B)
Class kotlin.collections.CollectionsKt__IterablesKt                                   : loaded 2 times (x 71B)
Class org.objectweb.asm.MethodWriter                                                  : loaded 2 times (x 106B)
Class [Lcom.google.common.cache.Weigher;                                              : loaded 2 times (x 69B)
Class com.google.common.collect.RegularImmutableMap$BucketOverflowException           : loaded 2 times (x 82B)
Class kotlin.KotlinNullPointerException                                               : loaded 2 times (x 83B)
Class com.google.common.collect.AbstractMapBasedMultimap$RandomAccessWrappedList      : loaded 2 times (x 205B)
Class kotlin.ranges.RangesKt___RangesKt                                               : loaded 2 times (x 71B)
Class com.google.common.collect.RegularImmutableBiMap                                 : loaded 2 times (x 149B)
Class com.google.common.base.CharMatcher$Is                                           : loaded 2 times (x 111B)
Class com.google.common.base.CharMatcher$Negated                                      : loaded 2 times (x 113B)
Class com.google.common.cache.LocalCache$ValueReference                               : loaded 2 times (x 70B)
Class kotlin.text.CharsKt__CharKt                                                     : loaded 2 times (x 71B)
Class com.google.common.base.PatternCompiler                                          : loaded 2 times (x 70B)
Class com.google.common.util.concurrent.AbstractFuture$Failure                        : loaded 2 times (x 72B)
Class com.google.common.base.Equivalence$Equals                                       : loaded 2 times (x 82B)
Class com.google.common.collect.Hashing                                               : loaded 2 times (x 71B)
Class com.google.common.base.Preconditions                                            : loaded 2 times (x 71B)
Class kotlin.LazyKt                                                                   : loaded 2 times (x 71B)
Class com.google.common.collect.ImmutableSetMultimap                                  : loaded 2 times (x 180B)
Class com.google.common.io.CharSink                                                   : loaded 2 times (x 79B)
Class com.google.common.base.Joiner$1                                                 : loaded 2 times (x 80B)
Class org.objectweb.asm.Label                                                         : loaded 2 times (x 73B)
Class org.objectweb.asm.CurrentFrame                                                  : loaded 2 times (x 73B)
Class org.objectweb.asm.ClassTooLargeException                                        : loaded 2 times (x 83B)
Class com.google.common.base.CharMatcher                                              : loaded 2 times (x 111B)
Class com.google.common.collect.PeekingIterator                                       : loaded 2 times (x 70B)
Class com.google.common.collect.MapMakerInternalMap$InternalEntryHelper               : loaded 2 times (x 70B)
Class com.google.common.collect.Table                                                 : loaded 2 times (x 70B)
Class com.google.common.collect.Maps$IteratorBasedAbstractMap                         : loaded 2 times (x 125B)
Class com.google.common.base.Joiner$2                                                 : loaded 2 times (x 79B)
Class org.objectweb.asm.Frame                                                         : loaded 2 times (x 73B)
Class org.objectweb.asm.MethodVisitor                                                 : loaded 2 times (x 105B)
Class com.google.common.base.CharMatcher$1                                            : loaded 2 times (x 113B)
Class com.google.common.base.CharMatcher$NamedFastMatcher                             : loaded 2 times (x 112B)
Class com.google.common.cache.LocalCache$EntryFactory$1                               : loaded 2 times (x 83B)
Class [Lcom.google.common.cache.RemovalListener;                                      : loaded 2 times (x 69B)
Class kotlin.jvm.internal.CallableReference$NoReceiver                                : loaded 2 times (x 71B)
Class kotlin.text.StringsKt__StringBuilderKt                                          : loaded 2 times (x 71B)
Class com.google.common.cache.LocalCache$EntryFactory$2                               : loaded 2 times (x 83B)
Class org.gradle.api.internal.classpath.GlobalCacheRootsProvider                      : loaded 2 times (x 70B)
Class kotlin.Lazy                                                                     : loaded 2 times (x 70B)
Class kotlin.NoWhenBranchMatchedException                                             : loaded 2 times (x 82B)
Class org.objectweb.asm.ModuleWriter                                                  : loaded 2 times (x 82B)
Class com.google.common.cache.LocalCache$EntryFactory$3                               : loaded 2 times (x 83B)
Class com.google.common.base.Ticker$1                                                 : loaded 2 times (x 72B)
Class com.google.common.collect.Maps$BiMapConverter                                   : loaded 2 times (x 90B)
Class com.google.common.collect.ImmutableMapEntrySet$RegularEntrySet                  : loaded 2 times (x 152B)
Class com.google.common.collect.SetMultimap                                           : loaded 2 times (x 70B)
Class com.google.common.collect.ImmutableSet$Builder                                  : loaded 2 times (x 85B)
Class com.google.common.base.CharMatcher$InRange                                      : loaded 2 times (x 111B)
Class com.google.common.cache.LocalCache$EntryFactory$4                               : loaded 2 times (x 83B)
Class com.google.common.cache.LocalCache$EntryFactory$5                               : loaded 2 times (x 83B)
Class kotlin.jvm.internal.markers.KMappedMarker                                       : loaded 2 times (x 70B)
Class [Lkotlin.reflect.KProperty;                                                     : loaded 2 times (x 69B)
Class org.apache.commons.io.output.AppendableWriter                                   : loaded 2 times (x 100B)
Class com.google.common.cache.LocalCache$EntryFactory$6                               : loaded 2 times (x 83B)
Class org.gradle.internal.installation.CurrentGradleInstallationLocator               : loaded 2 times (x 71B)
Class org.apache.commons.io.output.ThresholdingOutputStream                           : loaded 2 times (x 95B)
Class com.google.common.collect.Maps$KeySet                                           : loaded 2 times (x 137B)
Class com.google.common.collect.ImmutableSet$EmptySetBuilderImpl                      : loaded 2 times (x 76B)
Class com.google.common.cache.LocalCache$EntryFactory$7                               : loaded 2 times (x 83B)
Class com.google.common.collect.ImmutableList                                         : loaded 2 times (x 206B)
Class org.gradle.internal.service.DefaultServiceLocator                               : loaded 2 times (x 83B)
Class jdk.internal.jrtfs.JrtDirectoryStream                                           : loaded 2 times (x 89B)
Class kotlin.reflect.KMutableProperty0                                                : loaded 2 times (x 70B)
Class kotlin.reflect.KClassifier                                                      : loaded 2 times (x 70B)
Class com.google.common.collect.Maps$EntrySet                                         : loaded 2 times (x 136B)
Class com.google.common.cache.LocalCache$EntryFactory$8                               : loaded 2 times (x 83B)
Class com.google.common.collect.ImmutableSet$SetBuilderImpl                           : loaded 2 times (x 76B)
Class org.gradle.internal.installation.CurrentGradleInstallation                      : loaded 2 times (x 73B)
Class kotlin.reflect.KMutableProperty1                                                : loaded 2 times (x 70B)
Class com.google.common.cache.CacheLoader$1                                           : loaded 2 times (x 75B)
Class com.google.common.collect.ImmutableList$SubList                                 : loaded 2 times (x 209B)
Class org.gradle.util.internal.GUtil                                                  : loaded 2 times (x 71B)
Class kotlin.reflect.KMutableProperty2                                                : loaded 2 times (x 70B)
Class kotlin.collections.CollectionsKt                                                : loaded 2 times (x 71B)
Class com.google.common.io.ByteSource                                                 : loaded 2 times (x 84B)
Class com.google.common.cache.AbstractCache$StatsCounter                              : loaded 2 times (x 70B)
Class kotlin.reflect.jvm.internal.RuntimeTypeMapper                                   : loaded 2 times (x 71B)
Class com.google.common.collect.MapMakerInternalMap$1                                 : loaded 2 times (x 83B)
Class com.google.common.collect.Iterators$MergingIterator                             : loaded 2 times (x 81B)
Class com.google.common.collect.RegularImmutableSet                                   : loaded 2 times (x 149B)
Class org.gradle.internal.installation.GradleInstallation                             : loaded 2 times (x 75B)
Class com.google.common.base.Splitter$Strategy                                        : loaded 2 times (x 70B)
Class com.google.common.collect.Iterables                                             : loaded 2 times (x 71B)
Class kotlin.jvm.KotlinReflectionNotSupportedError                                    : loaded 2 times (x 82B)
Class com.google.common.collect.Lists$RandomAccessReverseList                         : loaded 2 times (x 200B)

---------------  S Y S T E M  ---------------

OS:
 Windows 11 , 64 bit Build 26100 (10.0.26100.8246)
OS uptime: 0 days 7:09 hours

CPU: total 12 (initial active 12) (6 cores per cpu, 2 threads per core) family 6 model 154 stepping 4 microcode 0x43b, cx8, cmov, fxsr, ht, mmx, 3dnowpref, sse, sse2, sse3, ssse3, sse4.1, sse4.2, popcnt, lzcnt, tsc, tscinvbit, avx, avx2, aes, erms, clmul, bmi1, bmi2, adx, sha, fma, vzeroupper, clflush, clflushopt, clwb, serialize, rdtscp, rdpid, fsrm, f16c, pku, cet_ibt, cet_ss
Processor Information for the first 12 processors :
  Max Mhz: 1300, Current Mhz: 1300, Mhz Limit: 1300

Memory: 4k page, system-wide physical 16068M (876M free)
TotalPageFile size 31428M (AvailPageFile size 3M)
current process WorkingSet (physical memory assigned to process): 674M, peak: 674M
current process commit charge ("private bytes"): 711M, peak: 713M

vm_info: OpenJDK 64-Bit Server VM (21.0.9+-14787801-b1163.94) for windows-amd64 JRE (21.0.9+-14787801-b1163.94), built on 2026-01-27T21:15:44Z by "builder" with MS VC++ 16.10 / 16.11 (VS2019)

END.
