#
# There is insufficient memory for the Java Runtime Environment to continue.
# Native memory allocation (mmap) failed to map 65536 bytes. Error detail: Failed to commit metaspace.
# Possible reasons:
#   The system is out of physical RAM or swap space
#   This process is running with CompressedOops enabled, and the Java Heap may be blocking the growth of the native heap
# Possible solutions:
#   Reduce memory load on the system
#   Increase physical memory or swap space
#   Check if swap backing store is full
#   Decrease Java heap size (-Xmx/-Xms)
#   Decrease number of Java threads
#   Decrease Java thread stack sizes (-Xss)
#   Set larger code cache with -XX:ReservedCodeCacheSize=
#     placed in the first 32GB address space. The Java Heap base address is the
#     maximum limit for the native heap growth. Please use -XX:HeapBaseMinAddress
#     to set the Java Heap base and to place the Java Heap above 32GB virtual address.
# This output file may be truncated or incomplete.
#
#  Out of Memory Error (virtualSpaceNode.cpp:113), pid=75204, tid=67500
#
# JRE version: OpenJDK Runtime Environment Temurin-21.0.7+6 (21.0.7+6) (build 21.0.7+6-LTS)
# Java VM: OpenJDK 64-Bit Server VM Temurin-21.0.7+6 (21.0.7+6-LTS, mixed mode, emulated-client, sharing, tiered, compressed oops, compressed class ptrs, g1 gc, windows-amd64)
# No core dump will be written. Minidumps are not enabled by default on client versions of Windows
#

---------------  S U M M A R Y ------------

Command Line: -XX:TieredStopAtLevel=1 -Dfile.encoding=windows-1252 -Duser.country=US -Duser.language=en -Duser.variant com.vn.jet.mosco.spinserver.Server

Host: 12th Gen Intel(R) Core(TM) i5-1235U, 12 cores, 15G,  Windows 11 , 64 bit Build 26100 (10.0.26100.8246)
Time: Wed Apr 29 22:26:28 2026 SE Asia Standard Time elapsed time: 260.468047 seconds (0d 0h 4m 20s)

---------------  T H R E A D  ---------------

Current thread (0x000002427a11b9d0):  JavaThread "http-nio-8080-exec-1" daemon [_thread_in_vm, id=67500, stack(0x0000007115100000,0x0000007115200000) (1024K)]

Stack: [0x0000007115100000,0x0000007115200000]
Native frames: (J=compiled Java code, j=interpreted, Vv=VM code, C=native code)
V  [jvm.dll+0x6ce119]
V  [jvm.dll+0x8a84a1]
V  [jvm.dll+0x8aa9ce]
V  [jvm.dll+0x8ab0b3]
V  [jvm.dll+0x27f8a6]
V  [jvm.dll+0x8a41ee]
V  [jvm.dll+0x670575]
V  [jvm.dll+0x1e474c]
V  [jvm.dll+0x1e451e]
V  [jvm.dll+0x672e72]
V  [jvm.dll+0x672c92]
V  [jvm.dll+0x670f4e]
V  [jvm.dll+0x67b1f7]
V  [jvm.dll+0x21563d]
V  [jvm.dll+0x215bba]
V  [jvm.dll+0x2165e5]
V  [jvm.dll+0x20bbae]
V  [jvm.dll+0x5ae58c]
V  [jvm.dll+0x821706]
V  [jvm.dll+0x4718d6]
V  [jvm.dll+0x4777a8]
C  [java.dll+0x17ec]

Java frames: (J=compiled Java code, j=interpreted, Vv=VM code)
J 628  java.lang.ClassLoader.defineClass1(Ljava/lang/ClassLoader;Ljava/lang/String;[BIILjava/security/ProtectionDomain;Ljava/lang/String;)Ljava/lang/Class; java.base@21.0.7 (0 bytes) @ 0x000002422a01fb11 [0x000002422a01fa40+0x00000000000000d1]
J 855 c1 java.lang.ClassLoader.defineClass(Ljava/lang/String;[BIILjava/security/ProtectionDomain;)Ljava/lang/Class; java.base@21.0.7 (43 bytes) @ 0x000002422a194804 [0x000002422a1946e0+0x0000000000000124]
J 849 c1 jdk.internal.loader.BuiltinClassLoader.defineClass(Ljava/lang/String;Ljdk/internal/loader/Resource;)Ljava/lang/Class; java.base@21.0.7 (121 bytes) @ 0x000002422a195324 [0x000002422a194dc0+0x0000000000000564]
J 846 c1 jdk.internal.loader.BuiltinClassLoader.findClassOnClassPathOrNull(Ljava/lang/String;)Ljava/lang/Class; java.base@21.0.7 (64 bytes) @ 0x000002422a191734 [0x000002422a191460+0x00000000000002d4]
J 474 c1 jdk.internal.loader.BuiltinClassLoader.loadClassOrNull(Ljava/lang/String;Z)Ljava/lang/Class; java.base@21.0.7 (143 bytes) @ 0x0000024229fdf48c [0x0000024229fdf080+0x000000000000040c]
J 726 c1 jdk.internal.loader.ClassLoaders$AppClassLoader.loadClass(Ljava/lang/String;Z)Ljava/lang/Class; java.base@21.0.7 (40 bytes) @ 0x000002422a162a0c [0x000002422a1629c0+0x000000000000004c]
J 725 c1 java.lang.ClassLoader.loadClass(Ljava/lang/String;)Ljava/lang/Class; java.base@21.0.7 (7 bytes) @ 0x000002422a162294 [0x000002422a162240+0x0000000000000054]
v  ~StubRoutines::call_stub 0x0000024229d8100d
j  io.jsonwebtoken.impl.security.StandardKeyAlgorithms.<init>()V+20
J 1777 c1 java.lang.invoke.DirectMethodHandle$Holder.newInvokeSpecial(Ljava/lang/Object;)Ljava/lang/Object; java.base@21.0.7 (20 bytes) @ 0x000002422a2f9d24 [0x000002422a2f9c60+0x00000000000000c4]
J 2143 c1 jdk.internal.reflect.DirectConstructorHandleAccessor.newInstance([Ljava/lang/Object;)Ljava/lang/Object; java.base@21.0.7 (130 bytes) @ 0x000002422a38ca44 [0x000002422a38c7c0+0x0000000000000284]
J 2142 c1 java.lang.reflect.Constructor.newInstanceWithCaller([Ljava/lang/Object;ZLjava/lang/Class;)Ljava/lang/Object; java.base@21.0.7 (51 bytes) @ 0x000002422a38aba4 [0x000002422a38aae0+0x00000000000000c4]
j  java.lang.reflect.ReflectAccess.newInstance(Ljava/lang/reflect/Constructor;[Ljava/lang/Object;Ljava/lang/Class;)Ljava/lang/Object;+4 java.base@21.0.7
j  jdk.internal.reflect.ReflectionFactory.newInstance(Ljava/lang/reflect/Constructor;[Ljava/lang/Object;Ljava/lang/Class;)Ljava/lang/Object;+7 java.base@21.0.7
j  java.lang.Class.newInstance()Ljava/lang/Object;+117 java.base@21.0.7
j  io.jsonwebtoken.lang.Classes.newInstance(Ljava/lang/Class;)Ljava/lang/Object;+17
j  io.jsonwebtoken.lang.Classes.newInstance(Ljava/lang/String;)Ljava/lang/Object;+4
j  io.jsonwebtoken.Jwts$KEY.<clinit>()V+2
v  ~StubRoutines::call_stub 0x0000024229d8100d
j  io.jsonwebtoken.impl.DefaultJwtParserBuilder.<init>()V+27
J 1777 c1 java.lang.invoke.DirectMethodHandle$Holder.newInvokeSpecial(Ljava/lang/Object;)Ljava/lang/Object; java.base@21.0.7 (20 bytes) @ 0x000002422a2f9d24 [0x000002422a2f9c60+0x00000000000000c4]
J 2143 c1 jdk.internal.reflect.DirectConstructorHandleAccessor.newInstance([Ljava/lang/Object;)Ljava/lang/Object; java.base@21.0.7 (130 bytes) @ 0x000002422a38ca44 [0x000002422a38c7c0+0x0000000000000284]
J 2142 c1 java.lang.reflect.Constructor.newInstanceWithCaller([Ljava/lang/Object;ZLjava/lang/Class;)Ljava/lang/Object; java.base@21.0.7 (51 bytes) @ 0x000002422a38aba4 [0x000002422a38aae0+0x00000000000000c4]
j  java.lang.reflect.ReflectAccess.newInstance(Ljava/lang/reflect/Constructor;[Ljava/lang/Object;Ljava/lang/Class;)Ljava/lang/Object;+4 java.base@21.0.7
j  jdk.internal.reflect.ReflectionFactory.newInstance(Ljava/lang/reflect/Constructor;[Ljava/lang/Object;Ljava/lang/Class;)Ljava/lang/Object;+7 java.base@21.0.7
j  java.lang.Class.newInstance()Ljava/lang/Object;+117 java.base@21.0.7
j  io.jsonwebtoken.lang.Classes.newInstance(Ljava/lang/Class;)Ljava/lang/Object;+17
j  io.jsonwebtoken.lang.Classes.newInstance(Ljava/lang/String;)Ljava/lang/Object;+4
j  io.jsonwebtoken.Jwts.parser()Lio/jsonwebtoken/JwtParserBuilder;+2
j  com.vn.jet.mosco.spinserver.security.JwtUtil.parseToken(Ljava/lang/String;)Lio/jsonwebtoken/Claims;+0
j  com.vn.jet.mosco.spinserver.security.JwtUtil.validateToken(Ljava/lang/String;)Z+2
j  com.vn.jet.mosco.spinserver.security.JwtAuthFilter.doFilter(Ljakarta/servlet/ServletRequest;Ljakarta/servlet/ServletResponse;Ljakarta/servlet/FilterChain;)V+106
j  org.apache.catalina.core.ApplicationFilterChain.internalDoFilter(Ljakarta/servlet/ServletRequest;Ljakarta/servlet/ServletResponse;)V+130
j  org.apache.catalina.core.ApplicationFilterChain.doFilter(Ljakarta/servlet/ServletRequest;Ljakarta/servlet/ServletResponse;)V+99
j  org.springframework.web.filter.RequestContextFilter.doFilterInternal(Ljakarta/servlet/http/HttpServletRequest;Ljakarta/servlet/http/HttpServletResponse;Ljakarta/servlet/FilterChain;)V+21
j  org.springframework.web.filter.OncePerRequestFilter.doFilter(Ljakarta/servlet/ServletRequest;Ljakarta/servlet/ServletResponse;Ljakarta/servlet/FilterChain;)V+150
j  org.apache.catalina.core.ApplicationFilterChain.internalDoFilter(Ljakarta/servlet/ServletRequest;Ljakarta/servlet/ServletResponse;)V+130
j  org.apache.catalina.core.ApplicationFilterChain.doFilter(Ljakarta/servlet/ServletRequest;Ljakarta/servlet/ServletResponse;)V+99
j  org.springframework.web.filter.FormContentFilter.doFilterInternal(Ljakarta/servlet/http/HttpServletRequest;Ljakarta/servlet/http/HttpServletResponse;Ljakarta/servlet/FilterChain;)V+38
j  org.springframework.web.filter.OncePerRequestFilter.doFilter(Ljakarta/servlet/ServletRequest;Ljakarta/servlet/ServletResponse;Ljakarta/servlet/FilterChain;)V+150
j  org.apache.catalina.core.ApplicationFilterChain.internalDoFilter(Ljakarta/servlet/ServletRequest;Ljakarta/servlet/ServletResponse;)V+130
j  org.apache.catalina.core.ApplicationFilterChain.doFilter(Ljakarta/servlet/ServletRequest;Ljakarta/servlet/ServletResponse;)V+99
j  org.springframework.web.filter.CharacterEncodingFilter.doFilterInternal(Ljakarta/servlet/http/HttpServletRequest;Ljakarta/servlet/http/HttpServletResponse;Ljakarta/servlet/FilterChain;)V+53
j  org.springframework.web.filter.OncePerRequestFilter.doFilter(Ljakarta/servlet/ServletRequest;Ljakarta/servlet/ServletResponse;Ljakarta/servlet/FilterChain;)V+150
j  org.apache.catalina.core.ApplicationFilterChain.internalDoFilter(Ljakarta/servlet/ServletRequest;Ljakarta/servlet/ServletResponse;)V+130
j  org.apache.catalina.core.ApplicationFilterChain.doFilter(Ljakarta/servlet/ServletRequest;Ljakarta/servlet/ServletResponse;)V+99
j  org.apache.catalina.core.StandardWrapperValve.invoke(Lorg/apache/catalina/connector/Request;Lorg/apache/catalina/connector/Response;)V+514
j  org.apache.catalina.core.StandardContextValve.invoke(Lorg/apache/catalina/connector/Request;Lorg/apache/catalina/connector/Response;)V+169
j  org.apache.catalina.authenticator.AuthenticatorBase.invoke(Lorg/apache/catalina/connector/Request;Lorg/apache/catalina/connector/Response;)V+221
j  org.apache.catalina.core.StandardHostValve.invoke(Lorg/apache/catalina/connector/Request;Lorg/apache/catalina/connector/Response;)V+131
j  org.apache.catalina.valves.ErrorReportValve.invoke(Lorg/apache/catalina/connector/Request;Lorg/apache/catalina/connector/Response;)V+6
j  org.apache.catalina.core.StandardEngineValve.invoke(Lorg/apache/catalina/connector/Request;Lorg/apache/catalina/connector/Response;)V+59
j  org.apache.catalina.connector.CoyoteAdapter.service(Lorg/apache/coyote/Request;Lorg/apache/coyote/Response;)V+188
j  org.apache.coyote.http11.Http11Processor.service(Lorg/apache/tomcat/util/net/SocketWrapperBase;)Lorg/apache/tomcat/util/net/AbstractEndpoint$Handler$SocketState;+796
j  org.apache.coyote.AbstractProcessorLight.process(Lorg/apache/tomcat/util/net/SocketWrapperBase;Lorg/apache/tomcat/util/net/SocketEvent;)Lorg/apache/tomcat/util/net/AbstractEndpoint$Handler$SocketState;+155
j  org.apache.coyote.AbstractProtocol$ConnectionHandler.process(Lorg/apache/tomcat/util/net/SocketWrapperBase;Lorg/apache/tomcat/util/net/SocketEvent;)Lorg/apache/tomcat/util/net/AbstractEndpoint$Handler$SocketState;+482
j  org.apache.tomcat.util.net.NioEndpoint$SocketProcessor.doRun()V+249
j  org.apache.tomcat.util.net.SocketProcessorBase.run()V+32
j  org.apache.tomcat.util.threads.ThreadPoolExecutor.runWorker(Lorg/apache/tomcat/util/threads/ThreadPoolExecutor$Worker;)V+92
j  org.apache.tomcat.util.threads.ThreadPoolExecutor$Worker.run()V+5
j  org.apache.tomcat.util.threads.TaskThread$WrappingRunnable.run()V+4
j  java.lang.Thread.runWith(Ljava/lang/Object;Ljava/lang/Runnable;)V+5 java.base@21.0.7
j  java.lang.Thread.run()V+19 java.base@21.0.7
v  ~StubRoutines::call_stub 0x0000024229d8100d

Compiled method (n/a) 260484  628     n 0       java.lang.ClassLoader::defineClass1 (native)
 total in heap  [0x000002422a01f890,0x000002422a01fef0] = 1632
 relocation     [0x000002422a01f9f0,0x000002422a01fa28] = 56
 main code      [0x000002422a01fa40,0x000002422a01feef] = 1199
 stub code      [0x000002422a01feef,0x000002422a01fef0] = 1

[Constant Pool (empty)]

[MachCode]
[Entry Point]
  # {method} {0x00000242354310d8} 'defineClass1' '(Ljava/lang/ClassLoader;Ljava/lang/String;[BIILjava/security/ProtectionDomain;Ljava/lang/String;)Ljava/lang/Class;' in 'java/lang/ClassLoader'
  # parm0:    rdx:rdx   = 'java/lang/ClassLoader'
  # parm1:    r8:r8     = 'java/lang/String'
  # parm2:    r9:r9     = '[B'
  # parm3:    rdi       = int
  # parm4:    rsi       = int
  # parm5:    rcx:rcx   = 'java/security/ProtectionDomain'
  # parm6:    [sp+0xa0]   = 'java/lang/String'  (sp of caller)
  0x000002422a01fa40: 448b 5208 | 49bb 0000 | 0035 4202 | 0000 4d03 | d349 3bc2 | 0f84 0600 

  0x000002422a01fa58: ;   {runtime_call ic_miss_stub}
  0x000002422a01fa58: 0000 e921 | edda ff90 
[Verified Entry Point]
  0x000002422a01fa60: 8984 2400 | 80ff ff55 | 488b ec48 | 81ec 9000 | 0000 6690 | 4181 7f20 | 0d00 0000 

  0x000002422a01fa7c: ;   {runtime_call StubRoutines (final stubs)}
  0x000002422a01fa7c: 7405 e8dd | 52d9 ff48 | 837d 1000 | 488d 4510 | 480f 4445 | 1048 8944 | 2440 4889 | 4c24 7048 
  0x000002422a01fa9c: 83f9 0048 | 8d44 2470 | 480f 4444 | 2470 4889 | 4424 3848 | 8974 2430 | 4889 7c24 | 284c 894c 
  0x000002422a01fabc: 2458 4983 | f900 488d | 4424 5848 | 0f44 4424 | 5848 8944 | 2420 4c89 | 4424 5049 | 83f8 004c 
  0x000002422a01fadc: 8d4c 2450 | 4c0f 444c | 2450 4889 | 5424 4848 | 83fa 004c | 8d44 2448 | 4c0f 4444 

  0x000002422a01faf8: ;   {oop(a 'java/lang/Class'{0x00000007050f50a8} = 'java/lang/ClassLoader')}
  0x000002422a01faf8: 2448 49be | a850 0f05 | 0700 0000 | 4c89 7424 | 784c 8d74 | 2478 498b | d6c5 f877 

  0x000002422a01fb14: ;   {internal_word}
  0x000002422a01fb14: 49ba 11fb | 012a 4202 | 0000 4d89 | 97a0 0300 | 0049 89a7 | 9803 0000 

  0x000002422a01fb2c: ;   {external_word}
  0x000002422a01fb2c: 49ba 3d5b | d7e5 fb7f | 0000 4180 | 3a00 0f84 | 4e00 0000 | 5241 5041 

  0x000002422a01fb44: ;   {metadata({method} {0x00000242354310d8} 'defineClass1' '(Ljava/lang/ClassLoader;Ljava/lang/String;[BIILjava/security/ProtectionDomain;Ljava/lang/String;)Ljava/lang/Class;' in 'java/lang/ClassLoader')}
  0x000002422a01fb44: 5148 bad0 | 1043 3542 | 0200 0049 | 8bcf 4883 | ec20 40f6 | c40f 0f84 | 1900 0000 | 4883 ec08 
  0x000002422a01fb64: ;   {runtime_call}
  0x000002422a01fb64: 48b8 504b | 81e5 fb7f | 0000 ffd0 | 4883 c408 | e90c 0000 

  0x000002422a01fb78: ;   {runtime_call}
  0x000002422a01fb78: 0048 b850 | 4b81 e5fb | 7f00 00ff | d048 83c4 | 2041 5941 | 585a 498d | 8fb8 0300 | 0041 c787 
  0x000002422a01fb98: 4404 0000 | 0400 0000 

  0x000002422a01fba0: ;   {runtime_call}
  0x000002422a01fba0: 48b8 ac16 | f063 fc7f | 0000 ffd0 | c5f8 7741 | c787 4404 | 0000 0500 | 0000 f083 | 4424 c000 
  0x000002422a01fbc0: 493b af48 | 0400 000f | 870e 0000 | 0041 83bf | 4004 0000 | 000f 842b | 0000 00c5 | f877 4889 
  0x000002422a01fbe0: 45f8 498b | cf4c 8be4 | 4883 ec20 | 4883 e4f0 

  0x000002422a01fbf0: ;   {runtime_call}
  0x000002422a01fbf0: 48b8 00d1 | 4ce5 fb7f | 0000 ffd0 | 498b e44d | 33e4 488b | 45f8 41c7 | 8744 0400 | 0008 0000 
  0x000002422a01fc10: 0041 83bf | c004 0000 | 020f 84a3 

  0x000002422a01fc1c: ;   {external_word}
  0x000002422a01fc1c: 0200 0049 | ba3d 5bd7 | e5fb 7f00 | 0041 803a | 000f 844c | 0000 0048 

  0x000002422a01fc34: ;   {metadata({method} {0x00000242354310d8} 'defineClass1' '(Ljava/lang/ClassLoader;Ljava/lang/String;[BIILjava/security/ProtectionDomain;Ljava/lang/String;)Ljava/lang/Class;' in 'java/lang/ClassLoader')}
  0x000002422a01fc34: 8945 f848 | bad0 1043 | 3542 0200 | 0049 8bcf | 4883 ec20 | 40f6 c40f | 0f84 1900 | 0000 4883 
  0x000002422a01fc54: ;   {runtime_call}
  0x000002422a01fc54: ec08 48b8 | 504b 81e5 | fb7f 0000 | ffd0 4883 | c408 e90c 

  0x000002422a01fc68: ;   {runtime_call}
  0x000002422a01fc68: 0000 0048 | b850 4b81 | e5fb 7f00 | 00ff d048 | 83c4 2048 | 8b45 f849 | c787 9803 | 0000 0000 
  0x000002422a01fc88: 0000 49c7 | 87a0 0300 | 0000 0000 | 00c5 f877 | 4885 c00f | 84fe 0100 | 00a8 030f | 8508 0000 
  0x000002422a01fca8: 0048 8b00 | e9ee 0100 | 00a8 010f | 8509 0000 | 0048 8b40 | fee9 dd01 | 0000 488b | 40ff 4180 
  0x000002422a01fcc8: 7f40 000f | 84ce 0100 | 0048 83f8 | 000f 84c4 | 0100 0049 | 8b4f 2848 | 83f9 000f | 8414 0000 
  0x000002422a01fce8: 0048 83e9 | 0849 894f | 2849 034f | 3848 8901 | e9a2 0100 | 0048 81ec | d000 0000 | 4889 0424 
  0x000002422a01fd08: 4889 4c24 | 0848 8954 | 2410 4889 | 7424 1848 | 897c 2420 | 4c89 4424 | 284c 894c | 2430 4c89 
  0x000002422a01fd28: 5424 384c | 895c 2440 | c5fb 1144 | 2450 c5fb | 114c 2458 | c5fb 1154 | 2460 c5fb | 115c 2468 
  0x000002422a01fd48: c5fb 1164 | 2470 c5fb | 116c 2478 | c5fb 11b4 | 2480 0000 | 00c5 fb11 | bc24 8800 | 0000 c57b 
  0x000002422a01fd68: ;   {no_reloc}
  0x000002422a01fd68: 1184 2490 | 0000 00c5 | 7b11 8c24 | 9800 0000 | c57b 1194 | 24a0 0000 | 00c5 7b11 | 9c24 a800 
  0x000002422a01fd88: 0000 c57b | 11a4 24b0 | 0000 00c5 | 7b11 ac24 | b800 0000 | c57b 11b4 | 24c0 0000 | 00c5 7b11 
  0x000002422a01fda8: bc24 c800 | 0000 498b | d748 8bc8 | 4883 ec20 | 40f6 c40f | 0f84 1900 | 0000 4883 

  0x000002422a01fdc4: ;   {runtime_call}
  0x000002422a01fdc4: ec08 48b8 | c014 40e5 | fb7f 0000 | ffd0 4883 | c408 e90c 

  0x000002422a01fdd8: ;   {runtime_call}
  0x000002422a01fdd8: 0000 0048 | b8c0 1440 | e5fb 7f00 | 00ff d048 | 83c4 20c5 | 7b10 bc24 | c800 0000 | c57b 10b4 
  0x000002422a01fdf8: 24c0 0000 | 00c5 7b10 | ac24 b800 | 0000 c57b | 10a4 24b0 | 0000 00c5 | 7b10 9c24 | a800 0000 
  0x000002422a01fe18: c57b 1094 | 24a0 0000 | 00c5 7b10 | 8c24 9800 | 0000 c57b | 1084 2490 | 0000 00c5 | fb10 bc24 
  0x000002422a01fe38: 8800 0000 | c5fb 10b4 | 2480 0000 | 00c5 fb10 | 6c24 78c5 | fb10 6424 | 70c5 fb10 | 5c24 68c5 
  0x000002422a01fe58: fb10 5424 | 60c5 fb10 | 4c24 58c5 | fb10 4424 | 504c 8b5c | 2440 4c8b | 5424 384c | 8b4c 2430 
  0x000002422a01fe78: 4c8b 4424 | 2848 8b7c | 2420 488b | 7424 1848 | 8b54 2410 | 488b 4c24 | 0848 8b04 | 2448 81c4 
  0x000002422a01fe98: d000 0000 | c5f8 7749 | 8b8f 2804 | 0000 c781 | 0001 0000 | 0000 0000 | c949 837f | 0800 0f85 
  0x000002422a01feb8: 0100 0000 

  0x000002422a01febc: ;   {runtime_call StubRoutines (initial stubs)}
  0x000002422a01febc: c3e9 3e10 | d6ff c5f8 | 7748 8945 | f84c 8be4 | 4883 ec20 | 4883 e4f0 

  0x000002422a01fed4: ;   {runtime_call}
  0x000002422a01fed4: 48b8 3083 | 81e5 fb7f | 0000 ffd0 | 498b e44d | 33e4 488b | 45f8 e930 | fdff fff4 
[/MachCode]


Compiled method (c1) 260489  855       1       java.lang.ClassLoader::defineClass (43 bytes)
 total in heap  [0x000002422a194510,0x000002422a194ad8] = 1480
 relocation     [0x000002422a194670,0x000002422a1946e0] = 112
 main code      [0x000002422a1946e0,0x000002422a1948a8] = 456
 stub code      [0x000002422a1948a8,0x000002422a194920] = 120
 metadata       [0x000002422a194920,0x000002422a194950] = 48
 scopes data    [0x000002422a194950,0x000002422a194a08] = 184
 scopes pcs     [0x000002422a194a08,0x000002422a194aa8] = 160
 dependencies   [0x000002422a194aa8,0x000002422a194ab0] = 8
 nul chk table  [0x000002422a194ab0,0x000002422a194ad8] = 40

[Constant Pool (empty)]

[MachCode]
[Entry Point]
  # {method} {0x0000024235431458} 'defineClass' '(Ljava/lang/String;[BIILjava/security/ProtectionDomain;)Ljava/lang/Class;' in 'java/lang/ClassLoader'
  # this:     rdx:rdx   = 'java/lang/ClassLoader'
  # parm0:    r8:r8     = 'java/lang/String'
  # parm1:    r9:r9     = '[B'
  # parm2:    rdi       = int
  # parm3:    rsi       = int
  # parm4:    rcx:rcx   = 'java/security/ProtectionDomain'
  #           [sp+0xc0]  (sp of caller)
  0x000002422a1946e0: 448b 5208 | 49bb 0000 | 0035 4202 | 0000 4d03 | d34c 3bd0 

  0x000002422a1946f4: ;   {runtime_call ic_miss_stub}
  0x000002422a1946f4: 0f85 86a0 | c3ff 660f | 1f44 0000 
[Verified Entry Point]
  0x000002422a194700: 8984 2400 | 80ff ff55 | 4881 ecb0 | 0000 0090 | 4181 7f20 | 0d00 0000 

  0x000002422a194718: ;   {runtime_call StubRoutines (final stubs)}
  0x000002422a194718: 7405 e841 | 06c2 ff48 | 8954 2478 | 89b4 2494 | 0000 0089 | bc24 9000 | 0000 4c89 | 8c24 8800 
  0x000002422a194738: 0000 498b | d84c 8bc3 | 4c8b c948 | 8bca 488b | d148 899c | 2480 0000 | 0066 0f1f 

  0x000002422a194754: ;   {optimized virtual_call}
  0x000002422a194754: 4400 00e8 

  0x000002422a194758: ; ImmutableOopMap {[120]=Oop [128]=Oop [136]=Oop }
                      ;*invokevirtual preDefineClass {reexecute=0 rethrow=0 return_oop=0}
                      ; - java.lang.ClassLoader::defineClass@4 (line 1025)
  0x000002422a194758: 643c 0000 

  0x000002422a19475c: ;   {other}
  0x000002422a19475c: 0f1f 8400 | 4c02 0000 | 4889 8424 | 9800 0000 

  0x000002422a19476c: ; implicit exception: dispatches to 0x000002422a194852
  0x000002422a19476c: 448b 4010 | 49c1 e003 | 4d85 c00f | 850f 0000 

  0x000002422a19477c: ;   {oop(nullptr)}
  0x000002422a19477c: 0048 bb00 | 0000 0000 | 0000 00e9 | 4300 0000 

  0x000002422a19478c: ; implicit exception: dispatches to 0x000002422a194857
  0x000002422a19478c: 458b 400c | 49c1 e003 | 4d85 c00f | 850f 0000 

  0x000002422a19479c: ;   {oop(nullptr)}
  0x000002422a19479c: 0048 bb00 | 0000 0000 | 0000 00e9 | 2300 0000 

  0x000002422a1947ac: ; implicit exception: dispatches to 0x000002422a19485c
  0x000002422a1947ac: 418b 5038 | 48c1 e203 

  0x000002422a1947b4: ; implicit exception: dispatches to 0x000002422a194861
                      ;   {optimized virtual_call}
  0x000002422a1947b4: 483b 02e8 

  0x000002422a1947b8: ; ImmutableOopMap {[120]=Oop [128]=Oop [136]=Oop [152]=Oop }
                      ;*invokevirtual toExternalForm {reexecute=0 rethrow=0 return_oop=0}
                      ; - java.net.URL::toExternalForm@5 (line 1203)
                      ; - java.net.URL::toString@1 (line 1189)
                      ; - java.lang.ClassLoader::defineClassSourceLocation@22 (line 927)
                      ; - java.lang.ClassLoader::defineClass@12 (line 1026)
  0x000002422a1947b8: 4473 fdff 

  0x000002422a1947bc: ;   {other}
  0x000002422a1947bc: 0f1f 8400 | ac02 0001 | 488b d848 | 8b84 2498 | 0000 008b | b424 9400 | 0000 8bbc | 2490 0000 
  0x000002422a1947dc: 004c 8b8c | 2488 0000 | 004c 8b84 | 2480 0000 | 0048 8b54 | 2478 4c8b | da49 8bd3 | 488b c848 
  0x000002422a1947fc: ;   {static_call}
  0x000002422a1947fc: 891c 24e8 

  0x000002422a194800: ; ImmutableOopMap {[120]=Oop [152]=Oop }
                      ;*invokestatic defineClass1 {reexecute=0 rethrow=0 return_oop=0}
                      ; - java.lang.ClassLoader::defineClass@27 (line 1027)
  0x000002422a194800: 5cb2 e8ff 

  0x000002422a194804: ;   {other}
  0x000002422a194804: 0f1f 8400 | f402 0002 | 4c8b c04c | 8b8c 2498 | 0000 0048 | 8b54 2478 | 4889 8424 | a000 0000 
  0x000002422a194824: ;   {optimized virtual_call}
  0x000002422a194824: 6666 90e8 

  0x000002422a194828: ; ImmutableOopMap {[160]=Oop }
                      ;*invokevirtual postDefineClass {reexecute=0 rethrow=0 return_oop=0}
                      ; - java.lang.ClassLoader::defineClass@37 (line 1028)
  0x000002422a194828: d461 0300 

  0x000002422a19482c: ;   {other}
  0x000002422a19482c: 0f1f 8400 | 1c03 0003 | 488b 8424 | a000 0000 | 4881 c4b0 | 0000 005d 

  0x000002422a194844: ;   {poll_return}
  0x000002422a194844: 493b a748 | 0400 000f | 8715 0000 

  0x000002422a194850: ;   {runtime_call throw_null_pointer_exception Runtime1 stub}
  0x000002422a194850: 00c3 e8a9 

  0x000002422a194854: ; ImmutableOopMap {rax=Oop [120]=Oop [128]=Oop [136]=Oop [152]=Oop }
                      ;*invokevirtual getCodeSource {reexecute=0 rethrow=0 return_oop=0}
                      ; - java.lang.ClassLoader::defineClassSourceLocation@1 (line 924)
                      ; - java.lang.ClassLoader::defineClass@12 (line 1026)
                      ;   {runtime_call throw_null_pointer_exception Runtime1 stub}
  0x000002422a194854: fcce ffe8 

  0x000002422a194858: ; ImmutableOopMap {rax=Oop [120]=Oop [128]=Oop [136]=Oop [152]=Oop }
                      ;*invokevirtual getLocation {reexecute=0 rethrow=0 return_oop=0}
                      ; - java.lang.ClassLoader::defineClassSourceLocation@12 (line 926)
                      ; - java.lang.ClassLoader::defineClass@12 (line 1026)
  0x000002422a194858: a4fc ceff 

  0x000002422a19485c: ;   {runtime_call throw_null_pointer_exception Runtime1 stub}
  0x000002422a19485c: e89f fcce 

  0x000002422a194860: ; ImmutableOopMap {r8=Oop [120]=Oop [128]=Oop [136]=Oop [152]=Oop }
                      ;*invokevirtual toString {reexecute=0 rethrow=0 return_oop=0}
                      ; - java.lang.ClassLoader::defineClassSourceLocation@22 (line 927)
                      ; - java.lang.ClassLoader::defineClass@12 (line 1026)
                      ;   {runtime_call throw_null_pointer_exception Runtime1 stub}
  0x000002422a194860: ffe8 9afc 

  0x000002422a194864: ; ImmutableOopMap {r8=Oop rdx=Oop [120]=Oop [128]=Oop [136]=Oop [152]=Oop }
                      ;*invokevirtual toExternalForm {reexecute=0 rethrow=0 return_oop=0}
                      ; - java.net.URL::toExternalForm@5 (line 1203)
                      ; - java.net.URL::toString@1 (line 1189)
                      ; - java.lang.ClassLoader::defineClassSourceLocation@22 (line 927)
                      ; - java.lang.ClassLoader::defineClass@12 (line 1026)
                      ;   {internal_word}
  0x000002422a194864: ceff 49ba | 4448 192a | 4202 0000 | 4d89 9760 

  0x000002422a194874: ;   {runtime_call SafepointBlob}
  0x000002422a194874: 0400 00e9 | 840e c4ff | 498b 87f8 | 0400 0049 | c787 f804 | 0000 0000 | 0000 49c7 | 8700 0500 
  0x000002422a194894: 0000 0000 | 0048 81c4 | b000 0000 

  0x000002422a1948a0: ;   {runtime_call unwind_exception Runtime1 stub}
  0x000002422a1948a0: 5de9 5aed | ceff f4f4 
[Stub Code]
  0x000002422a1948a8: ;   {no_reloc}
  0x000002422a1948a8: 0f1f 4400 

  0x000002422a1948ac: ;   {static_stub}
  0x000002422a1948ac: 0048 bb00 | 0000 0000 

  0x000002422a1948b4: ;   {runtime_call nmethod}
  0x000002422a1948b4: 0000 00e9 | fbff ffff 

  0x000002422a1948bc: ;   {static_stub}
  0x000002422a1948bc: 48bb 9011 | 4335 4202 

  0x000002422a1948c4: ;   {runtime_call I2C/C2I adapters}
  0x000002422a1948c4: 0000 e9a0 

  0x000002422a1948c8: ;   {static_stub}
  0x000002422a1948c8: 64c3 ff48 | bb00 0000 | 0000 0000 

  0x000002422a1948d4: ;   {runtime_call nmethod}
  0x000002422a1948d4: 00e9 fbff 

  0x000002422a1948d8: ;   {static_stub}
  0x000002422a1948d8: ffff 48bb | 7810 4335 | 4202 0000 

  0x000002422a1948e4: ;   {runtime_call I2C/C2I adapters}
  0x000002422a1948e4: e982 64c3 

  0x000002422a1948e8: ;   {runtime_call handle_exception_from_callee Runtime1 stub}
  0x000002422a1948e8: ffe8 921e 

  0x000002422a1948ec: ;   {external_word}
  0x000002422a1948ec: cfff 48b9 | 907f ade5 | fb7f 0000 | 4883 e4f0 

  0x000002422a1948fc: ;   {runtime_call}
  0x000002422a1948fc: 48b8 e044 | 70e5 fb7f | 0000 ffd0 

  0x000002422a194908: ;   {section_word}
  0x000002422a194908: f449 ba09 | 4919 2a42 | 0200 0041 

  0x000002422a194914: ;   {runtime_call DeoptimizationBlob}
  0x000002422a194914: 52e9 8600 | c4ff f4f4 | f4f4 f4f4 
[/MachCode]


Compiled method (c1) 260493  849       1       jdk.internal.loader.BuiltinClassLoader::defineClass (121 bytes)
 total in heap  [0x000002422a194b10,0x000002422a195a38] = 3880
 relocation     [0x000002422a194c70,0x000002422a194db8] = 328
 main code      [0x000002422a194dc0,0x000002422a195498] = 1752
 stub code      [0x000002422a195498,0x000002422a1955b8] = 288
 metadata       [0x000002422a1955b8,0x000002422a195600] = 72
 scopes data    [0x000002422a195600,0x000002422a195858] = 600
 scopes pcs     [0x000002422a195858,0x000002422a1959f8] = 416
 dependencies   [0x000002422a1959f8,0x000002422a195a00] = 8
 handler table  [0x000002422a195a00,0x000002422a195a18] = 24
 nul chk table  [0x000002422a195a18,0x000002422a195a38] = 32

[Constant Pool (empty)]

[MachCode]
[Entry Point]
  # {method} {0x00000242350693c0} 'defineClass' '(Ljava/lang/String;Ljdk/internal/loader/Resource;)Ljava/lang/Class;' in 'jdk/internal/loader/BuiltinClassLoader'
  # this:     rdx:rdx   = 'jdk/internal/loader/BuiltinClassLoader'
  # parm0:    r8:r8     = 'java/lang/String'
  # parm1:    r9:r9     = 'jdk/internal/loader/Resource'
  #           [sp+0x110]  (sp of caller)
  0x000002422a194dc0: 448b 5208 | 49bb 0000 | 0035 4202 | 0000 4d03 | d34c 3bd0 

  0x000002422a194dd4: ;   {runtime_call ic_miss_stub}
  0x000002422a194dd4: 0f85 a699 | c3ff 660f | 1f44 0000 
[Verified Entry Point]
  0x000002422a194de0: 8984 2400 | 80ff ff55 | 4881 ec00 | 0100 0090 | 4181 7f20 | 0d00 0000 

  0x000002422a194df8: ;   {runtime_call StubRoutines (final stubs)}
  0x000002422a194df8: 7405 e861 | ffc1 ff48 | 8994 24a0 | 0000 004c | 8984 2490 | 0000 004c | 898c 2498 | 0000 0049 
  0x000002422a194e18: 8bd1 6666 | 9048 b8ff | ffff ffff 

  0x000002422a194e24: ;   {virtual_call}
  0x000002422a194e24: ffff ffe8 

  0x000002422a194e28: ; ImmutableOopMap {[144]=Oop [152]=Oop [160]=Oop }
                      ;*invokevirtual getCodeSourceURL {reexecute=0 rethrow=0 return_oop=0}
                      ; - jdk.internal.loader.BuiltinClassLoader::defineClass@1 (line 842)
  0x000002422a194e28: 549f cfff 

  0x000002422a194e2c: ;   {other}
  0x000002422a194e2c: 0f1f 8400 | 1c03 0000 | 4889 8424 | a800 0000 | 4c8b 8424 | 9000 0000 

  0x000002422a194e44: ; implicit exception: dispatches to 0x000002422a195392
  0x000002422a194e44: 418b 7014 | 48c1 e603 

  0x000002422a194e4c: ; implicit exception: dispatches to 0x000002422a195397
  0x000002422a194e4c: 8b56 0c45 | 0fbe 4810 | 498b c9c1 | e118 c1f9 | 18d3 fa48 | 8bfa ffcf | 4585 c9ba | 0000 0000 
  0x000002422a194e6c: 7505 ba01 | 0000 0083 | e201 85d2 | 488b d641 | b82e 0000 | 004c 8bcf | 0f84 1700 | 0000 0f1f 
  0x000002422a194e8c: ;   {static_call}
  0x000002422a194e8c: 4400 00e8 

  0x000002422a194e90: ; ImmutableOopMap {[144]=Oop [152]=Oop [160]=Oop [168]=Oop }
                      ;*invokestatic lastIndexOf {reexecute=0 rethrow=0 return_oop=0}
                      ; - java.lang.String::lastIndexOf@13 (line 2573)
                      ; - java.lang.String::lastIndexOf@8 (line 2535)
                      ; - jdk.internal.loader.BuiltinClassLoader::defineClass@8 (line 845)
  0x000002422a194e90: 2c60 dbff 

  0x000002422a194e94: ;   {other}
  0x000002422a194e94: 0f1f 8400 | 8403 0001 | e913 0000 | 0066 0f1f 

  0x000002422a194ea4: ;   {static_call}
  0x000002422a194ea4: 4400 00e8 

  0x000002422a194ea8: ; ImmutableOopMap {[144]=Oop [152]=Oop [160]=Oop [168]=Oop }
                      ;*invokestatic lastIndexOf {reexecute=0 rethrow=0 return_oop=0}
                      ; - java.lang.String::lastIndexOf@25 (line 2574)
                      ; - java.lang.String::lastIndexOf@8 (line 2535)
                      ; - jdk.internal.loader.BuiltinClassLoader::defineClass@8 (line 845)
  0x000002422a194ea8: d4a1 c3ff 

  0x000002422a194eac: ;   {other}
  0x000002422a194eac: 0f1f 8400 | 9c03 0002 | 83f8 ff0f | 847f 0000 | 0041 b800 | 0000 004c | 8bc8 488b | 9424 9000 
  0x000002422a194ecc: ;   {optimized virtual_call}
  0x000002422a194ecc: 0000 90e8 

  0x000002422a194ed0: ; ImmutableOopMap {[144]=Oop [152]=Oop [160]=Oop [168]=Oop }
                      ;*invokevirtual substring {reexecute=0 rethrow=0 return_oop=0}
                      ; - jdk.internal.loader.BuiltinClassLoader::defineClass@23 (line 847)
  0x000002422a194ed0: ac50 ddff 

  0x000002422a194ed4: ;   {other}
  0x000002422a194ed4: 0f1f 8400 | c403 0003 | 488b 9424 | 9800 0000 | 4889 8424 | b000 0000 | 9048 b8ff | ffff ffff 
  0x000002422a194ef4: ;   {virtual_call}
  0x000002422a194ef4: ffff ffe8 

  0x000002422a194ef8: ; ImmutableOopMap {[144]=Oop [152]=Oop [160]=Oop [168]=Oop [176]=Oop }
                      ;*invokevirtual getManifest {reexecute=0 rethrow=0 return_oop=0}
                      ; - jdk.internal.loader.BuiltinClassLoader::defineClass@29 (line 848)
  0x000002422a194ef8: 540f 0e00 

  0x000002422a194efc: ;   {other}
  0x000002422a194efc: 0f1f 8400 | ec03 0004 | 4c8b 8424 | b000 0000 | 4c8b c848 | 8bbc 24a8 | 0000 0048 | 8b94 24a0 
  0x000002422a194f1c: 0000 0066 | 0f1f 4400 | 0048 b800 | 9a06 3542 

  0x000002422a194f2c: ;   {virtual_call}
  0x000002422a194f2c: 0200 00e8 

  0x000002422a194f30: ; ImmutableOopMap {[144]=Oop [152]=Oop [160]=Oop [168]=Oop }
                      ;*invokevirtual defineOrCheckPackage {reexecute=0 rethrow=0 return_oop=0}
                      ; - jdk.internal.loader.BuiltinClassLoader::defineClass@40 (line 849)
  0x000002422a194f30: 0cd1 ffff 

  0x000002422a194f34: ;   {other}
  0x000002422a194f34: 0f1f 8400 | 2404 0005 | 4c8b 8c24 | 9800 0000 | 488d 9424 | e000 0000 | 4c89 4a08 | 498b 0148 
  0x000002422a194f54: 83c8 0148 | 8902 f049 | 0fb1 110f | 8412 0000 | 0048 2bc4 | 4825 07f0 | ffff 4889 | 020f 8525 
  0x000002422a194f74: 0400 0049 | ff87 4805 | 0000 418b | 510c 48c1 | e203 4885 | d20f 8551 | 0000 0049 | 8bd1 6666 
  0x000002422a194f94: 9048 b8ff | ffff ffff 

  0x000002422a194f9c: ;   {virtual_call}
  0x000002422a194f9c: ffff ffe8 

  0x000002422a194fa0: ; ImmutableOopMap {[144]=Oop [152]=Oop [160]=Oop [168]=Oop [232]=Oop }
                      ;*invokevirtual getInputStream {reexecute=0 rethrow=0 return_oop=0}
                      ; - jdk.internal.loader.Resource::cachedInputStream@9 (line 77)
                      ; - jdk.internal.loader.Resource::getByteBuffer@1 (line 163)
                      ; - jdk.internal.loader.BuiltinClassLoader::defineClass@45 (line 853)
  0x000002422a194fa0: 4c9b cfff 

  0x000002422a194fa4: ;   {other}
  0x000002422a194fa4: 0f1f 8400 | 9404 0006 | 410f be57 | 4085 d24c | 8b8c 2498 | 0000 000f | 85ee 0300 | 004c 8bd0 
  0x000002422a194fc4: 49c1 ea03 | 4589 510c | 498b d148 | 33d0 48c1 | ea15 4883 | fa00 0f85 | ef03 0000 | 418b 510c 
  0x000002422a194fe4: 48c1 e203 | 488d 8424 | e000 0000 | 488b 3048 | 85f6 0f84 | 0f00 0000 | 488b 7808 | f048 0fb1 
  0x000002422a195004: 370f 85dc | 0300 0049 | ff8f 4805 | 0000 4885 | d20f 8443 

  0x000002422a195018: ;   {metadata('sun/nio/ByteBuffered')}
  0x000002422a195018: 0000 0048 | b8d8 0736 | 3542 0200 | 008b 5a08 | 49ba 0000 | 0035 4202 | 0000 4903 | da48 3b43 
  0x000002422a195038: 200f 8424 | 0000 0048 | 3bd8 0f84 | 1b00 0000 

  0x000002422a195048: ;   {runtime_call slow_subtype_check Runtime1 stub}
  0x000002422a195048: 5350 e8b1 | 28cf ff5b | 5b85 db0f | 8405 0000 | 00e9 0500 | 0000 4833 | f6eb 0748 | c7c6 0100 
  0x000002422a195068: 0000 85f6 | 0f84 6f00 | 0000 4885 | d20f 8443 

  0x000002422a195078: ;   {metadata('sun/nio/ByteBuffered')}
  0x000002422a195078: 0000 0048 | bbd8 0736 | 3542 0200 | 008b 7a08 | 49ba 0000 | 0035 4202 | 0000 4903 | fa48 3b5f 
  0x000002422a195098: 200f 841f | 0000 0048 | 3bfb 0f84 | 1600 0000 

  0x000002422a1950a8: ;   {runtime_call slow_subtype_check Runtime1 stub}
  0x000002422a1950a8: 5753 e851 | 28cf ff5f | 5f85 ff0f | 8444 0300 | 00e9 0000 | 0000 0f1f | 8000 0000 | 0048 b8ff 
  0x000002422a1950c8: ffff ffff 

  0x000002422a1950cc: ;   {virtual_call}
  0x000002422a1950cc: ffff ffe8 

  0x000002422a1950d0: ; ImmutableOopMap {[144]=Oop [152]=Oop [160]=Oop [168]=Oop }
                      ;*invokeinterface getByteBuffer {reexecute=0 rethrow=0 return_oop=0}
                      ; - jdk.internal.loader.Resource::getByteBuffer@16 (line 165)
                      ; - jdk.internal.loader.BuiltinClassLoader::defineClass@45 (line 853)
  0x000002422a1950d0: ac9c c3ff 

  0x000002422a1950d4: ;   {other}
  0x000002422a1950d4: 0f1f 8400 | c405 0007 | e90a 0000 

  0x000002422a1950e0: ;   {oop(nullptr)}
  0x000002422a1950e0: 0048 b800 | 0000 0000 | 0000 0048 | 85c0 0f84 | 0601 0000 | 4889 8424 | b800 0000 | 488b 9424 
  0x000002422a195100: 9800 0000 | 9048 b8ff | ffff ffff 

  0x000002422a19510c: ;   {virtual_call}
  0x000002422a19510c: ffff ffe8 

  0x000002422a195110: ; ImmutableOopMap {[144]=Oop [160]=Oop [168]=Oop [184]=Oop }
                      ;*invokevirtual getCodeSigners {reexecute=0 rethrow=0 return_oop=0}
                      ; - jdk.internal.loader.BuiltinClassLoader::defineClass@56 (line 855)
  0x000002422a195110: 6c9c c3ff 

  0x000002422a195114: ;   {other}
  0x000002422a195114: 0f1f 8400 | 0406 0008 

  0x000002422a19511c: ;   {metadata('java/security/CodeSource')}
  0x000002422a19511c: 4c8b c848 | bac0 5c00 | 3542 0200 | 0049 8b87 | b801 0000 | 488d 7828 | 493b bfc8 | 0100 000f 
  0x000002422a19513c: 87c5 0200 | 0049 89bf | b801 0000 | 48c7 0001 | 0000 0048 | 8bca 49ba | 0000 0035 | 4202 0000 
  0x000002422a19515c: 492b ca89 | 4808 4833 | c989 480c | 4833 c948 | 8948 1048 | 8948 1848 | 8948 204c | 8b84 24a8 
  0x000002422a19517c: 0000 0048 | 8bd0 4889 | 8424 c000 | 0000 0f1f 

  0x000002422a19518c: ;   {optimized virtual_call}
  0x000002422a19518c: 4400 00e8 

  0x000002422a195190: ; ImmutableOopMap {[144]=Oop [160]=Oop [184]=Oop [192]=Oop }
                      ;*invokespecial <init> {reexecute=0 rethrow=0 return_oop=0}
                      ; - jdk.internal.loader.BuiltinClassLoader::defineClass@68 (line 856)
  0x000002422a195190: ec98 c3ff 

  0x000002422a195194: ;   {other}
  0x000002422a195194: 0f1f 8400 | 8406 0009 | 4c8b 8424 | c000 0000 | 488b 9424 | a000 0000 

  0x000002422a1951ac: ;   {optimized virtual_call}
  0x000002422a1951ac: 6666 90e8 

  0x000002422a1951b0: ; ImmutableOopMap {[144]=Oop [160]=Oop [184]=Oop }
                      ;*invokevirtual getProtectionDomain {reexecute=0 rethrow=0 return_oop=0}
                      ; - java.security.SecureClassLoader::defineClass@5 (line 182)
                      ; - jdk.internal.loader.BuiltinClassLoader::defineClass@79 (line 857)
  0x000002422a1951b0: cc98 c3ff 

  0x000002422a1951b4: ;   {other}
  0x000002422a1951b4: 0f1f 8400 | a406 000a | 4c8b 8424 | 9000 0000 | 4c8b 8c24 | b800 0000 | 488b f848 | 8b94 24a0 
  0x000002422a1951d4: ;   {optimized virtual_call}
  0x000002422a1951d4: 0000 00e8 

  0x000002422a1951d8: ; ImmutableOopMap {}
                      ;*invokevirtual defineClass {reexecute=0 rethrow=0 return_oop=0}
                      ; - java.security.SecureClassLoader::defineClass@8 (line 182)
                      ; - jdk.internal.loader.BuiltinClassLoader::defineClass@79 (line 857)
  0x000002422a1951d8: a498 c3ff 

  0x000002422a1951dc: ;   {other}
  0x000002422a1951dc: 0f1f 8400 | cc06 000b | 4881 c400 | 0100 005d 

  0x000002422a1951ec: ;   {poll_return}
  0x000002422a1951ec: 493b a748 | 0400 000f | 871a 0200 | 00c3 4c8b | 8c24 9800 | 0000 498b | d148 b8ff | ffff ffff 
  0x000002422a19520c: ;   {virtual_call}
  0x000002422a19520c: ffff ffe8 

  0x000002422a195210: ; ImmutableOopMap {[144]=Oop [152]=Oop [160]=Oop [168]=Oop }
                      ;*invokevirtual getBytes {reexecute=0 rethrow=0 return_oop=0}
                      ; - jdk.internal.loader.BuiltinClassLoader::defineClass@84 (line 859)
  0x000002422a195210: 3406 0e00 

  0x000002422a195214: ;   {other}
  0x000002422a195214: 0f1f 8400 | 0407 000c | 4889 8424 | c800 0000 | 488b 9424 | 9800 0000 | 9048 b8ff | ffff ffff 
  0x000002422a195234: ;   {virtual_call}
  0x000002422a195234: ffff ffe8 

  0x000002422a195238: ; ImmutableOopMap {[144]=Oop [160]=Oop [168]=Oop [200]=Oop }
                      ;*invokevirtual getCodeSigners {reexecute=0 rethrow=0 return_oop=0}
                      ; - jdk.internal.loader.BuiltinClassLoader::defineClass@90 (line 860)
  0x000002422a195238: 7408 0e00 

  0x000002422a19523c: ;   {other}
  0x000002422a19523c: 0f1f 8400 | 2c07 000d 

  0x000002422a195244: ;   {metadata('java/security/CodeSource')}
  0x000002422a195244: 4c8b c848 | bac0 5c00 | 3542 0200 | 0049 8b87 | b801 0000 | 488d 7828 | 493b bfc8 | 0100 000f 
  0x000002422a195264: 87c0 0100 | 0049 89bf | b801 0000 | 48c7 0001 | 0000 0048 | 8bca 49ba | 0000 0035 | 4202 0000 
  0x000002422a195284: 492b ca89 | 4808 4833 | c989 480c | 4833 c948 | 8948 1048 | 8948 1848 | 8948 204c | 8b84 24a8 
  0x000002422a1952a4: 0000 0048 | 8bd0 4889 | 8424 d000 | 0000 0f1f 

  0x000002422a1952b4: ;   {optimized virtual_call}
  0x000002422a1952b4: 4400 00e8 

  0x000002422a1952b8: ; ImmutableOopMap {[144]=Oop [160]=Oop [200]=Oop [208]=Oop }
                      ;*invokespecial <init> {reexecute=0 rethrow=0 return_oop=0}
                      ; - jdk.internal.loader.BuiltinClassLoader::defineClass@102 (line 861)
  0x000002422a1952b8: c44c 0300 

  0x000002422a1952bc: ;   {other}
  0x000002422a1952bc: 0f1f 8400 | ac07 000e | 488b 8424 | c800 0000 

  0x000002422a1952cc: ; implicit exception: dispatches to 0x000002422a195436
  0x000002422a1952cc: 8b70 0c4c | 8b84 24d0 | 0000 0048 | 8b94 24a0 | 0000 0089 | b424 d800 

  0x000002422a1952e4: ;   {optimized virtual_call}
  0x000002422a1952e4: 0000 90e8 

  0x000002422a1952e8: ; ImmutableOopMap {[144]=Oop [160]=Oop [200]=Oop }
                      ;*invokevirtual getProtectionDomain {reexecute=0 rethrow=0 return_oop=0}
                      ; - java.security.SecureClassLoader::defineClass@9 (line 150)
                      ; - jdk.internal.loader.BuiltinClassLoader::defineClass@117 (line 862)
  0x000002422a1952e8: 9443 0300 

  0x000002422a1952ec: ;   {other}
  0x000002422a1952ec: 0f1f 8400 | dc07 000f | 4c8b 8424 | 9000 0000 | 4c8b 8c24 | c800 0000 | bf00 0000 | 008b b424 
  0x000002422a19530c: d800 0000 | 488b c848 | 8b94 24a0 | 0000 000f 

  0x000002422a19531c: ;   {optimized virtual_call}
  0x000002422a19531c: 1f40 00e8 

  0x000002422a195320: ; ImmutableOopMap {}
                      ;*invokevirtual defineClass {reexecute=0 rethrow=0 return_oop=0}
                      ; - java.security.SecureClassLoader::defineClass@12 (line 150)
                      ; - jdk.internal.loader.BuiltinClassLoader::defineClass@117 (line 862)
  0x000002422a195320: dcf3 ffff 

  0x000002422a195324: ;   {other}
  0x000002422a195324: 0f1f 8400 | 1408 0010 | 4881 c400 | 0100 005d 

  0x000002422a195334: ;   {poll_return}
  0x000002422a195334: 493b a748 | 0400 000f | 87fa 0000 | 00c3 498b | 87f8 0400 | 004d 33d2 | 4d89 97f8 | 0400 004d 
  0x000002422a195354: 33d2 4d89 | 9700 0500 | 0048 8bf0 | 488d 8424 | e000 0000 | 488b 3848 | 85ff 0f84 | 0f00 0000 
  0x000002422a195374: 488b 5808 | f048 0fb1 | 3b0f 85ce | 0000 0049 | ff8f 4805 | 0000 488b | c6e9 f200 

  0x000002422a195390: ;   {runtime_call throw_null_pointer_exception Runtime1 stub}
  0x000002422a195390: 0000 e869 

  0x000002422a195394: ; ImmutableOopMap {rax=Oop r8=Oop [144]=Oop [152]=Oop [160]=Oop [168]=Oop }
                      ;*invokevirtual lastIndexOf {reexecute=0 rethrow=0 return_oop=0}
                      ; - jdk.internal.loader.BuiltinClassLoader::defineClass@8 (line 845)
                      ;   {runtime_call throw_null_pointer_exception Runtime1 stub}
  0x000002422a195394: f1ce ffe8 

  0x000002422a195398: ; ImmutableOopMap {rax=Oop r8=Oop rsi=Oop [144]=Oop [152]=Oop [160]=Oop [168]=Oop }
                      ;*arraylength {reexecute=0 rethrow=0 return_oop=0}
                      ; - java.lang.String::length@4 (line 1519)
                      ; - java.lang.String::lastIndexOf@3 (line 2535)
                      ; - jdk.internal.loader.BuiltinClassLoader::defineClass@8 (line 845)
  0x000002422a195398: 64f1 ceff | 4c89 4c24 | 0848 8914 

  0x000002422a1953a4: ;   {runtime_call monitorenter_nofpu Runtime1 stub}
  0x000002422a1953a4: 24e8 562b 

  0x000002422a1953a8: ; ImmutableOopMap {r9=Oop [144]=Oop [152]=Oop [160]=Oop [168]=Oop [232]=Oop }
                      ;*synchronization entry
                      ; - jdk.internal.loader.Resource::cachedInputStream@-1 (line 76)
                      ; - jdk.internal.loader.Resource::getByteBuffer@1 (line 163)
                      ; - jdk.internal.loader.BuiltinClassLoader::defineClass@45 (line 853)
  0x000002422a1953a8: cfff e9cf | fbff ff41 | 8b51 0c48 | c1e2 0348 | 83fa 000f | 8400 fcff | ff48 8914 

  0x000002422a1953c4: ;   {runtime_call g1_pre_barrier_slow}
  0x000002422a1953c4: 24e8 3657 | cfff e9f2 | fbff ff48 | 83f8 000f | 8407 fcff | ff4c 890c 

  0x000002422a1953dc: ;   {runtime_call g1_post_barrier_slow}
  0x000002422a1953dc: 24e8 1e5a | cfff e9f9 | fbff ff48 | 8d84 24e0 | 0000 0048 

  0x000002422a1953f0: ;   {runtime_call monitorexit_nofpu Runtime1 stub}
  0x000002422a1953f0: 8904 24e8 | 0836 cfff | e915 fcff | ff48 8914 

  0x000002422a195400: ;   {runtime_call throw_class_cast_exception Runtime1 stub}
  0x000002422a195400: 24e8 7a19 

  0x000002422a195404: ; ImmutableOopMap {[144]=Oop [152]=Oop [160]=Oop [168]=Oop }
                      ;*checkcast {reexecute=0 rethrow=0 return_oop=0}
                      ; - jdk.internal.loader.Resource::getByteBuffer@13 (line 165)
                      ; - jdk.internal.loader.BuiltinClassLoader::defineClass@45 (line 853)
  0x000002422a195404: cfff 488b 

  0x000002422a195408: ;   {runtime_call fast_new_instance Runtime1 stub}
  0x000002422a195408: d2e8 f2f9 

  0x000002422a19540c: ; ImmutableOopMap {r9=Oop [144]=Oop [160]=Oop [168]=Oop [184]=Oop }
                      ;*new {reexecute=0 rethrow=0 return_oop=0}
                      ; - jdk.internal.loader.BuiltinClassLoader::defineClass@61 (line 856)
  0x000002422a19540c: ceff e964 

  0x000002422a195410: ;   {internal_word}
  0x000002422a195410: fdff ff49 | baec 5119 | 2a42 0200 | 004d 8997 | 6004 0000 

  0x000002422a195424: ;   {runtime_call SafepointBlob}
  0x000002422a195424: e9d7 02c4 | ff48 8bd2 

  0x000002422a19542c: ;   {runtime_call fast_new_instance Runtime1 stub}
  0x000002422a19542c: e8cf f9ce 

  0x000002422a195430: ; ImmutableOopMap {r9=Oop [144]=Oop [160]=Oop [168]=Oop [200]=Oop }
                      ;*new {reexecute=0 rethrow=0 return_oop=0}
                      ; - jdk.internal.loader.BuiltinClassLoader::defineClass@95 (line 861)
  0x000002422a195430: ffe9 69fe 

  0x000002422a195434: ;   {runtime_call throw_null_pointer_exception Runtime1 stub}
  0x000002422a195434: ffff e8c5 

  0x000002422a195438: ; ImmutableOopMap {rax=Oop [144]=Oop [160]=Oop [200]=Oop [208]=Oop }
                      ;*arraylength {reexecute=0 rethrow=0 return_oop=0}
                      ; - jdk.internal.loader.BuiltinClassLoader::defineClass@114 (line 862)
                      ;   {internal_word}
  0x000002422a195438: f0ce ff49 | ba34 5319 | 2a42 0200 | 004d 8997 | 6004 0000 

  0x000002422a19544c: ;   {runtime_call SafepointBlob}
  0x000002422a19544c: e9af 02c4 | ff48 8d84 | 24e0 0000 | 0048 8904 

  0x000002422a19545c: ;   {runtime_call monitorexit_nofpu Runtime1 stub}
  0x000002422a19545c: 24e8 9e35 | cfff e923 | ffff ff49 | 8b87 f804 | 0000 49c7 | 87f8 0400 | 0000 0000 | 0049 c787 
  0x000002422a19547c: 0005 0000 | 0000 0000 | 4881 c400 | 0100 005d 

  0x000002422a19548c: ;   {runtime_call unwind_exception Runtime1 stub}
  0x000002422a19548c: e96f e1ce | fff4 f4f4 | f4f4 f4f4 
[Stub Code]
  0x000002422a195498: ;   {no_reloc}
  0x000002422a195498: 0f1f 4400 

  0x000002422a19549c: ;   {static_stub}
  0x000002422a19549c: 0048 bb00 | 0000 0000 

  0x000002422a1954a4: ;   {runtime_call nmethod}
  0x000002422a1954a4: 0000 00e9 | fbff ffff 

  0x000002422a1954ac: ;   {static_stub}
  0x000002422a1954ac: 9048 bb00 | 0000 0000 

  0x000002422a1954b4: ;   {runtime_call nmethod}
  0x000002422a1954b4: 0000 00e9 | fbff ffff 

  0x000002422a1954bc: ;   {static_stub}
  0x000002422a1954bc: 9048 bb00 | 0000 0000 

  0x000002422a1954c4: ;   {runtime_call nmethod}
  0x000002422a1954c4: 0000 00e9 | fbff ffff 

  0x000002422a1954cc: ;   {static_stub}
  0x000002422a1954cc: 9048 bb00 | 0000 0000 

  0x000002422a1954d4: ;   {runtime_call nmethod}
  0x000002422a1954d4: 0000 00e9 | fbff ffff 

  0x000002422a1954dc: ;   {static_stub}
  0x000002422a1954dc: 9048 bb00 | 0000 0000 

  0x000002422a1954e4: ;   {runtime_call nmethod}
  0x000002422a1954e4: 0000 00e9 | fbff ffff 

  0x000002422a1954ec: ;   {static_stub}
  0x000002422a1954ec: 9048 bb00 | 0000 0000 

  0x000002422a1954f4: ;   {runtime_call nmethod}
  0x000002422a1954f4: 0000 00e9 | fbff ffff 

  0x000002422a1954fc: ;   {static_stub}
  0x000002422a1954fc: 9048 bb00 | 0000 0000 

  0x000002422a195504: ;   {runtime_call nmethod}
  0x000002422a195504: 0000 00e9 | fbff ffff 

  0x000002422a19550c: ;   {static_stub}
  0x000002422a19550c: 9048 bb00 | 0000 0000 

  0x000002422a195514: ;   {runtime_call nmethod}
  0x000002422a195514: 0000 00e9 | fbff ffff 

  0x000002422a19551c: ;   {static_stub}
  0x000002422a19551c: 48bb 68ab | 4635 4202 

  0x000002422a195524: ;   {runtime_call I2C/C2I adapters}
  0x000002422a195524: 0000 e940 

  0x000002422a195528: ;   {static_stub}
  0x000002422a195528: 58c3 ff48 | bb30 d304 | 3542 0200 

  0x000002422a195534: ;   {runtime_call I2C/C2I adapters}
  0x000002422a195534: 00e9 adec 

  0x000002422a195538: ;   {static_stub}
  0x000002422a195538: c3ff 48bb | 0000 0000 | 0000 0000 

  0x000002422a195544: ;   {runtime_call nmethod}
  0x000002422a195544: e9fb ffff 

  0x000002422a195548: ;   {static_stub}
  0x000002422a195548: ff48 bb00 | 0000 0000 

  0x000002422a195550: ;   {runtime_call nmethod}
  0x000002422a195550: 0000 00e9 | fbff ffff 

  0x000002422a195558: ;   {static_stub}
  0x000002422a195558: 48bb 0000 | 0000 0000 

  0x000002422a195560: ;   {runtime_call nmethod}
  0x000002422a195560: 0000 e9fb 

  0x000002422a195564: ;   {static_stub}
  0x000002422a195564: ffff ff48 | bb00 0000 | 0000 0000 

  0x000002422a195570: ;   {runtime_call nmethod}
  0x000002422a195570: 00e9 fbff 

  0x000002422a195574: ;   {static_stub}
  0x000002422a195574: ffff 48bb | 0000 0000 | 0000 0000 

  0x000002422a195580: ;   {runtime_call nmethod}
  0x000002422a195580: e9fb ffff 

  0x000002422a195584: ;   {runtime_call handle_exception_from_callee Runtime1 stub}
  0x000002422a195584: ffe8 f611 

  0x000002422a195588: ;   {external_word}
  0x000002422a195588: cfff 48b9 | 907f ade5 | fb7f 0000 | 4883 e4f0 

  0x000002422a195598: ;   {runtime_call}
  0x000002422a195598: 48b8 e044 | 70e5 fb7f | 0000 ffd0 

  0x000002422a1955a4: ;   {section_word}
  0x000002422a1955a4: f449 baa5 | 5519 2a42 | 0200 0041 

  0x000002422a1955b0: ;   {runtime_call DeoptimizationBlob}
  0x000002422a1955b0: 52e9 eaf3 | c3ff f4f4 
[/MachCode]


---------------  P R O C E S S  ---------------

Threads class SMR info:
_java_thread_list=0x000002427d1d2820, length=27, elements={
0x0000024234a3dac0, 0x0000024234a40620, 0x0000024234a41070, 0x0000024234a44d80,
0x0000024234a457d0, 0x0000024234a4f640, 0x0000024234a55cd0, 0x000002427a11d410,
0x000002427a119f90, 0x000002427a11c060, 0x000002427a11a620, 0x000002427a11c6f0,
0x000002427a11cd80, 0x000002427a11b340, 0x000002427a11b9d0, 0x000002427d153a90,
0x000002427d155b60, 0x000002427d154120, 0x000002427d154e40, 0x000002427d1547b0,
0x000002427d1554d0, 0x000002427d1561f0, 0x000002427d156880, 0x000002427d153400,
0x000002427d15a390, 0x000002427d158950, 0x000002427d1582c0
}

Java Threads: ( => current thread )
  0x0000024234a3dac0 JavaThread "Reference Handler"          daemon [_thread_blocked, id=60840, stack(0x0000007113300000,0x0000007113400000) (1024K)]
  0x0000024234a40620 JavaThread "Finalizer"                  daemon [_thread_blocked, id=75716, stack(0x0000007113400000,0x0000007113500000) (1024K)]
  0x0000024234a41070 JavaThread "Signal Dispatcher"          daemon [_thread_blocked, id=76696, stack(0x0000007113500000,0x0000007113600000) (1024K)]
  0x0000024234a44d80 JavaThread "Attach Listener"            daemon [_thread_blocked, id=73828, stack(0x0000007113600000,0x0000007113700000) (1024K)]
  0x0000024234a457d0 JavaThread "Service Thread"             daemon [_thread_blocked, id=73192, stack(0x0000007113700000,0x0000007113800000) (1024K)]
  0x0000024234a4f640 JavaThread "Monitor Deflation Thread"   daemon [_thread_blocked, id=76848, stack(0x0000007113800000,0x0000007113900000) (1024K)]
  0x0000024234a55cd0 JavaThread "C1 CompilerThread0"         daemon [_thread_blocked, id=59880, stack(0x0000007113900000,0x0000007113a00000) (1024K)]
  0x000002427a11d410 JavaThread "Notification Thread"        daemon [_thread_blocked, id=71784, stack(0x0000007113b00000,0x0000007113c00000) (1024K)]
  0x000002427a119f90 JavaThread "Common-Cleaner"             daemon [_thread_blocked, id=41636, stack(0x0000007113c00000,0x0000007113d00000) (1024K)]
  0x000002427a11c060 JavaThread "mysql-cj-abandoned-connection-cleanup" daemon [_thread_blocked, id=65112, stack(0x0000007114a00000,0x0000007114b00000) (1024K)]
  0x000002427a11a620 JavaThread "MoscoHikariPool housekeeper" daemon [_thread_blocked, id=46324, stack(0x0000007114c00000,0x0000007114d00000) (1024K)]
  0x000002427a11c6f0 JavaThread "Catalina-utility-1"                [_thread_blocked, id=73812, stack(0x0000007114e00000,0x0000007114f00000) (1024K)]
  0x000002427a11cd80 JavaThread "Catalina-utility-2"                [_thread_blocked, id=68300, stack(0x0000007114f00000,0x0000007115000000) (1024K)]
  0x000002427a11b340 JavaThread "container-0"                       [_thread_blocked, id=61284, stack(0x0000007115000000,0x0000007115100000) (1024K)]
=>0x000002427a11b9d0 JavaThread "http-nio-8080-exec-1"       daemon [_thread_in_vm, id=67500, stack(0x0000007115100000,0x0000007115200000) (1024K)]
  0x000002427d153a90 JavaThread "http-nio-8080-exec-2"       daemon [_thread_blocked, id=59552, stack(0x0000007115200000,0x0000007115300000) (1024K)]
  0x000002427d155b60 JavaThread "http-nio-8080-exec-3"       daemon [_thread_blocked, id=73296, stack(0x0000007115300000,0x0000007115400000) (1024K)]
  0x000002427d154120 JavaThread "http-nio-8080-exec-4"       daemon [_thread_blocked, id=68280, stack(0x0000007115400000,0x0000007115500000) (1024K)]
  0x000002427d154e40 JavaThread "http-nio-8080-exec-5"       daemon [_thread_blocked, id=70048, stack(0x0000007115500000,0x0000007115600000) (1024K)]
  0x000002427d1547b0 JavaThread "http-nio-8080-exec-6"       daemon [_thread_blocked, id=77672, stack(0x0000007115600000,0x0000007115700000) (1024K)]
  0x000002427d1554d0 JavaThread "http-nio-8080-exec-7"       daemon [_thread_blocked, id=72864, stack(0x0000007115700000,0x0000007115800000) (1024K)]
  0x000002427d1561f0 JavaThread "http-nio-8080-exec-8"       daemon [_thread_blocked, id=76276, stack(0x0000007115800000,0x0000007115900000) (1024K)]
  0x000002427d156880 JavaThread "http-nio-8080-exec-9"       daemon [_thread_blocked, id=68724, stack(0x0000007115900000,0x0000007115a00000) (1024K)]
  0x000002427d153400 JavaThread "http-nio-8080-exec-10"      daemon [_thread_blocked, id=2180, stack(0x0000007115a00000,0x0000007115b00000) (1024K)]
  0x000002427d15a390 JavaThread "http-nio-8080-Poller"       daemon [_thread_in_native, id=70920, stack(0x0000007115b00000,0x0000007115c00000) (1024K)]
  0x000002427d158950 JavaThread "http-nio-8080-Acceptor"     daemon [_thread_in_native, id=68396, stack(0x0000007115c00000,0x0000007115d00000) (1024K)]
  0x000002427d1582c0 JavaThread "DestroyJavaVM"                     [_thread_blocked, id=76288, stack(0x0000007112b00000,0x0000007112c00000) (1024K)]
Total: 27

Other Threads:
  0x0000024234a1fb90 VMThread "VM Thread"                           [id=70840, stack(0x0000007113200000,0x0000007113300000) (1024K)]
  0x0000024234a0ba80 WatcherThread "VM Periodic Task Thread"        [id=76596, stack(0x0000007113100000,0x0000007113200000) (1024K)]
  0x00000242217046d0 WorkerThread "GC Thread#0"                     [id=71432, stack(0x0000007112c00000,0x0000007112d00000) (1024K)]
  0x000002427a8e34b0 WorkerThread "GC Thread#1"                     [id=61004, stack(0x0000007113f00000,0x0000007114000000) (1024K)]
  0x000002427a8e3850 WorkerThread "GC Thread#2"                     [id=67964, stack(0x0000007114000000,0x0000007114100000) (1024K)]
  0x000002427a8e3bf0 WorkerThread "GC Thread#3"                     [id=75924, stack(0x0000007114100000,0x0000007114200000) (1024K)]
  0x000002427a8e3f90 WorkerThread "GC Thread#4"                     [id=72276, stack(0x0000007114200000,0x0000007114300000) (1024K)]
  0x000002427a8e4330 WorkerThread "GC Thread#5"                     [id=52564, stack(0x0000007114300000,0x0000007114400000) (1024K)]
  0x000002427ac33150 WorkerThread "GC Thread#6"                     [id=69648, stack(0x0000007114500000,0x0000007114600000) (1024K)]
  0x000002427ac334f0 WorkerThread "GC Thread#7"                     [id=72456, stack(0x0000007114600000,0x0000007114700000) (1024K)]
  0x000002427b193630 WorkerThread "GC Thread#8"                     [id=71872, stack(0x0000007114400000,0x0000007114500000) (1024K)]
  0x000002427b1944b0 WorkerThread "GC Thread#9"                     [id=72332, stack(0x0000007114700000,0x0000007114800000) (1024K)]
  0x0000024221715ce0 ConcurrentGCThread "G1 Main Marker"            [id=73372, stack(0x0000007112d00000,0x0000007112e00000) (1024K)]
  0x0000024221718200 WorkerThread "G1 Conc#0"                       [id=77648, stack(0x0000007112e00000,0x0000007112f00000) (1024K)]
  0x000002427b193d70 WorkerThread "G1 Conc#1"                       [id=61908, stack(0x0000007114800000,0x0000007114900000) (1024K)]
  0x000002427b194850 WorkerThread "G1 Conc#2"                       [id=21204, stack(0x0000007114900000,0x0000007114a00000) (1024K)]
  0x00000242348ddb70 ConcurrentGCThread "G1 Refine#0"               [id=69980, stack(0x0000007112f00000,0x0000007113000000) (1024K)]
  0x00000242348de580 ConcurrentGCThread "G1 Service"                [id=68996, stack(0x0000007113000000,0x0000007113100000) (1024K)]
Total: 18

Threads with active compile tasks:
Total: 0

VM state: not at safepoint (normal execution)

VM Mutex/Monitor currently owned by a thread:  ([mutex/lock_event])
[0x00007ffbe5d8c308] Metaspace_lock - owner thread: 0x000002427a11b9d0

Heap address: 0x0000000704e00000, size: 4018 MB, Compressed Oops mode: Zero based, Oop shift amount: 3

CDS archive(s) mapped at: [0x0000024235000000-0x0000024235c80000-0x0000024235c80000), size 13107200, SharedBaseAddress: 0x0000024235000000, ArchiveRelocationMode: 1.
Compressed class space mapped at: 0x0000024236000000-0x0000024276000000, reserved size: 1073741824
Narrow klass base: 0x0000024235000000, Narrow klass shift: 0, Narrow klass range: 0x100000000

GC Precious Log:
 CardTable entry size: 512
 Card Set container configuration: InlinePtr #cards 4 size 8 Array Of Cards #cards 16 size 48 Howl #buckets 8 coarsen threshold 3686 Howl Bitmap #cards 512 size 80 coarsen threshold 460 Card regions per heap region 1 cards per card region 4096
 CPUs: 12 total, 12 available
 Memory: 16068M
 Large Page Support: Disabled
 NUMA Support: Disabled
 Compressed Oops: Enabled (Zero based)
 Heap Region Size: 2M
 Heap Min Capacity: 8M
 Heap Initial Capacity: 252M
 Heap Max Capacity: 4018M
 Pre-touch: Disabled
 Parallel Workers: 10
 Concurrent Workers: 3
 Concurrent Refinement Workers: 10
 Periodic GC: Disabled

Heap:
 garbage-first heap   total 417792K, used 268141K [0x0000000704e00000, 0x0000000800000000)
  region size 2048K, 46 young (94208K), 6 survivors (12288K)
 Metaspace       used 71226K, committed 72000K, reserved 1114112K
  class space    used 10301K, committed 10688K, reserved 1048576K

Heap Regions: E=young(eden), S=young(survivor), O=old, HS=humongous(starts), HC=humongous(continues), CS=collection set, F=free, TAMS=top-at-mark-start, PB=parsable bottom
|   0|0x0000000704e00000, 0x0000000705000000, 0x0000000705000000|100%| O|  |TAMS 0x0000000704e00000| PB 0x0000000704e00000| Untracked 
|   1|0x0000000705000000, 0x0000000705200000, 0x0000000705200000|100%| O|  |TAMS 0x0000000705000000| PB 0x0000000705000000| Untracked 
|   2|0x0000000705200000, 0x0000000705400000, 0x0000000705400000|100%| O|  |TAMS 0x0000000705200000| PB 0x0000000705200000| Untracked 
|   3|0x0000000705400000, 0x00000007055effc0, 0x0000000705600000| 96%| O|  |TAMS 0x0000000705400000| PB 0x0000000705400000| Untracked 
|   4|0x0000000705600000, 0x0000000705800000, 0x0000000705800000|100%| O|  |TAMS 0x0000000705600000| PB 0x0000000705600000| Untracked 
|   5|0x0000000705800000, 0x0000000705a00000, 0x0000000705a00000|100%| O|  |TAMS 0x0000000705800000| PB 0x0000000705800000| Untracked 
|   6|0x0000000705a00000, 0x0000000705c00000, 0x0000000705c00000|100%| O|  |TAMS 0x0000000705a00000| PB 0x0000000705a00000| Untracked 
|   7|0x0000000705c00000, 0x0000000705e00000, 0x0000000705e00000|100%| O|  |TAMS 0x0000000705c00000| PB 0x0000000705c00000| Untracked 
|   8|0x0000000705e00000, 0x0000000706000000, 0x0000000706000000|100%| O|  |TAMS 0x0000000705e00000| PB 0x0000000705e00000| Untracked 
|   9|0x0000000706000000, 0x0000000706200000, 0x0000000706200000|100%| O|  |TAMS 0x0000000706000000| PB 0x0000000706000000| Untracked 
|  10|0x0000000706200000, 0x0000000706400000, 0x0000000706400000|100%| O|  |TAMS 0x0000000706200000| PB 0x0000000706200000| Untracked 
|  11|0x0000000706400000, 0x0000000706600000, 0x0000000706600000|100%| O|  |TAMS 0x0000000706400000| PB 0x0000000706400000| Untracked 
|  12|0x0000000706600000, 0x0000000706800000, 0x0000000706800000|100%| O|  |TAMS 0x0000000706600000| PB 0x0000000706600000| Untracked 
|  13|0x0000000706800000, 0x0000000706a00000, 0x0000000706a00000|100%| O|  |TAMS 0x0000000706800000| PB 0x0000000706800000| Untracked 
|  14|0x0000000706a00000, 0x0000000706c00000, 0x0000000706c00000|100%| O|  |TAMS 0x0000000706a00000| PB 0x0000000706a00000| Untracked 
|  15|0x0000000706c00000, 0x0000000706e00000, 0x0000000706e00000|100%| O|  |TAMS 0x0000000706c00000| PB 0x0000000706c00000| Untracked 
|  16|0x0000000706e00000, 0x0000000707000000, 0x0000000707000000|100%| O|  |TAMS 0x0000000706e00000| PB 0x0000000706e00000| Untracked 
|  17|0x0000000707000000, 0x0000000707200000, 0x0000000707200000|100%| O|  |TAMS 0x0000000707000000| PB 0x0000000707000000| Untracked 
|  18|0x0000000707200000, 0x0000000707400000, 0x0000000707400000|100%| O|  |TAMS 0x0000000707200000| PB 0x0000000707200000| Untracked 
|  19|0x0000000707400000, 0x0000000707600000, 0x0000000707600000|100%| O|  |TAMS 0x0000000707400000| PB 0x0000000707400000| Untracked 
|  20|0x0000000707600000, 0x0000000707800000, 0x0000000707800000|100%| O|  |TAMS 0x0000000707600000| PB 0x0000000707600000| Untracked 
|  21|0x0000000707800000, 0x0000000707a00000, 0x0000000707a00000|100%| O|  |TAMS 0x0000000707800000| PB 0x0000000707800000| Untracked 
|  22|0x0000000707a00000, 0x0000000707c00000, 0x0000000707c00000|100%| O|  |TAMS 0x0000000707a00000| PB 0x0000000707a00000| Untracked 
|  23|0x0000000707c00000, 0x0000000707e00000, 0x0000000707e00000|100%| O|  |TAMS 0x0000000707c00000| PB 0x0000000707c00000| Untracked 
|  24|0x0000000707e00000, 0x0000000708000000, 0x0000000708000000|100%| O|  |TAMS 0x0000000707e00000| PB 0x0000000707e00000| Untracked 
|  25|0x0000000708000000, 0x0000000708200000, 0x0000000708200000|100%| O|  |TAMS 0x0000000708000000| PB 0x0000000708000000| Untracked 
|  26|0x0000000708200000, 0x0000000708400000, 0x0000000708400000|100%| O|  |TAMS 0x0000000708200000| PB 0x0000000708200000| Untracked 
|  27|0x0000000708400000, 0x0000000708600000, 0x0000000708600000|100%| O|  |TAMS 0x0000000708400000| PB 0x0000000708400000| Untracked 
|  28|0x0000000708600000, 0x0000000708800000, 0x0000000708800000|100%| O|  |TAMS 0x0000000708600000| PB 0x0000000708600000| Untracked 
|  29|0x0000000708800000, 0x0000000708a00000, 0x0000000708a00000|100%| O|  |TAMS 0x0000000708800000| PB 0x0000000708800000| Untracked 
|  30|0x0000000708a00000, 0x0000000708c00000, 0x0000000708c00000|100%| O|  |TAMS 0x0000000708a00000| PB 0x0000000708a00000| Untracked 
|  31|0x0000000708c00000, 0x0000000708e00000, 0x0000000708e00000|100%| O|  |TAMS 0x0000000708c00000| PB 0x0000000708c00000| Untracked 
|  32|0x0000000708e00000, 0x0000000709000000, 0x0000000709000000|100%| O|  |TAMS 0x0000000708e00000| PB 0x0000000708e00000| Untracked 
|  33|0x0000000709000000, 0x0000000709200000, 0x0000000709200000|100%| O|  |TAMS 0x0000000709000000| PB 0x0000000709000000| Untracked 
|  34|0x0000000709200000, 0x0000000709400000, 0x0000000709400000|100%| O|  |TAMS 0x0000000709200000| PB 0x0000000709200000| Untracked 
|  35|0x0000000709400000, 0x0000000709600000, 0x0000000709600000|100%| O|  |TAMS 0x0000000709400000| PB 0x0000000709400000| Untracked 
|  36|0x0000000709600000, 0x0000000709800000, 0x0000000709800000|100%| O|  |TAMS 0x0000000709600000| PB 0x0000000709600000| Untracked 
|  37|0x0000000709800000, 0x0000000709a00000, 0x0000000709a00000|100%| O|  |TAMS 0x0000000709800000| PB 0x0000000709800000| Untracked 
|  38|0x0000000709a00000, 0x0000000709c00000, 0x0000000709c00000|100%| O|  |TAMS 0x0000000709a00000| PB 0x0000000709a00000| Untracked 
|  39|0x0000000709c00000, 0x0000000709e00000, 0x0000000709e00000|100%| O|  |TAMS 0x0000000709c00000| PB 0x0000000709c00000| Untracked 
|  40|0x0000000709e00000, 0x000000070a000000, 0x000000070a000000|100%| O|  |TAMS 0x0000000709e00000| PB 0x0000000709e00000| Untracked 
|  41|0x000000070a000000, 0x000000070a200000, 0x000000070a200000|100%| O|  |TAMS 0x000000070a000000| PB 0x000000070a000000| Untracked 
|  42|0x000000070a200000, 0x000000070a400000, 0x000000070a400000|100%| O|  |TAMS 0x000000070a200000| PB 0x000000070a200000| Untracked 
|  43|0x000000070a400000, 0x000000070a600000, 0x000000070a600000|100%| O|  |TAMS 0x000000070a400000| PB 0x000000070a400000| Untracked 
|  44|0x000000070a600000, 0x000000070a800000, 0x000000070a800000|100%| O|  |TAMS 0x000000070a600000| PB 0x000000070a600000| Untracked 
|  45|0x000000070a800000, 0x000000070aa00000, 0x000000070aa00000|100%| O|  |TAMS 0x000000070a800000| PB 0x000000070a800000| Untracked 
|  46|0x000000070aa00000, 0x000000070ac00000, 0x000000070ac00000|100%| O|  |TAMS 0x000000070aa00000| PB 0x000000070aa00000| Untracked 
|  47|0x000000070ac00000, 0x000000070ae00000, 0x000000070ae00000|100%| O|  |TAMS 0x000000070ac00000| PB 0x000000070ac00000| Untracked 
|  48|0x000000070ae00000, 0x000000070b000000, 0x000000070b000000|100%| O|  |TAMS 0x000000070ae00000| PB 0x000000070ae00000| Untracked 
|  49|0x000000070b000000, 0x000000070b200000, 0x000000070b200000|100%| O|  |TAMS 0x000000070b000000| PB 0x000000070b000000| Untracked 
|  50|0x000000070b200000, 0x000000070b400000, 0x000000070b400000|100%| O|  |TAMS 0x000000070b200000| PB 0x000000070b200000| Untracked 
|  51|0x000000070b400000, 0x000000070b600000, 0x000000070b600000|100%| O|  |TAMS 0x000000070b400000| PB 0x000000070b400000| Untracked 
|  52|0x000000070b600000, 0x000000070b800000, 0x000000070b800000|100%| O|  |TAMS 0x000000070b600000| PB 0x000000070b600000| Untracked 
|  53|0x000000070b800000, 0x000000070ba00000, 0x000000070ba00000|100%| O|  |TAMS 0x000000070b800000| PB 0x000000070b800000| Untracked 
|  54|0x000000070ba00000, 0x000000070bc00000, 0x000000070bc00000|100%| O|  |TAMS 0x000000070ba00000| PB 0x000000070ba00000| Untracked 
|  55|0x000000070bc00000, 0x000000070be00000, 0x000000070be00000|100%| O|  |TAMS 0x000000070bc00000| PB 0x000000070bc00000| Untracked 
|  56|0x000000070be00000, 0x000000070c000000, 0x000000070c000000|100%| O|  |TAMS 0x000000070be00000| PB 0x000000070be00000| Untracked 
|  57|0x000000070c000000, 0x000000070c200000, 0x000000070c200000|100%| O|  |TAMS 0x000000070c000000| PB 0x000000070c000000| Untracked 
|  58|0x000000070c200000, 0x000000070c400000, 0x000000070c400000|100%| O|  |TAMS 0x000000070c200000| PB 0x000000070c200000| Untracked 
|  59|0x000000070c400000, 0x000000070c600000, 0x000000070c600000|100%| O|  |TAMS 0x000000070c400000| PB 0x000000070c400000| Untracked 
|  60|0x000000070c600000, 0x000000070c800000, 0x000000070c800000|100%| O|  |TAMS 0x000000070c600000| PB 0x000000070c600000| Untracked 
|  61|0x000000070c800000, 0x000000070ca00000, 0x000000070ca00000|100%| O|  |TAMS 0x000000070c800000| PB 0x000000070c800000| Untracked 
|  62|0x000000070ca00000, 0x000000070cc00000, 0x000000070cc00000|100%| O|  |TAMS 0x000000070ca00000| PB 0x000000070ca00000| Untracked 
|  63|0x000000070cc00000, 0x000000070ce00000, 0x000000070ce00000|100%| O|  |TAMS 0x000000070cc00000| PB 0x000000070cc00000| Untracked 
|  64|0x000000070ce00000, 0x000000070d000000, 0x000000070d000000|100%| O|  |TAMS 0x000000070ce00000| PB 0x000000070ce00000| Untracked 
|  65|0x000000070d000000, 0x000000070d200000, 0x000000070d200000|100%| O|  |TAMS 0x000000070d000000| PB 0x000000070d000000| Untracked 
|  66|0x000000070d200000, 0x000000070d400000, 0x000000070d400000|100%| O|  |TAMS 0x000000070d200000| PB 0x000000070d200000| Untracked 
|  67|0x000000070d400000, 0x000000070d600000, 0x000000070d600000|100%| O|  |TAMS 0x000000070d400000| PB 0x000000070d400000| Untracked 
|  68|0x000000070d600000, 0x000000070d800000, 0x000000070d800000|100%| O|  |TAMS 0x000000070d600000| PB 0x000000070d600000| Untracked 
|  69|0x000000070d800000, 0x000000070d800000, 0x000000070da00000|  0%| F|  |TAMS 0x000000070d800000| PB 0x000000070d800000| Untracked 
|  70|0x000000070da00000, 0x000000070da00000, 0x000000070dc00000|  0%| F|  |TAMS 0x000000070da00000| PB 0x000000070da00000| Untracked 
|  71|0x000000070dc00000, 0x000000070dc00000, 0x000000070de00000|  0%| F|  |TAMS 0x000000070dc00000| PB 0x000000070dc00000| Untracked 
|  72|0x000000070de00000, 0x000000070de00000, 0x000000070e000000|  0%| F|  |TAMS 0x000000070de00000| PB 0x000000070de00000| Untracked 
|  73|0x000000070e000000, 0x000000070e000000, 0x000000070e200000|  0%| F|  |TAMS 0x000000070e000000| PB 0x000000070e000000| Untracked 
|  74|0x000000070e200000, 0x000000070e200000, 0x000000070e400000|  0%| F|  |TAMS 0x000000070e200000| PB 0x000000070e200000| Untracked 
|  75|0x000000070e400000, 0x000000070e400000, 0x000000070e600000|  0%| F|  |TAMS 0x000000070e400000| PB 0x000000070e400000| Untracked 
|  76|0x000000070e600000, 0x000000070e600000, 0x000000070e800000|  0%| F|  |TAMS 0x000000070e600000| PB 0x000000070e600000| Untracked 
|  77|0x000000070e800000, 0x000000070e800000, 0x000000070ea00000|  0%| F|  |TAMS 0x000000070e800000| PB 0x000000070e800000| Untracked 
|  78|0x000000070ea00000, 0x000000070ea00000, 0x000000070ec00000|  0%| F|  |TAMS 0x000000070ea00000| PB 0x000000070ea00000| Untracked 
|  79|0x000000070ec00000, 0x000000070ec00000, 0x000000070ee00000|  0%| F|  |TAMS 0x000000070ec00000| PB 0x000000070ec00000| Untracked 
|  80|0x000000070ee00000, 0x000000070ee00000, 0x000000070f000000|  0%| F|  |TAMS 0x000000070ee00000| PB 0x000000070ee00000| Untracked 
|  81|0x000000070f000000, 0x000000070f000000, 0x000000070f200000|  0%| F|  |TAMS 0x000000070f000000| PB 0x000000070f000000| Untracked 
|  82|0x000000070f200000, 0x000000070f200000, 0x000000070f400000|  0%| F|  |TAMS 0x000000070f200000| PB 0x000000070f200000| Untracked 
|  83|0x000000070f400000, 0x000000070f400000, 0x000000070f600000|  0%| F|  |TAMS 0x000000070f400000| PB 0x000000070f400000| Untracked 
|  84|0x000000070f600000, 0x000000070f600000, 0x000000070f800000|  0%| F|  |TAMS 0x000000070f600000| PB 0x000000070f600000| Untracked 
|  85|0x000000070f800000, 0x000000070f800000, 0x000000070fa00000|  0%| F|  |TAMS 0x000000070f800000| PB 0x000000070f800000| Untracked 
|  86|0x000000070fa00000, 0x000000070fa00000, 0x000000070fc00000|  0%| F|  |TAMS 0x000000070fa00000| PB 0x000000070fa00000| Untracked 
|  87|0x000000070fc00000, 0x000000070fc00000, 0x000000070fe00000|  0%| F|  |TAMS 0x000000070fc00000| PB 0x000000070fc00000| Untracked 
|  88|0x000000070fe00000, 0x000000070fe00000, 0x0000000710000000|  0%| F|  |TAMS 0x000000070fe00000| PB 0x000000070fe00000| Untracked 
|  89|0x0000000710000000, 0x0000000710000000, 0x0000000710200000|  0%| F|  |TAMS 0x0000000710000000| PB 0x0000000710000000| Untracked 
|  90|0x0000000710200000, 0x0000000710200000, 0x0000000710400000|  0%| F|  |TAMS 0x0000000710200000| PB 0x0000000710200000| Untracked 
|  91|0x0000000710400000, 0x0000000710400000, 0x0000000710600000|  0%| F|  |TAMS 0x0000000710400000| PB 0x0000000710400000| Untracked 
|  92|0x0000000710600000, 0x0000000710600000, 0x0000000710800000|  0%| F|  |TAMS 0x0000000710600000| PB 0x0000000710600000| Untracked 
|  93|0x0000000710800000, 0x0000000710800000, 0x0000000710a00000|  0%| F|  |TAMS 0x0000000710800000| PB 0x0000000710800000| Untracked 
|  94|0x0000000710a00000, 0x0000000710a00000, 0x0000000710c00000|  0%| F|  |TAMS 0x0000000710a00000| PB 0x0000000710a00000| Untracked 
|  95|0x0000000710c00000, 0x0000000710c00000, 0x0000000710e00000|  0%| F|  |TAMS 0x0000000710c00000| PB 0x0000000710c00000| Untracked 
|  96|0x0000000710e00000, 0x0000000710e00000, 0x0000000711000000|  0%| F|  |TAMS 0x0000000710e00000| PB 0x0000000710e00000| Untracked 
|  97|0x0000000711000000, 0x0000000711000000, 0x0000000711200000|  0%| F|  |TAMS 0x0000000711000000| PB 0x0000000711000000| Untracked 
|  98|0x0000000711200000, 0x0000000711200000, 0x0000000711400000|  0%| F|  |TAMS 0x0000000711200000| PB 0x0000000711200000| Untracked 
|  99|0x0000000711400000, 0x0000000711400000, 0x0000000711600000|  0%| F|  |TAMS 0x0000000711400000| PB 0x0000000711400000| Untracked 
| 100|0x0000000711600000, 0x0000000711600000, 0x0000000711800000|  0%| F|  |TAMS 0x0000000711600000| PB 0x0000000711600000| Untracked 
| 101|0x0000000711800000, 0x0000000711800000, 0x0000000711a00000|  0%| F|  |TAMS 0x0000000711800000| PB 0x0000000711800000| Untracked 
| 102|0x0000000711a00000, 0x0000000711a00000, 0x0000000711c00000|  0%| F|  |TAMS 0x0000000711a00000| PB 0x0000000711a00000| Untracked 
| 103|0x0000000711c00000, 0x0000000711c00000, 0x0000000711e00000|  0%| F|  |TAMS 0x0000000711c00000| PB 0x0000000711c00000| Untracked 
| 104|0x0000000711e00000, 0x0000000711e00000, 0x0000000712000000|  0%| F|  |TAMS 0x0000000711e00000| PB 0x0000000711e00000| Untracked 
| 105|0x0000000712000000, 0x0000000712000000, 0x0000000712200000|  0%| F|  |TAMS 0x0000000712000000| PB 0x0000000712000000| Untracked 
| 106|0x0000000712200000, 0x0000000712200000, 0x0000000712400000|  0%| F|  |TAMS 0x0000000712200000| PB 0x0000000712200000| Untracked 
| 107|0x0000000712400000, 0x0000000712400000, 0x0000000712600000|  0%| F|  |TAMS 0x0000000712400000| PB 0x0000000712400000| Untracked 
| 108|0x0000000712600000, 0x0000000712600000, 0x0000000712800000|  0%| F|  |TAMS 0x0000000712600000| PB 0x0000000712600000| Untracked 
| 109|0x0000000712800000, 0x0000000712800000, 0x0000000712a00000|  0%| F|  |TAMS 0x0000000712800000| PB 0x0000000712800000| Untracked 
| 110|0x0000000712a00000, 0x0000000712a00000, 0x0000000712c00000|  0%| F|  |TAMS 0x0000000712a00000| PB 0x0000000712a00000| Untracked 
| 111|0x0000000712c00000, 0x0000000712c00000, 0x0000000712e00000|  0%| F|  |TAMS 0x0000000712c00000| PB 0x0000000712c00000| Untracked 
| 112|0x0000000712e00000, 0x0000000712e00000, 0x0000000713000000|  0%| F|  |TAMS 0x0000000712e00000| PB 0x0000000712e00000| Untracked 
| 113|0x0000000713000000, 0x0000000713000000, 0x0000000713200000|  0%| F|  |TAMS 0x0000000713000000| PB 0x0000000713000000| Untracked 
| 114|0x0000000713200000, 0x0000000713200000, 0x0000000713400000|  0%| F|  |TAMS 0x0000000713200000| PB 0x0000000713200000| Untracked 
| 115|0x0000000713400000, 0x0000000713400000, 0x0000000713600000|  0%| F|  |TAMS 0x0000000713400000| PB 0x0000000713400000| Untracked 
| 116|0x0000000713600000, 0x0000000713600000, 0x0000000713800000|  0%| F|  |TAMS 0x0000000713600000| PB 0x0000000713600000| Untracked 
| 117|0x0000000713800000, 0x0000000713800000, 0x0000000713a00000|  0%| F|  |TAMS 0x0000000713800000| PB 0x0000000713800000| Untracked 
| 118|0x0000000713a00000, 0x0000000713a00000, 0x0000000713c00000|  0%| F|  |TAMS 0x0000000713a00000| PB 0x0000000713a00000| Untracked 
| 119|0x0000000713c00000, 0x0000000713c00000, 0x0000000713e00000|  0%| F|  |TAMS 0x0000000713c00000| PB 0x0000000713c00000| Untracked 
| 120|0x0000000713e00000, 0x0000000713e00000, 0x0000000714000000|  0%| F|  |TAMS 0x0000000713e00000| PB 0x0000000713e00000| Untracked 
| 121|0x0000000714000000, 0x0000000714000000, 0x0000000714200000|  0%| F|  |TAMS 0x0000000714000000| PB 0x0000000714000000| Untracked 
| 122|0x0000000714200000, 0x0000000714200000, 0x0000000714400000|  0%| F|  |TAMS 0x0000000714200000| PB 0x0000000714200000| Untracked 
| 123|0x0000000714400000, 0x00000007145eb4f0, 0x0000000714600000| 95%| S|CS|TAMS 0x0000000714400000| PB 0x0000000714400000| Complete 
| 124|0x0000000714600000, 0x0000000714800000, 0x0000000714800000|100%| S|CS|TAMS 0x0000000714600000| PB 0x0000000714600000| Complete 
| 125|0x0000000714800000, 0x0000000714a00000, 0x0000000714a00000|100%| S|CS|TAMS 0x0000000714800000| PB 0x0000000714800000| Complete 
| 126|0x0000000714a00000, 0x0000000714c00000, 0x0000000714c00000|100%| S|CS|TAMS 0x0000000714a00000| PB 0x0000000714a00000| Complete 
| 127|0x0000000714c00000, 0x0000000714e00000, 0x0000000714e00000|100%| S|CS|TAMS 0x0000000714c00000| PB 0x0000000714c00000| Complete 
| 128|0x0000000714e00000, 0x0000000715000000, 0x0000000715000000|100%| S|CS|TAMS 0x0000000714e00000| PB 0x0000000714e00000| Complete 
| 129|0x0000000715000000, 0x0000000715000000, 0x0000000715200000|  0%| F|  |TAMS 0x0000000715000000| PB 0x0000000715000000| Untracked 
| 130|0x0000000715200000, 0x0000000715200000, 0x0000000715400000|  0%| F|  |TAMS 0x0000000715200000| PB 0x0000000715200000| Untracked 
| 131|0x0000000715400000, 0x0000000715400000, 0x0000000715600000|  0%| F|  |TAMS 0x0000000715400000| PB 0x0000000715400000| Untracked 
| 132|0x0000000715600000, 0x0000000715600000, 0x0000000715800000|  0%| F|  |TAMS 0x0000000715600000| PB 0x0000000715600000| Untracked 
| 133|0x0000000715800000, 0x0000000715800000, 0x0000000715a00000|  0%| F|  |TAMS 0x0000000715800000| PB 0x0000000715800000| Untracked 
| 134|0x0000000715a00000, 0x0000000715a00000, 0x0000000715c00000|  0%| F|  |TAMS 0x0000000715a00000| PB 0x0000000715a00000| Untracked 
| 135|0x0000000715c00000, 0x0000000715c00000, 0x0000000715e00000|  0%| F|  |TAMS 0x0000000715c00000| PB 0x0000000715c00000| Untracked 
| 136|0x0000000715e00000, 0x0000000715e00000, 0x0000000716000000|  0%| F|  |TAMS 0x0000000715e00000| PB 0x0000000715e00000| Untracked 
| 137|0x0000000716000000, 0x0000000716000000, 0x0000000716200000|  0%| F|  |TAMS 0x0000000716000000| PB 0x0000000716000000| Untracked 
| 138|0x0000000716200000, 0x0000000716200000, 0x0000000716400000|  0%| F|  |TAMS 0x0000000716200000| PB 0x0000000716200000| Untracked 
| 139|0x0000000716400000, 0x0000000716400000, 0x0000000716600000|  0%| F|  |TAMS 0x0000000716400000| PB 0x0000000716400000| Untracked 
| 140|0x0000000716600000, 0x0000000716600000, 0x0000000716800000|  0%| F|  |TAMS 0x0000000716600000| PB 0x0000000716600000| Untracked 
| 141|0x0000000716800000, 0x0000000716800000, 0x0000000716a00000|  0%| F|  |TAMS 0x0000000716800000| PB 0x0000000716800000| Untracked 
| 142|0x0000000716a00000, 0x0000000716a00000, 0x0000000716c00000|  0%| F|  |TAMS 0x0000000716a00000| PB 0x0000000716a00000| Untracked 
| 143|0x0000000716c00000, 0x0000000716c00000, 0x0000000716e00000|  0%| F|  |TAMS 0x0000000716c00000| PB 0x0000000716c00000| Untracked 
| 144|0x0000000716e00000, 0x0000000716e00000, 0x0000000717000000|  0%| F|  |TAMS 0x0000000716e00000| PB 0x0000000716e00000| Untracked 
| 145|0x0000000717000000, 0x0000000717000000, 0x0000000717200000|  0%| F|  |TAMS 0x0000000717000000| PB 0x0000000717000000| Untracked 
| 146|0x0000000717200000, 0x0000000717200000, 0x0000000717400000|  0%| F|  |TAMS 0x0000000717200000| PB 0x0000000717200000| Untracked 
| 147|0x0000000717400000, 0x000000071749c6a0, 0x0000000717600000| 30%| E|  |TAMS 0x0000000717400000| PB 0x0000000717400000| Complete 
| 148|0x0000000717600000, 0x0000000717800000, 0x0000000717800000|100%| E|CS|TAMS 0x0000000717600000| PB 0x0000000717600000| Complete 
| 149|0x0000000717800000, 0x0000000717a00000, 0x0000000717a00000|100%| E|CS|TAMS 0x0000000717800000| PB 0x0000000717800000| Complete 
| 150|0x0000000717a00000, 0x0000000717c00000, 0x0000000717c00000|100%| E|CS|TAMS 0x0000000717a00000| PB 0x0000000717a00000| Complete 
| 151|0x0000000717c00000, 0x0000000717e00000, 0x0000000717e00000|100%| E|CS|TAMS 0x0000000717c00000| PB 0x0000000717c00000| Complete 
| 152|0x0000000717e00000, 0x0000000718000000, 0x0000000718000000|100%| E|CS|TAMS 0x0000000717e00000| PB 0x0000000717e00000| Complete 
| 153|0x0000000718000000, 0x0000000718200000, 0x0000000718200000|100%| E|CS|TAMS 0x0000000718000000| PB 0x0000000718000000| Complete 
| 154|0x0000000718200000, 0x0000000718400000, 0x0000000718400000|100%| E|CS|TAMS 0x0000000718200000| PB 0x0000000718200000| Complete 
| 155|0x0000000718400000, 0x0000000718600000, 0x0000000718600000|100%| E|CS|TAMS 0x0000000718400000| PB 0x0000000718400000| Complete 
| 156|0x0000000718600000, 0x0000000718800000, 0x0000000718800000|100%| E|CS|TAMS 0x0000000718600000| PB 0x0000000718600000| Complete 
| 157|0x0000000718800000, 0x0000000718a00000, 0x0000000718a00000|100%| E|CS|TAMS 0x0000000718800000| PB 0x0000000718800000| Complete 
| 158|0x0000000718a00000, 0x0000000718c00000, 0x0000000718c00000|100%| E|CS|TAMS 0x0000000718a00000| PB 0x0000000718a00000| Complete 
| 159|0x0000000718c00000, 0x0000000718e00000, 0x0000000718e00000|100%| E|CS|TAMS 0x0000000718c00000| PB 0x0000000718c00000| Complete 
| 160|0x0000000718e00000, 0x0000000719000000, 0x0000000719000000|100%| E|CS|TAMS 0x0000000718e00000| PB 0x0000000718e00000| Complete 
| 161|0x0000000719000000, 0x0000000719200000, 0x0000000719200000|100%| E|CS|TAMS 0x0000000719000000| PB 0x0000000719000000| Complete 
| 162|0x0000000719200000, 0x0000000719400000, 0x0000000719400000|100%| E|CS|TAMS 0x0000000719200000| PB 0x0000000719200000| Complete 
| 163|0x0000000719400000, 0x0000000719600000, 0x0000000719600000|100%| E|CS|TAMS 0x0000000719400000| PB 0x0000000719400000| Complete 
| 164|0x0000000719600000, 0x0000000719800000, 0x0000000719800000|100%| E|CS|TAMS 0x0000000719600000| PB 0x0000000719600000| Complete 
| 165|0x0000000719800000, 0x0000000719a00000, 0x0000000719a00000|100%| E|CS|TAMS 0x0000000719800000| PB 0x0000000719800000| Complete 
| 166|0x0000000719a00000, 0x0000000719c00000, 0x0000000719c00000|100%| E|CS|TAMS 0x0000000719a00000| PB 0x0000000719a00000| Complete 
| 167|0x0000000719c00000, 0x0000000719e00000, 0x0000000719e00000|100%| E|CS|TAMS 0x0000000719c00000| PB 0x0000000719c00000| Complete 
| 168|0x0000000719e00000, 0x000000071a000000, 0x000000071a000000|100%| E|CS|TAMS 0x0000000719e00000| PB 0x0000000719e00000| Complete 
| 169|0x000000071a000000, 0x000000071a200000, 0x000000071a200000|100%| E|CS|TAMS 0x000000071a000000| PB 0x000000071a000000| Complete 
| 170|0x000000071a200000, 0x000000071a400000, 0x000000071a400000|100%| E|CS|TAMS 0x000000071a200000| PB 0x000000071a200000| Complete 
| 171|0x000000071a400000, 0x000000071a600000, 0x000000071a600000|100%| E|CS|TAMS 0x000000071a400000| PB 0x000000071a400000| Complete 
| 172|0x000000071a600000, 0x000000071a800000, 0x000000071a800000|100%| E|CS|TAMS 0x000000071a600000| PB 0x000000071a600000| Complete 
| 173|0x000000071a800000, 0x000000071aa00000, 0x000000071aa00000|100%| E|CS|TAMS 0x000000071a800000| PB 0x000000071a800000| Complete 
| 174|0x000000071aa00000, 0x000000071ac00000, 0x000000071ac00000|100%| E|CS|TAMS 0x000000071aa00000| PB 0x000000071aa00000| Complete 
| 175|0x000000071ac00000, 0x000000071ae00000, 0x000000071ae00000|100%| E|CS|TAMS 0x000000071ac00000| PB 0x000000071ac00000| Complete 
| 176|0x000000071ae00000, 0x000000071b000000, 0x000000071b000000|100%| E|CS|TAMS 0x000000071ae00000| PB 0x000000071ae00000| Complete 
| 177|0x000000071b000000, 0x000000071b200000, 0x000000071b200000|100%| E|CS|TAMS 0x000000071b000000| PB 0x000000071b000000| Complete 
| 178|0x000000071b200000, 0x000000071b400000, 0x000000071b400000|100%| E|CS|TAMS 0x000000071b200000| PB 0x000000071b200000| Complete 
| 179|0x000000071b400000, 0x000000071b600000, 0x000000071b600000|100%| E|CS|TAMS 0x000000071b400000| PB 0x000000071b400000| Complete 
| 180|0x000000071b600000, 0x000000071b800000, 0x000000071b800000|100%| E|CS|TAMS 0x000000071b600000| PB 0x000000071b600000| Complete 
| 181|0x000000071b800000, 0x000000071ba00000, 0x000000071ba00000|100%| E|CS|TAMS 0x000000071b800000| PB 0x000000071b800000| Complete 
| 182|0x000000071ba00000, 0x000000071bc00000, 0x000000071bc00000|100%| E|CS|TAMS 0x000000071ba00000| PB 0x000000071ba00000| Complete 
| 183|0x000000071bc00000, 0x000000071be00000, 0x000000071be00000|100%| E|CS|TAMS 0x000000071bc00000| PB 0x000000071bc00000| Complete 
| 184|0x000000071be00000, 0x000000071c000000, 0x000000071c000000|100%| E|CS|TAMS 0x000000071be00000| PB 0x000000071be00000| Complete 
| 185|0x000000071c000000, 0x000000071c200000, 0x000000071c200000|100%| E|CS|TAMS 0x000000071c000000| PB 0x000000071c000000| Complete 
|1991|0x00000007fdc00000, 0x00000007fde00000, 0x00000007fde00000|100%| O|  |TAMS 0x00000007fdc00000| PB 0x00000007fdc00000| Untracked 
|1992|0x00000007fde00000, 0x00000007fe000000, 0x00000007fe000000|100%| O|  |TAMS 0x00000007fde00000| PB 0x00000007fde00000| Untracked 
|1993|0x00000007fe000000, 0x00000007fe200000, 0x00000007fe200000|100%| O|  |TAMS 0x00000007fe000000| PB 0x00000007fe000000| Untracked 
|1994|0x00000007fe200000, 0x00000007fe400000, 0x00000007fe400000|100%| O|  |TAMS 0x00000007fe200000| PB 0x00000007fe200000| Untracked 
|1995|0x00000007fe400000, 0x00000007fe600000, 0x00000007fe600000|100%| O|  |TAMS 0x00000007fe400000| PB 0x00000007fe400000| Untracked 
|1996|0x00000007fe600000, 0x00000007fe800000, 0x00000007fe800000|100%| O|  |TAMS 0x00000007fe600000| PB 0x00000007fe600000| Untracked 
|1997|0x00000007fe800000, 0x00000007fea00000, 0x00000007fea00000|100%| O|  |TAMS 0x00000007fe800000| PB 0x00000007fe800000| Untracked 
|1998|0x00000007fea00000, 0x00000007fec00000, 0x00000007fec00000|100%| O|  |TAMS 0x00000007fea00000| PB 0x00000007fea00000| Untracked 
|1999|0x00000007fec00000, 0x00000007fee00000, 0x00000007fee00000|100%| O|  |TAMS 0x00000007fec00000| PB 0x00000007fec00000| Untracked 
|2000|0x00000007fee00000, 0x00000007ff000000, 0x00000007ff000000|100%| O|  |TAMS 0x00000007fee00000| PB 0x00000007fee00000| Untracked 
|2001|0x00000007ff000000, 0x00000007ff200000, 0x00000007ff200000|100%| O|  |TAMS 0x00000007ff000000| PB 0x00000007ff000000| Untracked 
|2002|0x00000007ff200000, 0x00000007ff400000, 0x00000007ff400000|100%| O|  |TAMS 0x00000007ff200000| PB 0x00000007ff200000| Untracked 
|2003|0x00000007ff400000, 0x00000007ff600000, 0x00000007ff600000|100%| E|CS|TAMS 0x00000007ff400000| PB 0x00000007ff400000| Complete 
|2004|0x00000007ff600000, 0x00000007ff800000, 0x00000007ff800000|100%| O|  |TAMS 0x00000007ff600000| PB 0x00000007ff600000| Untracked 
|2005|0x00000007ff800000, 0x00000007ffa00000, 0x00000007ffa00000|100%| O|  |TAMS 0x00000007ff800000| PB 0x00000007ff800000| Untracked 
|2006|0x00000007ffa00000, 0x00000007ffc00000, 0x00000007ffc00000|100%| O|  |TAMS 0x00000007ffa00000| PB 0x00000007ffa00000| Untracked 
|2007|0x00000007ffc00000, 0x00000007ffe00000, 0x00000007ffe00000|100%| O|  |TAMS 0x00000007ffc00000| PB 0x00000007ffc00000| Untracked 
|2008|0x00000007ffe00000, 0x0000000800000000, 0x0000000800000000|100%| O|  |TAMS 0x00000007ffe00000| PB 0x00000007ffe00000| Untracked 

Card table byte_map: [0x000002422d890000,0x000002422e070000] _byte_map_base: 0x000002422a069000

Marking Bits: (CMBitMap*) 0x00000242217055e0
 Bits: [0x000002422e070000, 0x0000024231f38000)

Polling page: 0x000002421f5f0000

Metaspace:

Usage:
  Non-class:     59.50 MB used.
      Class:     10.06 MB used.
       Both:     69.56 MB used.

Virtual space:
  Non-class space:       64.00 MB reserved,      59.88 MB ( 94%) committed,  1 nodes.
      Class space:        1.00 GB reserved,      10.44 MB (  1%) committed,  1 nodes.
             Both:        1.06 GB reserved,      70.31 MB (  6%) committed. 

Chunk freelists:
   Non-Class:  3.42 MB
       Class:  5.61 MB
        Both:  9.03 MB

MaxMetaspaceSize: unlimited
CompressedClassSpaceSize: 1.00 GB
Initial GC threshold: 21.00 MB
Current GC threshold: 104.00 MB
CDS: on
 - commit_granule_bytes: 65536.
 - commit_granule_words: 8192.
 - virtual_space_node_default_size: 8388608.
 - enlarge_chunks_in_place: 1.
 - use_allocation_guard: 0.


Internal statistics:

num_allocs_failed_limit: 6.
num_arena_births: 1160.
num_arena_deaths: 0.
num_vsnodes_births: 2.
num_vsnodes_deaths: 0.
num_space_committed: 1125.
num_space_uncommitted: 0.
num_chunks_returned_to_freelist: 6.
num_chunks_taken_from_freelist: 3872.
num_chunk_merges: 6.
num_chunk_splits: 2794.
num_chunks_enlarged: 2139.
num_inconsistent_stats: 0.

CodeCache: size=49152Kb used=15188Kb max_used=16701Kb free=33963Kb
 bounds [0x0000024229d80000, 0x000002422ae20000, 0x000002422cd80000]
 total_blobs=9421 nmethods=8712 adapters=632
 compilation: enabled
              stopped_count=0, restarted_count=0
 full_count=0

Compilation events (20 events):
Event: 216.481 Thread 0x0000024234a55cd0 8799       1       java.lang.Long::compare (22 bytes)
Event: 216.482 Thread 0x0000024234a55cd0 nmethod 8799 0x000002422a0d7090 code [0x000002422a0d7240, 0x000002422a0d7370]
Event: 226.483 Thread 0x0000024234a55cd0 8800       1       org.apache.catalina.webresources.Cache$$Lambda/0x0000024236a3e908::applyAsLong (8 bytes)
Event: 226.484 Thread 0x0000024234a55cd0 nmethod 8800 0x000002422a0d6d10 code [0x000002422a0d6ea0, 0x000002422a0d6fb0]
Event: 256.485 Thread 0x0000024234a55cd0 8801       1       org.apache.catalina.util.LifecycleBase::fireLifecycleEvent (56 bytes)
Event: 256.485 Thread 0x0000024234a55cd0 nmethod 8801 0x000002422a0d5690 code [0x000002422a0d5880, 0x000002422a0d5c18]
Event: 256.485 Thread 0x0000024234a55cd0 8802       1       org.apache.catalina.LifecycleEvent::<init> (16 bytes)
Event: 256.485 Thread 0x0000024234a55cd0 nmethod 8802 0x000002422a0d5190 code [0x000002422a0d5340, 0x000002422a0d55e0]
Event: 257.428 Thread 0x0000024234a55cd0 8808 %     1       java.util.Properties$LineReader::readLine @ 293 (584 bytes)
Event: 257.429 Thread 0x0000024234a55cd0 nmethod 8808% 0x000002422a0d0990 code [0x000002422a0d0c40, 0x000002422a0d2030]
Event: 257.434 Thread 0x0000024234a55cd0 8809       1       org.springframework.core.annotation.AnnotationAwareOrderComparator::findOrder (18 bytes)
Event: 257.434 Thread 0x0000024234a55cd0 nmethod 8809 0x000002422a0d0490 code [0x000002422a0d0660, 0x000002422a0d08b0]
Event: 257.434 Thread 0x0000024234a55cd0 8810       1       org.springframework.core.OrderComparator::getOrder (111 bytes)
Event: 257.434 Thread 0x0000024234a55cd0 nmethod 8810 0x000002422a0cfd90 code [0x000002422a0cffa0, 0x000002422a0d02a8]
Event: 257.434 Thread 0x0000024234a55cd0 8812       1       ch.qos.logback.core.pattern.CompositeConverter::convert (43 bytes)
Event: 257.434 Thread 0x0000024234a55cd0 nmethod 8812 0x000002422a0cf790 code [0x000002422a0cf960, 0x000002422a0cfc10]
Event: 257.434 Thread 0x0000024234a55cd0 8811       1       ch.qos.logback.core.pattern.DynamicConverter::getFirstOption (35 bytes)
Event: 257.434 Thread 0x0000024234a55cd0 nmethod 8811 0x000002422a0cf310 code [0x000002422a0cf4e0, 0x000002422a0cf698]
Event: 257.435 Thread 0x0000024234a55cd0 8813       1       java.util.logging.LogManager$LoggerContext::getGlobalLogger (6 bytes)
Event: 257.435 Thread 0x0000024234a55cd0 nmethod 8813 0x000002422a0cf010 code [0x000002422a0cf1a0, 0x000002422a0cf270]

GC Heap History (20 events):
Event: 7.099 GC heap before
{Heap before GC invocations=16 (full 0):
 garbage-first heap   total 98304K, used 73789K [0x0000000704e00000, 0x0000000800000000)
  region size 2048K, 13 young (26624K), 1 survivors (2048K)
 Metaspace       used 59647K, committed 60288K, reserved 1114112K
  class space    used 8538K, committed 8832K, reserved 1048576K
}
Event: 7.103 GC heap after
{Heap after GC invocations=17 (full 0):
 garbage-first heap   total 98304K, used 55231K [0x0000000704e00000, 0x0000000800000000)
  region size 2048K, 2 young (4096K), 2 survivors (4096K)
 Metaspace       used 59647K, committed 60288K, reserved 1114112K
  class space    used 8538K, committed 8832K, reserved 1048576K
}
Event: 7.383 GC heap before
{Heap before GC invocations=17 (full 0):
 garbage-first heap   total 98304K, used 75711K [0x0000000704e00000, 0x0000000800000000)
  region size 2048K, 13 young (26624K), 2 survivors (4096K)
 Metaspace       used 61288K, committed 61952K, reserved 1114112K
  class space    used 8915K, committed 9216K, reserved 1048576K
}
Event: 7.387 GC heap after
{Heap after GC invocations=18 (full 0):
 garbage-first heap   total 98304K, used 58619K [0x0000000704e00000, 0x0000000800000000)
  region size 2048K, 2 young (4096K), 2 survivors (4096K)
 Metaspace       used 61288K, committed 61952K, reserved 1114112K
  class space    used 8915K, committed 9216K, reserved 1048576K
}
Event: 7.434 GC heap before
{Heap before GC invocations=18 (full 0):
 garbage-first heap   total 98304K, used 79099K [0x0000000704e00000, 0x0000000800000000)
  region size 2048K, 12 young (24576K), 2 survivors (4096K)
 Metaspace       used 61290K, committed 61952K, reserved 1114112K
  class space    used 8915K, committed 9216K, reserved 1048576K
}
Event: 7.441 GC heap after
{Heap after GC invocations=19 (full 0):
 garbage-first heap   total 98304K, used 65350K [0x0000000704e00000, 0x0000000800000000)
  region size 2048K, 2 young (4096K), 2 survivors (4096K)
 Metaspace       used 61290K, committed 61952K, reserved 1114112K
  class space    used 8915K, committed 9216K, reserved 1048576K
}
Event: 7.487 GC heap before
{Heap before GC invocations=20 (full 0):
 garbage-first heap   total 110592K, used 81734K [0x0000000704e00000, 0x0000000800000000)
  region size 2048K, 10 young (20480K), 2 survivors (4096K)
 Metaspace       used 61296K, committed 61952K, reserved 1114112K
  class space    used 8915K, committed 9216K, reserved 1048576K
}
Event: 7.491 GC heap after
{Heap after GC invocations=21 (full 0):
 garbage-first heap   total 139264K, used 69021K [0x0000000704e00000, 0x0000000800000000)
  region size 2048K, 2 young (4096K), 2 survivors (4096K)
 Metaspace       used 61296K, committed 61952K, reserved 1114112K
  class space    used 8915K, committed 9216K, reserved 1048576K
}
Event: 7.616 GC heap before
{Heap before GC invocations=21 (full 0):
 garbage-first heap   total 139264K, used 109981K [0x0000000704e00000, 0x0000000800000000)
  region size 2048K, 22 young (45056K), 2 survivors (4096K)
 Metaspace       used 61297K, committed 61952K, reserved 1114112K
  class space    used 8915K, committed 9216K, reserved 1048576K
}
Event: 7.618 GC heap after
{Heap after GC invocations=22 (full 0):
 garbage-first heap   total 139264K, used 67315K [0x0000000704e00000, 0x0000000800000000)
  region size 2048K, 1 young (2048K), 1 survivors (2048K)
 Metaspace       used 61297K, committed 61952K, reserved 1114112K
  class space    used 8915K, committed 9216K, reserved 1048576K
}
Event: 7.887 GC heap before
{Heap before GC invocations=22 (full 0):
 garbage-first heap   total 139264K, used 112371K [0x0000000704e00000, 0x0000000800000000)
  region size 2048K, 23 young (47104K), 1 survivors (2048K)
 Metaspace       used 63227K, committed 63872K, reserved 1114112K
  class space    used 9164K, committed 9472K, reserved 1048576K
}
Event: 7.891 GC heap after
{Heap after GC invocations=23 (full 0):
 garbage-first heap   total 139264K, used 72966K [0x0000000704e00000, 0x0000000800000000)
  region size 2048K, 3 young (6144K), 3 survivors (6144K)
 Metaspace       used 63227K, committed 63872K, reserved 1114112K
  class space    used 9164K, committed 9472K, reserved 1048576K
}
Event: 8.069 GC heap before
{Heap before GC invocations=24 (full 0):
 garbage-first heap   total 139264K, used 115974K [0x0000000704e00000, 0x0000000800000000)
  region size 2048K, 24 young (49152K), 3 survivors (6144K)
 Metaspace       used 63297K, committed 63936K, reserved 1114112K
  class space    used 9178K, committed 9472K, reserved 1048576K
}
Event: 8.089 GC heap after
{Heap after GC invocations=25 (full 0):
 garbage-first heap   total 163840K, used 114623K [0x0000000704e00000, 0x0000000800000000)
  region size 2048K, 3 young (6144K), 3 survivors (6144K)
 Metaspace       used 63297K, committed 63936K, reserved 1114112K
  class space    used 9178K, committed 9472K, reserved 1048576K
}
Event: 8.201 GC heap before
{Heap before GC invocations=25 (full 0):
 garbage-first heap   total 163840K, used 133055K [0x0000000704e00000, 0x0000000800000000)
  region size 2048K, 12 young (24576K), 3 survivors (6144K)
 Metaspace       used 63470K, committed 64192K, reserved 1114112K
  class space    used 9198K, committed 9536K, reserved 1048576K
}
Event: 8.208 GC heap after
{Heap after GC invocations=26 (full 0):
 garbage-first heap   total 417792K, used 114623K [0x0000000704e00000, 0x0000000800000000)
  region size 2048K, 2 young (4096K), 2 survivors (4096K)
 Metaspace       used 63470K, committed 64192K, reserved 1114112K
  class space    used 9198K, committed 9536K, reserved 1048576K
}
Event: 9.517 GC heap before
{Heap before GC invocations=26 (full 0):
 garbage-first heap   total 417792K, used 247743K [0x0000000704e00000, 0x0000000800000000)
  region size 2048K, 67 young (137216K), 2 survivors (4096K)
 Metaspace       used 69887K, committed 70656K, reserved 1114112K
  class space    used 10124K, committed 10496K, reserved 1048576K
}
Event: 9.549 GC heap after
{Heap after GC invocations=27 (full 0):
 garbage-first heap   total 417792K, used 172681K [0x0000000704e00000, 0x0000000800000000)
  region size 2048K, 9 young (18432K), 9 survivors (18432K)
 Metaspace       used 69887K, committed 70656K, reserved 1114112K
  class space    used 10124K, committed 10496K, reserved 1048576K
}
Event: 11.614 GC heap before
{Heap before GC invocations=27 (full 0):
 garbage-first heap   total 417792K, used 291465K [0x0000000704e00000, 0x0000000800000000)
  region size 2048K, 67 young (137216K), 9 survivors (18432K)
 Metaspace       used 69908K, committed 70656K, reserved 1114112K
  class space    used 10128K, committed 10496K, reserved 1048576K
}
Event: 11.627 GC heap after
{Heap after GC invocations=28 (full 0):
 garbage-first heap   total 417792K, used 188269K [0x0000000704e00000, 0x0000000800000000)
  region size 2048K, 6 young (12288K), 6 survivors (12288K)
 Metaspace       used 69908K, committed 70656K, reserved 1114112K
  class space    used 10128K, committed 10496K, reserved 1048576K
}

Dll operation events (10 events):
Event: 0.008 Loaded shared library C:\Users\DELL\.gradle\jdks\eclipse_adoptium-21-amd64-windows.2\bin\java.dll
Event: 0.077 Loaded shared library C:\Users\DELL\.gradle\jdks\eclipse_adoptium-21-amd64-windows.2\bin\net.dll
Event: 0.079 Loaded shared library C:\Users\DELL\.gradle\jdks\eclipse_adoptium-21-amd64-windows.2\bin\nio.dll
Event: 0.081 Loaded shared library C:\Users\DELL\.gradle\jdks\eclipse_adoptium-21-amd64-windows.2\bin\zip.dll
Event: 0.179 Loaded shared library C:\Users\DELL\.gradle\jdks\eclipse_adoptium-21-amd64-windows.2\bin\jimage.dll
Event: 1.073 Loaded shared library C:\Users\DELL\.gradle\jdks\eclipse_adoptium-21-amd64-windows.2\bin\sunmscapi.dll
Event: 2.521 Loaded shared library C:\Users\DELL\.gradle\jdks\eclipse_adoptium-21-amd64-windows.2\bin\management.dll
Event: 2.524 Loaded shared library C:\Users\DELL\.gradle\jdks\eclipse_adoptium-21-amd64-windows.2\bin\management_ext.dll
Event: 3.110 Loaded shared library C:\Users\DELL\.gradle\jdks\eclipse_adoptium-21-amd64-windows.2\bin\verify.dll
Event: 3.617 Loaded shared library C:\Users\DELL\.gradle\jdks\eclipse_adoptium-21-amd64-windows.2\bin\extnet.dll

Deoptimization events (2 events):
Event: 2.117 Thread 0x000002422169b970 DEOPT PACKING pc=0x000002422a4f800c sp=0x0000007112bfc100
Event: 2.117 Thread 0x000002422169b970 DEOPT UNPACKING pc=0x0000024229dd4e42 sp=0x0000007112bfb5b8 mode 0

Classes loaded (20 events):
Event: 257.396 Loading class sun/nio/cs/ThreadLocalCoders
Event: 257.396 Loading class sun/nio/cs/ThreadLocalCoders done
Event: 257.396 Loading class sun/nio/cs/ThreadLocalCoders$1
Event: 257.397 Loading class sun/nio/cs/ThreadLocalCoders$Cache
Event: 257.397 Loading class sun/nio/cs/ThreadLocalCoders$Cache done
Event: 257.397 Loading class sun/nio/cs/ThreadLocalCoders$1 done
Event: 257.397 Loading class sun/nio/cs/ThreadLocalCoders$2
Event: 257.397 Loading class sun/nio/cs/ThreadLocalCoders$2 done
Event: 258.460 Loading class java/nio/StringCharBuffer
Event: 258.460 Loading class java/nio/StringCharBuffer done
Event: 258.462 Loading class java/io/SequenceInputStream
Event: 258.462 Loading class java/io/SequenceInputStream done
Event: 258.463 Loading class javax/crypto/spec/PSource
Event: 258.463 Loading class javax/crypto/spec/PSource done
Event: 258.463 Loading class javax/crypto/spec/PSource$PSpecified
Event: 258.463 Loading class javax/crypto/spec/PSource$PSpecified done
Event: 258.463 Loading class javax/crypto/spec/OAEPParameterSpec
Event: 258.463 Loading class javax/crypto/spec/OAEPParameterSpec done
Event: 258.463 Loading class java/security/spec/MGF1ParameterSpec
Event: 258.464 Loading class java/security/spec/MGF1ParameterSpec done

Classes unloaded (0 events):
No events

Classes redefined (0 events):
No events

Internal exceptions (20 events):
Event: 6.682 Thread 0x000002422169b970 Exception <a 'java/lang/NoSuchMethodError'{0x0000000707805658}: 'int java.lang.invoke.DirectMethodHandle$Holder.invokeStaticInit(java.lang.Object, int, java.lang.Object, java.lang.Object, java.lang.Object, java.lang.Object)'> (0x0000000707805658) 
thrown [s\src\hotspot\share\interpreter\linkResolver.cpp, line 773]
Event: 8.408 Thread 0x000002422169b970 Exception <a 'java/lang/NoSuchMethodError'{0x000000071a5bcee0}: 'double java.lang.invoke.DelegatingMethodHandle$Holder.reinvoke_L(java.lang.Object, java.lang.Object)'> (0x000000071a5bcee0) 
thrown [s\src\hotspot\share\interpreter\linkResolver.cpp, line 773]
Event: 8.408 Thread 0x000002422169b970 Exception <a 'java/lang/NoSuchMethodError'{0x000000071a5c72b8}: 'void java.lang.invoke.DelegatingMethodHandle$Holder.reinvoke_L(java.lang.Object, java.lang.Object, double)'> (0x000000071a5c72b8) 
thrown [s\src\hotspot\share\interpreter\linkResolver.cpp, line 773]
Event: 8.478 Thread 0x000002422169b970 Exception <a 'java/lang/NoSuchMethodError'{0x0000000719c251a0}: 'java.lang.Object java.lang.invoke.DirectMethodHandle$Holder.newInvokeSpecial(java.lang.Object, java.lang.Object, java.lang.Object, java.lang.Object, java.lang.Object, java.lang.Object, java.lang.Object, java.lang.Object)'> (0x0000000719c251a0) 
thrown [s\src\hotspot\share\interpreter\linkResolver.cpp, line 773]
Event: 8.689 Thread 0x000002422169b970 Exception <a 'java/lang/IncompatibleClassChangeError'{0x00000007190f2180}: Found class java.lang.Object, but interface was expected> (0x00000007190f2180) 
thrown [s\src\hotspot\share\interpreter\linkResolver.cpp, line 840]
Event: 8.777 Thread 0x000002422169b970 Exception <a 'java/lang/NoSuchMethodError'{0x0000000718d14178}: 'int java.lang.invoke.DirectMethodHandle$Holder.invokeStaticInit(java.lang.Object, java.lang.Object, java.lang.Object, java.lang.Object)'> (0x0000000718d14178) 
thrown [s\src\hotspot\share\interpreter\linkResolver.cpp, line 773]
Event: 8.818 Thread 0x000002422169b970 Exception <a 'java/lang/IncompatibleClassChangeError'{0x0000000718aed2c0}: Found class java.lang.Object, but interface was expected> (0x0000000718aed2c0) 
thrown [s\src\hotspot\share\interpreter\linkResolver.cpp, line 840]
Event: 8.864 Thread 0x000002422169b970 Exception <a 'java/lang/NoSuchMethodError'{0x000000071862fe08}: 'java.lang.Object java.lang.invoke.Invokers$Holder.invoke_MT(java.lang.Object, java.lang.Object, java.lang.Object, java.lang.Object, java.lang.Object, java.lang.Object, java.lang.Object, java.lang.Object, java.lang.Object, java.lang.Object, java.lang.Object)'> (0x000000071862fe08) 
thrown [s\src\hotspot\share\interpreter\linkResolver.cpp, line 773]
Event: 8.919 Thread 0x000002422169b970 Exception <a 'java/lang/NoSuchMethodError'{0x000000071820a7d0}: 'java.lang.Object java.lang.invoke.DirectMethodHandle$Holder.newInvokeSpecial(java.lang.Object, java.lang.Object, int, java.lang.Object, java.lang.Object)'> (0x000000071820a7d0) 
thrown [s\src\hotspot\share\interpreter\linkResolver.cpp, line 773]
Event: 8.979 Thread 0x000002422169b970 Exception <a 'java/lang/NoSuchMethodError'{0x0000000717a933c0}: 'java.lang.Object java.lang.invoke.DirectMethodHandle$Holder.invokeInterface(java.lang.Object, java.lang.Object, java.lang.Object, java.lang.Object)'> (0x0000000717a933c0) 
thrown [s\src\hotspot\share\interpreter\linkResolver.cpp, line 773]
Event: 9.015 Thread 0x000002422169b970 Exception <a 'java/lang/IncompatibleClassChangeError'{0x00000007173aea70}: Found class java.lang.Object, but interface was expected> (0x00000007173aea70) 
thrown [s\src\hotspot\share\interpreter\linkResolver.cpp, line 840]
Event: 9.096 Thread 0x000002422169b970 Exception <a 'java/lang/NoSuchMethodError'{0x0000000716fffa68}: 'void java.lang.invoke.DirectMethodHandle$Holder.invokeSpecialIFC(java.lang.Object, java.lang.Object, int, java.lang.Object, java.lang.Object, java.lang.Object, java.lang.Object)'> (0x0000000716fffa68) 
thrown [s\src\hotspot\share\interpreter\linkResolver.cpp, line 773]
Event: 9.117 Thread 0x000002422169b970 Exception <a 'java/lang/NoSuchMethodError'{0x0000000716d21e90}: 'void java.lang.invoke.Invokers$Holder.invokeExact_MT(java.lang.Object, java.lang.Object, int, java.lang.Object)'> (0x0000000716d21e90) 
thrown [s\src\hotspot\share\interpreter\linkResolver.cpp, line 773]
Event: 9.155 Thread 0x000002422169b970 Exception <a 'java/lang/IncompatibleClassChangeError'{0x00000007166d9750}: Found class java.lang.Object, but interface was expected> (0x00000007166d9750) 
thrown [s\src\hotspot\share\interpreter\linkResolver.cpp, line 840]
Event: 9.162 Thread 0x000002422169b970 Exception <a 'java/lang/NoSuchMethodError'{0x000000071672e880}: 'long java.lang.invoke.Invokers$Holder.invokeExact_MT(java.lang.Object, java.lang.Object, java.lang.Object)'> (0x000000071672e880) 
thrown [s\src\hotspot\share\interpreter\linkResolver.cpp, line 773]
Event: 9.163 Thread 0x000002422169b970 Exception <a 'java/lang/NoSuchMethodError'{0x00000007167321d0}: 'int java.lang.invoke.Invokers$Holder.invokeExact_MT(java.lang.Object, java.lang.Object, java.lang.Object)'> (0x00000007167321d0) 
thrown [s\src\hotspot\share\interpreter\linkResolver.cpp, line 773]
Event: 9.187 Thread 0x000002422169b970 Exception <a 'java/lang/IncompatibleClassChangeError'{0x000000071649eec8}: Found class java.lang.Object, but interface was expected> (0x000000071649eec8) 
thrown [s\src\hotspot\share\interpreter\linkResolver.cpp, line 840]
Event: 9.203 Thread 0x000002422169b970 Exception <a 'java/lang/NoSuchMethodError'{0x0000000716550318}: 'int java.lang.invoke.DirectMethodHandle$Holder.invokeStatic(java.lang.Object, java.lang.Object, int, int)'> (0x0000000716550318) 
thrown [s\src\hotspot\share\interpreter\linkResolver.cpp, line 773]
Event: 257.394 Thread 0x000002427a11b9d0 Exception <a 'java/lang/NoSuchMethodError'{0x0000000717638768}: 'java.lang.Object java.lang.invoke.DirectMethodHandle$Holder.invokeSpecial(java.lang.Object, java.lang.Object, java.lang.Object, java.lang.Object, java.lang.Object, long)'> (0x0000000717638768) 
thrown [s\src\hotspot\share\interpreter\linkResolver.cpp, line 773]
Event: 257.394 Thread 0x000002427a11b9d0 Exception <a 'java/lang/NoSuchMethodError'{0x000000071763bf48}: 'java.lang.Object java.lang.invoke.Invokers$Holder.linkToTargetMethod(java.lang.Object, java.lang.Object, java.lang.Object, long, java.lang.Object)'> (0x000000071763bf48) 
thrown [s\src\hotspot\share\interpreter\linkResolver.cpp, line 773]

ZGC Phase Switch (0 events):
No events

VM Operations (20 events):
Event: 157.239 Executing VM operation: Cleanup
Event: 157.239 Executing VM operation: Cleanup done
Event: 197.262 Executing VM operation: Cleanup
Event: 197.262 Executing VM operation: Cleanup done
Event: 206.266 Executing VM operation: Cleanup
Event: 206.266 Executing VM operation: Cleanup done
Event: 207.267 Executing VM operation: Cleanup
Event: 207.267 Executing VM operation: Cleanup done
Event: 214.270 Executing VM operation: Cleanup
Event: 214.270 Executing VM operation: Cleanup done
Event: 256.361 Executing VM operation: HandshakeAllThreads (Deoptimize)
Event: 256.362 Executing VM operation: HandshakeAllThreads (Deoptimize) done
Event: 257.361 Executing VM operation: Cleanup
Event: 257.375 Executing VM operation: Cleanup done
Event: 257.414 Executing VM operation: HandshakeAllThreads (Deoptimize)
Event: 257.414 Executing VM operation: HandshakeAllThreads (Deoptimize) done
Event: 258.414 Executing VM operation: Cleanup
Event: 258.447 Executing VM operation: Cleanup done
Event: 258.461 Executing VM operation: HandshakeAllThreads (Deoptimize)
Event: 258.461 Executing VM operation: HandshakeAllThreads (Deoptimize) done

Memory protections (0 events):
No events

Nmethod flushes (20 events):
Event: 7.041 Thread 0x0000024234a1fb90 flushing  nmethod 0x000002422a641b90
Event: 7.041 Thread 0x0000024234a1fb90 flushing  nmethod 0x000002422a76b290
Event: 7.472 Thread 0x0000024234a1fb90 flushing  nmethod 0x000002422a459110
Event: 7.472 Thread 0x0000024234a1fb90 flushing  nmethod 0x000002422a631910
Event: 7.472 Thread 0x0000024234a1fb90 flushing  nmethod 0x000002422a8bf990
Event: 7.472 Thread 0x0000024234a1fb90 flushing  nmethod 0x000002422a676990
Event: 7.472 Thread 0x0000024234a1fb90 flushing  nmethod 0x000002422a54a110
Event: 7.472 Thread 0x0000024234a1fb90 flushing  nmethod 0x000002422a73f290
Event: 7.472 Thread 0x0000024234a1fb90 flushing  nmethod 0x000002422a46f210
Event: 7.472 Thread 0x0000024234a1fb90 flushing  nmethod 0x000002422a4a8d90
Event: 7.472 Thread 0x0000024234a1fb90 flushing  nmethod 0x000002422a964910
Event: 7.472 Thread 0x0000024234a1fb90 flushing  nmethod 0x000002422a231190
Event: 7.472 Thread 0x0000024234a1fb90 flushing  nmethod 0x000002422a527590
Event: 7.472 Thread 0x0000024234a1fb90 flushing  nmethod 0x000002422a578190
Event: 7.472 Thread 0x0000024234a1fb90 flushing  nmethod 0x000002422a7fc690
Event: 7.924 Thread 0x0000024234a1fb90 flushing  nmethod 0x000002422a1b4390
Event: 7.924 Thread 0x0000024234a1fb90 flushing  nmethod 0x000002422a970390
Event: 7.924 Thread 0x0000024234a1fb90 flushing  nmethod 0x000002422a97b390
Event: 7.924 Thread 0x0000024234a1fb90 flushing  nmethod 0x000002422a98e490
Event: 7.924 Thread 0x0000024234a1fb90 flushing  nmethod 0x000002422a989810

Events (20 events):
Event: 8.928 Thread 0x000002422169b970 Thread added: 0x000002427a11b9d0
Event: 8.928 Thread 0x000002422169b970 Thread added: 0x000002427d153a90
Event: 8.928 Thread 0x000002422169b970 Thread added: 0x000002427d155b60
Event: 8.928 Thread 0x000002422169b970 Thread added: 0x000002427d154120
Event: 8.928 Thread 0x000002422169b970 Thread added: 0x000002427d154e40
Event: 8.928 Thread 0x000002422169b970 Thread added: 0x000002427d1547b0
Event: 8.928 Thread 0x000002422169b970 Thread added: 0x000002427d1554d0
Event: 8.928 Thread 0x000002422169b970 Thread added: 0x000002427d1561f0
Event: 8.928 Thread 0x000002422169b970 Thread added: 0x000002427d156880
Event: 8.929 Thread 0x000002422169b970 Thread added: 0x000002427d153400
Event: 8.944 Thread 0x000002422169b970 Thread added: 0x000002427d15a390
Event: 8.946 Thread 0x000002422169b970 Thread added: 0x000002427d158950
Event: 9.160 Thread 0x000002427a11acb0 Thread exited: 0x000002427a11acb0
Event: 11.534 Thread 0x000002427a7c65e0 Thread exited: 0x000002427a7c65e0
Event: 12.458 Thread 0x0000024234a55cd0 Thread added: 0x000002427a7c65e0
Event: 14.576 Thread 0x000002427a7c65e0 Thread exited: 0x000002427a7c65e0
Event: 14.583 Thread 0x000002422169b970 Thread exited: 0x000002422169b970
Event: 14.584 Thread 0x000002427d1582c0 Thread added: 0x000002427d1582c0
Event: 17.948 Thread 0x000002427a7c5f40 Thread exited: 0x000002427a7c5f40
Event: 22.948 Thread 0x000002427a0f4e00 Thread exited: 0x000002427a0f4e00


Dynamic libraries:
0x00007ff6380e0000 - 0x00007ff6380ee000 	C:\Users\DELL\.gradle\jdks\eclipse_adoptium-21-amd64-windows.2\bin\java.exe
0x00007ffcb8c80000 - 0x00007ffcb8ee7000 	C:\WINDOWS\SYSTEM32\ntdll.dll
0x00007ffcb6b30000 - 0x00007ffcb6bf9000 	C:\WINDOWS\System32\KERNEL32.DLL
0x00007ffcb5550000 - 0x00007ffcb5944000 	C:\WINDOWS\System32\KERNELBASE.dll
0x00007ffcb68c0000 - 0x00007ffcb6a0b000 	C:\WINDOWS\System32\ucrtbase.dll
0x00007ffc696f0000 - 0x00007ffc69708000 	C:\Users\DELL\.gradle\jdks\eclipse_adoptium-21-amd64-windows.2\bin\jli.dll
0x00007ffc6f410000 - 0x00007ffc6f42e000 	C:\Users\DELL\.gradle\jdks\eclipse_adoptium-21-amd64-windows.2\bin\VCRUNTIME140.dll
0x00007ffcb6c00000 - 0x00007ffcb6dc5000 	C:\WINDOWS\System32\USER32.dll
0x00007ffcb5950000 - 0x00007ffcb5977000 	C:\WINDOWS\System32\win32u.dll
0x00007ffc9cd90000 - 0x00007ffc9d023000 	C:\WINDOWS\WinSxS\amd64_microsoft.windows.common-controls_6595b64144ccf1df_6.0.26100.8115_none_3e075c82e3354f9c\COMCTL32.dll
0x00007ffcb73b0000 - 0x00007ffcb73db000 	C:\WINDOWS\System32\GDI32.dll
0x00007ffcb7e80000 - 0x00007ffcb7f29000 	C:\WINDOWS\System32\msvcrt.dll
0x00007ffcb64a0000 - 0x00007ffcb65cb000 	C:\WINDOWS\System32\gdi32full.dll
0x00007ffcb5a40000 - 0x00007ffcb5ae3000 	C:\WINDOWS\System32\msvcp_win.dll
0x00007ffcb7220000 - 0x00007ffcb7252000 	C:\WINDOWS\System32\IMM32.DLL
0x00007ffc75dc0000 - 0x00007ffc75dcc000 	C:\Users\DELL\.gradle\jdks\eclipse_adoptium-21-amd64-windows.2\bin\vcruntime140_1.dll
0x00007ffc3bb30000 - 0x00007ffc3bbbd000 	C:\Users\DELL\.gradle\jdks\eclipse_adoptium-21-amd64-windows.2\bin\msvcp140.dll
0x00007ffbe50e0000 - 0x00007ffbe5e70000 	C:\Users\DELL\.gradle\jdks\eclipse_adoptium-21-amd64-windows.2\bin\server\jvm.dll
0x00007ffcb7160000 - 0x00007ffcb7216000 	C:\WINDOWS\System32\ADVAPI32.dll
0x00007ffcb7f30000 - 0x00007ffcb7fd7000 	C:\WINDOWS\System32\sechost.dll
0x00007ffcb6f30000 - 0x00007ffcb7048000 	C:\WINDOWS\System32\RPCRT4.dll
0x00007ffcb6aa0000 - 0x00007ffcb6b20000 	C:\WINDOWS\System32\WS2_32.dll
0x00007ffcb53d0000 - 0x00007ffcb542e000 	C:\WINDOWS\SYSTEM32\POWRPROF.dll
0x00007ffc9e810000 - 0x00007ffc9e81b000 	C:\WINDOWS\SYSTEM32\VERSION.dll
0x00007ffcb0580000 - 0x00007ffcb05b6000 	C:\WINDOWS\SYSTEM32\WINMM.dll
0x00007ffcb5390000 - 0x00007ffcb53a4000 	C:\WINDOWS\SYSTEM32\UMPDC.dll
0x00007ffcb4240000 - 0x00007ffcb425b000 	C:\WINDOWS\SYSTEM32\kernel.appcore.dll
0x00007ffc6d1d0000 - 0x00007ffc6d1da000 	C:\Users\DELL\.gradle\jdks\eclipse_adoptium-21-amd64-windows.2\bin\jimage.dll
0x00007ffcb3150000 - 0x00007ffcb3392000 	C:\WINDOWS\SYSTEM32\DBGHELP.DLL
0x00007ffcb8850000 - 0x00007ffcb8bd2000 	C:\WINDOWS\System32\combase.dll
0x00007ffcb72d0000 - 0x00007ffcb73a8000 	C:\WINDOWS\System32\OLEAUT32.dll
0x00007ffc9aff0000 - 0x00007ffc9b02b000 	C:\WINDOWS\SYSTEM32\dbgcore.DLL
0x00007ffcb5b80000 - 0x00007ffcb5c25000 	C:\WINDOWS\System32\bcryptPrimitives.dll
0x00007ffc63f00000 - 0x00007ffc63f1f000 	C:\Users\DELL\.gradle\jdks\eclipse_adoptium-21-amd64-windows.2\bin\java.dll
0x00007ffcb80e0000 - 0x00007ffcb8847000 	C:\WINDOWS\System32\SHELL32.dll
0x00007ffcb65d0000 - 0x00007ffcb673a000 	C:\WINDOWS\System32\wintypes.dll
0x00007ffcb5c30000 - 0x00007ffcb6498000 	C:\WINDOWS\System32\windows.storage.dll
0x00007ffcb7fe0000 - 0x00007ffcb80d8000 	C:\WINDOWS\System32\SHCORE.dll
0x00007ffcb7260000 - 0x00007ffcb72c6000 	C:\WINDOWS\System32\shlwapi.dll
0x00007ffcb5470000 - 0x00007ffcb5499000 	C:\WINDOWS\SYSTEM32\profapi.dll
0x00007ffc69af0000 - 0x00007ffc69b00000 	C:\Users\DELL\.gradle\jdks\eclipse_adoptium-21-amd64-windows.2\bin\net.dll
0x00007ffcaa3a0000 - 0x00007ffcaa4cd000 	C:\WINDOWS\SYSTEM32\WINHTTP.dll
0x00007ffcb4850000 - 0x00007ffcb48bc000 	C:\WINDOWS\system32\mswsock.dll
0x00007ffc61bc0000 - 0x00007ffc61bd6000 	C:\Users\DELL\.gradle\jdks\eclipse_adoptium-21-amd64-windows.2\bin\nio.dll
0x00007ffc61e30000 - 0x00007ffc61e48000 	C:\Users\DELL\.gradle\jdks\eclipse_adoptium-21-amd64-windows.2\bin\zip.dll
0x00007ffc61e20000 - 0x00007ffc61e2e000 	C:\Users\DELL\.gradle\jdks\eclipse_adoptium-21-amd64-windows.2\bin\sunmscapi.dll
0x00007ffcb6740000 - 0x00007ffcb68b7000 	C:\WINDOWS\System32\CRYPT32.dll
0x00007ffcb4d50000 - 0x00007ffcb4d80000 	C:\WINDOWS\SYSTEM32\ncrypt.dll
0x00007ffcb4d00000 - 0x00007ffcb4d3f000 	C:\WINDOWS\SYSTEM32\NTASN1.dll
0x00007ffcb4b30000 - 0x00007ffcb4b4b000 	C:\WINDOWS\SYSTEM32\CRYPTSP.dll
0x00007ffcb4260000 - 0x00007ffcb4299000 	C:\WINDOWS\system32\rsaenh.dll
0x00007ffcb4900000 - 0x00007ffcb4933000 	C:\WINDOWS\SYSTEM32\USERENV.dll
0x00007ffcb5440000 - 0x00007ffcb546a000 	C:\WINDOWS\SYSTEM32\bcrypt.dll
0x00007ffcb4b50000 - 0x00007ffcb4b5c000 	C:\WINDOWS\SYSTEM32\CRYPTBASE.dll
0x00007ffcb3ce0000 - 0x00007ffcb3d12000 	C:\WINDOWS\SYSTEM32\IPHLPAPI.DLL
0x00007ffcb7750000 - 0x00007ffcb775a000 	C:\WINDOWS\System32\NSI.dll
0x00007ffc69880000 - 0x00007ffc6988a000 	C:\Users\DELL\.gradle\jdks\eclipse_adoptium-21-amd64-windows.2\bin\management.dll
0x00007ffc68e00000 - 0x00007ffc68e0b000 	C:\Users\DELL\.gradle\jdks\eclipse_adoptium-21-amd64-windows.2\bin\management_ext.dll
0x00007ffcb8be0000 - 0x00007ffcb8be8000 	C:\WINDOWS\System32\PSAPI.DLL
0x00007ffc69a80000 - 0x00007ffc69a90000 	C:\Users\DELL\.gradle\jdks\eclipse_adoptium-21-amd64-windows.2\bin\verify.dll
0x00007ffcb3dd0000 - 0x00007ffcb3f02000 	C:\WINDOWS\SYSTEM32\DNSAPI.dll
0x00007ffcaa390000 - 0x00007ffcaa39b000 	C:\Windows\System32\rasadhlp.dll
0x00007ffcac210000 - 0x00007ffcac296000 	C:\WINDOWS\System32\fwpuclnt.dll
0x00007ffc63ef0000 - 0x00007ffc63ef9000 	C:\Users\DELL\.gradle\jdks\eclipse_adoptium-21-amd64-windows.2\bin\extnet.dll
0x00007ffc7fbe0000 - 0x00007ffc7fbe8000 	C:\WINDOWS\system32\wshunix.dll

dbghelp: loaded successfully - version: 4.0.5 - missing functions: none
symbol engine: initialized successfully - sym options: 0x614 - pdb path: .;C:\Users\DELL\.gradle\jdks\eclipse_adoptium-21-amd64-windows.2\bin;C:\WINDOWS\SYSTEM32;C:\WINDOWS\WinSxS\amd64_microsoft.windows.common-controls_6595b64144ccf1df_6.0.26100.8115_none_3e075c82e3354f9c;C:\Users\DELL\.gradle\jdks\eclipse_adoptium-21-amd64-windows.2\bin\server

VM Arguments:
jvm_args: -XX:TieredStopAtLevel=1 -Dfile.encoding=windows-1252 -Duser.country=US -Duser.language=en -Duser.variant 
java_command: com.vn.jet.mosco.spinserver.Server
java_class_path (initial): D:\MEox\UITer\DOAN\Mosco_Megre\Mosco\server\build\classes\java\main;D:\MEox\UITer\DOAN\Mosco_Megre\Mosco\server\build\resources\main;C:\Users\DELL\.gradle\caches\modules-2\files-2.1\io.jsonwebtoken\jjwt-impl\0.12.5\b4ceb5407a360e0eb7ba6fa6c6452abadf6c120a\jjwt-impl-0.12.5.jar;C:\Users\DELL\.gradle\caches\modules-2\files-2.1\io.jsonwebtoken\jjwt-jackson\0.12.5\1b3e39349c8508272760a7b4cdf6053083ed3f6\jjwt-jackson-0.12.5.jar;C:\Users\DELL\.gradle\caches\modules-2\files-2.1\io.jsonwebtoken\jjwt-api\0.12.5\ea8243e36f16c2834ad69a048ed8a24aa9dd3e79\jjwt-api-0.12.5.jar;C:\Users\DELL\.gradle\caches\modules-2\files-2.1\me.paulschwarz\spring-dotenv\4.0.0\e0180f80e685a9506d1942e6836a16dee050ebaf\spring-dotenv-4.0.0.jar;C:\Users\DELL\.gradle\caches\modules-2\files-2.1\org.springframework.security\spring-security-crypto\6.4.2\a4d5bf27ca449200fc39e07de6ae016eb1ad21da\spring-security-crypto-6.4.2.jar;C:\Users\DELL\.gradle\caches\modules-2\files-2.1\com.google.code.gson\gson\2.10.1\b3add478d4382b78ea20b1671390a858002feb6c\gson-2.10.1.jar;C:\Users\DELL\.gradle\caches\modules-2\files-2.1\com.squareup.okhttp3\okhttp\4.12.0\2f4525d4a200e97e1b87449c2cd9bd2e25b7e8cd\okhttp-4.12.0.jar;C:\Users\DELL\.gradle\caches\modules-2\files-2.1\com.h2database\h2\2.3.232\4fcc05d966ccdb2812ae8b9a718f69226c0cf4e2\h2-2.3.232.jar;C:\Users\DELL\.gradle\caches\modules-2\files-2.1\com.mysql\mysql-connector-j\8.3.0\1cc7fa5d61f4bbc113531a4ba6d85d41cf3d57e1\mysql-connector-j-8.3.0.jar;C:\Users\DELL\.gradle\caches\modules-2\files-2.1\org.springframework\spring-webmvc\6.2.2\9b1aeb179ba9667bc78a4a5cec4ec8087db404d7\spring-webmvc-6.2.2.jar;C:\Users\DELL\.gradle\caches\modules-2\files-2.1\org.springframework\spring-web\6.2.2\bd2ef98bf98b6ecf8dd29106ae27b7515524c21\spring-web-6.2.2.jar;C:\Users\DELL\.gradle\caches\modules-2\files-2.1\org.hibernate.orm\hibernate-core\6.6.5.Final\c81deca40ebdb823d9f8a9e5dc5798a6a205626a\hibernate-core-6.6.5.Final.jar;C:\Users\DELL\.gradle\caches\modules-2\files-2.1\org.springframework.data\spring-data-jpa\3.4.2\4213f2d185b49447057823f5ef9de41e931f4f2e\spring-data-jpa-3.4.2.jar;C:\Users\DELL\.gradle\caches\modules-2\files-2.1\org.springframework\spring-aspects\6.2.2\e9e0379bc353e43ab1cb326f413bb293d8a52e78\spring-aspects-6.2.2.jar;C:\Users\DELL\.gradle\caches\modules-2\files-2.1\org.springframework\spring-context-support\6.2.2\d0ad90b2a0e80dcfeffe44184b5d0ac0b262ee46\spring-context-support-6.2.2.jar;C:\Users\DELL\.gradle\caches\modules-2\files-2.1\org.eclipse.angus\jakarta.mail\2.0.3\3dea6aeee9603f573687b0d4da5dc1316d921bb7\jakarta.mail-2.0.3.jar;C:\Users\DELL\.gradle\caches\modules-2\files-2.1\io.github.cdimascio\dotenv-java\3.0.0\f535c5df8b98575eabb2820e548f5ba8a987fe69\dotenv-java-3.0.0.jar;C:\Users\DELL\.gradle\caches\modules-2\files-2.1\com.squareup.okio\okio-jvm\3.6.0\5600569133b7bdefe1daf9ec7f4abeb6d13e1786\okio-jvm-3.6.0.jar;C:\Users\DELL\.gradle\caches\modules-2\files-2.1\org.jetbrains.kotlin\kotlin-stdlib-jdk7\1.9.25\1c166692314a2639e5edfed0d23ed7eee4a5c7a5\kotlin-stdlib-jdk7-1.9.25.jar;C:\Users\DELL\.gradle\caches\modules-2\files-2.1\org.jetbrains.kotlin\kotlin-stdlib\1.9.25\f700a2f2b8f0d6d0fde48f56d894dc722fb029d7\kotlin-stdlib-1.9.25.jar;C:\Users\DELL\.gradle\caches\modules-2\files-2.1\org.jetbrains.kotlin\kotlin-stdlib-jdk8\1.9.25\20d44e880a284f7b5cd99dd69450b403073f49b2\kotlin-stdlib-jdk8-1.9.25.jar;C:\Users\DELL\.gradle\caches\modules-2\files-2.1\com.fasterxml.jackson.datatype\jackson-datatype-jsr310\2.18.2\7b6ff96adf421f4c6edbd694e797dd8fe434510a\jackson-datatype-jsr310-2.18.2.jar;C:\Users\DELL\.gradle\caches\modules-2\files-2.1\com.fasterxml.jackson.module\jackson-module-parameter-names\2.18.2\72960cb3277347a748911d100c3302d60e8a616a\jackson-module-parameter-names-2.18.2.jar;C:\Users\DELL\.gradle\caches\modules-2\files-2.1\com.fasterxml.jackson.core\jackson-annotations\2.18.2\985d77751ebc7fce5db115a986bc9aa82f973f4a\jackson-annotations-2.18.2.jar;C:\Users\DELL\.gradle\caches\modules-2\files-2.1\com.fasterxml.jackson.core\jackson-core\2.18.2\fb64ccac5c27dca8819418eb4e443a9f496d9ee7\jackson-core-2.18.2.jar;C:\Users\DELL\.gradle\caches\modules-2\files-2.1\com.fasterxml.jackson.datatype\jackson-datatype-jdk8\2.18.2\9ed6d538ebcc66864e114a7040953dce6ab6ea53\jackson-datatype-jdk8-2.18.2.jar;C:\Users\DELL\.gradle\caches\modules-2\files-2.1\com.fasterxml.jackson.core\jackson-databind\2.18.2\deef8697b92141fb6caf7aa86966cff4eec9b04f\jackson-databind-2.18.2.jar;C:\Users\DELL\.gradle\caches\modules-2\files-2.1\org.springframework.boot\spring-boot-autoconfigure\3.4.2\c50511dba751ffe7df320d27c6875feb2745654e\spring-boot-autoconfigure-3.4.2.jar;C:\Users\DELL\.gradle\caches\modules-2\files-2.1\org.springframework.boot\spring-boot\3.4.2\b2514201ba6b838bd638a51619515501c5baefea\spring-boot-3.4.2.jar;C:\Users\DELL\.gradle\caches\modules-2\files-2.1\jakarta.annotation\jakarta.annotation-api\2.1.1\48b9bda22b091b1f48b13af03fe36db3be6e1ae3\jakarta.annotation-api-2.1.1.jar;C:\Users\DELL\.gradle\caches\modules-2\files-2.1\org.springframework\spring-context\6.2.2\aa01a7faa3694983339ca7e45619860ef34052d6\spring-context-6.2.2.jar;C:\Users\DELL\.gradle\caches\modules-2\files-2.1\org.springframework\spring-aop\6.2.2\2a1a445d4cd8e5fe2311df04fc25c0bc54bd2ce4\spring-aop-6.2.2.jar;C:\Users\DELL\.gradle\caches\modules-2\files-2.1\org.springframework\spring-orm\6.2.2\98d0c8e2f8f65b776b24ffa979e9802a0c7085d7\spring-orm-6.2.2.jar;C:\Users\DELL\.gradle\caches\modules-2\files-2.1\org.springframework\spring-jdbc\6.2.2\840572e748c1dfe7122e19a10888918e5ecfb631\spring-jdbc-6.2.2.jar;C:\Users\DELL\.gradle\caches\modules-2\files-2.1\org.springframework.data\spring-data-commons\3.4.2\387ff91a749cce404f7a6e4a15a3b75ff497bdbc\spring-data-commons-3.4.2.jar;C:\Users\DELL\.gradle\caches\modules-2\files-2.1\org.springframework\spring-tx\6.2.2\91a2e378d0e457b9c500f2b30aaf8a7a422ba522\spring-tx-6.2.2.jar;C:\Users\DELL\.gradle\caches\modules-2\files-2.1\org.springframework\spring-beans\6.2.2\ec8ee520ff7b147de8ac04d330848d468253f84d\spring-beans-6.2.2.jar;C:\Users\DELL\.gradle\caches\modules-2\files-2.1\org.springframework\spring-expression\6.2.2\20164dd3a70d0048185cf02bb1b097b22e73d820\spring-expression-6.2.2.jar;C:\Users\DELL\.gradle\caches\modules-2\files-2.1\org.springframework\spring-core\6.2.2\94269e888dc979e75a1a1b9600d7153d72e6a7f1\spring-core-6.2.2.jar;C:\Users\DELL\.gradle\caches\modules-2\files-2.1\org.yaml\snakeyaml\2.3\936b36210e27320f920536f695cf1af210c44586\snakeyaml-2.3.jar;C:\Users\DELL\.gradle\caches\modules-2\files-2.1\org.apache.tomcat.embed\tomcat-embed-websocket\10.1.34\eef6d430f34b6e393b8d9e40f10db9043732b4e5\tomcat-embed-websocket-10.1.34.jar;C:\Users\DELL\.gradle\caches\modules-2\files-2.1\org.apache.tomcat.embed\tomcat-embed-core\10.1.34\f610f84be607fbc82e393cc220f0ad45f92afc91\tomcat-embed-core-10.1.34.jar;C:\Users\DELL\.gradle\caches\modules-2\files-2.1\org.apache.tomcat.embed\tomcat-embed-el\10.1.34\d2b2daca3bc999c62e58ae36b45ba0582530fb25\tomcat-embed-el-10.1.34.jar;C:\Users\DELL\.gradle\caches\modules-2\files-2.1\io.micrometer\micrometer-observation\1.14.3\cd66186a1fe8465dc732d9514bade1104044b56d\micrometer-observation-1.14.3.jar;C:\Users\DELL\.gradle\caches\modules-2\files-2.1\com.zaxxer\HikariCP\5.1.0\8c96e36c14461fc436bb02b264b96ef3ca5dca8c\HikariCP-5.1.0.jar;C:\Users\DELL\.gradle\caches\modules-2\files-2.1\jakarta.persistence\jakarta.persistence-api\3.1.0\66901fa1c373c6aff65c13791cc11da72060a8d6\jakarta.persistence-api-3.1.0.jar;C:\Users\DELL\.gradle\caches\modules-2\files-2.1\jakarta.transaction\jakarta.transaction-api\2.0.1\51a520e3fae406abb84e2e1148e6746ce3f80a1a\jakarta.transaction-api-2.0.1.jar;C:\Users\DELL\.gradle\caches\modules-2\files-2.1\org.jboss.logging\jboss-logging\3.6.1.Final\886afbb445b4016a37c8960a7aef6ebd769ce7e5\jboss-logging-3.6.1.Final.jar;C:\Users\DELL\.gradle\caches\modules-2\files-2.1\org.hibernate.common\hibernate-commons-annotations\7.0.3.Final\e183c4be8bb41d12e9f19b374e00c34a0a85f439\hibernate-commons-annotations-7.0.3.Final.jar;C:\Users\DELL\.gradle\caches\modules-2\files-2.1\io.smallrye\jandex\3.2.0\f17ad860f62a08487b9edabde608f8ac55c62fa7\jandex-3.2.0.jar;C:\Users\DELL\.gradle\caches\modules-2\files-2.1\com.fasterxml\classmate\1.7.0\e98374da1f2143ac8e6e0a95036994bb19137a3\classmate-1.7.0.jar;C:\Users\DELL\.gradle\caches\modules-2\files-2.1\net.bytebuddy\byte-buddy\1.15.11\f61886478e0f9ee4c21d09574736f0ff45e0a46c\byte-buddy-1.15.11.jar;C:\Users\DELL\.gradle\caches\modules-2\files-2.1\org.glassfish.jaxb\jaxb-runtime\4.0.5\ca84c2a7169b5293e232b9d00d1e4e36d4c3914a\jaxb-runtime-4.0.5.jar;C:\Users\DELL\.gradle\caches\modules-2\files-2.1\org.glassfish.jaxb\jaxb-core\4.0.5\7b4b11ea5542eea4ad55e1080b23be436795b3\jaxb-core-4.0.5.jar;C:\Users\DELL\.gradle\caches\modules-2\files-2.1\jakarta.xml.bind\jakarta.xml.bind-api\4.0.2\6cd5a999b834b63238005b7144136379dc36cad2\jakarta.xml.bind-api-4.0.2.jar;C:\Users\DELL\.gradle\caches\modules-2\files-2.1\jakarta.inject\jakarta.inject-api\2.0.1\4c28afe1991a941d7702fe1362c365f0a8641d1e\jakarta.inject-api-2.0.1.jar;C:\Users\DELL\.gradle\caches\modules-2\files-2.1\org.antlr\antlr4-runtime\4.13.0\5a02e48521624faaf5ff4d99afc88b01686af655\antlr4-runtime-4.13.0.jar;C:\Users\DELL\.gradle\caches\modules-2\files-2.1\ch.qos.logback\logback-classic\1.5.16\113979db51dfad6dc895b34460d7b7ff64ffe7d2\logback-classic-1.5.16.jar;C:\Users\DELL\.gradle\caches\modules-2\files-2.1\org.apache.logging.log4j\log4j-to-slf4j\2.24.3\da1143e2a2531ee1c2d90baa98eb50a28a39d5a7\log4j-to-slf4j-2.24.3.jar;C:\Users\DELL\.gradle\caches\modules-2\files-2.1\org.slf4j\jul-to-slf4j\2.0.16\6d57da3e961daac65bcca0dd3def6cd11e48a24a\jul-to-slf4j-2.0.16.jar;C:\Users\DELL\.gradle\caches\modules-2\files-2.1\org.slf4j\slf4j-api\2.0.16\172931663a09a1fa515567af5fbef00897d3c04\slf4j-api-2.0.16.jar;C:\Users\DELL\.gradle\caches\modules-2\files-2.1\org.aspectj\aspectjweaver\1.9.22.1\bca243d0af0db4758fbae45c5f4995cb5dabb612\aspectjweaver-1.9.22.1.jar;C:\Users\DELL\.gradle\caches\modules-2\files-2.1\org.eclipse.angus\angus-activation\2.0.2\41f1e0ddd157c856926ed149ab837d110955a9fc\angus-activation-2.0.2.jar;C:\Users\DELL\.gradle\caches\modules-2\files-2.1\jakarta.activation\jakarta.activation-api\2.1.3\fa165bd70cda600368eee31555222776a46b881f\jakarta.activation-api-2.1.3.jar;C:\Users\DELL\.gradle\caches\modules-2\files-2.1\org.springframework\spring-jcl\6.2.2\1fbbb0b2e85c6eac7c366c5eed5b124785f05ac8\spring-jcl-6.2.2.jar;C:\Users\DELL\.gradle\caches\modules-2\files-2.1\io.micrometer\micrometer-commons\1.14.3\bf17f05dd6343d36ecc31076197a962cfdf46131\micrometer-commons-1.14.3.jar;C:\Users\DELL\.gradle\caches\modules-2\files-2.1\org.jetbrains\annotations\13.0\919f0dfe192fb4e063e7dacadee7f8bb9a2672a9\annotations-13.0.jar;C:\Users\DELL\.gradle\caches\modules-2\files-2.1\ch.qos.logback\logback-core\1.5.16\4f17700f046900aea2fadf115e2d67fec921f7fd\logback-core-1.5.16.jar;C:\Users\DELL\.gradle\caches\modules-2\files-2.1\org.apache.logging.log4j\log4j-api\2.24.3\b02c125db8b6d295adf72ae6e71af5d83bce2370\log4j-api-2.24.3.jar;C:\Users\DELL\.gradle\caches\modules-2\files-2.1\org.glassfish.jaxb\txw2\4.0.5\f36a4ef12120a9bb06d766d6a0e54b144fd7ed98\txw2-4.0.5.jar;C:\Users\DELL\.gradle\caches\modules-2\files-2.1\com.sun.istack\istack-commons-runtime\4.1.2\18ec117c85f3ba0ac65409136afa8e42bc74e739\istack-commons-runtime-4.1.2.jar
Launcher Type: SUN_STANDARD

[Global flags]
     intx CICompilerCount                          = 4                                         {product} {ergonomic}
     uint ConcGCThreads                            = 3                                         {product} {ergonomic}
     uint G1ConcRefinementThreads                  = 10                                        {product} {ergonomic}
   size_t G1HeapRegionSize                         = 2097152                                   {product} {ergonomic}
    uintx GCDrainStackTargetSize                   = 64                                        {product} {ergonomic}
   size_t InitialHeapSize                          = 264241152                                 {product} {ergonomic}
   size_t MarkStackSize                            = 4194304                                   {product} {ergonomic}
   size_t MaxHeapSize                              = 4213178368                                {product} {ergonomic}
   size_t MaxNewSize                               = 2527068160                                {product} {ergonomic}
   size_t MinHeapDeltaBytes                        = 2097152                                   {product} {ergonomic}
   size_t MinHeapSize                              = 8388608                                   {product} {ergonomic}
    uintx NonNMethodCodeHeapSize                   = 4096                                   {pd product} {ergonomic}
    uintx NonProfiledCodeHeapSize                  = 0                                      {pd product} {ergonomic}
     bool ProfileInterpreter                       = false                                  {pd product} {command line}
    uintx ProfiledCodeHeapSize                     = 0                                      {pd product} {ergonomic}
   size_t SoftMaxHeapSize                          = 4213178368                             {manageable} {ergonomic}
     intx TieredStopAtLevel                        = 1                                         {product} {command line}
     bool UseCompressedOops                        = true                           {product lp64_product} {ergonomic}
     bool UseG1GC                                  = true                                      {product} {ergonomic}
     bool UseLargePagesIndividualAllocation        = false                                  {pd product} {ergonomic}

Logging:
Log output configuration:
 #0: stdout all=warning uptime,level,tags foldmultilines=false
 #1: stderr all=off uptime,level,tags foldmultilines=false

Environment Variables:
PATH=C:\Program Files (x86)\Common Files\Oracle\Java\java8path;C:\Program Files (x86)\Common Files\Oracle\Java\javapath;C:\Program Files\Microsoft MPI\Bin\;C:\WINDOWS\system32;C:\WINDOWS;C:\WINDOWS\System32\Wbem;C:\WINDOWS\System32\WindowsPowerShell\v1.0\;C:\WINDOWS\System32\OpenSSH\;C:\Program Files\dotnet\;C:\msys64\ucrt64\bin;C:\Program Files (x86)\Windows Kits\10\Windows Performance Toolkit\;C:\Program Files (x86)\Microsoft SQL Server\160\Tools\Binn\;C:\Program Files\Microsoft SQL Server\160\Tools\Binn\;C:\Program Files\Microsoft SQL Server\Client SDK\ODBC\170\Tools\Binn\;C:\Program Files\Microsoft SQL Server\160\DTS\Binn\;C:\Program Files (x86)\Microsoft SQL Server\160\DTS\Binn\;C:\Program Files\Microsoft SQL Server\170\DTS\Binn\;C:\Program Files\Git\cmd;C:\WINDOWS\system32\config\systemprofile\AppData\Local\Muse Hub\lib;C:\Program Files\PuTTY\;C:\Program Files\nodejs\;C:\Program Files\Void\bin;C:\Program Files\MySQL\MySQL Shell 8.0\bin\;C:\Users\DELL\AppData\Local\Programs\Python\Python310\Scripts\;C:\Users\DELL\AppData\Local\Programs\Python\Python310\;C:\Users\DELL\AppData\Local\Microsoft\WindowsApps;C:\Users\DELL\.dotnet\tools;C:\Users\DELL\AppData\Local\Programs\Microsoft VS Code\bin;C:\Users\DELL\AppData\Local\Pandoc\;C:\Users\DELL\AppData\Roaming\npm;C:\Program Files\MySQL\MySQL Server 8.0\bin;C:\Users\DELL\AppData\Local\Programs\cursor\resources\app\bin;C:\Users\DELL\AppData\Local\Programs\Antigravity\bin;C:\Users\DELL\AppData\Local\Microsoft\WindowsApps;
USERNAME=DELL
OS=Windows_NT
PROCESSOR_IDENTIFIER=Intel64 Family 6 Model 154 Stepping 4, GenuineIntel
TMP=C:\Users\DELL\AppData\Local\Temp
TEMP=C:\Users\DELL\AppData\Local\Temp




Periodic native trim disabled

---------------  S Y S T E M  ---------------

OS:
 Windows 11 , 64 bit Build 26100 (10.0.26100.8246)
OS uptime: 0 days 9:30 hours

CPU: total 12 (initial active 12) (6 cores per cpu, 2 threads per core) family 6 model 154 stepping 4 microcode 0x43b, cx8, cmov, fxsr, ht, mmx, 3dnowpref, sse, sse2, sse3, ssse3, sse4.1, sse4.2, popcnt, lzcnt, tsc, tscinvbit, avx, avx2, aes, erms, clmul, bmi1, bmi2, adx, sha, fma, vzeroupper, clflush, clflushopt, clwb, serialize, rdtscp, rdpid, fsrm, f16c, pku, cet_ibt, cet_ss
Processor Information for the first 12 processors :
  Max Mhz: 1300, Current Mhz: 1300, Mhz Limit: 1300

Memory: 4k page, system-wide physical 16068M (931M free)
TotalPageFile size 31428M (AvailPageFile size 0M)
current process WorkingSet (physical memory assigned to process): 487M, peak: 487M
current process commit charge ("private bytes"): 625M, peak: 626M

vm_info: OpenJDK 64-Bit Server VM (21.0.7+6-LTS) for windows-amd64 JRE (21.0.7+6-LTS), built on 2025-04-15T00:00:00Z by "admin" with MS VC++ 17.7 (VS2022)

END.
