#
# There is insufficient memory for the Java Runtime Environment to continue.
# Native memory allocation (mmap) failed to map 819986432 bytes. Error detail: G1 virtual space
# Possible reasons:
#   The system is out of physical RAM or swap space
#   This process is running with CompressedOops enabled, and the Java Heap may be blocking the growth of the native heap
# Possible solutions:
#   Reduce memory load on the system
#   Increase physical memory or swap space
#   Check if swap backing store is full
#   Decrease Java heap size (-Xmx/-Xms)
#   Decrease number of Java threads
#   Decrease Java thread stack sizes (-Xss)
#   Set larger code cache with -XX:ReservedCodeCacheSize=
#   JVM is running with Zero Based Compressed Oops mode in which the Java heap is
#     placed in the first 32GB address space. The Java Heap base address is the
#     maximum limit for the native heap growth. Please use -XX:HeapBaseMinAddress
#     to set the Java Heap base and to place the Java Heap above 32GB virtual address.
# This output file may be truncated or incomplete.
#
#  Out of Memory Error (os_windows.cpp:3714), pid=12552, tid=13980
#
# JRE version: OpenJDK Runtime Environment Temurin-21.0.10+7 (21.0.10+7) (build 21.0.10+7-LTS)
# Java VM: OpenJDK 64-Bit Server VM Temurin-21.0.10+7 (21.0.10+7-LTS, mixed mode, emulated-client, sharing, tiered, compressed oops, compressed class ptrs, g1 gc, windows-amd64)
# No core dump will be written. Minidumps are not enabled by default on client versions of Windows
#

---------------  S U M M A R Y ------------

Command Line: -XX:TieredStopAtLevel=1 -Dfile.encoding=UTF-8 -Duser.country=US -Duser.language=en -Duser.variant com.vn.jet.mosco.spinserver.Server

Host: 12th Gen Intel(R) Core(TM) i5-1235U, 12 cores, 15G,  Windows 11 , 64 bit Build 26100 (10.0.26100.8328)
Time: Sat May 16 17:10:08 2026 SE Asia Standard Time elapsed time: 8466.597322 seconds (0d 2h 21m 6s)

---------------  T H R E A D  ---------------

Current thread (0x000002dfc0da63f0):  VMThread "VM Thread"          [id=13980, stack(0x000000eee7300000,0x000000eee7400000) (1024K)]

Stack: [0x000000eee7300000,0x000000eee7400000]
Native frames: (J=compiled Java code, j=interpreted, Vv=VM code, C=native code)
V  [jvm.dll+0x6d7a39]
V  [jvm.dll+0x8b4b26]
V  [jvm.dll+0x8b70de]
V  [jvm.dll+0x8b77c3]
V  [jvm.dll+0x284346]
V  [jvm.dll+0x6d4355]
V  [jvm.dll+0x6c808a]
V  [jvm.dll+0x35edb8]
V  [jvm.dll+0x3669f6]
V  [jvm.dll+0x3b7afe]
V  [jvm.dll+0x3b7da8]
V  [jvm.dll+0x332fbc]
V  [jvm.dll+0x333047]
V  [jvm.dll+0x376e1c]
V  [jvm.dll+0x3755be]
V  [jvm.dll+0x332701]
V  [jvm.dll+0x374c2a]
V  [jvm.dll+0x8bd4b0]
V  [jvm.dll+0x8be824]
V  [jvm.dll+0x8bed50]
V  [jvm.dll+0x8beff3]
V  [jvm.dll+0x85f59d]
V  [jvm.dll+0x6d626d]
C  [ucrtbase.dll+0x37b0]
C  [KERNEL32.DLL+0x2e957]
C  [ntdll.dll+0x427c]

VM_Operation (0x000000eee9afa640): G1CollectForAllocation, mode: safepoint, requested by thread 0x000002e009b8e380


---------------  P R O C E S S  ---------------

Threads class SMR info:
_java_thread_list=0x000002e00e9f9fd0, length=79, elements={
0x000002dfc0dc29a0, 0x000002dfc0dc3010, 0x000002dfc0dc7090, 0x000002dfc0dc7830,
0x000002dfc0dc7fd0, 0x000002dfc0ddd050, 0x000002dfc0dde8d0, 0x000002dfc0ddc330,
0x000002dfc0ddc9c0, 0x000002dfc0ddbca0, 0x000002dfc0dd9bd0, 0x000002dfc0dda260,
0x000002dfc0dda8f0, 0x000002dfc0ddb610, 0x000002e0093cbb70, 0x000002e0093ce2d0,
0x000002e0093cc890, 0x000002e0093ce960, 0x000002e0093ceff0, 0x000002e0093d03a0,
0x000002dfc0ddaf80, 0x000002e009b8cfd0, 0x000002e009b8a870, 0x000002e009b8e380,
0x000002e009b8bc20, 0x000002e009b8d660, 0x000002e009b8c2b0, 0x000002e009b8af00,
0x000002e009b8b590, 0x000002e009b8dcf0, 0x000002e00e006340, 0x000002e00e002830,
0x000002e009b8f0a0, 0x000002e009b91800, 0x000002e00829f780, 0x000002e0082a3290,
0x000002e0082a04a0, 0x000002e0082a5360, 0x000002e009b8ea10, 0x000002e009b90ae0,
0x000002e009b91170, 0x000002e009b91e90, 0x000002e0082a6080, 0x000002e0082a2c00,
0x000002e00e0021a0, 0x000002e00e003550, 0x000002e00e1de520, 0x000002e00e1db730,
0x000002e00e1dd800, 0x000002e00e1dcae0, 0x000002e00e517b30, 0x000002e0082a2570,
0x000002e00829fe10, 0x000002e0082a11c0, 0x000002e0082a0b30, 0x000002e0093cf680,
0x000002e0093cd5b0, 0x000002e0093cdc40, 0x000002e00e518ee0, 0x000002e009ef4da0,
0x000002e00e8b0c80, 0x000002e00e86db60, 0x000002e00e8af8d0, 0x000002e00e6cce40,
0x000002e00602cc30, 0x000002e00602d2c0, 0x000002e00602dfe0, 0x000002e00e838dd0,
0x000002e00602bf10, 0x000002e00e83a810, 0x000002e00e839460, 0x000002e00e839af0,
0x000002e00e86c7b0, 0x000002e00e838740, 0x000002e00e8380b0, 0x000002e00e83a180,
0x000002e00e83aea0, 0x000002e00e83b530, 0x000002e00ea1b4e0
}

Java Threads: ( => current thread )
  0x000002dfc0dc29a0 JavaThread "Reference Handler"          daemon [_thread_blocked, id=18200, stack(0x000000eee7400000,0x000000eee7500000) (1024K)]
  0x000002dfc0dc3010 JavaThread "Finalizer"                  daemon [_thread_blocked, id=19760, stack(0x000000eee7500000,0x000000eee7600000) (1024K)]
  0x000002dfc0dc7090 JavaThread "Signal Dispatcher"          daemon [_thread_blocked, id=6532, stack(0x000000eee7600000,0x000000eee7700000) (1024K)]
  0x000002dfc0dc7830 JavaThread "Attach Listener"            daemon [_thread_blocked, id=10560, stack(0x000000eee7700000,0x000000eee7800000) (1024K)]
  0x000002dfc0dc7fd0 JavaThread "Service Thread"             daemon [_thread_blocked, id=6260, stack(0x000000eee7800000,0x000000eee7900000) (1024K)]
  0x000002dfc0ddd050 JavaThread "Monitor Deflation Thread"   daemon [_thread_blocked, id=8820, stack(0x000000eee7900000,0x000000eee7a00000) (1024K)]
  0x000002dfc0dde8d0 JavaThread "C1 CompilerThread0"         daemon [_thread_blocked, id=6744, stack(0x000000eee7a00000,0x000000eee7b00000) (1024K)]
  0x000002dfc0ddc330 JavaThread "Notification Thread"        daemon [_thread_blocked, id=21488, stack(0x000000eee7c00000,0x000000eee7d00000) (1024K)]
  0x000002dfc0ddc9c0 JavaThread "Common-Cleaner"             daemon [_thread_blocked, id=18856, stack(0x000000eee7d00000,0x000000eee7e00000) (1024K)]
  0x000002dfc0ddbca0 JavaThread "mysql-cj-abandoned-connection-cleanup" daemon [_thread_blocked, id=15336, stack(0x000000eee8b00000,0x000000eee8c00000) (1024K)]
  0x000002dfc0dd9bd0 JavaThread "MoscoHikariPool housekeeper" daemon [_thread_blocked, id=5296, stack(0x000000eee8d00000,0x000000eee8e00000) (1024K)]
  0x000002dfc0dda260 JavaThread "Catalina-utility-1"                [_thread_blocked, id=21232, stack(0x000000eee8f00000,0x000000eee9000000) (1024K)]
  0x000002dfc0dda8f0 JavaThread "Catalina-utility-2"                [_thread_blocked, id=18864, stack(0x000000eee9000000,0x000000eee9100000) (1024K)]
  0x000002dfc0ddb610 JavaThread "container-0"                       [_thread_blocked, id=12604, stack(0x000000eee9100000,0x000000eee9200000) (1024K)]
  0x000002e0093cbb70 JavaThread "lettuce-timer-3-1"          daemon [_thread_blocked, id=22216, stack(0x000000eee8e00000,0x000000eee8f00000) (1024K)]
  0x000002e0093ce2d0 JavaThread "MessageBroker-1"                   [_thread_blocked, id=11732, stack(0x000000eee9200000,0x000000eee9300000) (1024K)]
  0x000002e0093cc890 JavaThread "http-nio-8080-exec-1"       daemon [_thread_blocked, id=20448, stack(0x000000eee9300000,0x000000eee9400000) (1024K)]
  0x000002e0093ce960 JavaThread "http-nio-8080-exec-2"       daemon [_thread_blocked, id=18892, stack(0x000000eee9400000,0x000000eee9500000) (1024K)]
  0x000002e0093ceff0 JavaThread "http-nio-8080-exec-3"       daemon [_thread_blocked, id=14756, stack(0x000000eee9500000,0x000000eee9600000) (1024K)]
  0x000002e0093d03a0 JavaThread "http-nio-8080-exec-4"       daemon [_thread_blocked, id=856, stack(0x000000eee9600000,0x000000eee9700000) (1024K)]
  0x000002dfc0ddaf80 JavaThread "http-nio-8080-exec-5"       daemon [_thread_blocked, id=13780, stack(0x000000eee9700000,0x000000eee9800000) (1024K)]
  0x000002e009b8cfd0 JavaThread "http-nio-8080-exec-6"       daemon [_thread_blocked, id=23340, stack(0x000000eee9800000,0x000000eee9900000) (1024K)]
  0x000002e009b8a870 JavaThread "http-nio-8080-exec-7"       daemon [_thread_blocked, id=13624, stack(0x000000eee9900000,0x000000eee9a00000) (1024K)]
  0x000002e009b8e380 JavaThread "http-nio-8080-exec-8"       daemon [_thread_blocked, id=4596, stack(0x000000eee9a00000,0x000000eee9b00000) (1024K)]
  0x000002e009b8bc20 JavaThread "http-nio-8080-exec-9"       daemon [_thread_blocked, id=23580, stack(0x000000eee9b00000,0x000000eee9c00000) (1024K)]
  0x000002e009b8d660 JavaThread "http-nio-8080-exec-10"      daemon [_thread_blocked, id=16876, stack(0x000000eee9c00000,0x000000eee9d00000) (1024K)]
  0x000002e009b8c2b0 JavaThread "http-nio-8080-Poller"       daemon [_thread_blocked, id=10364, stack(0x000000eee9d00000,0x000000eee9e00000) (1024K)]
  0x000002e009b8af00 JavaThread "http-nio-8080-Acceptor"     daemon [_thread_in_native, id=23584, stack(0x000000eee9e00000,0x000000eee9f00000) (1024K)]
  0x000002e009b8b590 JavaThread "MessageBroker-2"                   [_thread_blocked, id=7792, stack(0x000000eee9f00000,0x000000eeea000000) (1024K)]
  0x000002e009b8dcf0 JavaThread "MessageBroker-3"                   [_thread_blocked, id=14728, stack(0x000000eeea000000,0x000000eeea100000) (1024K)]
  0x000002e00e006340 JavaThread "MessageBroker-4"                   [_thread_blocked, id=2036, stack(0x000000eeea600000,0x000000eeea700000) (1024K)]
  0x000002e00e002830 JavaThread "DestroyJavaVM"                     [_thread_blocked, id=1972, stack(0x000000eee6c00000,0x000000eee6d00000) (1024K)]
  0x000002e009b8f0a0 JavaThread "MessageBroker-5"                   [_thread_blocked, id=20120, stack(0x000000eee6900000,0x000000eee6a00000) (1024K)]
  0x000002e009b91800 JavaThread "MessageBroker-6"                   [_thread_blocked, id=19672, stack(0x000000eeea400000,0x000000eeea500000) (1024K)]
  0x000002e00829f780 JavaThread "lettuce-nioEventLoop-4-1"   daemon [_thread_in_native, id=25884, stack(0x000000eeea800000,0x000000eeea900000) (1024K)]
  0x000002e0082a3290 JavaThread "lettuce-nioEventLoop-4-2"   daemon [_thread_in_native, id=18128, stack(0x000000eeeaa00000,0x000000eeeab00000) (1024K)]
  0x000002e0082a04a0 JavaThread "lettuce-nioEventLoop-4-3"   daemon [_thread_in_native, id=24336, stack(0x000000eeeab00000,0x000000eeeac00000) (1024K)]
  0x000002e0082a5360 JavaThread "lettuce-nioEventLoop-4-4"   daemon [_thread_in_native, id=26204, stack(0x000000eeeac00000,0x000000eeead00000) (1024K)]
  0x000002e009b8ea10 JavaThread "lettuce-eventExecutorLoop-1-1" daemon [_thread_blocked, id=23952, stack(0x000000eeead00000,0x000000eeeae00000) (1024K)]
  0x000002e009b90ae0 JavaThread "lettuce-eventExecutorLoop-1-2" daemon [_thread_blocked, id=4960, stack(0x000000eee6b00000,0x000000eee6c00000) (1024K)]
  0x000002e009b91170 JavaThread "lettuce-eventExecutorLoop-1-3" daemon [_thread_blocked, id=25836, stack(0x000000eee7b00000,0x000000eee7c00000) (1024K)]
  0x000002e009b91e90 JavaThread "lettuce-eventExecutorLoop-1-4" daemon [_thread_blocked, id=22632, stack(0x000000eeeae00000,0x000000eeeaf00000) (1024K)]
  0x000002e0082a6080 JavaThread "lettuce-nioEventLoop-4-5"   daemon [_thread_in_native, id=19976, stack(0x000000eeeb400000,0x000000eeeb500000) (1024K)]
  0x000002e0082a2c00 JavaThread "lettuce-nioEventLoop-4-6"   daemon [_thread_in_native, id=22456, stack(0x000000eeeb500000,0x000000eeeb600000) (1024K)]
  0x000002e00e0021a0 JavaThread "lettuce-nioEventLoop-4-7"   daemon [_thread_in_native, id=10984, stack(0x000000eeeb600000,0x000000eeeb700000) (1024K)]
  0x000002e00e003550 JavaThread "lettuce-nioEventLoop-4-8"   daemon [_thread_in_native, id=25016, stack(0x000000eeeb700000,0x000000eeeb800000) (1024K)]
  0x000002e00e1de520 JavaThread "lettuce-eventExecutorLoop-1-5" daemon [_thread_blocked, id=24516, stack(0x000000eeeb800000,0x000000eeeb900000) (1024K)]
  0x000002e00e1db730 JavaThread "lettuce-eventExecutorLoop-1-6" daemon [_thread_blocked, id=14088, stack(0x000000eeeb900000,0x000000eeeba00000) (1024K)]
  0x000002e00e1dd800 JavaThread "lettuce-eventExecutorLoop-1-7" daemon [_thread_blocked, id=14704, stack(0x000000eeeba00000,0x000000eeebb00000) (1024K)]
  0x000002e00e1dcae0 JavaThread "lettuce-eventExecutorLoop-1-8" daemon [_thread_blocked, id=26568, stack(0x000000eeebb00000,0x000000eeebc00000) (1024K)]
  0x000002e00e517b30 JavaThread "MessageBroker-7"                   [_thread_blocked, id=23172, stack(0x000000eee6a00000,0x000000eee6b00000) (1024K)]
  0x000002e0082a2570 JavaThread "lettuce-nioEventLoop-4-9"   daemon [_thread_in_native, id=3168, stack(0x000000eeeaf00000,0x000000eeeb000000) (1024K)]
  0x000002e00829fe10 JavaThread "lettuce-nioEventLoop-4-10"  daemon [_thread_in_native, id=4404, stack(0x000000eeeb000000,0x000000eeeb100000) (1024K)]
  0x000002e0082a11c0 JavaThread "lettuce-nioEventLoop-4-11"  daemon [_thread_in_native, id=20704, stack(0x000000eeeb100000,0x000000eeeb200000) (1024K)]
  0x000002e0082a0b30 JavaThread "lettuce-nioEventLoop-4-12"  daemon [_thread_in_native, id=17560, stack(0x000000eeeb300000,0x000000eeeb400000) (1024K)]
  0x000002e0093cf680 JavaThread "lettuce-eventExecutorLoop-1-9" daemon [_thread_blocked, id=2892, stack(0x000000eeebc00000,0x000000eeebd00000) (1024K)]
  0x000002e0093cd5b0 JavaThread "lettuce-eventExecutorLoop-1-10" daemon [_thread_blocked, id=11192, stack(0x000000eeebd00000,0x000000eeebe00000) (1024K)]
  0x000002e0093cdc40 JavaThread "lettuce-eventExecutorLoop-1-11" daemon [_thread_blocked, id=19960, stack(0x000000eeebe00000,0x000000eeebf00000) (1024K)]
  0x000002e00e518ee0 JavaThread "lettuce-eventExecutorLoop-1-12" daemon [_thread_blocked, id=23836, stack(0x000000eeebf00000,0x000000eeec000000) (1024K)]
  0x000002e009ef4da0 JavaThread "MessageBroker-8"                   [_thread_blocked, id=24904, stack(0x000000eee7f00000,0x000000eee8000000) (1024K)]
  0x000002e00e8b0c80 JavaThread "MessageBroker-9"                   [_thread_blocked, id=5840, stack(0x000000eeea100000,0x000000eeea200000) (1024K)]
  0x000002e00e86db60 JavaThread "MessageBroker-10"                  [_thread_blocked, id=23068, stack(0x000000eeec200000,0x000000eeec300000) (1024K)]
  0x000002e00e8af8d0 JavaThread "MessageBroker-11"                  [_thread_blocked, id=28348, stack(0x000000eee7e00000,0x000000eee7f00000) (1024K)]
  0x000002e00e6cce40 JavaThread "MessageBroker-12"                  [_thread_blocked, id=16304, stack(0x000000eeea200000,0x000000eeea300000) (1024K)]
  0x000002e00602cc30 JavaThread "clientInboundChannel-142"          [_thread_blocked, id=29740, stack(0x000000eee8c00000,0x000000eee8d00000) (1024K)]
  0x000002e00602d2c0 JavaThread "clientInboundChannel-143"          [_thread_blocked, id=31004, stack(0x000000eeea300000,0x000000eeea400000) (1024K)]
  0x000002e00602dfe0 JavaThread "clientInboundChannel-144"          [_thread_blocked, id=4344, stack(0x000000eeea500000,0x000000eeea600000) (1024K)]
  0x000002e00e838dd0 JavaThread "clientOutboundChannel-22"          [_thread_blocked, id=6252, stack(0x000000eeea700000,0x000000eeea800000) (1024K)]
  0x000002e00602bf10 JavaThread "WebSocket background processing" daemon [_thread_blocked, id=13628, stack(0x000000eeec000000,0x000000eeec100000) (1024K)]
  0x000002e00e83a810 JavaThread "clientInboundChannel-145"          [_thread_blocked, id=31520, stack(0x000000eeec100000,0x000000eeec200000) (1024K)]
  0x000002e00e839460 JavaThread "clientInboundChannel-146"          [_thread_blocked, id=24740, stack(0x000000eeec300000,0x000000eeec400000) (1024K)]
  0x000002e00e839af0 JavaThread "clientInboundChannel-147"          [_thread_blocked, id=31428, stack(0x000000eeec400000,0x000000eeec500000) (1024K)]
  0x000002e00e86c7b0 JavaThread "clientOutboundChannel-23"          [_thread_blocked, id=30232, stack(0x000000eeec500000,0x000000eeec600000) (1024K)]
  0x000002e00e838740 JavaThread "clientInboundChannel-148"          [_thread_blocked, id=17556, stack(0x000000eeec600000,0x000000eeec700000) (1024K)]
  0x000002e00e8380b0 JavaThread "clientInboundChannel-149"          [_thread_blocked, id=31720, stack(0x000000eeec700000,0x000000eeec800000) (1024K)]
  0x000002e00e83a180 JavaThread "clientInboundChannel-150"          [_thread_blocked, id=8864, stack(0x000000eeec800000,0x000000eeec900000) (1024K)]
  0x000002e00e83aea0 JavaThread "clientInboundChannel-151"          [_thread_blocked, id=2132, stack(0x000000eeeb200000,0x000000eeeb300000) (1024K)]
  0x000002e00e83b530 JavaThread "clientInboundChannel-152"          [_thread_blocked, id=30500, stack(0x000000eeeca00000,0x000000eeecb00000) (1024K)]
  0x000002e00ea1b4e0 JavaThread "clientInboundChannel-153"          [_thread_blocked, id=29692, stack(0x000000eeecb00000,0x000000eeecc00000) (1024K)]
Total: 79

Other Threads:
=>0x000002dfc0da63f0 VMThread "VM Thread"                           [id=13980, stack(0x000000eee7300000,0x000000eee7400000) (1024K)]
  0x000002dfc0d897a0 WatcherThread "VM Periodic Task Thread"        [id=19916, stack(0x000000eee7200000,0x000000eee7300000) (1024K)]
  0x000002dfb2df9020 WorkerThread "GC Thread#0"                     [id=12376, stack(0x000000eee6d00000,0x000000eee6e00000) (1024K)]
  0x000002e00691c670 WorkerThread "GC Thread#1"                     [id=6888, stack(0x000000eee8000000,0x000000eee8100000) (1024K)]
  0x000002e0069af910 WorkerThread "GC Thread#2"                     [id=19616, stack(0x000000eee8100000,0x000000eee8200000) (1024K)]
  0x000002e00691ca20 WorkerThread "GC Thread#3"                     [id=25000, stack(0x000000eee8200000,0x000000eee8300000) (1024K)]
  0x000002e00691cdd0 WorkerThread "GC Thread#4"                     [id=22444, stack(0x000000eee8300000,0x000000eee8400000) (1024K)]
  0x000002e00691d180 WorkerThread "GC Thread#5"                     [id=744, stack(0x000000eee8400000,0x000000eee8500000) (1024K)]
  0x000002e006c47550 WorkerThread "GC Thread#6"                     [id=1912, stack(0x000000eee8600000,0x000000eee8700000) (1024K)]
  0x000002e006c4b910 WorkerThread "GC Thread#7"                     [id=20416, stack(0x000000eee8700000,0x000000eee8800000) (1024K)]
  0x000002e007236c70 WorkerThread "GC Thread#8"                     [id=19680, stack(0x000000eee8500000,0x000000eee8600000) (1024K)]
  0x000002e007237ee0 WorkerThread "GC Thread#9"                     [id=20984, stack(0x000000eee8800000,0x000000eee8900000) (1024K)]
  0x000002dfb2e0a950 ConcurrentGCThread "G1 Main Marker"            [id=21080, stack(0x000000eee6e00000,0x000000eee6f00000) (1024K)]
  0x000002dfb2e0bee0 WorkerThread "G1 Conc#0"                       [id=1564, stack(0x000000eee6f00000,0x000000eee7000000) (1024K)]
  0x000002e007238640 WorkerThread "G1 Conc#1"                       [id=10656, stack(0x000000eee8900000,0x000000eee8a00000) (1024K)]
  0x000002e0072373d0 WorkerThread "G1 Conc#2"                       [id=11628, stack(0x000000eee8a00000,0x000000eee8b00000) (1024K)]
  0x000002dfc0c572b0 ConcurrentGCThread "G1 Refine#0"               [id=21524, stack(0x000000eee7000000,0x000000eee7100000) (1024K)]
  0x000002dfc0c58800 ConcurrentGCThread "G1 Service"                [id=3264, stack(0x000000eee7100000,0x000000eee7200000) (1024K)]
Total: 18

Threads with active compile tasks:
Total: 0

VM state: at safepoint (normal execution)

VM Mutex/Monitor currently owned by a thread:  ([mutex/lock_event])
[0x00007ff96b9be560] Threads_lock - owner thread: 0x000002dfc0da63f0
[0x00007ff96b9be660] Heap_lock - owner thread: 0x000002e009b8e380

Heap address: 0x0000000704e00000, size: 4018 MB, Compressed Oops mode: Zero based, Oop shift amount: 3

CDS archive(s) mapped at: [0x000002dfc1000000-0x000002dfc1ba0000-0x000002dfc1ba0000), size 12189696, SharedBaseAddress: 0x000002dfc1000000, ArchiveRelocationMode: 1.
Compressed class space mapped at: 0x000002dfc2000000-0x000002e002000000, reserved size: 1073741824
Narrow klass base: 0x000002dfc1000000, Narrow klass shift: 0, Narrow klass range: 0x100000000

GC Precious Log:
 CardTable entry size: 512
 Card Set container configuration: InlinePtr #cards 4 size 8 Array Of Cards #cards 16 size 48 Howl #buckets 8 coarsen threshold 3686 Howl Bitmap #cards 512 size 80 coarsen threshold 460 Card regions per heap region 1 cards per card region 4096
 CPUs: 12 total, 12 available
 Memory: 16068M
 Large Page Support: Disabled
 NUMA Support: Disabled
 Compressed Oops: Enabled (Zero based)
 Heap Region Size: 2M
 Heap Min Capacity: 8M
 Heap Initial Capacity: 252M
 Heap Max Capacity: 4018M
 Pre-touch: Disabled
 Parallel Workers: 10
 Concurrent Workers: 3
 Concurrent Refinement Workers: 10
 Periodic GC: Disabled

Heap:
 garbage-first heap   total 1394688K, used 710656K [0x0000000704e00000, 0x0000000800000000)
  region size 2048K, 19 young (38912K), 19 survivors (38912K)
 Metaspace       used 97065K, committed 97984K, reserved 1179648K
  class space    used 13867K, committed 14272K, reserved 1048576K

Heap Regions: E=young(eden), S=young(survivor), O=old, HS=humongous(starts), HC=humongous(continues), CS=collection set, F=free, TAMS=top-at-mark-start, PB=parsable bottom
|   0|0x0000000704e00000, 0x0000000705000000, 0x0000000705000000|100%| O|  |TAMS 0x0000000704e00000| PB 0x0000000704e00000| Untracked 
|   1|0x0000000705000000, 0x0000000705200000, 0x0000000705200000|100%| O|  |TAMS 0x0000000705000000| PB 0x0000000705000000| Untracked 
|   2|0x0000000705200000, 0x0000000705400000, 0x0000000705400000|100%| O|  |TAMS 0x0000000705200000| PB 0x0000000705200000| Untracked 
|   3|0x0000000705400000, 0x0000000705600000, 0x0000000705600000|100%| O|  |TAMS 0x0000000705400000| PB 0x0000000705400000| Untracked 
|   4|0x0000000705600000, 0x0000000705800000, 0x0000000705800000|100%| O|  |TAMS 0x0000000705600000| PB 0x0000000705600000| Untracked 
|   5|0x0000000705800000, 0x0000000705a00000, 0x0000000705a00000|100%| O|  |TAMS 0x0000000705800000| PB 0x0000000705800000| Untracked 
|   6|0x0000000705a00000, 0x0000000705c00000, 0x0000000705c00000|100%| O|  |TAMS 0x0000000705a00000| PB 0x0000000705a00000| Untracked 
|   7|0x0000000705c00000, 0x0000000705e00000, 0x0000000705e00000|100%| O|  |TAMS 0x0000000705c00000| PB 0x0000000705c00000| Untracked 
|   8|0x0000000705e00000, 0x0000000706000000, 0x0000000706000000|100%| O|  |TAMS 0x0000000705e00000| PB 0x0000000705e00000| Untracked 
|   9|0x0000000706000000, 0x0000000706200000, 0x0000000706200000|100%| O|  |TAMS 0x0000000706000000| PB 0x0000000706000000| Untracked 
|  10|0x0000000706200000, 0x0000000706400000, 0x0000000706400000|100%| O|  |TAMS 0x0000000706200000| PB 0x0000000706200000| Untracked 
|  11|0x0000000706400000, 0x0000000706600000, 0x0000000706600000|100%| O|  |TAMS 0x0000000706400000| PB 0x0000000706400000| Untracked 
|  12|0x0000000706600000, 0x0000000706800000, 0x0000000706800000|100%| O|  |TAMS 0x0000000706600000| PB 0x0000000706600000| Untracked 
|  13|0x0000000706800000, 0x0000000706a00000, 0x0000000706a00000|100%| O|  |TAMS 0x0000000706800000| PB 0x0000000706800000| Untracked 
|  14|0x0000000706a00000, 0x0000000706c00000, 0x0000000706c00000|100%| O|  |TAMS 0x0000000706a00000| PB 0x0000000706a00000| Untracked 
|  15|0x0000000706c00000, 0x0000000706e00000, 0x0000000706e00000|100%| O|  |TAMS 0x0000000706c00000| PB 0x0000000706c00000| Untracked 
|  16|0x0000000706e00000, 0x0000000707000000, 0x0000000707000000|100%| O|  |TAMS 0x0000000706e00000| PB 0x0000000706e00000| Untracked 
|  17|0x0000000707000000, 0x0000000707200000, 0x0000000707200000|100%| O|  |TAMS 0x0000000707000000| PB 0x0000000707000000| Untracked 
|  18|0x0000000707200000, 0x0000000707400000, 0x0000000707400000|100%| O|  |TAMS 0x0000000707200000| PB 0x0000000707200000| Untracked 
|  19|0x0000000707400000, 0x0000000707600000, 0x0000000707600000|100%| O|  |TAMS 0x0000000707400000| PB 0x0000000707400000| Untracked 
|  20|0x0000000707600000, 0x0000000707800000, 0x0000000707800000|100%| O|  |TAMS 0x0000000707600000| PB 0x0000000707600000| Untracked 
|  21|0x0000000707800000, 0x0000000707a00000, 0x0000000707a00000|100%| O|  |TAMS 0x0000000707800000| PB 0x0000000707800000| Untracked 
|  22|0x0000000707a00000, 0x0000000707c00000, 0x0000000707c00000|100%| O|  |TAMS 0x0000000707a00000| PB 0x0000000707a00000| Untracked 
|  23|0x0000000707c00000, 0x0000000707e00000, 0x0000000707e00000|100%| O|  |TAMS 0x0000000707c00000| PB 0x0000000707c00000| Untracked 
|  24|0x0000000707e00000, 0x0000000708000000, 0x0000000708000000|100%| O|  |TAMS 0x0000000707e00000| PB 0x0000000707e00000| Untracked 
|  25|0x0000000708000000, 0x0000000708200000, 0x0000000708200000|100%| O|  |TAMS 0x0000000708000000| PB 0x0000000708000000| Untracked 
|  26|0x0000000708200000, 0x0000000708400000, 0x0000000708400000|100%| O|  |TAMS 0x0000000708200000| PB 0x0000000708200000| Untracked 
|  27|0x0000000708400000, 0x0000000708600000, 0x0000000708600000|100%| O|  |TAMS 0x0000000708400000| PB 0x0000000708400000| Untracked 
|  28|0x0000000708600000, 0x0000000708800000, 0x0000000708800000|100%| O|  |TAMS 0x0000000708600000| PB 0x0000000708600000| Untracked 
|  29|0x0000000708800000, 0x0000000708800000, 0x0000000708a00000|  0%| F|  |TAMS 0x0000000708800000| PB 0x0000000708800000| Untracked 
|  30|0x0000000708a00000, 0x0000000708c00000, 0x0000000708c00000|100%| O|  |TAMS 0x0000000708a00000| PB 0x0000000708a00000| Untracked 
|  31|0x0000000708c00000, 0x0000000708e00000, 0x0000000708e00000|100%| O|  |TAMS 0x0000000708c00000| PB 0x0000000708c00000| Untracked 
|  32|0x0000000708e00000, 0x0000000709000000, 0x0000000709000000|100%| O|  |TAMS 0x0000000708e00000| PB 0x0000000708e00000| Untracked 
|  33|0x0000000709000000, 0x0000000709200000, 0x0000000709200000|100%| O|  |TAMS 0x0000000709000000| PB 0x0000000709000000| Untracked 
|  34|0x0000000709200000, 0x0000000709400000, 0x0000000709400000|100%| O|  |TAMS 0x0000000709200000| PB 0x0000000709200000| Untracked 
|  35|0x0000000709400000, 0x0000000709600000, 0x0000000709600000|100%| O|  |TAMS 0x0000000709400000| PB 0x0000000709400000| Untracked 
|  36|0x0000000709600000, 0x0000000709800000, 0x0000000709800000|100%| O|  |TAMS 0x0000000709600000| PB 0x0000000709600000| Untracked 
|  37|0x0000000709800000, 0x0000000709a00000, 0x0000000709a00000|100%| O|  |TAMS 0x0000000709800000| PB 0x0000000709800000| Untracked 
|  38|0x0000000709a00000, 0x0000000709a00000, 0x0000000709c00000|  0%| F|  |TAMS 0x0000000709a00000| PB 0x0000000709a00000| Untracked 
|  39|0x0000000709c00000, 0x0000000709e00000, 0x0000000709e00000|100%| O|  |TAMS 0x0000000709c00000| PB 0x0000000709c00000| Untracked 
|  40|0x0000000709e00000, 0x000000070a000000, 0x000000070a000000|100%| O|  |TAMS 0x0000000709e00000| PB 0x0000000709e00000| Untracked 
|  41|0x000000070a000000, 0x000000070a200000, 0x000000070a200000|100%| O|  |TAMS 0x000000070a000000| PB 0x000000070a000000| Untracked 
|  42|0x000000070a200000, 0x000000070a400000, 0x000000070a400000|100%| O|  |TAMS 0x000000070a200000| PB 0x000000070a200000| Untracked 
|  43|0x000000070a400000, 0x000000070a600000, 0x000000070a600000|100%| O|  |TAMS 0x000000070a400000| PB 0x000000070a400000| Untracked 
|  44|0x000000070a600000, 0x000000070a800000, 0x000000070a800000|100%| O|  |TAMS 0x000000070a600000| PB 0x000000070a600000| Untracked 
|  45|0x000000070a800000, 0x000000070aa00000, 0x000000070aa00000|100%| O|  |TAMS 0x000000070a800000| PB 0x000000070a800000| Untracked 
|  46|0x000000070aa00000, 0x000000070ac00000, 0x000000070ac00000|100%| O|  |TAMS 0x000000070aa00000| PB 0x000000070aa00000| Untracked 
|  47|0x000000070ac00000, 0x000000070ae00000, 0x000000070ae00000|100%| O|  |TAMS 0x000000070ac00000| PB 0x000000070ac00000| Untracked 
|  48|0x000000070ae00000, 0x000000070b000000, 0x000000070b000000|100%| O|  |TAMS 0x000000070ae00000| PB 0x000000070ae00000| Untracked 
|  49|0x000000070b000000, 0x000000070b200000, 0x000000070b200000|100%| O|  |TAMS 0x000000070b000000| PB 0x000000070b000000| Untracked 
|  50|0x000000070b200000, 0x000000070b400000, 0x000000070b400000|100%| O|  |TAMS 0x000000070b200000| PB 0x000000070b200000| Untracked 
|  51|0x000000070b400000, 0x000000070b600000, 0x000000070b600000|100%| O|  |TAMS 0x000000070b400000| PB 0x000000070b400000| Untracked 
|  52|0x000000070b600000, 0x000000070b800000, 0x000000070b800000|100%| O|  |TAMS 0x000000070b600000| PB 0x000000070b600000| Untracked 
|  53|0x000000070b800000, 0x000000070ba00000, 0x000000070ba00000|100%| O|  |TAMS 0x000000070b800000| PB 0x000000070b800000| Untracked 
|  54|0x000000070ba00000, 0x000000070bc00000, 0x000000070bc00000|100%| O|  |TAMS 0x000000070ba00000| PB 0x000000070ba00000| Untracked 
|  55|0x000000070bc00000, 0x000000070be00000, 0x000000070be00000|100%| O|  |TAMS 0x000000070bc00000| PB 0x000000070bc00000| Untracked 
|  56|0x000000070be00000, 0x000000070c000000, 0x000000070c000000|100%| O|  |TAMS 0x000000070be00000| PB 0x000000070be00000| Untracked 
|  57|0x000000070c000000, 0x000000070c200000, 0x000000070c200000|100%| O|  |TAMS 0x000000070c000000| PB 0x000000070c000000| Untracked 
|  58|0x000000070c200000, 0x000000070c400000, 0x000000070c400000|100%| O|  |TAMS 0x000000070c200000| PB 0x000000070c200000| Untracked 
|  59|0x000000070c400000, 0x000000070c600000, 0x000000070c600000|100%| O|  |TAMS 0x000000070c400000| PB 0x000000070c400000| Untracked 
|  60|0x000000070c600000, 0x000000070c800000, 0x000000070c800000|100%| O|  |TAMS 0x000000070c600000| PB 0x000000070c600000| Untracked 
|  61|0x000000070c800000, 0x000000070ca00000, 0x000000070ca00000|100%| O|  |TAMS 0x000000070c800000| PB 0x000000070c800000| Untracked 
|  62|0x000000070ca00000, 0x000000070cc00000, 0x000000070cc00000|100%| O|  |TAMS 0x000000070ca00000| PB 0x000000070ca00000| Untracked 
|  63|0x000000070cc00000, 0x000000070ce00000, 0x000000070ce00000|100%| O|  |TAMS 0x000000070cc00000| PB 0x000000070cc00000| Untracked 
|  64|0x000000070ce00000, 0x000000070d000000, 0x000000070d000000|100%| O|  |TAMS 0x000000070ce00000| PB 0x000000070ce00000| Untracked 
|  65|0x000000070d000000, 0x000000070d200000, 0x000000070d200000|100%| O|  |TAMS 0x000000070d000000| PB 0x000000070d000000| Untracked 
|  66|0x000000070d200000, 0x000000070d400000, 0x000000070d400000|100%| O|  |TAMS 0x000000070d200000| PB 0x000000070d200000| Untracked 
|  67|0x000000070d400000, 0x000000070d600000, 0x000000070d600000|100%| O|  |TAMS 0x000000070d400000| PB 0x000000070d400000| Untracked 
|  68|0x000000070d600000, 0x000000070d800000, 0x000000070d800000|100%| O|  |TAMS 0x000000070d600000| PB 0x000000070d600000| Untracked 
|  69|0x000000070d800000, 0x000000070da00000, 0x000000070da00000|100%| O|  |TAMS 0x000000070d800000| PB 0x000000070d800000| Untracked 
|  70|0x000000070da00000, 0x000000070dc00000, 0x000000070dc00000|100%| O|  |TAMS 0x000000070da00000| PB 0x000000070da00000| Untracked 
|  71|0x000000070dc00000, 0x000000070de00000, 0x000000070de00000|100%| O|  |TAMS 0x000000070dc00000| PB 0x000000070dc00000| Untracked 
|  72|0x000000070de00000, 0x000000070de00000, 0x000000070e000000|  0%| F|  |TAMS 0x000000070de00000| PB 0x000000070de00000| Untracked 
|  73|0x000000070e000000, 0x000000070e200000, 0x000000070e200000|100%| O|  |TAMS 0x000000070e000000| PB 0x000000070e000000| Untracked 
|  74|0x000000070e200000, 0x000000070e400000, 0x000000070e400000|100%| O|  |TAMS 0x000000070e200000| PB 0x000000070e200000| Untracked 
|  75|0x000000070e400000, 0x000000070e600000, 0x000000070e600000|100%| O|  |TAMS 0x000000070e400000| PB 0x000000070e400000| Untracked 
|  76|0x000000070e600000, 0x000000070e800000, 0x000000070e800000|100%| O|  |TAMS 0x000000070e600000| PB 0x000000070e600000| Untracked 
|  77|0x000000070e800000, 0x000000070e800000, 0x000000070ea00000|  0%| F|  |TAMS 0x000000070e800000| PB 0x000000070e800000| Untracked 
|  78|0x000000070ea00000, 0x000000070ea00000, 0x000000070ec00000|  0%| F|  |TAMS 0x000000070ea00000| PB 0x000000070ea00000| Untracked 
|  79|0x000000070ec00000, 0x000000070ec00000, 0x000000070ee00000|  0%| F|  |TAMS 0x000000070ec00000| PB 0x000000070ec00000| Untracked 
|  80|0x000000070ee00000, 0x000000070f000000, 0x000000070f000000|100%| O|  |TAMS 0x000000070ee00000| PB 0x000000070ee00000| Untracked 
|  81|0x000000070f000000, 0x000000070f200000, 0x000000070f200000|100%| O|  |TAMS 0x000000070f000000| PB 0x000000070f000000| Untracked 
|  82|0x000000070f200000, 0x000000070f400000, 0x000000070f400000|100%| O|  |TAMS 0x000000070f200000| PB 0x000000070f200000| Untracked 
|  83|0x000000070f400000, 0x000000070f600000, 0x000000070f600000|100%| O|  |TAMS 0x000000070f400000| PB 0x000000070f400000| Untracked 
|  84|0x000000070f600000, 0x000000070f800000, 0x000000070f800000|100%| O|  |TAMS 0x000000070f600000| PB 0x000000070f600000| Untracked 
|  85|0x000000070f800000, 0x000000070fa00000, 0x000000070fa00000|100%| O|  |TAMS 0x000000070f800000| PB 0x000000070f800000| Untracked 
|  86|0x000000070fa00000, 0x000000070fc00000, 0x000000070fc00000|100%| O|  |TAMS 0x000000070fa00000| PB 0x000000070fa00000| Untracked 
|  87|0x000000070fc00000, 0x000000070fe00000, 0x000000070fe00000|100%| O|  |TAMS 0x000000070fc00000| PB 0x000000070fc00000| Untracked 
|  88|0x000000070fe00000, 0x0000000710000000, 0x0000000710000000|100%| O|  |TAMS 0x000000070fe00000| PB 0x000000070fe00000| Untracked 
|  89|0x0000000710000000, 0x0000000710200000, 0x0000000710200000|100%| O|  |TAMS 0x0000000710000000| PB 0x0000000710000000| Untracked 
|  90|0x0000000710200000, 0x0000000710400000, 0x0000000710400000|100%| O|  |TAMS 0x0000000710200000| PB 0x0000000710200000| Untracked 
|  91|0x0000000710400000, 0x0000000710600000, 0x0000000710600000|100%| O|  |TAMS 0x0000000710400000| PB 0x0000000710400000| Untracked 
|  92|0x0000000710600000, 0x0000000710600000, 0x0000000710800000|  0%| F|  |TAMS 0x0000000710600000| PB 0x0000000710600000| Untracked 
|  93|0x0000000710800000, 0x0000000710a00000, 0x0000000710a00000|100%| O|  |TAMS 0x0000000710800000| PB 0x0000000710800000| Untracked 
|  94|0x0000000710a00000, 0x0000000710c00000, 0x0000000710c00000|100%| O|  |TAMS 0x0000000710a00000| PB 0x0000000710a00000| Untracked 
|  95|0x0000000710c00000, 0x0000000710e00000, 0x0000000710e00000|100%| O|  |TAMS 0x0000000710c00000| PB 0x0000000710c00000| Untracked 
|  96|0x0000000710e00000, 0x0000000711000000, 0x0000000711000000|100%| O|  |TAMS 0x0000000710e00000| PB 0x0000000710e00000| Untracked 
|  97|0x0000000711000000, 0x0000000711200000, 0x0000000711200000|100%| O|  |TAMS 0x0000000711000000| PB 0x0000000711000000| Untracked 
|  98|0x0000000711200000, 0x0000000711400000, 0x0000000711400000|100%| O|  |TAMS 0x0000000711200000| PB 0x0000000711200000| Untracked 
|  99|0x0000000711400000, 0x0000000711600000, 0x0000000711600000|100%| O|  |TAMS 0x0000000711400000| PB 0x0000000711400000| Untracked 
| 100|0x0000000711600000, 0x0000000711600000, 0x0000000711800000|  0%| F|  |TAMS 0x0000000711600000| PB 0x0000000711600000| Untracked 
| 101|0x0000000711800000, 0x0000000711a00000, 0x0000000711a00000|100%| O|  |TAMS 0x0000000711800000| PB 0x0000000711800000| Untracked 
| 102|0x0000000711a00000, 0x0000000711a00000, 0x0000000711c00000|  0%| F|  |TAMS 0x0000000711a00000| PB 0x0000000711a00000| Untracked 
| 103|0x0000000711c00000, 0x0000000711e00000, 0x0000000711e00000|100%| O|  |TAMS 0x0000000711c00000| PB 0x0000000711c00000| Untracked 
| 104|0x0000000711e00000, 0x0000000712000000, 0x0000000712000000|100%| O|  |TAMS 0x0000000711e00000| PB 0x0000000711e00000| Untracked 
| 105|0x0000000712000000, 0x0000000712000000, 0x0000000712200000|  0%| F|  |TAMS 0x0000000712000000| PB 0x0000000712000000| Untracked 
| 106|0x0000000712200000, 0x0000000712400000, 0x0000000712400000|100%| O|  |TAMS 0x0000000712200000| PB 0x0000000712200000| Untracked 
| 107|0x0000000712400000, 0x0000000712600000, 0x0000000712600000|100%| O|  |TAMS 0x0000000712400000| PB 0x0000000712400000| Untracked 
| 108|0x0000000712600000, 0x0000000712800000, 0x0000000712800000|100%| O|  |TAMS 0x0000000712600000| PB 0x0000000712600000| Untracked 
| 109|0x0000000712800000, 0x0000000712a00000, 0x0000000712a00000|100%| O|  |TAMS 0x0000000712800000| PB 0x0000000712800000| Untracked 
| 110|0x0000000712a00000, 0x0000000712c00000, 0x0000000712c00000|100%| O|  |TAMS 0x0000000712a00000| PB 0x0000000712a00000| Untracked 
| 111|0x0000000712c00000, 0x0000000712e00000, 0x0000000712e00000|100%| O|  |TAMS 0x0000000712c00000| PB 0x0000000712c00000| Untracked 
| 112|0x0000000712e00000, 0x0000000713000000, 0x0000000713000000|100%| O|  |TAMS 0x0000000712e00000| PB 0x0000000712e00000| Untracked 
| 113|0x0000000713000000, 0x0000000713200000, 0x0000000713200000|100%| O|  |TAMS 0x0000000713000000| PB 0x0000000713000000| Untracked 
| 114|0x0000000713200000, 0x0000000713400000, 0x0000000713400000|100%| O|  |TAMS 0x0000000713200000| PB 0x0000000713200000| Untracked 
| 115|0x0000000713400000, 0x0000000713600000, 0x0000000713600000|100%| O|  |TAMS 0x0000000713400000| PB 0x0000000713400000| Untracked 
| 116|0x0000000713600000, 0x0000000713800000, 0x0000000713800000|100%| O|  |TAMS 0x0000000713600000| PB 0x0000000713600000| Untracked 
| 117|0x0000000713800000, 0x0000000713a00000, 0x0000000713a00000|100%| O|  |TAMS 0x0000000713800000| PB 0x0000000713800000| Untracked 
| 118|0x0000000713a00000, 0x0000000713c00000, 0x0000000713c00000|100%| O|  |TAMS 0x0000000713a00000| PB 0x0000000713a00000| Untracked 
| 119|0x0000000713c00000, 0x0000000713e00000, 0x0000000713e00000|100%| O|  |TAMS 0x0000000713c00000| PB 0x0000000713c00000| Untracked 
| 120|0x0000000713e00000, 0x0000000713e00000, 0x0000000714000000|  0%| F|  |TAMS 0x0000000713e00000| PB 0x0000000713e00000| Untracked 
| 121|0x0000000714000000, 0x0000000714200000, 0x0000000714200000|100%| O|  |TAMS 0x0000000714000000| PB 0x0000000714000000| Untracked 
| 122|0x0000000714200000, 0x0000000714200000, 0x0000000714400000|  0%| F|  |TAMS 0x0000000714200000| PB 0x0000000714200000| Untracked 
| 123|0x0000000714400000, 0x0000000714600000, 0x0000000714600000|100%| O|  |TAMS 0x0000000714400000| PB 0x0000000714400000| Untracked 
| 124|0x0000000714600000, 0x0000000714800000, 0x0000000714800000|100%| O|  |TAMS 0x0000000714600000| PB 0x0000000714600000| Untracked 
| 125|0x0000000714800000, 0x0000000714800000, 0x0000000714a00000|  0%| F|  |TAMS 0x0000000714800000| PB 0x0000000714800000| Untracked 
| 126|0x0000000714a00000, 0x0000000714c00000, 0x0000000714c00000|100%| O|  |TAMS 0x0000000714a00000| PB 0x0000000714a00000| Untracked 
| 127|0x0000000714c00000, 0x0000000714e00000, 0x0000000714e00000|100%| O|  |TAMS 0x0000000714c00000| PB 0x0000000714c00000| Untracked 
| 128|0x0000000714e00000, 0x0000000714e00000, 0x0000000715000000|  0%| F|  |TAMS 0x0000000714e00000| PB 0x0000000714e00000| Untracked 
| 129|0x0000000715000000, 0x0000000715200000, 0x0000000715200000|100%| O|  |TAMS 0x0000000715000000| PB 0x0000000715000000| Untracked 
| 130|0x0000000715200000, 0x0000000715400000, 0x0000000715400000|100%| O|  |TAMS 0x0000000715200000| PB 0x0000000715200000| Untracked 
| 131|0x0000000715400000, 0x0000000715600000, 0x0000000715600000|100%| O|  |TAMS 0x0000000715400000| PB 0x0000000715400000| Untracked 
| 132|0x0000000715600000, 0x0000000715800000, 0x0000000715800000|100%| O|  |TAMS 0x0000000715600000| PB 0x0000000715600000| Untracked 
| 133|0x0000000715800000, 0x0000000715a00000, 0x0000000715a00000|100%| O|  |TAMS 0x0000000715800000| PB 0x0000000715800000| Untracked 
| 134|0x0000000715a00000, 0x0000000715c00000, 0x0000000715c00000|100%| O|  |TAMS 0x0000000715a00000| PB 0x0000000715a00000| Untracked 
| 135|0x0000000715c00000, 0x0000000715e00000, 0x0000000715e00000|100%| O|  |TAMS 0x0000000715c00000| PB 0x0000000715c00000| Untracked 
| 136|0x0000000715e00000, 0x0000000716000000, 0x0000000716000000|100%| O|  |TAMS 0x0000000715e00000| PB 0x0000000715e00000| Untracked 
| 137|0x0000000716000000, 0x0000000716200000, 0x0000000716200000|100%| O|  |TAMS 0x0000000716000000| PB 0x0000000716000000| Untracked 
| 138|0x0000000716200000, 0x0000000716400000, 0x0000000716400000|100%| O|  |TAMS 0x0000000716200000| PB 0x0000000716200000| Untracked 
| 139|0x0000000716400000, 0x0000000716600000, 0x0000000716600000|100%| O|  |TAMS 0x0000000716400000| PB 0x0000000716400000| Untracked 
| 140|0x0000000716600000, 0x0000000716800000, 0x0000000716800000|100%| O|  |TAMS 0x0000000716600000| PB 0x0000000716600000| Untracked 
| 141|0x0000000716800000, 0x0000000716a00000, 0x0000000716a00000|100%| O|  |TAMS 0x0000000716800000| PB 0x0000000716800000| Untracked 
| 142|0x0000000716a00000, 0x0000000716c00000, 0x0000000716c00000|100%| O|  |TAMS 0x0000000716a00000| PB 0x0000000716a00000| Untracked 
| 143|0x0000000716c00000, 0x0000000716c00000, 0x0000000716e00000|  0%| F|  |TAMS 0x0000000716c00000| PB 0x0000000716c00000| Untracked 
| 144|0x0000000716e00000, 0x0000000717000000, 0x0000000717000000|100%| O|  |TAMS 0x0000000716e00000| PB 0x0000000716e00000| Untracked 
| 145|0x0000000717000000, 0x0000000717200000, 0x0000000717200000|100%| O|  |TAMS 0x0000000717000000| PB 0x0000000717000000| Untracked 
| 146|0x0000000717200000, 0x0000000717400000, 0x0000000717400000|100%| O|  |TAMS 0x0000000717200000| PB 0x0000000717200000| Untracked 
| 147|0x0000000717400000, 0x0000000717600000, 0x0000000717600000|100%| O|  |TAMS 0x0000000717400000| PB 0x0000000717400000| Untracked 
| 148|0x0000000717600000, 0x0000000717800000, 0x0000000717800000|100%| O|  |TAMS 0x0000000717600000| PB 0x0000000717600000| Untracked 
| 149|0x0000000717800000, 0x0000000717a00000, 0x0000000717a00000|100%| O|  |TAMS 0x0000000717800000| PB 0x0000000717800000| Untracked 
| 150|0x0000000717a00000, 0x0000000717c00000, 0x0000000717c00000|100%| O|  |TAMS 0x0000000717a00000| PB 0x0000000717a00000| Untracked 
| 151|0x0000000717c00000, 0x0000000717c00000, 0x0000000717e00000|  0%| F|  |TAMS 0x0000000717c00000| PB 0x0000000717c00000| Untracked 
| 152|0x0000000717e00000, 0x0000000717e00000, 0x0000000718000000|  0%| F|  |TAMS 0x0000000717e00000| PB 0x0000000717e00000| Untracked 
| 153|0x0000000718000000, 0x0000000718200000, 0x0000000718200000|100%| O|  |TAMS 0x0000000718000000| PB 0x0000000718000000| Untracked 
| 154|0x0000000718200000, 0x0000000718200000, 0x0000000718400000|  0%| F|  |TAMS 0x0000000718200000| PB 0x0000000718200000| Untracked 
| 155|0x0000000718400000, 0x0000000718400000, 0x0000000718600000|  0%| F|  |TAMS 0x0000000718400000| PB 0x0000000718400000| Untracked 
| 156|0x0000000718600000, 0x0000000718800000, 0x0000000718800000|100%| O|  |TAMS 0x0000000718600000| PB 0x0000000718600000| Untracked 
| 157|0x0000000718800000, 0x0000000718a00000, 0x0000000718a00000|100%| O|  |TAMS 0x0000000718800000| PB 0x0000000718800000| Untracked 
| 158|0x0000000718a00000, 0x0000000718c00000, 0x0000000718c00000|100%| O|  |TAMS 0x0000000718a00000| PB 0x0000000718a00000| Untracked 
| 159|0x0000000718c00000, 0x0000000718e00000, 0x0000000718e00000|100%| O|  |TAMS 0x0000000718c00000| PB 0x0000000718c00000| Untracked 
| 160|0x0000000718e00000, 0x0000000719000000, 0x0000000719000000|100%| O|  |TAMS 0x0000000718e00000| PB 0x0000000718e00000| Untracked 
| 161|0x0000000719000000, 0x0000000719200000, 0x0000000719200000|100%| O|  |TAMS 0x0000000719000000| PB 0x0000000719000000| Untracked 
| 162|0x0000000719200000, 0x0000000719400000, 0x0000000719400000|100%| O|  |TAMS 0x0000000719200000| PB 0x0000000719200000| Untracked 
| 163|0x0000000719400000, 0x0000000719600000, 0x0000000719600000|100%| O|  |TAMS 0x0000000719400000| PB 0x0000000719400000| Untracked 
| 164|0x0000000719600000, 0x0000000719800000, 0x0000000719800000|100%| O|  |TAMS 0x0000000719600000| PB 0x0000000719600000| Untracked 
| 165|0x0000000719800000, 0x0000000719800000, 0x0000000719a00000|  0%| F|  |TAMS 0x0000000719800000| PB 0x0000000719800000| Untracked 
| 166|0x0000000719a00000, 0x0000000719c00000, 0x0000000719c00000|100%| O|  |TAMS 0x0000000719a00000| PB 0x0000000719a00000| Untracked 
| 167|0x0000000719c00000, 0x0000000719e00000, 0x0000000719e00000|100%| O|  |TAMS 0x0000000719c00000| PB 0x0000000719c00000| Untracked 
| 168|0x0000000719e00000, 0x000000071a000000, 0x000000071a000000|100%| O|  |TAMS 0x0000000719e00000| PB 0x0000000719e00000| Untracked 
| 169|0x000000071a000000, 0x000000071a200000, 0x000000071a200000|100%| O|  |TAMS 0x000000071a000000| PB 0x000000071a000000| Untracked 
| 170|0x000000071a200000, 0x000000071a400000, 0x000000071a400000|100%| O|  |TAMS 0x000000071a200000| PB 0x000000071a200000| Untracked 
| 171|0x000000071a400000, 0x000000071a600000, 0x000000071a600000|100%| O|  |TAMS 0x000000071a400000| PB 0x000000071a400000| Untracked 
| 172|0x000000071a600000, 0x000000071a800000, 0x000000071a800000|100%| O|  |TAMS 0x000000071a600000| PB 0x000000071a600000| Untracked 
| 173|0x000000071a800000, 0x000000071aa00000, 0x000000071aa00000|100%| O|  |TAMS 0x000000071a800000| PB 0x000000071a800000| Untracked 
| 174|0x000000071aa00000, 0x000000071ac00000, 0x000000071ac00000|100%| O|  |TAMS 0x000000071aa00000| PB 0x000000071aa00000| Untracked 
| 175|0x000000071ac00000, 0x000000071ae00000, 0x000000071ae00000|100%| O|  |TAMS 0x000000071ac00000| PB 0x000000071ac00000| Untracked 
| 176|0x000000071ae00000, 0x000000071b000000, 0x000000071b000000|100%| O|  |TAMS 0x000000071ae00000| PB 0x000000071ae00000| Untracked 
| 177|0x000000071b000000, 0x000000071b200000, 0x000000071b200000|100%| O|  |TAMS 0x000000071b000000| PB 0x000000071b000000| Untracked 
| 178|0x000000071b200000, 0x000000071b400000, 0x000000071b400000|100%| O|  |TAMS 0x000000071b200000| PB 0x000000071b200000| Untracked 
| 179|0x000000071b400000, 0x000000071b600000, 0x000000071b600000|100%| O|  |TAMS 0x000000071b400000| PB 0x000000071b400000| Untracked 
| 180|0x000000071b600000, 0x000000071b800000, 0x000000071b800000|100%| O|  |TAMS 0x000000071b600000| PB 0x000000071b600000| Untracked 
| 181|0x000000071b800000, 0x000000071ba00000, 0x000000071ba00000|100%| O|  |TAMS 0x000000071b800000| PB 0x000000071b800000| Untracked 
| 182|0x000000071ba00000, 0x000000071bc00000, 0x000000071bc00000|100%| O|  |TAMS 0x000000071ba00000| PB 0x000000071ba00000| Untracked 
| 183|0x000000071bc00000, 0x000000071be00000, 0x000000071be00000|100%| O|  |TAMS 0x000000071bc00000| PB 0x000000071bc00000| Untracked 
| 184|0x000000071be00000, 0x000000071c000000, 0x000000071c000000|100%| O|  |TAMS 0x000000071be00000| PB 0x000000071be00000| Untracked 
| 185|0x000000071c000000, 0x000000071c200000, 0x000000071c200000|100%| O|  |TAMS 0x000000071c000000| PB 0x000000071c000000| Untracked 
| 186|0x000000071c200000, 0x000000071c400000, 0x000000071c400000|100%| O|  |TAMS 0x000000071c200000| PB 0x000000071c200000| Untracked 
| 187|0x000000071c400000, 0x000000071c600000, 0x000000071c600000|100%| O|  |TAMS 0x000000071c400000| PB 0x000000071c400000| Untracked 
| 188|0x000000071c600000, 0x000000071c800000, 0x000000071c800000|100%| O|  |TAMS 0x000000071c600000| PB 0x000000071c600000| Untracked 
| 189|0x000000071c800000, 0x000000071ca00000, 0x000000071ca00000|100%| O|  |TAMS 0x000000071c800000| PB 0x000000071c800000| Untracked 
| 190|0x000000071ca00000, 0x000000071cc00000, 0x000000071cc00000|100%| O|  |TAMS 0x000000071ca00000| PB 0x000000071ca00000| Untracked 
| 191|0x000000071cc00000, 0x000000071ce00000, 0x000000071ce00000|100%| O|  |TAMS 0x000000071cc00000| PB 0x000000071cc00000| Untracked 
| 192|0x000000071ce00000, 0x000000071d000000, 0x000000071d000000|100%| O|  |TAMS 0x000000071ce00000| PB 0x000000071ce00000| Untracked 
| 193|0x000000071d000000, 0x000000071d200000, 0x000000071d200000|100%| O|  |TAMS 0x000000071d000000| PB 0x000000071d000000| Untracked 
| 194|0x000000071d200000, 0x000000071d400000, 0x000000071d400000|100%| O|  |TAMS 0x000000071d200000| PB 0x000000071d200000| Untracked 
| 195|0x000000071d400000, 0x000000071d600000, 0x000000071d600000|100%| O|  |TAMS 0x000000071d400000| PB 0x000000071d400000| Untracked 
| 196|0x000000071d600000, 0x000000071d800000, 0x000000071d800000|100%| O|  |TAMS 0x000000071d600000| PB 0x000000071d600000| Untracked 
| 197|0x000000071d800000, 0x000000071da00000, 0x000000071da00000|100%| O|  |TAMS 0x000000071d800000| PB 0x000000071d800000| Untracked 
| 198|0x000000071da00000, 0x000000071dc00000, 0x000000071dc00000|100%| O|  |TAMS 0x000000071da00000| PB 0x000000071da00000| Untracked 
| 199|0x000000071dc00000, 0x000000071dc00000, 0x000000071de00000|  0%| F|  |TAMS 0x000000071dc00000| PB 0x000000071dc00000| Untracked 
| 200|0x000000071de00000, 0x000000071de00000, 0x000000071e000000|  0%| F|  |TAMS 0x000000071de00000| PB 0x000000071de00000| Untracked 
| 201|0x000000071e000000, 0x000000071e000000, 0x000000071e200000|  0%| F|  |TAMS 0x000000071e000000| PB 0x000000071e000000| Untracked 
| 202|0x000000071e200000, 0x000000071e200000, 0x000000071e400000|  0%| F|  |TAMS 0x000000071e200000| PB 0x000000071e200000| Untracked 
| 203|0x000000071e400000, 0x000000071e400000, 0x000000071e600000|  0%| F|  |TAMS 0x000000071e400000| PB 0x000000071e400000| Untracked 
| 204|0x000000071e600000, 0x000000071e600000, 0x000000071e800000|  0%| F|  |TAMS 0x000000071e600000| PB 0x000000071e600000| Untracked 
| 205|0x000000071e800000, 0x000000071e800000, 0x000000071ea00000|  0%| F|  |TAMS 0x000000071e800000| PB 0x000000071e800000| Untracked 
| 206|0x000000071ea00000, 0x000000071ea00000, 0x000000071ec00000|  0%| F|  |TAMS 0x000000071ea00000| PB 0x000000071ea00000| Untracked 
| 207|0x000000071ec00000, 0x000000071ec00000, 0x000000071ee00000|  0%| F|  |TAMS 0x000000071ec00000| PB 0x000000071ec00000| Untracked 
| 208|0x000000071ee00000, 0x000000071ee00000, 0x000000071f000000|  0%| F|  |TAMS 0x000000071ee00000| PB 0x000000071ee00000| Untracked 
| 209|0x000000071f000000, 0x000000071f000000, 0x000000071f200000|  0%| F|  |TAMS 0x000000071f000000| PB 0x000000071f000000| Untracked 
| 210|0x000000071f200000, 0x000000071f200000, 0x000000071f400000|  0%| F|  |TAMS 0x000000071f200000| PB 0x000000071f200000| Untracked 
| 211|0x000000071f400000, 0x000000071f600000, 0x000000071f600000|100%| O|  |TAMS 0x000000071f400000| PB 0x000000071f400000| Untracked 
| 212|0x000000071f600000, 0x000000071f800000, 0x000000071f800000|100%| O|  |TAMS 0x000000071f600000| PB 0x000000071f600000| Untracked 
| 213|0x000000071f800000, 0x000000071f800000, 0x000000071fa00000|  0%| F|  |TAMS 0x000000071f800000| PB 0x000000071f800000| Untracked 
| 214|0x000000071fa00000, 0x000000071fc00000, 0x000000071fc00000|100%| O|  |TAMS 0x000000071fa00000| PB 0x000000071fa00000| Untracked 
| 215|0x000000071fc00000, 0x000000071fe00000, 0x000000071fe00000|100%| O|  |TAMS 0x000000071fc00000| PB 0x000000071fc00000| Untracked 
| 216|0x000000071fe00000, 0x0000000720000000, 0x0000000720000000|100%| O|  |TAMS 0x000000071fe00000| PB 0x000000071fe00000| Untracked 
| 217|0x0000000720000000, 0x0000000720200000, 0x0000000720200000|100%| O|  |TAMS 0x0000000720000000| PB 0x0000000720000000| Untracked 
| 218|0x0000000720200000, 0x0000000720200000, 0x0000000720400000|  0%| F|  |TAMS 0x0000000720200000| PB 0x0000000720200000| Untracked 
| 219|0x0000000720400000, 0x0000000720400000, 0x0000000720600000|  0%| F|  |TAMS 0x0000000720400000| PB 0x0000000720400000| Untracked 
| 220|0x0000000720600000, 0x0000000720600000, 0x0000000720800000|  0%| F|  |TAMS 0x0000000720600000| PB 0x0000000720600000| Untracked 
| 221|0x0000000720800000, 0x0000000720800000, 0x0000000720a00000|  0%| F|  |TAMS 0x0000000720800000| PB 0x0000000720800000| Untracked 
| 222|0x0000000720a00000, 0x0000000720a00000, 0x0000000720c00000|  0%| F|  |TAMS 0x0000000720a00000| PB 0x0000000720a00000| Untracked 
| 223|0x0000000720c00000, 0x0000000720c00000, 0x0000000720e00000|  0%| F|  |TAMS 0x0000000720c00000| PB 0x0000000720c00000| Untracked 
| 224|0x0000000720e00000, 0x0000000720e00000, 0x0000000721000000|  0%| F|  |TAMS 0x0000000720e00000| PB 0x0000000720e00000| Untracked 
| 225|0x0000000721000000, 0x0000000721000000, 0x0000000721200000|  0%| F|  |TAMS 0x0000000721000000| PB 0x0000000721000000| Untracked 
| 226|0x0000000721200000, 0x0000000721200000, 0x0000000721400000|  0%| F|  |TAMS 0x0000000721200000| PB 0x0000000721200000| Untracked 
| 227|0x0000000721400000, 0x0000000721400000, 0x0000000721600000|  0%| F|  |TAMS 0x0000000721400000| PB 0x0000000721400000| Untracked 
| 228|0x0000000721600000, 0x0000000721600000, 0x0000000721800000|  0%| F|  |TAMS 0x0000000721600000| PB 0x0000000721600000| Untracked 
| 229|0x0000000721800000, 0x0000000721800000, 0x0000000721a00000|  0%| F|  |TAMS 0x0000000721800000| PB 0x0000000721800000| Untracked 
| 230|0x0000000721a00000, 0x0000000721a00000, 0x0000000721c00000|  0%| F|  |TAMS 0x0000000721a00000| PB 0x0000000721a00000| Untracked 
| 231|0x0000000721c00000, 0x0000000721c00000, 0x0000000721e00000|  0%| F|  |TAMS 0x0000000721c00000| PB 0x0000000721c00000| Untracked 
| 232|0x0000000721e00000, 0x0000000721e00000, 0x0000000722000000|  0%| F|  |TAMS 0x0000000721e00000| PB 0x0000000721e00000| Untracked 
| 233|0x0000000722000000, 0x0000000722000000, 0x0000000722200000|  0%| F|  |TAMS 0x0000000722000000| PB 0x0000000722000000| Untracked 
| 234|0x0000000722200000, 0x0000000722200000, 0x0000000722400000|  0%| F|  |TAMS 0x0000000722200000| PB 0x0000000722200000| Untracked 
| 235|0x0000000722400000, 0x0000000722400000, 0x0000000722600000|  0%| F|  |TAMS 0x0000000722400000| PB 0x0000000722400000| Untracked 
| 236|0x0000000722600000, 0x0000000722600000, 0x0000000722800000|  0%| F|  |TAMS 0x0000000722600000| PB 0x0000000722600000| Untracked 
| 237|0x0000000722800000, 0x0000000722800000, 0x0000000722a00000|  0%| F|  |TAMS 0x0000000722800000| PB 0x0000000722800000| Untracked 
| 238|0x0000000722a00000, 0x0000000722a00000, 0x0000000722c00000|  0%| F|  |TAMS 0x0000000722a00000| PB 0x0000000722a00000| Untracked 
| 239|0x0000000722c00000, 0x0000000722c00000, 0x0000000722e00000|  0%| F|  |TAMS 0x0000000722c00000| PB 0x0000000722c00000| Untracked 
| 240|0x0000000722e00000, 0x0000000722e00000, 0x0000000723000000|  0%| F|  |TAMS 0x0000000722e00000| PB 0x0000000722e00000| Untracked 
| 241|0x0000000723000000, 0x0000000723000000, 0x0000000723200000|  0%| F|  |TAMS 0x0000000723000000| PB 0x0000000723000000| Untracked 
| 242|0x0000000723200000, 0x0000000723200000, 0x0000000723400000|  0%| F|  |TAMS 0x0000000723200000| PB 0x0000000723200000| Untracked 
| 243|0x0000000723400000, 0x0000000723400000, 0x0000000723600000|  0%| F|  |TAMS 0x0000000723400000| PB 0x0000000723400000| Untracked 
| 244|0x0000000723600000, 0x0000000723600000, 0x0000000723800000|  0%| F|  |TAMS 0x0000000723600000| PB 0x0000000723600000| Untracked 
| 245|0x0000000723800000, 0x0000000723800000, 0x0000000723a00000|  0%| F|  |TAMS 0x0000000723800000| PB 0x0000000723800000| Untracked 
| 246|0x0000000723a00000, 0x0000000723a00000, 0x0000000723c00000|  0%| F|  |TAMS 0x0000000723a00000| PB 0x0000000723a00000| Untracked 
| 247|0x0000000723c00000, 0x0000000723c00000, 0x0000000723e00000|  0%| F|  |TAMS 0x0000000723c00000| PB 0x0000000723c00000| Untracked 
| 248|0x0000000723e00000, 0x0000000723e00000, 0x0000000724000000|  0%| F|  |TAMS 0x0000000723e00000| PB 0x0000000723e00000| Untracked 
| 249|0x0000000724000000, 0x0000000724000000, 0x0000000724200000|  0%| F|  |TAMS 0x0000000724000000| PB 0x0000000724000000| Untracked 
| 250|0x0000000724200000, 0x0000000724400000, 0x0000000724400000|100%| O|  |TAMS 0x0000000724200000| PB 0x0000000724200000| Untracked 
| 251|0x0000000724400000, 0x0000000724400000, 0x0000000724600000|  0%| F|  |TAMS 0x0000000724400000| PB 0x0000000724400000| Untracked 
| 252|0x0000000724600000, 0x0000000724600000, 0x0000000724800000|  0%| F|  |TAMS 0x0000000724600000| PB 0x0000000724600000| Untracked 
| 253|0x0000000724800000, 0x0000000724800000, 0x0000000724a00000|  0%| F|  |TAMS 0x0000000724800000| PB 0x0000000724800000| Untracked 
| 254|0x0000000724a00000, 0x0000000724a00000, 0x0000000724c00000|  0%| F|  |TAMS 0x0000000724a00000| PB 0x0000000724a00000| Untracked 
| 255|0x0000000724c00000, 0x0000000724c00000, 0x0000000724e00000|  0%| F|  |TAMS 0x0000000724c00000| PB 0x0000000724c00000| Untracked 
| 256|0x0000000724e00000, 0x0000000724e00000, 0x0000000725000000|  0%| F|  |TAMS 0x0000000724e00000| PB 0x0000000724e00000| Untracked 
| 257|0x0000000725000000, 0x0000000725000000, 0x0000000725200000|  0%| F|  |TAMS 0x0000000725000000| PB 0x0000000725000000| Untracked 
| 258|0x0000000725200000, 0x0000000725200000, 0x0000000725400000|  0%| F|  |TAMS 0x0000000725200000| PB 0x0000000725200000| Untracked 
| 259|0x0000000725400000, 0x0000000725400000, 0x0000000725600000|  0%| F|  |TAMS 0x0000000725400000| PB 0x0000000725400000| Untracked 
| 260|0x0000000725600000, 0x0000000725600000, 0x0000000725800000|  0%| F|  |TAMS 0x0000000725600000| PB 0x0000000725600000| Untracked 
| 261|0x0000000725800000, 0x0000000725800000, 0x0000000725a00000|  0%| F|  |TAMS 0x0000000725800000| PB 0x0000000725800000| Untracked 
| 262|0x0000000725a00000, 0x0000000725a00000, 0x0000000725c00000|  0%| F|  |TAMS 0x0000000725a00000| PB 0x0000000725a00000| Untracked 
| 263|0x0000000725c00000, 0x0000000725c00000, 0x0000000725e00000|  0%| F|  |TAMS 0x0000000725c00000| PB 0x0000000725c00000| Untracked 
| 264|0x0000000725e00000, 0x0000000725e00000, 0x0000000726000000|  0%| F|  |TAMS 0x0000000725e00000| PB 0x0000000725e00000| Untracked 
| 265|0x0000000726000000, 0x0000000726000000, 0x0000000726200000|  0%| F|  |TAMS 0x0000000726000000| PB 0x0000000726000000| Untracked 
| 266|0x0000000726200000, 0x0000000726200000, 0x0000000726400000|  0%| F|  |TAMS 0x0000000726200000| PB 0x0000000726200000| Untracked 
| 267|0x0000000726400000, 0x0000000726400000, 0x0000000726600000|  0%| F|  |TAMS 0x0000000726400000| PB 0x0000000726400000| Untracked 
| 268|0x0000000726600000, 0x0000000726600000, 0x0000000726800000|  0%| F|  |TAMS 0x0000000726600000| PB 0x0000000726600000| Untracked 
| 269|0x0000000726800000, 0x0000000726800000, 0x0000000726a00000|  0%| F|  |TAMS 0x0000000726800000| PB 0x0000000726800000| Untracked 
| 270|0x0000000726a00000, 0x0000000726a00000, 0x0000000726c00000|  0%| F|  |TAMS 0x0000000726a00000| PB 0x0000000726a00000| Untracked 
| 271|0x0000000726c00000, 0x0000000726c00000, 0x0000000726e00000|  0%| F|  |TAMS 0x0000000726c00000| PB 0x0000000726c00000| Untracked 
| 272|0x0000000726e00000, 0x0000000726e00000, 0x0000000727000000|  0%| F|  |TAMS 0x0000000726e00000| PB 0x0000000726e00000| Untracked 
| 273|0x0000000727000000, 0x0000000727000000, 0x0000000727200000|  0%| F|  |TAMS 0x0000000727000000| PB 0x0000000727000000| Untracked 
| 274|0x0000000727200000, 0x0000000727200000, 0x0000000727400000|  0%| F|  |TAMS 0x0000000727200000| PB 0x0000000727200000| Untracked 
| 275|0x0000000727400000, 0x0000000727400000, 0x0000000727600000|  0%| F|  |TAMS 0x0000000727400000| PB 0x0000000727400000| Untracked 
| 276|0x0000000727600000, 0x0000000727600000, 0x0000000727800000|  0%| F|  |TAMS 0x0000000727600000| PB 0x0000000727600000| Untracked 
| 277|0x0000000727800000, 0x0000000727800000, 0x0000000727a00000|  0%| F|  |TAMS 0x0000000727800000| PB 0x0000000727800000| Untracked 
| 278|0x0000000727a00000, 0x0000000727c00000, 0x0000000727c00000|100%| O|  |TAMS 0x0000000727a00000| PB 0x0000000727a00000| Untracked 
| 279|0x0000000727c00000, 0x0000000727e00000, 0x0000000727e00000|100%| O|  |TAMS 0x0000000727c00000| PB 0x0000000727c00000| Untracked 
| 280|0x0000000727e00000, 0x0000000728000000, 0x0000000728000000|100%| O|  |TAMS 0x0000000727e00000| PB 0x0000000727e00000| Untracked 
| 281|0x0000000728000000, 0x0000000728200000, 0x0000000728200000|100%| O|  |TAMS 0x0000000728000000| PB 0x0000000728000000| Untracked 
| 282|0x0000000728200000, 0x0000000728400000, 0x0000000728400000|100%| O|  |TAMS 0x0000000728200000| PB 0x0000000728200000| Untracked 
| 283|0x0000000728400000, 0x0000000728600000, 0x0000000728600000|100%| O|  |TAMS 0x0000000728400000| PB 0x0000000728400000| Untracked 
| 284|0x0000000728600000, 0x0000000728800000, 0x0000000728800000|100%| O|  |TAMS 0x0000000728600000| PB 0x0000000728600000| Untracked 
| 285|0x0000000728800000, 0x0000000728a00000, 0x0000000728a00000|100%| O|  |TAMS 0x0000000728800000| PB 0x0000000728800000| Untracked 
| 286|0x0000000728a00000, 0x0000000728c00000, 0x0000000728c00000|100%| O|  |TAMS 0x0000000728a00000| PB 0x0000000728a00000| Untracked 
| 287|0x0000000728c00000, 0x0000000728e00000, 0x0000000728e00000|100%| O|  |TAMS 0x0000000728c00000| PB 0x0000000728c00000| Untracked 
| 288|0x0000000728e00000, 0x0000000729000000, 0x0000000729000000|100%| O|  |TAMS 0x0000000728e00000| PB 0x0000000728e00000| Untracked 
| 289|0x0000000729000000, 0x0000000729200000, 0x0000000729200000|100%| O|  |TAMS 0x0000000729000000| PB 0x0000000729000000| Untracked 
| 290|0x0000000729200000, 0x0000000729400000, 0x0000000729400000|100%| O|  |TAMS 0x0000000729200000| PB 0x0000000729200000| Untracked 
| 291|0x0000000729400000, 0x0000000729600000, 0x0000000729600000|100%| O|  |TAMS 0x0000000729400000| PB 0x0000000729400000| Untracked 
| 292|0x0000000729600000, 0x0000000729800000, 0x0000000729800000|100%| O|  |TAMS 0x0000000729600000| PB 0x0000000729600000| Untracked 
| 293|0x0000000729800000, 0x0000000729a00000, 0x0000000729a00000|100%| O|  |TAMS 0x0000000729800000| PB 0x0000000729800000| Untracked 
| 294|0x0000000729a00000, 0x0000000729c00000, 0x0000000729c00000|100%| O|  |TAMS 0x0000000729a00000| PB 0x0000000729a00000| Untracked 
| 295|0x0000000729c00000, 0x0000000729e00000, 0x0000000729e00000|100%| O|  |TAMS 0x0000000729c00000| PB 0x0000000729c00000| Untracked 
| 296|0x0000000729e00000, 0x000000072a000000, 0x000000072a000000|100%| O|  |TAMS 0x0000000729e00000| PB 0x0000000729e00000| Untracked 
| 297|0x000000072a000000, 0x000000072a200000, 0x000000072a200000|100%| O|  |TAMS 0x000000072a000000| PB 0x000000072a000000| Untracked 
| 298|0x000000072a200000, 0x000000072a400000, 0x000000072a400000|100%| O|  |TAMS 0x000000072a200000| PB 0x000000072a200000| Untracked 
| 299|0x000000072a400000, 0x000000072a600000, 0x000000072a600000|100%| O|  |TAMS 0x000000072a400000| PB 0x000000072a400000| Untracked 
| 300|0x000000072a600000, 0x000000072a800000, 0x000000072a800000|100%| O|  |TAMS 0x000000072a600000| PB 0x000000072a600000| Untracked 
| 301|0x000000072a800000, 0x000000072aa00000, 0x000000072aa00000|100%| O|  |TAMS 0x000000072a800000| PB 0x000000072a800000| Untracked 
| 302|0x000000072aa00000, 0x000000072ac00000, 0x000000072ac00000|100%| O|  |TAMS 0x000000072aa00000| PB 0x000000072aa00000| Untracked 
| 303|0x000000072ac00000, 0x000000072ae00000, 0x000000072ae00000|100%| O|  |TAMS 0x000000072ac00000| PB 0x000000072ac00000| Untracked 
| 304|0x000000072ae00000, 0x000000072b000000, 0x000000072b000000|100%| O|  |TAMS 0x000000072ae00000| PB 0x000000072ae00000| Untracked 
| 305|0x000000072b000000, 0x000000072b200000, 0x000000072b200000|100%| O|  |TAMS 0x000000072b000000| PB 0x000000072b000000| Untracked 
| 306|0x000000072b200000, 0x000000072b400000, 0x000000072b400000|100%| O|  |TAMS 0x000000072b200000| PB 0x000000072b200000| Untracked 
| 307|0x000000072b400000, 0x000000072b600000, 0x000000072b600000|100%| O|  |TAMS 0x000000072b400000| PB 0x000000072b400000| Untracked 
| 308|0x000000072b600000, 0x000000072b800000, 0x000000072b800000|100%| O|  |TAMS 0x000000072b600000| PB 0x000000072b600000| Untracked 
| 309|0x000000072b800000, 0x000000072ba00000, 0x000000072ba00000|100%| O|  |TAMS 0x000000072b800000| PB 0x000000072b800000| Untracked 
| 310|0x000000072ba00000, 0x000000072bc00000, 0x000000072bc00000|100%| O|  |TAMS 0x000000072ba00000| PB 0x000000072ba00000| Untracked 
| 311|0x000000072bc00000, 0x000000072be00000, 0x000000072be00000|100%| O|  |TAMS 0x000000072bc00000| PB 0x000000072bc00000| Untracked 
| 312|0x000000072be00000, 0x000000072c000000, 0x000000072c000000|100%| O|  |TAMS 0x000000072be00000| PB 0x000000072be00000| Untracked 
| 313|0x000000072c000000, 0x000000072c200000, 0x000000072c200000|100%| O|  |TAMS 0x000000072c000000| PB 0x000000072c000000| Untracked 
| 314|0x000000072c200000, 0x000000072c400000, 0x000000072c400000|100%| O|  |TAMS 0x000000072c200000| PB 0x000000072c200000| Untracked 
| 315|0x000000072c400000, 0x000000072c600000, 0x000000072c600000|100%| O|  |TAMS 0x000000072c400000| PB 0x000000072c400000| Untracked 
| 316|0x000000072c600000, 0x000000072c800000, 0x000000072c800000|100%| O|  |TAMS 0x000000072c600000| PB 0x000000072c600000| Untracked 
| 317|0x000000072c800000, 0x000000072ca00000, 0x000000072ca00000|100%| O|  |TAMS 0x000000072c800000| PB 0x000000072c800000| Untracked 
| 318|0x000000072ca00000, 0x000000072cc00000, 0x000000072cc00000|100%| O|  |TAMS 0x000000072ca00000| PB 0x000000072ca00000| Untracked 
| 319|0x000000072cc00000, 0x000000072cc00000, 0x000000072ce00000|  0%| F|  |TAMS 0x000000072cc00000| PB 0x000000072cc00000| Untracked 
| 320|0x000000072ce00000, 0x000000072ce00000, 0x000000072d000000|  0%| F|  |TAMS 0x000000072ce00000| PB 0x000000072ce00000| Untracked 
| 321|0x000000072d000000, 0x000000072d000000, 0x000000072d200000|  0%| F|  |TAMS 0x000000072d000000| PB 0x000000072d000000| Untracked 
| 322|0x000000072d200000, 0x000000072d200000, 0x000000072d400000|  0%| F|  |TAMS 0x000000072d200000| PB 0x000000072d200000| Untracked 
| 323|0x000000072d400000, 0x000000072d400000, 0x000000072d600000|  0%| F|  |TAMS 0x000000072d400000| PB 0x000000072d400000| Untracked 
| 324|0x000000072d600000, 0x000000072d600000, 0x000000072d800000|  0%| F|  |TAMS 0x000000072d600000| PB 0x000000072d600000| Untracked 
| 325|0x000000072d800000, 0x000000072d800000, 0x000000072da00000|  0%| F|  |TAMS 0x000000072d800000| PB 0x000000072d800000| Untracked 
| 326|0x000000072da00000, 0x000000072da00000, 0x000000072dc00000|  0%| F|  |TAMS 0x000000072da00000| PB 0x000000072da00000| Untracked 
| 327|0x000000072dc00000, 0x000000072dc00000, 0x000000072de00000|  0%| F|  |TAMS 0x000000072dc00000| PB 0x000000072dc00000| Untracked 
| 328|0x000000072de00000, 0x000000072de00000, 0x000000072e000000|  0%| F|  |TAMS 0x000000072de00000| PB 0x000000072de00000| Untracked 
| 329|0x000000072e000000, 0x000000072e000000, 0x000000072e200000|  0%| F|  |TAMS 0x000000072e000000| PB 0x000000072e000000| Untracked 
| 330|0x000000072e200000, 0x000000072e200000, 0x000000072e400000|  0%| F|  |TAMS 0x000000072e200000| PB 0x000000072e200000| Untracked 
| 331|0x000000072e400000, 0x000000072e400000, 0x000000072e600000|  0%| F|  |TAMS 0x000000072e400000| PB 0x000000072e400000| Untracked 
| 332|0x000000072e600000, 0x000000072e600000, 0x000000072e800000|  0%| F|  |TAMS 0x000000072e600000| PB 0x000000072e600000| Untracked 
| 333|0x000000072e800000, 0x000000072e800000, 0x000000072ea00000|  0%| F|  |TAMS 0x000000072e800000| PB 0x000000072e800000| Untracked 
| 334|0x000000072ea00000, 0x000000072ea00000, 0x000000072ec00000|  0%| F|  |TAMS 0x000000072ea00000| PB 0x000000072ea00000| Untracked 
| 335|0x000000072ec00000, 0x000000072ec00000, 0x000000072ee00000|  0%| F|  |TAMS 0x000000072ec00000| PB 0x000000072ec00000| Untracked 
| 336|0x000000072ee00000, 0x000000072ee00000, 0x000000072f000000|  0%| F|  |TAMS 0x000000072ee00000| PB 0x000000072ee00000| Untracked 
| 337|0x000000072f000000, 0x000000072f000000, 0x000000072f200000|  0%| F|  |TAMS 0x000000072f000000| PB 0x000000072f000000| Untracked 
| 338|0x000000072f200000, 0x000000072f200000, 0x000000072f400000|  0%| F|  |TAMS 0x000000072f200000| PB 0x000000072f200000| Untracked 
| 339|0x000000072f400000, 0x000000072f400000, 0x000000072f600000|  0%| F|  |TAMS 0x000000072f400000| PB 0x000000072f400000| Untracked 
| 340|0x000000072f600000, 0x000000072f600000, 0x000000072f800000|  0%| F|  |TAMS 0x000000072f600000| PB 0x000000072f600000| Untracked 
| 341|0x000000072f800000, 0x000000072f800000, 0x000000072fa00000|  0%| F|  |TAMS 0x000000072f800000| PB 0x000000072f800000| Untracked 
| 342|0x000000072fa00000, 0x000000072fa00000, 0x000000072fc00000|  0%| F|  |TAMS 0x000000072fa00000| PB 0x000000072fa00000| Untracked 
| 343|0x000000072fc00000, 0x000000072fc00000, 0x000000072fe00000|  0%| F|  |TAMS 0x000000072fc00000| PB 0x000000072fc00000| Untracked 
| 344|0x000000072fe00000, 0x000000072fe00000, 0x0000000730000000|  0%| F|  |TAMS 0x000000072fe00000| PB 0x000000072fe00000| Untracked 
| 345|0x0000000730000000, 0x0000000730000000, 0x0000000730200000|  0%| F|  |TAMS 0x0000000730000000| PB 0x0000000730000000| Untracked 
| 346|0x0000000730200000, 0x0000000730200000, 0x0000000730400000|  0%| F|  |TAMS 0x0000000730200000| PB 0x0000000730200000| Untracked 
| 347|0x0000000730400000, 0x0000000730400000, 0x0000000730600000|  0%| F|  |TAMS 0x0000000730400000| PB 0x0000000730400000| Untracked 
| 348|0x0000000730600000, 0x0000000730600000, 0x0000000730800000|  0%| F|  |TAMS 0x0000000730600000| PB 0x0000000730600000| Untracked 
| 349|0x0000000730800000, 0x0000000730800000, 0x0000000730a00000|  0%| F|  |TAMS 0x0000000730800000| PB 0x0000000730800000| Untracked 
| 350|0x0000000730a00000, 0x0000000730a00000, 0x0000000730c00000|  0%| F|  |TAMS 0x0000000730a00000| PB 0x0000000730a00000| Untracked 
| 351|0x0000000730c00000, 0x0000000730c00000, 0x0000000730e00000|  0%| F|  |TAMS 0x0000000730c00000| PB 0x0000000730c00000| Untracked 
| 352|0x0000000730e00000, 0x0000000730e00000, 0x0000000731000000|  0%| F|  |TAMS 0x0000000730e00000| PB 0x0000000730e00000| Untracked 
| 353|0x0000000731000000, 0x0000000731000000, 0x0000000731200000|  0%| F|  |TAMS 0x0000000731000000| PB 0x0000000731000000| Untracked 
| 354|0x0000000731200000, 0x0000000731200000, 0x0000000731400000|  0%| F|  |TAMS 0x0000000731200000| PB 0x0000000731200000| Untracked 
| 355|0x0000000731400000, 0x0000000731400000, 0x0000000731600000|  0%| F|  |TAMS 0x0000000731400000| PB 0x0000000731400000| Untracked 
| 356|0x0000000731600000, 0x0000000731600000, 0x0000000731800000|  0%| F|  |TAMS 0x0000000731600000| PB 0x0000000731600000| Untracked 
| 357|0x0000000731800000, 0x0000000731800000, 0x0000000731a00000|  0%| F|  |TAMS 0x0000000731800000| PB 0x0000000731800000| Untracked 
| 358|0x0000000731a00000, 0x0000000731a00000, 0x0000000731c00000|  0%| F|  |TAMS 0x0000000731a00000| PB 0x0000000731a00000| Untracked 
| 359|0x0000000731c00000, 0x0000000731c00000, 0x0000000731e00000|  0%| F|  |TAMS 0x0000000731c00000| PB 0x0000000731c00000| Untracked 
| 360|0x0000000731e00000, 0x0000000731e00000, 0x0000000732000000|  0%| F|  |TAMS 0x0000000731e00000| PB 0x0000000731e00000| Untracked 
| 361|0x0000000732000000, 0x0000000732000000, 0x0000000732200000|  0%| F|  |TAMS 0x0000000732000000| PB 0x0000000732000000| Untracked 
| 362|0x0000000732200000, 0x0000000732200000, 0x0000000732400000|  0%| F|  |TAMS 0x0000000732200000| PB 0x0000000732200000| Untracked 
| 363|0x0000000732400000, 0x0000000732400000, 0x0000000732600000|  0%| F|  |TAMS 0x0000000732400000| PB 0x0000000732400000| Untracked 
| 364|0x0000000732600000, 0x0000000732600000, 0x0000000732800000|  0%| F|  |TAMS 0x0000000732600000| PB 0x0000000732600000| Untracked 
| 365|0x0000000732800000, 0x0000000732800000, 0x0000000732a00000|  0%| F|  |TAMS 0x0000000732800000| PB 0x0000000732800000| Untracked 
| 366|0x0000000732a00000, 0x0000000732a00000, 0x0000000732c00000|  0%| F|  |TAMS 0x0000000732a00000| PB 0x0000000732a00000| Untracked 
| 367|0x0000000732c00000, 0x0000000732c00000, 0x0000000732e00000|  0%| F|  |TAMS 0x0000000732c00000| PB 0x0000000732c00000| Untracked 
| 368|0x0000000732e00000, 0x0000000732e00000, 0x0000000733000000|  0%| F|  |TAMS 0x0000000732e00000| PB 0x0000000732e00000| Untracked 
| 369|0x0000000733000000, 0x0000000733000000, 0x0000000733200000|  0%| F|  |TAMS 0x0000000733000000| PB 0x0000000733000000| Untracked 
| 370|0x0000000733200000, 0x0000000733200000, 0x0000000733400000|  0%| F|  |TAMS 0x0000000733200000| PB 0x0000000733200000| Untracked 
| 371|0x0000000733400000, 0x0000000733400000, 0x0000000733600000|  0%| F|  |TAMS 0x0000000733400000| PB 0x0000000733400000| Untracked 
| 372|0x0000000733600000, 0x0000000733600000, 0x0000000733800000|  0%| F|  |TAMS 0x0000000733600000| PB 0x0000000733600000| Untracked 
| 373|0x0000000733800000, 0x0000000733800000, 0x0000000733a00000|  0%| F|  |TAMS 0x0000000733800000| PB 0x0000000733800000| Untracked 
| 374|0x0000000733a00000, 0x0000000733a00000, 0x0000000733c00000|  0%| F|  |TAMS 0x0000000733a00000| PB 0x0000000733a00000| Untracked 
| 375|0x0000000733c00000, 0x0000000733e00000, 0x0000000733e00000|100%| S|CS|TAMS 0x0000000733c00000| PB 0x0000000733c00000| Complete 
| 376|0x0000000733e00000, 0x0000000734000000, 0x0000000734000000|100%| S|CS|TAMS 0x0000000733e00000| PB 0x0000000733e00000| Complete 
| 377|0x0000000734000000, 0x0000000734200000, 0x0000000734200000|100%| S|CS|TAMS 0x0000000734000000| PB 0x0000000734000000| Complete 
| 378|0x0000000734200000, 0x0000000734400000, 0x0000000734400000|100%| S|CS|TAMS 0x0000000734200000| PB 0x0000000734200000| Complete 
| 379|0x0000000734400000, 0x0000000734600000, 0x0000000734600000|100%| S|CS|TAMS 0x0000000734400000| PB 0x0000000734400000| Complete 
| 380|0x0000000734600000, 0x0000000734800000, 0x0000000734800000|100%| S|CS|TAMS 0x0000000734600000| PB 0x0000000734600000| Complete 
| 381|0x0000000734800000, 0x0000000734a00000, 0x0000000734a00000|100%| S|CS|TAMS 0x0000000734800000| PB 0x0000000734800000| Complete 
| 382|0x0000000734a00000, 0x0000000734c00000, 0x0000000734c00000|100%| S|CS|TAMS 0x0000000734a00000| PB 0x0000000734a00000| Complete 
| 383|0x0000000734c00000, 0x0000000734e00000, 0x0000000734e00000|100%| S|CS|TAMS 0x0000000734c00000| PB 0x0000000734c00000| Complete 
| 384|0x0000000734e00000, 0x0000000735000000, 0x0000000735000000|100%| S|CS|TAMS 0x0000000734e00000| PB 0x0000000734e00000| Complete 
| 385|0x0000000735000000, 0x0000000735200000, 0x0000000735200000|100%| S|CS|TAMS 0x0000000735000000| PB 0x0000000735000000| Complete 
| 386|0x0000000735200000, 0x0000000735400000, 0x0000000735400000|100%| S|CS|TAMS 0x0000000735200000| PB 0x0000000735200000| Complete 
| 387|0x0000000735400000, 0x0000000735600000, 0x0000000735600000|100%| S|CS|TAMS 0x0000000735400000| PB 0x0000000735400000| Complete 
| 388|0x0000000735600000, 0x0000000735800000, 0x0000000735800000|100%| S|CS|TAMS 0x0000000735600000| PB 0x0000000735600000| Complete 
| 389|0x0000000735800000, 0x0000000735a00000, 0x0000000735a00000|100%| S|CS|TAMS 0x0000000735800000| PB 0x0000000735800000| Complete 
| 390|0x0000000735a00000, 0x0000000735c00000, 0x0000000735c00000|100%| S|CS|TAMS 0x0000000735a00000| PB 0x0000000735a00000| Complete 
| 391|0x0000000735c00000, 0x0000000735e00000, 0x0000000735e00000|100%| S|CS|TAMS 0x0000000735c00000| PB 0x0000000735c00000| Complete 
| 392|0x0000000735e00000, 0x0000000736000000, 0x0000000736000000|100%| S|CS|TAMS 0x0000000735e00000| PB 0x0000000735e00000| Complete 
| 393|0x0000000736000000, 0x0000000736200000, 0x0000000736200000|100%| S|CS|TAMS 0x0000000736000000| PB 0x0000000736000000| Complete 
| 394|0x0000000736200000, 0x0000000736200000, 0x0000000736400000|  0%| F|  |TAMS 0x0000000736200000| PB 0x0000000736200000| Untracked 
| 395|0x0000000736400000, 0x0000000736400000, 0x0000000736600000|  0%| F|  |TAMS 0x0000000736400000| PB 0x0000000736400000| Untracked 
| 396|0x0000000736600000, 0x0000000736600000, 0x0000000736800000|  0%| F|  |TAMS 0x0000000736600000| PB 0x0000000736600000| Untracked 
| 397|0x0000000736800000, 0x0000000736800000, 0x0000000736a00000|  0%| F|  |TAMS 0x0000000736800000| PB 0x0000000736800000| Untracked 
| 398|0x0000000736a00000, 0x0000000736a00000, 0x0000000736c00000|  0%| F|  |TAMS 0x0000000736a00000| PB 0x0000000736a00000| Untracked 
| 399|0x0000000736c00000, 0x0000000736c00000, 0x0000000736e00000|  0%| F|  |TAMS 0x0000000736c00000| PB 0x0000000736c00000| Untracked 
| 400|0x0000000736e00000, 0x0000000736e00000, 0x0000000737000000|  0%| F|  |TAMS 0x0000000736e00000| PB 0x0000000736e00000| Untracked 
| 401|0x0000000737000000, 0x0000000737000000, 0x0000000737200000|  0%| F|  |TAMS 0x0000000737000000| PB 0x0000000737000000| Untracked 
| 402|0x0000000737200000, 0x0000000737200000, 0x0000000737400000|  0%| F|  |TAMS 0x0000000737200000| PB 0x0000000737200000| Untracked 
| 403|0x0000000737400000, 0x0000000737400000, 0x0000000737600000|  0%| F|  |TAMS 0x0000000737400000| PB 0x0000000737400000| Untracked 
| 404|0x0000000737600000, 0x0000000737600000, 0x0000000737800000|  0%| F|  |TAMS 0x0000000737600000| PB 0x0000000737600000| Untracked 
| 405|0x0000000737800000, 0x0000000737800000, 0x0000000737a00000|  0%| F|  |TAMS 0x0000000737800000| PB 0x0000000737800000| Untracked 
| 406|0x0000000737a00000, 0x0000000737a00000, 0x0000000737c00000|  0%| F|  |TAMS 0x0000000737a00000| PB 0x0000000737a00000| Untracked 
| 407|0x0000000737c00000, 0x0000000737c00000, 0x0000000737e00000|  0%| F|  |TAMS 0x0000000737c00000| PB 0x0000000737c00000| Untracked 
| 408|0x0000000737e00000, 0x0000000737e00000, 0x0000000738000000|  0%| F|  |TAMS 0x0000000737e00000| PB 0x0000000737e00000| Untracked 
| 409|0x0000000738000000, 0x0000000738000000, 0x0000000738200000|  0%| F|  |TAMS 0x0000000738000000| PB 0x0000000738000000| Untracked 
| 410|0x0000000738200000, 0x0000000738200000, 0x0000000738400000|  0%| F|  |TAMS 0x0000000738200000| PB 0x0000000738200000| Untracked 
| 411|0x0000000738400000, 0x0000000738400000, 0x0000000738600000|  0%| F|  |TAMS 0x0000000738400000| PB 0x0000000738400000| Untracked 
| 412|0x0000000738600000, 0x0000000738600000, 0x0000000738800000|  0%| F|  |TAMS 0x0000000738600000| PB 0x0000000738600000| Untracked 
| 413|0x0000000738800000, 0x0000000738800000, 0x0000000738a00000|  0%| F|  |TAMS 0x0000000738800000| PB 0x0000000738800000| Untracked 
| 414|0x0000000738a00000, 0x0000000738a00000, 0x0000000738c00000|  0%| F|  |TAMS 0x0000000738a00000| PB 0x0000000738a00000| Untracked 
| 415|0x0000000738c00000, 0x0000000738c00000, 0x0000000738e00000|  0%| F|  |TAMS 0x0000000738c00000| PB 0x0000000738c00000| Untracked 
| 416|0x0000000738e00000, 0x0000000738e00000, 0x0000000739000000|  0%| F|  |TAMS 0x0000000738e00000| PB 0x0000000738e00000| Untracked 
| 417|0x0000000739000000, 0x0000000739200000, 0x0000000739200000|100%| O|  |TAMS 0x0000000739000000| PB 0x0000000739000000| Untracked 
| 418|0x0000000739200000, 0x0000000739400000, 0x0000000739400000|100%| O|  |TAMS 0x0000000739200000| PB 0x0000000739200000| Untracked 
| 419|0x0000000739400000, 0x0000000739400000, 0x0000000739600000|  0%| F|  |TAMS 0x0000000739400000| PB 0x0000000739400000| Untracked 
| 420|0x0000000739600000, 0x0000000739600000, 0x0000000739800000|  0%| F|  |TAMS 0x0000000739600000| PB 0x0000000739600000| Untracked 
| 421|0x0000000739800000, 0x0000000739a00000, 0x0000000739a00000|100%| O|  |TAMS 0x0000000739800000| PB 0x0000000739800000| Untracked 
| 422|0x0000000739a00000, 0x0000000739c00000, 0x0000000739c00000|100%| O|  |TAMS 0x0000000739a00000| PB 0x0000000739a00000| Untracked 
| 423|0x0000000739c00000, 0x0000000739e00000, 0x0000000739e00000|100%| O|  |TAMS 0x0000000739c00000| PB 0x0000000739c00000| Untracked 
| 424|0x0000000739e00000, 0x000000073a000000, 0x000000073a000000|100%| O|  |TAMS 0x0000000739e00000| PB 0x0000000739e00000| Untracked 
| 425|0x000000073a000000, 0x000000073a200000, 0x000000073a200000|100%| O|  |TAMS 0x000000073a000000| PB 0x000000073a000000| Untracked 
| 426|0x000000073a200000, 0x000000073a400000, 0x000000073a400000|100%| O|  |TAMS 0x000000073a200000| PB 0x000000073a200000| Untracked 
| 427|0x000000073a400000, 0x000000073a600000, 0x000000073a600000|100%| O|  |TAMS 0x000000073a400000| PB 0x000000073a400000| Untracked 
| 428|0x000000073a600000, 0x000000073a600000, 0x000000073a800000|  0%| F|  |TAMS 0x000000073a600000| PB 0x000000073a600000| Untracked 
| 429|0x000000073a800000, 0x000000073aa00000, 0x000000073aa00000|100%| O|  |TAMS 0x000000073a800000| PB 0x000000073a800000| Untracked 
| 430|0x000000073aa00000, 0x000000073ac00000, 0x000000073ac00000|100%| O|  |TAMS 0x000000073aa00000| PB 0x000000073aa00000| Untracked 
| 431|0x000000073ac00000, 0x000000073ae00000, 0x000000073ae00000|100%| O|  |TAMS 0x000000073ac00000| PB 0x000000073ac00000| Untracked 
| 432|0x000000073ae00000, 0x000000073b000000, 0x000000073b000000|100%| O|  |TAMS 0x000000073ae00000| PB 0x000000073ae00000| Untracked 
| 433|0x000000073b000000, 0x000000073b200000, 0x000000073b200000|100%| O|  |TAMS 0x000000073b000000| PB 0x000000073b000000| Untracked 
| 434|0x000000073b200000, 0x000000073b400000, 0x000000073b400000|100%| O|  |TAMS 0x000000073b200000| PB 0x000000073b200000| Untracked 
| 435|0x000000073b400000, 0x000000073b600000, 0x000000073b600000|100%| O|  |TAMS 0x000000073b400000| PB 0x000000073b400000| Untracked 
| 436|0x000000073b600000, 0x000000073b800000, 0x000000073b800000|100%| O|  |TAMS 0x000000073b600000| PB 0x000000073b600000| Untracked 
| 437|0x000000073b800000, 0x000000073ba00000, 0x000000073ba00000|100%| O|  |TAMS 0x000000073b800000| PB 0x000000073b800000| Untracked 
| 438|0x000000073ba00000, 0x000000073bc00000, 0x000000073bc00000|100%| O|  |TAMS 0x000000073ba00000| PB 0x000000073ba00000| Untracked 
| 439|0x000000073bc00000, 0x000000073be00000, 0x000000073be00000|100%| O|  |TAMS 0x000000073bc00000| PB 0x000000073bc00000| Untracked 
| 440|0x000000073be00000, 0x000000073c000000, 0x000000073c000000|100%| O|  |TAMS 0x000000073be00000| PB 0x000000073be00000| Untracked 
| 441|0x000000073c000000, 0x000000073c200000, 0x000000073c200000|100%| O|  |TAMS 0x000000073c000000| PB 0x000000073c000000| Untracked 
| 442|0x000000073c200000, 0x000000073c400000, 0x000000073c400000|100%| O|  |TAMS 0x000000073c200000| PB 0x000000073c200000| Untracked 
| 443|0x000000073c400000, 0x000000073c600000, 0x000000073c600000|100%| O|  |TAMS 0x000000073c400000| PB 0x000000073c400000| Untracked 
| 444|0x000000073c600000, 0x000000073c800000, 0x000000073c800000|100%| O|  |TAMS 0x000000073c600000| PB 0x000000073c600000| Untracked 
| 445|0x000000073c800000, 0x000000073ca00000, 0x000000073ca00000|100%| O|  |TAMS 0x000000073c800000| PB 0x000000073c800000| Untracked 
| 446|0x000000073ca00000, 0x000000073cc00000, 0x000000073cc00000|100%| O|  |TAMS 0x000000073ca00000| PB 0x000000073ca00000| Untracked 
| 447|0x000000073cc00000, 0x000000073ce00000, 0x000000073ce00000|100%| O|  |TAMS 0x000000073cc00000| PB 0x000000073cc00000| Untracked 
| 448|0x000000073ce00000, 0x000000073d000000, 0x000000073d000000|100%| O|  |TAMS 0x000000073ce00000| PB 0x000000073ce00000| Untracked 
| 449|0x000000073d000000, 0x000000073d200000, 0x000000073d200000|100%| O|  |TAMS 0x000000073d000000| PB 0x000000073d000000| Untracked 
| 450|0x000000073d200000, 0x000000073d400000, 0x000000073d400000|100%| O|  |TAMS 0x000000073d200000| PB 0x000000073d200000| Untracked 
| 451|0x000000073d400000, 0x000000073d600000, 0x000000073d600000|100%| O|  |TAMS 0x000000073d400000| PB 0x000000073d400000| Untracked 
| 452|0x000000073d600000, 0x000000073d800000, 0x000000073d800000|100%| O|  |TAMS 0x000000073d600000| PB 0x000000073d600000| Untracked 
| 453|0x000000073d800000, 0x000000073da00000, 0x000000073da00000|100%| O|  |TAMS 0x000000073d800000| PB 0x000000073d800000| Untracked 
| 454|0x000000073da00000, 0x000000073dc00000, 0x000000073dc00000|100%| O|  |TAMS 0x000000073da00000| PB 0x000000073da00000| Untracked 
| 455|0x000000073dc00000, 0x000000073de00000, 0x000000073de00000|100%| O|  |TAMS 0x000000073dc00000| PB 0x000000073dc00000| Untracked 
| 456|0x000000073de00000, 0x000000073e000000, 0x000000073e000000|100%| O|  |TAMS 0x000000073de00000| PB 0x000000073de00000| Untracked 
| 457|0x000000073e000000, 0x000000073e200000, 0x000000073e200000|100%| O|  |TAMS 0x000000073e000000| PB 0x000000073e000000| Untracked 
| 458|0x000000073e200000, 0x000000073e400000, 0x000000073e400000|100%| O|  |TAMS 0x000000073e200000| PB 0x000000073e200000| Untracked 
| 459|0x000000073e400000, 0x000000073e600000, 0x000000073e600000|100%| O|  |TAMS 0x000000073e400000| PB 0x000000073e400000| Untracked 
| 460|0x000000073e600000, 0x000000073e800000, 0x000000073e800000|100%| O|  |TAMS 0x000000073e600000| PB 0x000000073e600000| Untracked 
| 461|0x000000073e800000, 0x000000073ea00000, 0x000000073ea00000|100%| O|  |TAMS 0x000000073e800000| PB 0x000000073e800000| Untracked 
| 462|0x000000073ea00000, 0x000000073ec00000, 0x000000073ec00000|100%| O|  |TAMS 0x000000073ea00000| PB 0x000000073ea00000| Untracked 
| 463|0x000000073ec00000, 0x000000073ee00000, 0x000000073ee00000|100%| O|  |TAMS 0x000000073ec00000| PB 0x000000073ec00000| Untracked 
| 464|0x000000073ee00000, 0x000000073f000000, 0x000000073f000000|100%| O|  |TAMS 0x000000073ee00000| PB 0x000000073ee00000| Untracked 
| 465|0x000000073f000000, 0x000000073f200000, 0x000000073f200000|100%| O|  |TAMS 0x000000073f000000| PB 0x000000073f000000| Untracked 
| 466|0x000000073f200000, 0x000000073f400000, 0x000000073f400000|100%| O|  |TAMS 0x000000073f200000| PB 0x000000073f200000| Untracked 
| 467|0x000000073f400000, 0x000000073f600000, 0x000000073f600000|100%| O|  |TAMS 0x000000073f400000| PB 0x000000073f400000| Untracked 
| 468|0x000000073f600000, 0x000000073f800000, 0x000000073f800000|100%| O|  |TAMS 0x000000073f600000| PB 0x000000073f600000| Untracked 
| 469|0x000000073f800000, 0x000000073fa00000, 0x000000073fa00000|100%| O|  |TAMS 0x000000073f800000| PB 0x000000073f800000| Untracked 
| 470|0x000000073fa00000, 0x000000073fc00000, 0x000000073fc00000|100%| O|  |TAMS 0x000000073fa00000| PB 0x000000073fa00000| Untracked 
| 471|0x000000073fc00000, 0x000000073fe00000, 0x000000073fe00000|100%| O|  |TAMS 0x000000073fc00000| PB 0x000000073fc00000| Untracked 
| 472|0x000000073fe00000, 0x0000000740000000, 0x0000000740000000|100%| O|  |TAMS 0x000000073fe00000| PB 0x000000073fe00000| Untracked 
| 473|0x0000000740000000, 0x0000000740200000, 0x0000000740200000|100%| O|  |TAMS 0x0000000740000000| PB 0x0000000740000000| Untracked 
| 474|0x0000000740200000, 0x0000000740400000, 0x0000000740400000|100%| O|  |TAMS 0x0000000740200000| PB 0x0000000740200000| Untracked 
| 475|0x0000000740400000, 0x0000000740600000, 0x0000000740600000|100%| O|  |TAMS 0x0000000740400000| PB 0x0000000740400000| Untracked 
| 476|0x0000000740600000, 0x0000000740800000, 0x0000000740800000|100%| O|  |TAMS 0x0000000740600000| PB 0x0000000740600000| Untracked 
| 477|0x0000000740800000, 0x0000000740a00000, 0x0000000740a00000|100%| O|  |TAMS 0x0000000740800000| PB 0x0000000740800000| Untracked 
| 478|0x0000000740a00000, 0x0000000740c00000, 0x0000000740c00000|100%| O|  |TAMS 0x0000000740a00000| PB 0x0000000740a00000| Untracked 
| 479|0x0000000740c00000, 0x0000000740e00000, 0x0000000740e00000|100%| O|  |TAMS 0x0000000740c00000| PB 0x0000000740c00000| Untracked 
| 480|0x0000000740e00000, 0x0000000741000000, 0x0000000741000000|100%| O|  |TAMS 0x0000000740e00000| PB 0x0000000740e00000| Untracked 
| 481|0x0000000741000000, 0x0000000741200000, 0x0000000741200000|100%| O|  |TAMS 0x0000000741000000| PB 0x0000000741000000| Untracked 
| 482|0x0000000741200000, 0x0000000741200000, 0x0000000741400000|  0%| F|  |TAMS 0x0000000741200000| PB 0x0000000741200000| Untracked 
| 483|0x0000000741400000, 0x0000000741600000, 0x0000000741600000|100%| O|  |TAMS 0x0000000741400000| PB 0x0000000741400000| Untracked 
| 484|0x0000000741600000, 0x0000000741800000, 0x0000000741800000|100%| O|  |TAMS 0x0000000741600000| PB 0x0000000741600000| Untracked 
| 485|0x0000000741800000, 0x0000000741a00000, 0x0000000741a00000|100%| O|  |TAMS 0x0000000741800000| PB 0x0000000741800000| Untracked 
| 486|0x0000000741a00000, 0x0000000741c00000, 0x0000000741c00000|100%| O|  |TAMS 0x0000000741a00000| PB 0x0000000741a00000| Untracked 
| 487|0x0000000741c00000, 0x0000000741e00000, 0x0000000741e00000|100%| O|  |TAMS 0x0000000741c00000| PB 0x0000000741c00000| Untracked 
| 488|0x0000000741e00000, 0x0000000742000000, 0x0000000742000000|100%| O|  |TAMS 0x0000000741e00000| PB 0x0000000741e00000| Untracked 
| 489|0x0000000742000000, 0x0000000742200000, 0x0000000742200000|100%| O|  |TAMS 0x0000000742000000| PB 0x0000000742000000| Untracked 
| 490|0x0000000742200000, 0x0000000742400000, 0x0000000742400000|100%| O|  |TAMS 0x0000000742200000| PB 0x0000000742200000| Untracked 
| 491|0x0000000742400000, 0x0000000742600000, 0x0000000742600000|100%| O|  |TAMS 0x0000000742400000| PB 0x0000000742400000| Untracked 
| 492|0x0000000742600000, 0x0000000742800000, 0x0000000742800000|100%| O|  |TAMS 0x0000000742600000| PB 0x0000000742600000| Untracked 
| 493|0x0000000742800000, 0x0000000742a00000, 0x0000000742a00000|100%| O|  |TAMS 0x0000000742800000| PB 0x0000000742800000| Untracked 
| 494|0x0000000742a00000, 0x0000000742c00000, 0x0000000742c00000|100%| O|  |TAMS 0x0000000742a00000| PB 0x0000000742a00000| Untracked 
| 495|0x0000000742c00000, 0x0000000742e00000, 0x0000000742e00000|100%| O|  |TAMS 0x0000000742c00000| PB 0x0000000742c00000| Untracked 
| 496|0x0000000742e00000, 0x0000000743000000, 0x0000000743000000|100%| O|  |TAMS 0x0000000742e00000| PB 0x0000000742e00000| Untracked 
| 497|0x0000000743000000, 0x0000000743200000, 0x0000000743200000|100%| O|  |TAMS 0x0000000743000000| PB 0x0000000743000000| Untracked 
| 498|0x0000000743200000, 0x0000000743400000, 0x0000000743400000|100%| O|  |TAMS 0x0000000743200000| PB 0x0000000743200000| Untracked 
| 499|0x0000000743400000, 0x0000000743600000, 0x0000000743600000|100%| O|  |TAMS 0x0000000743400000| PB 0x0000000743400000| Untracked 
| 500|0x0000000743600000, 0x0000000743800000, 0x0000000743800000|100%| O|  |TAMS 0x0000000743600000| PB 0x0000000743600000| Untracked 
| 501|0x0000000743800000, 0x0000000743a00000, 0x0000000743a00000|100%| O|  |TAMS 0x0000000743800000| PB 0x0000000743800000| Untracked 
| 502|0x0000000743a00000, 0x0000000743c00000, 0x0000000743c00000|100%| O|  |TAMS 0x0000000743a00000| PB 0x0000000743a00000| Untracked 
| 503|0x0000000743c00000, 0x0000000743e00000, 0x0000000743e00000|100%| O|  |TAMS 0x0000000743c00000| PB 0x0000000743c00000| Untracked 
| 504|0x0000000743e00000, 0x0000000744000000, 0x0000000744000000|100%| O|  |TAMS 0x0000000743e00000| PB 0x0000000743e00000| Untracked 
| 505|0x0000000744000000, 0x0000000744200000, 0x0000000744200000|100%| O|  |TAMS 0x0000000744000000| PB 0x0000000744000000| Untracked 
| 506|0x0000000744200000, 0x0000000744400000, 0x0000000744400000|100%| O|  |TAMS 0x0000000744200000| PB 0x0000000744200000| Untracked 
| 507|0x0000000744400000, 0x0000000744600000, 0x0000000744600000|100%| O|  |TAMS 0x0000000744400000| PB 0x0000000744400000| Untracked 
| 508|0x0000000744600000, 0x0000000744800000, 0x0000000744800000|100%| O|  |TAMS 0x0000000744600000| PB 0x0000000744600000| Untracked 
| 509|0x0000000744800000, 0x0000000744a00000, 0x0000000744a00000|100%| O|  |TAMS 0x0000000744800000| PB 0x0000000744800000| Untracked 
| 510|0x0000000744a00000, 0x0000000744c00000, 0x0000000744c00000|100%| O|  |TAMS 0x0000000744a00000| PB 0x0000000744a00000| Untracked 
| 511|0x0000000744c00000, 0x0000000744e00000, 0x0000000744e00000|100%| O|  |TAMS 0x0000000744c00000| PB 0x0000000744c00000| Untracked 
| 512|0x0000000744e00000, 0x0000000745000000, 0x0000000745000000|100%| O|  |TAMS 0x0000000744e00000| PB 0x0000000744e00000| Untracked 
| 513|0x0000000745000000, 0x0000000745200000, 0x0000000745200000|100%| O|  |TAMS 0x0000000745000000| PB 0x0000000745000000| Untracked 
| 514|0x0000000745200000, 0x0000000745400000, 0x0000000745400000|100%| O|  |TAMS 0x0000000745200000| PB 0x0000000745200000| Untracked 
| 515|0x0000000745400000, 0x0000000745600000, 0x0000000745600000|100%| O|  |TAMS 0x0000000745400000| PB 0x0000000745400000| Untracked 
| 516|0x0000000745600000, 0x0000000745800000, 0x0000000745800000|100%| O|  |TAMS 0x0000000745600000| PB 0x0000000745600000| Untracked 
| 517|0x0000000745800000, 0x0000000745800000, 0x0000000745a00000|  0%| F|  |TAMS 0x0000000745800000| PB 0x0000000745800000| Untracked 
| 518|0x0000000745a00000, 0x0000000745a00000, 0x0000000745c00000|  0%| F|  |TAMS 0x0000000745a00000| PB 0x0000000745a00000| Untracked 
| 519|0x0000000745c00000, 0x0000000745c00000, 0x0000000745e00000|  0%| F|  |TAMS 0x0000000745c00000| PB 0x0000000745c00000| Untracked 
| 520|0x0000000745e00000, 0x0000000745e00000, 0x0000000746000000|  0%| F|  |TAMS 0x0000000745e00000| PB 0x0000000745e00000| Untracked 
| 521|0x0000000746000000, 0x0000000746000000, 0x0000000746200000|  0%| F|  |TAMS 0x0000000746000000| PB 0x0000000746000000| Untracked 
| 522|0x0000000746200000, 0x0000000746200000, 0x0000000746400000|  0%| F|  |TAMS 0x0000000746200000| PB 0x0000000746200000| Untracked 
| 523|0x0000000746400000, 0x0000000746400000, 0x0000000746600000|  0%| F|  |TAMS 0x0000000746400000| PB 0x0000000746400000| Untracked 
| 524|0x0000000746600000, 0x0000000746600000, 0x0000000746800000|  0%| F|  |TAMS 0x0000000746600000| PB 0x0000000746600000| Untracked 
| 525|0x0000000746800000, 0x0000000746800000, 0x0000000746a00000|  0%| F|  |TAMS 0x0000000746800000| PB 0x0000000746800000| Untracked 
| 526|0x0000000746a00000, 0x0000000746a00000, 0x0000000746c00000|  0%| F|  |TAMS 0x0000000746a00000| PB 0x0000000746a00000| Untracked 
| 527|0x0000000746c00000, 0x0000000746c00000, 0x0000000746e00000|  0%| F|  |TAMS 0x0000000746c00000| PB 0x0000000746c00000| Untracked 
| 528|0x0000000746e00000, 0x0000000746e00000, 0x0000000747000000|  0%| F|  |TAMS 0x0000000746e00000| PB 0x0000000746e00000| Untracked 
| 529|0x0000000747000000, 0x0000000747000000, 0x0000000747200000|  0%| F|  |TAMS 0x0000000747000000| PB 0x0000000747000000| Untracked 
| 530|0x0000000747200000, 0x0000000747200000, 0x0000000747400000|  0%| F|  |TAMS 0x0000000747200000| PB 0x0000000747200000| Untracked 
| 531|0x0000000747400000, 0x0000000747400000, 0x0000000747600000|  0%| F|  |TAMS 0x0000000747400000| PB 0x0000000747400000| Untracked 
| 532|0x0000000747600000, 0x0000000747600000, 0x0000000747800000|  0%| F|  |TAMS 0x0000000747600000| PB 0x0000000747600000| Untracked 
| 533|0x0000000747800000, 0x0000000747800000, 0x0000000747a00000|  0%| F|  |TAMS 0x0000000747800000| PB 0x0000000747800000| Untracked 
| 534|0x0000000747a00000, 0x0000000747a00000, 0x0000000747c00000|  0%| F|  |TAMS 0x0000000747a00000| PB 0x0000000747a00000| Untracked 
| 535|0x0000000747c00000, 0x0000000747c00000, 0x0000000747e00000|  0%| F|  |TAMS 0x0000000747c00000| PB 0x0000000747c00000| Untracked 
| 536|0x0000000747e00000, 0x0000000747e00000, 0x0000000748000000|  0%| F|  |TAMS 0x0000000747e00000| PB 0x0000000747e00000| Untracked 
| 537|0x0000000748000000, 0x0000000748000000, 0x0000000748200000|  0%| F|  |TAMS 0x0000000748000000| PB 0x0000000748000000| Untracked 
| 538|0x0000000748200000, 0x0000000748200000, 0x0000000748400000|  0%| F|  |TAMS 0x0000000748200000| PB 0x0000000748200000| Untracked 
| 539|0x0000000748400000, 0x0000000748400000, 0x0000000748600000|  0%| F|  |TAMS 0x0000000748400000| PB 0x0000000748400000| Untracked 
| 540|0x0000000748600000, 0x0000000748600000, 0x0000000748800000|  0%| F|  |TAMS 0x0000000748600000| PB 0x0000000748600000| Untracked 
| 541|0x0000000748800000, 0x0000000748800000, 0x0000000748a00000|  0%| F|  |TAMS 0x0000000748800000| PB 0x0000000748800000| Untracked 
| 542|0x0000000748a00000, 0x0000000748a00000, 0x0000000748c00000|  0%| F|  |TAMS 0x0000000748a00000| PB 0x0000000748a00000| Untracked 
| 543|0x0000000748c00000, 0x0000000748c00000, 0x0000000748e00000|  0%| F|  |TAMS 0x0000000748c00000| PB 0x0000000748c00000| Untracked 
| 544|0x0000000748e00000, 0x0000000748e00000, 0x0000000749000000|  0%| F|  |TAMS 0x0000000748e00000| PB 0x0000000748e00000| Untracked 
| 545|0x0000000749000000, 0x0000000749000000, 0x0000000749200000|  0%| F|  |TAMS 0x0000000749000000| PB 0x0000000749000000| Untracked 
| 546|0x0000000749200000, 0x0000000749200000, 0x0000000749400000|  0%| F|  |TAMS 0x0000000749200000| PB 0x0000000749200000| Untracked 
| 547|0x0000000749400000, 0x0000000749400000, 0x0000000749600000|  0%| F|  |TAMS 0x0000000749400000| PB 0x0000000749400000| Untracked 
| 548|0x0000000749600000, 0x0000000749600000, 0x0000000749800000|  0%| F|  |TAMS 0x0000000749600000| PB 0x0000000749600000| Untracked 
| 549|0x0000000749800000, 0x0000000749800000, 0x0000000749a00000|  0%| F|  |TAMS 0x0000000749800000| PB 0x0000000749800000| Untracked 
| 550|0x0000000749a00000, 0x0000000749a00000, 0x0000000749c00000|  0%| F|  |TAMS 0x0000000749a00000| PB 0x0000000749a00000| Untracked 
| 551|0x0000000749c00000, 0x0000000749c00000, 0x0000000749e00000|  0%| F|  |TAMS 0x0000000749c00000| PB 0x0000000749c00000| Untracked 
| 552|0x0000000749e00000, 0x0000000749e00000, 0x000000074a000000|  0%| F|  |TAMS 0x0000000749e00000| PB 0x0000000749e00000| Untracked 
| 553|0x000000074a000000, 0x000000074a000000, 0x000000074a200000|  0%| F|  |TAMS 0x000000074a000000| PB 0x000000074a000000| Untracked 
| 554|0x000000074a200000, 0x000000074a200000, 0x000000074a400000|  0%| F|  |TAMS 0x000000074a200000| PB 0x000000074a200000| Untracked 
| 555|0x000000074a400000, 0x000000074a400000, 0x000000074a600000|  0%| F|  |TAMS 0x000000074a400000| PB 0x000000074a400000| Untracked 
| 556|0x000000074a600000, 0x000000074a600000, 0x000000074a800000|  0%| F|  |TAMS 0x000000074a600000| PB 0x000000074a600000| Untracked 
| 557|0x000000074a800000, 0x000000074a800000, 0x000000074aa00000|  0%| F|  |TAMS 0x000000074a800000| PB 0x000000074a800000| Untracked 
| 558|0x000000074aa00000, 0x000000074aa00000, 0x000000074ac00000|  0%| F|  |TAMS 0x000000074aa00000| PB 0x000000074aa00000| Untracked 
| 559|0x000000074ac00000, 0x000000074ac00000, 0x000000074ae00000|  0%| F|  |TAMS 0x000000074ac00000| PB 0x000000074ac00000| Untracked 
| 560|0x000000074ae00000, 0x000000074ae00000, 0x000000074b000000|  0%| F|  |TAMS 0x000000074ae00000| PB 0x000000074ae00000| Untracked 
| 561|0x000000074b000000, 0x000000074b000000, 0x000000074b200000|  0%| F|  |TAMS 0x000000074b000000| PB 0x000000074b000000| Untracked 
| 562|0x000000074b200000, 0x000000074b200000, 0x000000074b400000|  0%| F|  |TAMS 0x000000074b200000| PB 0x000000074b200000| Untracked 
| 563|0x000000074b400000, 0x000000074b400000, 0x000000074b600000|  0%| F|  |TAMS 0x000000074b400000| PB 0x000000074b400000| Untracked 
| 564|0x000000074b600000, 0x000000074b600000, 0x000000074b800000|  0%| F|  |TAMS 0x000000074b600000| PB 0x000000074b600000| Untracked 
| 565|0x000000074b800000, 0x000000074b800000, 0x000000074ba00000|  0%| F|  |TAMS 0x000000074b800000| PB 0x000000074b800000| Untracked 
| 566|0x000000074ba00000, 0x000000074ba00000, 0x000000074bc00000|  0%| F|  |TAMS 0x000000074ba00000| PB 0x000000074ba00000| Untracked 
| 567|0x000000074bc00000, 0x000000074bc00000, 0x000000074be00000|  0%| F|  |TAMS 0x000000074bc00000| PB 0x000000074bc00000| Untracked 
| 568|0x000000074be00000, 0x000000074be00000, 0x000000074c000000|  0%| F|  |TAMS 0x000000074be00000| PB 0x000000074be00000| Untracked 
| 569|0x000000074c000000, 0x000000074c000000, 0x000000074c200000|  0%| F|  |TAMS 0x000000074c000000| PB 0x000000074c000000| Untracked 
| 570|0x000000074c200000, 0x000000074c200000, 0x000000074c400000|  0%| F|  |TAMS 0x000000074c200000| PB 0x000000074c200000| Untracked 
| 571|0x000000074c400000, 0x000000074c400000, 0x000000074c600000|  0%| F|  |TAMS 0x000000074c400000| PB 0x000000074c400000| Untracked 
| 572|0x000000074c600000, 0x000000074c600000, 0x000000074c800000|  0%| F|  |TAMS 0x000000074c600000| PB 0x000000074c600000| Untracked 
| 573|0x000000074c800000, 0x000000074c800000, 0x000000074ca00000|  0%| F|  |TAMS 0x000000074c800000| PB 0x000000074c800000| Untracked 
| 574|0x000000074ca00000, 0x000000074ca00000, 0x000000074cc00000|  0%| F|  |TAMS 0x000000074ca00000| PB 0x000000074ca00000| Untracked 
| 575|0x000000074cc00000, 0x000000074cc00000, 0x000000074ce00000|  0%| F|  |TAMS 0x000000074cc00000| PB 0x000000074cc00000| Untracked 
| 576|0x000000074ce00000, 0x000000074ce00000, 0x000000074d000000|  0%| F|  |TAMS 0x000000074ce00000| PB 0x000000074ce00000| Untracked 
| 577|0x000000074d000000, 0x000000074d000000, 0x000000074d200000|  0%| F|  |TAMS 0x000000074d000000| PB 0x000000074d000000| Untracked 
| 578|0x000000074d200000, 0x000000074d200000, 0x000000074d400000|  0%| F|  |TAMS 0x000000074d200000| PB 0x000000074d200000| Untracked 
| 579|0x000000074d400000, 0x000000074d400000, 0x000000074d600000|  0%| F|  |TAMS 0x000000074d400000| PB 0x000000074d400000| Untracked 
| 580|0x000000074d600000, 0x000000074d600000, 0x000000074d800000|  0%| F|  |TAMS 0x000000074d600000| PB 0x000000074d600000| Untracked 
| 581|0x000000074d800000, 0x000000074d800000, 0x000000074da00000|  0%| F|  |TAMS 0x000000074d800000| PB 0x000000074d800000| Untracked 
| 582|0x000000074da00000, 0x000000074da00000, 0x000000074dc00000|  0%| F|  |TAMS 0x000000074da00000| PB 0x000000074da00000| Untracked 
| 583|0x000000074dc00000, 0x000000074dc00000, 0x000000074de00000|  0%| F|  |TAMS 0x000000074dc00000| PB 0x000000074dc00000| Untracked 
| 584|0x000000074de00000, 0x000000074de00000, 0x000000074e000000|  0%| F|  |TAMS 0x000000074de00000| PB 0x000000074de00000| Untracked 
| 585|0x000000074e000000, 0x000000074e000000, 0x000000074e200000|  0%| F|  |TAMS 0x000000074e000000| PB 0x000000074e000000| Untracked 
| 586|0x000000074e200000, 0x000000074e200000, 0x000000074e400000|  0%| F|  |TAMS 0x000000074e200000| PB 0x000000074e200000| Untracked 
| 587|0x000000074e400000, 0x000000074e400000, 0x000000074e600000|  0%| F|  |TAMS 0x000000074e400000| PB 0x000000074e400000| Untracked 
| 588|0x000000074e600000, 0x000000074e600000, 0x000000074e800000|  0%| F|  |TAMS 0x000000074e600000| PB 0x000000074e600000| Untracked 
| 589|0x000000074e800000, 0x000000074e800000, 0x000000074ea00000|  0%| F|  |TAMS 0x000000074e800000| PB 0x000000074e800000| Untracked 
| 590|0x000000074ea00000, 0x000000074ea00000, 0x000000074ec00000|  0%| F|  |TAMS 0x000000074ea00000| PB 0x000000074ea00000| Untracked 
| 591|0x000000074ec00000, 0x000000074ec00000, 0x000000074ee00000|  0%| F|  |TAMS 0x000000074ec00000| PB 0x000000074ec00000| Untracked 
| 592|0x000000074ee00000, 0x000000074ee00000, 0x000000074f000000|  0%| F|  |TAMS 0x000000074ee00000| PB 0x000000074ee00000| Untracked 
| 593|0x000000074f000000, 0x000000074f000000, 0x000000074f200000|  0%| F|  |TAMS 0x000000074f000000| PB 0x000000074f000000| Untracked 
| 594|0x000000074f200000, 0x000000074f200000, 0x000000074f400000|  0%| F|  |TAMS 0x000000074f200000| PB 0x000000074f200000| Untracked 
| 595|0x000000074f400000, 0x000000074f400000, 0x000000074f600000|  0%| F|  |TAMS 0x000000074f400000| PB 0x000000074f400000| Untracked 
| 596|0x000000074f600000, 0x000000074f600000, 0x000000074f800000|  0%| F|  |TAMS 0x000000074f600000| PB 0x000000074f600000| Untracked 
| 597|0x000000074f800000, 0x000000074f800000, 0x000000074fa00000|  0%| F|  |TAMS 0x000000074f800000| PB 0x000000074f800000| Untracked 
| 598|0x000000074fa00000, 0x000000074fa00000, 0x000000074fc00000|  0%| F|  |TAMS 0x000000074fa00000| PB 0x000000074fa00000| Untracked 
| 599|0x000000074fc00000, 0x000000074fc00000, 0x000000074fe00000|  0%| F|  |TAMS 0x000000074fc00000| PB 0x000000074fc00000| Untracked 
| 600|0x000000074fe00000, 0x000000074fe00000, 0x0000000750000000|  0%| F|  |TAMS 0x000000074fe00000| PB 0x000000074fe00000| Untracked 
| 601|0x0000000750000000, 0x0000000750000000, 0x0000000750200000|  0%| F|  |TAMS 0x0000000750000000| PB 0x0000000750000000| Untracked 
| 602|0x0000000750200000, 0x0000000750200000, 0x0000000750400000|  0%| F|  |TAMS 0x0000000750200000| PB 0x0000000750200000| Untracked 
| 603|0x0000000750400000, 0x0000000750400000, 0x0000000750600000|  0%| F|  |TAMS 0x0000000750400000| PB 0x0000000750400000| Untracked 
| 604|0x0000000750600000, 0x0000000750600000, 0x0000000750800000|  0%| F|  |TAMS 0x0000000750600000| PB 0x0000000750600000| Untracked 
| 605|0x0000000750800000, 0x0000000750800000, 0x0000000750a00000|  0%| F|  |TAMS 0x0000000750800000| PB 0x0000000750800000| Untracked 
| 606|0x0000000750a00000, 0x0000000750a00000, 0x0000000750c00000|  0%| F|  |TAMS 0x0000000750a00000| PB 0x0000000750a00000| Untracked 
| 607|0x0000000750c00000, 0x0000000750c00000, 0x0000000750e00000|  0%| F|  |TAMS 0x0000000750c00000| PB 0x0000000750c00000| Untracked 
| 608|0x0000000750e00000, 0x0000000750e00000, 0x0000000751000000|  0%| F|  |TAMS 0x0000000750e00000| PB 0x0000000750e00000| Untracked 
| 609|0x0000000751000000, 0x0000000751000000, 0x0000000751200000|  0%| F|  |TAMS 0x0000000751000000| PB 0x0000000751000000| Untracked 
| 610|0x0000000751200000, 0x0000000751200000, 0x0000000751400000|  0%| F|  |TAMS 0x0000000751200000| PB 0x0000000751200000| Untracked 
| 611|0x0000000751400000, 0x0000000751400000, 0x0000000751600000|  0%| F|  |TAMS 0x0000000751400000| PB 0x0000000751400000| Untracked 
| 612|0x0000000751600000, 0x0000000751600000, 0x0000000751800000|  0%| F|  |TAMS 0x0000000751600000| PB 0x0000000751600000| Untracked 
| 613|0x0000000751800000, 0x0000000751800000, 0x0000000751a00000|  0%| F|  |TAMS 0x0000000751800000| PB 0x0000000751800000| Untracked 
| 614|0x0000000751a00000, 0x0000000751a00000, 0x0000000751c00000|  0%| F|  |TAMS 0x0000000751a00000| PB 0x0000000751a00000| Untracked 
| 615|0x0000000751c00000, 0x0000000751c00000, 0x0000000751e00000|  0%| F|  |TAMS 0x0000000751c00000| PB 0x0000000751c00000| Untracked 
| 616|0x0000000751e00000, 0x0000000751e00000, 0x0000000752000000|  0%| F|  |TAMS 0x0000000751e00000| PB 0x0000000751e00000| Untracked 
| 617|0x0000000752000000, 0x0000000752000000, 0x0000000752200000|  0%| F|  |TAMS 0x0000000752000000| PB 0x0000000752000000| Untracked 
| 618|0x0000000752200000, 0x0000000752200000, 0x0000000752400000|  0%| F|  |TAMS 0x0000000752200000| PB 0x0000000752200000| Untracked 
| 619|0x0000000752400000, 0x0000000752400000, 0x0000000752600000|  0%| F|  |TAMS 0x0000000752400000| PB 0x0000000752400000| Untracked 
| 620|0x0000000752600000, 0x0000000752600000, 0x0000000752800000|  0%| F|  |TAMS 0x0000000752600000| PB 0x0000000752600000| Untracked 
| 621|0x0000000752800000, 0x0000000752800000, 0x0000000752a00000|  0%| F|  |TAMS 0x0000000752800000| PB 0x0000000752800000| Untracked 
| 622|0x0000000752a00000, 0x0000000752a00000, 0x0000000752c00000|  0%| F|  |TAMS 0x0000000752a00000| PB 0x0000000752a00000| Untracked 
| 623|0x0000000752c00000, 0x0000000752c00000, 0x0000000752e00000|  0%| F|  |TAMS 0x0000000752c00000| PB 0x0000000752c00000| Untracked 
| 624|0x0000000752e00000, 0x0000000752e00000, 0x0000000753000000|  0%| F|  |TAMS 0x0000000752e00000| PB 0x0000000752e00000| Untracked 
| 625|0x0000000753000000, 0x0000000753000000, 0x0000000753200000|  0%| F|  |TAMS 0x0000000753000000| PB 0x0000000753000000| Untracked 
| 626|0x0000000753200000, 0x0000000753200000, 0x0000000753400000|  0%| F|  |TAMS 0x0000000753200000| PB 0x0000000753200000| Untracked 
| 627|0x0000000753400000, 0x0000000753400000, 0x0000000753600000|  0%| F|  |TAMS 0x0000000753400000| PB 0x0000000753400000| Untracked 
| 628|0x0000000753600000, 0x0000000753600000, 0x0000000753800000|  0%| F|  |TAMS 0x0000000753600000| PB 0x0000000753600000| Untracked 
| 629|0x0000000753800000, 0x0000000753800000, 0x0000000753a00000|  0%| F|  |TAMS 0x0000000753800000| PB 0x0000000753800000| Untracked 
| 630|0x0000000753a00000, 0x0000000753a00000, 0x0000000753c00000|  0%| F|  |TAMS 0x0000000753a00000| PB 0x0000000753a00000| Untracked 
| 631|0x0000000753c00000, 0x0000000753c00000, 0x0000000753e00000|  0%| F|  |TAMS 0x0000000753c00000| PB 0x0000000753c00000| Untracked 
| 632|0x0000000753e00000, 0x0000000753e00000, 0x0000000754000000|  0%| F|  |TAMS 0x0000000753e00000| PB 0x0000000753e00000| Untracked 
| 633|0x0000000754000000, 0x0000000754000000, 0x0000000754200000|  0%| F|  |TAMS 0x0000000754000000| PB 0x0000000754000000| Untracked 
| 634|0x0000000754200000, 0x0000000754200000, 0x0000000754400000|  0%| F|  |TAMS 0x0000000754200000| PB 0x0000000754200000| Untracked 
| 635|0x0000000754400000, 0x0000000754400000, 0x0000000754600000|  0%| F|  |TAMS 0x0000000754400000| PB 0x0000000754400000| Untracked 
| 636|0x0000000754600000, 0x0000000754600000, 0x0000000754800000|  0%| F|  |TAMS 0x0000000754600000| PB 0x0000000754600000| Untracked 
| 637|0x0000000754800000, 0x0000000754800000, 0x0000000754a00000|  0%| F|  |TAMS 0x0000000754800000| PB 0x0000000754800000| Untracked 
| 638|0x0000000754a00000, 0x0000000754a00000, 0x0000000754c00000|  0%| F|  |TAMS 0x0000000754a00000| PB 0x0000000754a00000| Untracked 
| 639|0x0000000754c00000, 0x0000000754c00000, 0x0000000754e00000|  0%| F|  |TAMS 0x0000000754c00000| PB 0x0000000754c00000| Untracked 
| 640|0x0000000754e00000, 0x0000000754e00000, 0x0000000755000000|  0%| F|  |TAMS 0x0000000754e00000| PB 0x0000000754e00000| Untracked 
| 641|0x0000000755000000, 0x0000000755000000, 0x0000000755200000|  0%| F|  |TAMS 0x0000000755000000| PB 0x0000000755000000| Untracked 
| 642|0x0000000755200000, 0x0000000755200000, 0x0000000755400000|  0%| F|  |TAMS 0x0000000755200000| PB 0x0000000755200000| Untracked 
| 643|0x0000000755400000, 0x0000000755400000, 0x0000000755600000|  0%| F|  |TAMS 0x0000000755400000| PB 0x0000000755400000| Untracked 
| 644|0x0000000755600000, 0x0000000755600000, 0x0000000755800000|  0%| F|  |TAMS 0x0000000755600000| PB 0x0000000755600000| Untracked 
| 645|0x0000000755800000, 0x0000000755800000, 0x0000000755a00000|  0%| F|  |TAMS 0x0000000755800000| PB 0x0000000755800000| Untracked 
| 646|0x0000000755a00000, 0x0000000755a00000, 0x0000000755c00000|  0%| F|  |TAMS 0x0000000755a00000| PB 0x0000000755a00000| Untracked 
| 647|0x0000000755c00000, 0x0000000755c00000, 0x0000000755e00000|  0%| F|  |TAMS 0x0000000755c00000| PB 0x0000000755c00000| Untracked 
| 648|0x0000000755e00000, 0x0000000755e00000, 0x0000000756000000|  0%| F|  |TAMS 0x0000000755e00000| PB 0x0000000755e00000| Untracked 
| 649|0x0000000756000000, 0x0000000756000000, 0x0000000756200000|  0%| F|  |TAMS 0x0000000756000000| PB 0x0000000756000000| Untracked 
| 650|0x0000000756200000, 0x0000000756200000, 0x0000000756400000|  0%| F|  |TAMS 0x0000000756200000| PB 0x0000000756200000| Untracked 
| 651|0x0000000756400000, 0x0000000756400000, 0x0000000756600000|  0%| F|  |TAMS 0x0000000756400000| PB 0x0000000756400000| Untracked 
| 652|0x0000000756600000, 0x0000000756600000, 0x0000000756800000|  0%| F|  |TAMS 0x0000000756600000| PB 0x0000000756600000| Untracked 
| 653|0x0000000756800000, 0x0000000756800000, 0x0000000756a00000|  0%| F|  |TAMS 0x0000000756800000| PB 0x0000000756800000| Untracked 
| 654|0x0000000756a00000, 0x0000000756a00000, 0x0000000756c00000|  0%| F|  |TAMS 0x0000000756a00000| PB 0x0000000756a00000| Untracked 
| 655|0x0000000756c00000, 0x0000000756c00000, 0x0000000756e00000|  0%| F|  |TAMS 0x0000000756c00000| PB 0x0000000756c00000| Untracked 
| 656|0x0000000756e00000, 0x0000000756e00000, 0x0000000757000000|  0%| F|  |TAMS 0x0000000756e00000| PB 0x0000000756e00000| Untracked 
| 657|0x0000000757000000, 0x0000000757000000, 0x0000000757200000|  0%| F|  |TAMS 0x0000000757000000| PB 0x0000000757000000| Untracked 
| 658|0x0000000757200000, 0x0000000757200000, 0x0000000757400000|  0%| F|  |TAMS 0x0000000757200000| PB 0x0000000757200000| Untracked 
| 659|0x0000000757400000, 0x0000000757400000, 0x0000000757600000|  0%| F|  |TAMS 0x0000000757400000| PB 0x0000000757400000| Untracked 
| 660|0x0000000757600000, 0x0000000757600000, 0x0000000757800000|  0%| F|  |TAMS 0x0000000757600000| PB 0x0000000757600000| Untracked 
| 661|0x0000000757800000, 0x0000000757800000, 0x0000000757a00000|  0%| F|  |TAMS 0x0000000757800000| PB 0x0000000757800000| Untracked 
| 662|0x0000000757a00000, 0x0000000757a00000, 0x0000000757c00000|  0%| F|  |TAMS 0x0000000757a00000| PB 0x0000000757a00000| Untracked 
| 663|0x0000000757c00000, 0x0000000757c00000, 0x0000000757e00000|  0%| F|  |TAMS 0x0000000757c00000| PB 0x0000000757c00000| Untracked 
| 664|0x0000000757e00000, 0x0000000757e00000, 0x0000000758000000|  0%| F|  |TAMS 0x0000000757e00000| PB 0x0000000757e00000| Untracked 
|1993|0x00000007fe000000, 0x00000007fe000000, 0x00000007fe200000|  0%| F|  |TAMS 0x00000007fe000000| PB 0x00000007fe000000| Untracked 
|1994|0x00000007fe200000, 0x00000007fe200000, 0x00000007fe400000|  0%| F|  |TAMS 0x00000007fe200000| PB 0x00000007fe200000| Untracked 
|1995|0x00000007fe400000, 0x00000007fe400000, 0x00000007fe600000|  0%| F|  |TAMS 0x00000007fe400000| PB 0x00000007fe400000| Untracked 
|1996|0x00000007fe600000, 0x00000007fe600000, 0x00000007fe800000|  0%| F|  |TAMS 0x00000007fe600000| PB 0x00000007fe600000| Untracked 
|1997|0x00000007fe800000, 0x00000007fea00000, 0x00000007fea00000|100%| O|  |TAMS 0x00000007fe800000| PB 0x00000007fe800000| Untracked 
|1998|0x00000007fea00000, 0x00000007fea00000, 0x00000007fec00000|  0%| F|  |TAMS 0x00000007fea00000| PB 0x00000007fea00000| Untracked 
|1999|0x00000007fec00000, 0x00000007fee00000, 0x00000007fee00000|100%| O|  |TAMS 0x00000007fec00000| PB 0x00000007fec00000| Untracked 
|2000|0x00000007fee00000, 0x00000007ff000000, 0x00000007ff000000|100%| O|  |TAMS 0x00000007fee00000| PB 0x00000007fee00000| Untracked 
|2001|0x00000007ff000000, 0x00000007ff200000, 0x00000007ff200000|100%| O|  |TAMS 0x00000007ff000000| PB 0x00000007ff000000| Untracked 
|2002|0x00000007ff200000, 0x00000007ff200000, 0x00000007ff400000|  0%| F|  |TAMS 0x00000007ff200000| PB 0x00000007ff200000| Untracked 
|2003|0x00000007ff400000, 0x00000007ff400000, 0x00000007ff600000|  0%| F|  |TAMS 0x00000007ff400000| PB 0x00000007ff400000| Untracked 
|2004|0x00000007ff600000, 0x00000007ff600000, 0x00000007ff800000|  0%| F|  |TAMS 0x00000007ff600000| PB 0x00000007ff600000| Untracked 
|2005|0x00000007ff800000, 0x00000007ff800000, 0x00000007ffa00000|  0%| F|  |TAMS 0x00000007ff800000| PB 0x00000007ff800000| Untracked 
|2006|0x00000007ffa00000, 0x00000007ffa00000, 0x00000007ffc00000|  0%| F|  |TAMS 0x00000007ffa00000| PB 0x00000007ffa00000| Untracked 
|2007|0x00000007ffc00000, 0x00000007ffc00000, 0x00000007ffe00000|  0%| F|  |TAMS 0x00000007ffc00000| PB 0x00000007ffc00000| Untracked 
|2008|0x00000007ffe00000, 0x0000000800000000, 0x0000000800000000|100%| O|  |TAMS 0x00000007ffe00000| PB 0x00000007ffe00000| Untracked 

Card table byte_map: [0x000002dfb9a90000,0x000002dfba270000] _byte_map_base: 0x000002dfb6269000

Marking Bits: (CMBitMap*) 0x000002dfb2dfa250
 Bits: [0x000002dfba270000, 0x000002dfbe138000)

Polling page: 0x000002dfb0bc0000

Metaspace:

Usage:
  Non-class:     81.25 MB used.
      Class:     13.54 MB used.
       Both:     94.79 MB used.

Virtual space:
  Non-class space:      128.00 MB reserved,      81.75 MB ( 64%) committed,  2 nodes.
      Class space:        1.00 GB reserved,      13.94 MB (  1%) committed,  1 nodes.
             Both:        1.12 GB reserved,      95.69 MB (  8%) committed. 

Chunk freelists:
   Non-Class:  14.06 MB
       Class:  2.04 MB
        Both:  16.10 MB

MaxMetaspaceSize: unlimited
CompressedClassSpaceSize: 1.00 GB
Initial GC threshold: 21.00 MB
Current GC threshold: 159.38 MB
CDS: on
 - commit_granule_bytes: 65536.
 - commit_granule_words: 8192.
 - virtual_space_node_default_size: 8388608.
 - enlarge_chunks_in_place: 1.
 - use_allocation_guard: 0.


Internal statistics:

num_allocs_failed_limit: 9.
num_arena_births: 1824.
num_arena_deaths: 630.
num_vsnodes_births: 3.
num_vsnodes_deaths: 0.
num_space_committed: 1531.
num_space_uncommitted: 0.
num_chunks_returned_to_freelist: 745.
num_chunks_taken_from_freelist: 5780.
num_chunk_merges: 182.
num_chunk_splits: 3829.
num_chunks_enlarged: 2935.
num_inconsistent_stats: 0.

CodeCache: size=49152Kb used=11088Kb max_used=18554Kb free=38063Kb
 bounds [0x000002dfb5f80000, 0x000002dfb71a0000, 0x000002dfb8f80000]
 total_blobs=6076, nmethods=5221, adapters=778, full_count=0
Compilation: enabled, stopped_count=0, restarted_count=0

Compilation events (20 events):
Event: 8464.911 Thread 0x000002dfc0dde8d0 17127       1       org.springframework.data.jpa.repository.query.QueryParameterSetter$NamedOrIndexedQueryParameterSetter$$Lambda/0x000002dfc2d2a5b0::run (16 bytes)
Event: 8464.911 Thread 0x000002dfc0dde8d0 nmethod 17127 0x000002dfb68e6010 code [0x000002dfb68e61c0, 0x000002dfb68e6328]
Event: 8464.911 Thread 0x000002dfc0dde8d0 17128       1       org.springframework.data.jpa.repository.query.QueryParameterSetter$NamedOrIndexedQueryParameterSetter::lambda$4 (15 bytes)
Event: 8464.912 Thread 0x000002dfc0dde8d0 nmethod 17128 0x000002dfb6b11e10 code [0x000002dfb6b11fc0, 0x000002dfb6b12108]
Event: 8464.913 Thread 0x000002dfc0dde8d0 17129       1       sun.reflect.generics.parser.SignatureParser::current (59 bytes)
Event: 8464.913 Thread 0x000002dfc0dde8d0 nmethod 17129 0x000002dfb6250290 code [0x000002dfb6250440, 0x000002dfb6250630]
Event: 8464.913 Thread 0x000002dfc0dde8d0 17130       1       sun.reflect.generics.parser.SignatureParser::advance (53 bytes)
Event: 8464.913 Thread 0x000002dfc0dde8d0 nmethod 17130 0x000002dfb6919990 code [0x000002dfb6919b20, 0x000002dfb6919c20]
Event: 8464.913 Thread 0x000002dfc0dde8d0 17132       1       org.springframework.core.annotation.AnnotationTypeMapping::getAttributes (5 bytes)
Event: 8464.914 Thread 0x000002dfc0dde8d0 nmethod 17132 0x000002dfb6401c10 code [0x000002dfb6401da0, 0x000002dfb6401e70]
Event: 8464.914 Thread 0x000002dfc0dde8d0 17131       1       org.springframework.core.annotation.AttributeMethods$$Lambda/0x000002dfc2082700::apply (8 bytes)
Event: 8464.914 Thread 0x000002dfc0dde8d0 nmethod 17131 0x000002dfb6923a10 code [0x000002dfb6923bc0, 0x000002dfb6923ce0]
Event: 8464.914 Thread 0x000002dfc0dde8d0 17133       1       org.springframework.http.server.ServletServerHttpResponse$$Lambda/0x000002dfc2d35850::accept (16 bytes)
Event: 8464.914 Thread 0x000002dfc0dde8d0 nmethod 17133 0x000002dfb6beac10 code [0x000002dfb6beadc0, 0x000002dfb6beaf40]
Event: 8464.914 Thread 0x000002dfc0dde8d0 17134       1       jakarta.servlet.http.HttpServletResponseWrapper::addHeader (12 bytes)
Event: 8464.914 Thread 0x000002dfc0dde8d0 nmethod 17134 0x000002dfb6c24d90 code [0x000002dfb6c24f40, 0x000002dfb6c25090]
Event: 8464.922 Thread 0x000002dfc0dde8d0 17135       1       java.lang.Thread::getThreadGroup (30 bytes)
Event: 8464.922 Thread 0x000002dfc0dde8d0 nmethod 17135 0x000002dfb659fc90 code [0x000002dfb659fe60, 0x000002dfb65a00c8]
Event: 8464.922 Thread 0x000002dfc0dde8d0 17136       1       java.lang.Thread::isTerminated (16 bytes)
Event: 8464.922 Thread 0x000002dfc0dde8d0 nmethod 17136 0x000002dfb6924a10 code [0x000002dfb6924bc0, 0x000002dfb6924cc8]

GC Heap History (20 events):
Event: 8183.915 GC heap after
{Heap after GC invocations=181 (full 0):
 garbage-first heap   total 778240K, used 420864K [0x0000000704e00000, 0x0000000800000000)
  region size 2048K, 21 young (43008K), 21 survivors (43008K)
 Metaspace       used 97067K, committed 97984K, reserved 1179648K
  class space    used 13868K, committed 14272K, reserved 1048576K
}
Event: 8184.360 GC heap before
{Heap before GC invocations=181 (full 0):
 garbage-first heap   total 778240K, used 580608K [0x0000000704e00000, 0x0000000800000000)
  region size 2048K, 99 young (202752K), 21 survivors (43008K)
 Metaspace       used 97067K, committed 97984K, reserved 1179648K
  class space    used 13868K, committed 14272K, reserved 1048576K
}
Event: 8184.377 GC heap after
{Heap after GC invocations=182 (full 0):
 garbage-first heap   total 1329152K, used 427563K [0x0000000704e00000, 0x0000000800000000)
  region size 2048K, 8 young (16384K), 8 survivors (16384K)
 Metaspace       used 97067K, committed 97984K, reserved 1179648K
  class space    used 13868K, committed 14272K, reserved 1048576K
}
Event: 8452.790 GC heap before
{Heap before GC invocations=183 (full 0):
 garbage-first heap   total 1329152K, used 1026603K [0x0000000704e00000, 0x0000000800000000)
  region size 2048K, 304 young (622592K), 8 survivors (16384K)
 Metaspace       used 97067K, committed 97984K, reserved 1179648K
  class space    used 13868K, committed 14272K, reserved 1048576K
}
Event: 8452.808 GC heap after
{Heap after GC invocations=184 (full 0):
 garbage-first heap   total 1329152K, used 447488K [0x0000000704e00000, 0x0000000800000000)
  region size 2048K, 21 young (43008K), 21 survivors (43008K)
 Metaspace       used 97067K, committed 97984K, reserved 1179648K
  class space    used 13868K, committed 14272K, reserved 1048576K
}
Event: 8455.187 GC heap before
{Heap before GC invocations=184 (full 0):
 garbage-first heap   total 1329152K, used 1070080K [0x0000000704e00000, 0x0000000800000000)
  region size 2048K, 325 young (665600K), 21 survivors (43008K)
 Metaspace       used 97067K, committed 97984K, reserved 1179648K
  class space    used 13868K, committed 14272K, reserved 1048576K
}
Event: 8455.243 GC heap after
{Heap after GC invocations=185 (full 0):
 garbage-first heap   total 1329152K, used 588800K [0x0000000704e00000, 0x0000000800000000)
  region size 2048K, 41 young (83968K), 41 survivors (83968K)
 Metaspace       used 97067K, committed 97984K, reserved 1179648K
  class space    used 13868K, committed 14272K, reserved 1048576K
}
Event: 8455.531 GC heap before
{Heap before GC invocations=185 (full 0):
 garbage-first heap   total 1329152K, used 990208K [0x0000000704e00000, 0x0000000800000000)
  region size 2048K, 237 young (485376K), 41 survivors (83968K)
 Metaspace       used 97067K, committed 97984K, reserved 1179648K
  class space    used 13868K, committed 14272K, reserved 1048576K
}
Event: 8455.622 GC heap after
{Heap after GC invocations=186 (full 0):
 garbage-first heap   total 1329152K, used 841728K [0x0000000704e00000, 0x0000000800000000)
  region size 2048K, 30 young (61440K), 30 survivors (61440K)
 Metaspace       used 97067K, committed 97984K, reserved 1179648K
  class space    used 13868K, committed 14272K, reserved 1048576K
}
Event: 8456.265 GC heap before
{Heap before GC invocations=186 (full 0):
 garbage-first heap   total 1329152K, used 858112K [0x0000000704e00000, 0x0000000800000000)
  region size 2048K, 136 young (278528K), 30 survivors (61440K)
 Metaspace       used 97065K, committed 97984K, reserved 1179648K
  class space    used 13867K, committed 14272K, reserved 1048576K
}
Event: 8456.346 GC heap after
{Heap after GC invocations=187 (full 0):
 garbage-first heap   total 1329152K, used 757760K [0x0000000704e00000, 0x0000000800000000)
  region size 2048K, 17 young (34816K), 17 survivors (34816K)
 Metaspace       used 97065K, committed 97984K, reserved 1179648K
  class space    used 13867K, committed 14272K, reserved 1048576K
}
Event: 8456.662 GC heap before
{Heap before GC invocations=188 (full 0):
 garbage-first heap   total 1329152K, used 1009664K [0x0000000704e00000, 0x0000000800000000)
  region size 2048K, 141 young (288768K), 17 survivors (34816K)
 Metaspace       used 97065K, committed 97984K, reserved 1179648K
  class space    used 13867K, committed 14272K, reserved 1048576K
}
Event: 8456.723 GC heap after
{Heap after GC invocations=189 (full 0):
 garbage-first heap   total 1329152K, used 909312K [0x0000000704e00000, 0x0000000800000000)
  region size 2048K, 18 young (36864K), 18 survivors (36864K)
 Metaspace       used 97065K, committed 97984K, reserved 1179648K
  class space    used 13867K, committed 14272K, reserved 1048576K
}
Event: 8456.877 GC heap before
{Heap before GC invocations=189 (full 0):
 garbage-first heap   total 1329152K, used 1083392K [0x0000000704e00000, 0x0000000800000000)
  region size 2048K, 104 young (212992K), 18 survivors (36864K)
 Metaspace       used 97065K, committed 97984K, reserved 1179648K
  class space    used 13867K, committed 14272K, reserved 1048576K
}
Event: 8456.922 GC heap after
{Heap after GC invocations=190 (full 0):
 garbage-first heap   total 1329152K, used 1010688K [0x0000000704e00000, 0x0000000800000000)
  region size 2048K, 13 young (26624K), 13 survivors (26624K)
 Metaspace       used 97065K, committed 97984K, reserved 1179648K
  class space    used 13867K, committed 14272K, reserved 1048576K
}
Event: 8457.129 GC heap before
{Heap before GC invocations=190 (full 0):
 garbage-first heap   total 1329152K, used 1139712K [0x0000000704e00000, 0x0000000800000000)
  region size 2048K, 76 young (155648K), 13 survivors (26624K)
 Metaspace       used 97065K, committed 97984K, reserved 1179648K
  class space    used 13867K, committed 14272K, reserved 1048576K
}
Event: 8457.163 GC heap after
{Heap after GC invocations=191 (full 0):
 garbage-first heap   total 1329152K, used 1089536K [0x0000000704e00000, 0x0000000800000000)
  region size 2048K, 10 young (20480K), 10 survivors (20480K)
 Metaspace       used 97065K, committed 97984K, reserved 1179648K
  class space    used 13867K, committed 14272K, reserved 1048576K
}
Event: 8457.851 GC heap before
{Heap before GC invocations=192 (full 0):
 garbage-first heap   total 1329152K, used 735232K [0x0000000704e00000, 0x0000000800000000)
  region size 2048K, 58 young (118784K), 10 survivors (20480K)
 Metaspace       used 97065K, committed 97984K, reserved 1179648K
  class space    used 13867K, committed 14272K, reserved 1048576K
}
Event: 8457.879 GC heap after
{Heap after GC invocations=193 (full 0):
 garbage-first heap   total 1329152K, used 673792K [0x0000000704e00000, 0x0000000800000000)
  region size 2048K, 8 young (16384K), 8 survivors (16384K)
 Metaspace       used 97065K, committed 97984K, reserved 1179648K
  class space    used 13867K, committed 14272K, reserved 1048576K
}
Event: 8465.076 GC heap before
{Heap before GC invocations=193 (full 0):
 garbage-first heap   total 1329152K, used 962560K [0x0000000704e00000, 0x0000000800000000)
  region size 2048K, 150 young (307200K), 8 survivors (16384K)
 Metaspace       used 97065K, committed 97984K, reserved 1179648K
  class space    used 13867K, committed 14272K, reserved 1048576K
}

Dll operation events (11 events):
Event: 0.012 Loaded shared library C:\Users\DELL\.antigravity\extensions\redhat.java-1.54.0-win32-x64\jre\21.0.10-win32-x86_64\bin\java.dll
Event: 0.164 Loaded shared library C:\Users\DELL\.antigravity\extensions\redhat.java-1.54.0-win32-x64\jre\21.0.10-win32-x86_64\bin\zip.dll
Event: 0.178 Loaded shared library C:\Users\DELL\.antigravity\extensions\redhat.java-1.54.0-win32-x64\jre\21.0.10-win32-x86_64\bin\net.dll
Event: 0.181 Loaded shared library C:\Users\DELL\.antigravity\extensions\redhat.java-1.54.0-win32-x64\jre\21.0.10-win32-x86_64\bin\nio.dll
Event: 0.186 Loaded shared library C:\Users\DELL\.antigravity\extensions\redhat.java-1.54.0-win32-x64\jre\21.0.10-win32-x86_64\bin\zip.dll
Event: 0.406 Loaded shared library C:\Users\DELL\.antigravity\extensions\redhat.java-1.54.0-win32-x64\jre\21.0.10-win32-x86_64\bin\jimage.dll
Event: 2.119 Loaded shared library C:\Users\DELL\.antigravity\extensions\redhat.java-1.54.0-win32-x64\jre\21.0.10-win32-x86_64\bin\sunmscapi.dll
Event: 5.818 Loaded shared library C:\Users\DELL\.antigravity\extensions\redhat.java-1.54.0-win32-x64\jre\21.0.10-win32-x86_64\bin\management.dll
Event: 5.825 Loaded shared library C:\Users\DELL\.antigravity\extensions\redhat.java-1.54.0-win32-x64\jre\21.0.10-win32-x86_64\bin\management_ext.dll
Event: 6.795 Loaded shared library C:\Users\DELL\.antigravity\extensions\redhat.java-1.54.0-win32-x64\jre\21.0.10-win32-x86_64\bin\verify.dll
Event: 7.370 Loaded shared library C:\Users\DELL\.antigravity\extensions\redhat.java-1.54.0-win32-x64\jre\21.0.10-win32-x86_64\bin\extnet.dll

Deoptimization events (14 events):
Event: 4.972 Thread 0x000002dfb0a08920 DEOPT PACKING pc=0x000002dfb672768c sp=0x000000eee6cfc1d0
Event: 4.972 Thread 0x000002dfb0a08920 DEOPT UNPACKING pc=0x000002dfb5fd4bc2 sp=0x000000eee6cfb688 mode 0
Event: 21.103 Thread 0x000002e0093ce2d0 DEOPT PACKING pc=0x000002dfb700404c sp=0x000000eee92fb730
Event: 21.103 Thread 0x000002e0093ce2d0 DEOPT UNPACKING pc=0x000002dfb5fd4bc2 sp=0x000000eee92fabb0 mode 0
Event: 22.346 Thread 0x000002e0093ce2d0 DEOPT PACKING pc=0x000002dfb6ff3c94 sp=0x000000eee92fa790
Event: 22.346 Thread 0x000002e0093ce2d0 DEOPT UNPACKING pc=0x000002dfb5fd4bc2 sp=0x000000eee92f9c80 mode 0
Event: 52.980 Thread 0x000002e0093cc890 DEOPT PACKING pc=0x000002dfb709823c sp=0x000000eee93fc3c0
Event: 52.980 Thread 0x000002e0093cc890 DEOPT UNPACKING pc=0x000002dfb5fd4bc2 sp=0x000000eee93fb8b8 mode 0
Event: 1075.062 Thread 0x000002e009b8cfd0 DEOPT PACKING pc=0x000002dfb715803c sp=0x000000eee98fbd60
Event: 1075.062 Thread 0x000002e009b8cfd0 DEOPT UNPACKING pc=0x000002dfb5fd4bc2 sp=0x000000eee98fb200 mode 0
Event: 1075.087 Thread 0x000002e009b8e380 DEOPT PACKING pc=0x000002dfb715803c sp=0x000000eee9afbc30
Event: 1075.087 Thread 0x000002e009b8e380 DEOPT UNPACKING pc=0x000002dfb5fd4bc2 sp=0x000000eee9afb0d0 mode 0
Event: 5873.311 Thread 0x000002dfc0ddaf80 DEOPT PACKING pc=0x000002dfb65754b0 sp=0x000000eee97fe5a0
Event: 5873.312 Thread 0x000002dfc0ddaf80 DEOPT UNPACKING pc=0x000002dfb5fd4bc2 sp=0x000000eee97fdb50 mode 3

Classes loaded (20 events):
Event: 1075.075 Loading class java/util/concurrent/CompletableFuture$Signaller
Event: 1075.075 Loading class java/util/concurrent/CompletableFuture$Signaller done
Event: 1075.089 Loading class java/nio/channels/UnsupportedAddressTypeException
Event: 1075.089 Loading class java/nio/channels/UnsupportedAddressTypeException done
Event: 1075.097 Loading class java/util/concurrent/CompletableFuture$UniAccept
Event: 1075.097 Loading class java/util/concurrent/CompletableFuture$UniAccept done
Event: 1075.146 Loading class sun/net/util/SocketExceptions
Event: 1075.147 Loading class sun/net/util/SocketExceptions done
Event: 1779.766 Loading class sun/net/ConnectionResetException
Event: 1779.767 Loading class sun/net/ConnectionResetException done
Event: 1779.768 Loading class java/nio/channels/InterruptedByTimeoutException
Event: 1779.768 Loading class java/nio/channels/InterruptedByTimeoutException done
Event: 1879.784 Loading class java/io/PrintWriter$1
Event: 1879.787 Loading class jdk/internal/access/JavaIOPrintWriterAccess
Event: 1879.789 Loading class jdk/internal/access/JavaIOPrintWriterAccess done
Event: 1879.789 Loading class java/io/PrintWriter$1 done
Event: 1908.680 Loading class java/io/PushbackInputStream
Event: 1908.682 Loading class java/io/PushbackInputStream done
Event: 2395.708 Loading class java/nio/file/Files$2
Event: 2395.711 Loading class java/nio/file/Files$2 done

Classes unloaded (20 events):
Event: 3279.522 Thread 0x000002dfc0da63f0 Unloading class 0x000002dfc2dcdc00 'java/lang/invoke/LambdaForm$MH+0x000002dfc2dcdc00'
Event: 3279.522 Thread 0x000002dfc0da63f0 Unloading class 0x000002dfc2dcc800 'java/lang/invoke/LambdaForm$MH+0x000002dfc2dcc800'
Event: 3279.522 Thread 0x000002dfc0da63f0 Unloading class 0x000002dfc2dcc400 'java/lang/invoke/LambdaForm$MH+0x000002dfc2dcc400'
Event: 3279.522 Thread 0x000002dfc0da63f0 Unloading class 0x000002dfc2dc5800 'java/lang/invoke/LambdaForm$MH+0x000002dfc2dc5800'
Event: 3279.522 Thread 0x000002dfc0da63f0 Unloading class 0x000002dfc2a92000 'java/lang/invoke/LambdaForm$MH+0x000002dfc2a92000'
Event: 3279.522 Thread 0x000002dfc0da63f0 Unloading class 0x000002dfc2a8e400 'java/lang/invoke/LambdaForm$MH+0x000002dfc2a8e400'
Event: 3279.522 Thread 0x000002dfc0da63f0 Unloading class 0x000002dfc2a8d800 'java/lang/invoke/LambdaForm$MH+0x000002dfc2a8d800'
Event: 3279.522 Thread 0x000002dfc0da63f0 Unloading class 0x000002dfc2db8c00 'java/lang/invoke/LambdaForm$MH+0x000002dfc2db8c00'
Event: 3279.522 Thread 0x000002dfc0da63f0 Unloading class 0x000002dfc2db8800 'java/lang/invoke/LambdaForm$MH+0x000002dfc2db8800'
Event: 3279.522 Thread 0x000002dfc0da63f0 Unloading class 0x000002dfc2db8400 'java/lang/invoke/LambdaForm$MH+0x000002dfc2db8400'
Event: 3279.522 Thread 0x000002dfc0da63f0 Unloading class 0x000002dfc2da8c00 'java/lang/invoke/LambdaForm$MH+0x000002dfc2da8c00'
Event: 3279.522 Thread 0x000002dfc0da63f0 Unloading class 0x000002dfc2d44800 'java/lang/invoke/LambdaForm$MH+0x000002dfc2d44800'
Event: 3279.522 Thread 0x000002dfc0da63f0 Unloading class 0x000002dfc2d47400 'java/lang/invoke/LambdaForm$MH+0x000002dfc2d47400'
Event: 3279.522 Thread 0x000002dfc0da63f0 Unloading class 0x000002dfc2d47800 'java/lang/invoke/LambdaForm$MH+0x000002dfc2d47800'
Event: 3279.522 Thread 0x000002dfc0da63f0 Unloading class 0x000002dfc2d49000 'java/lang/invoke/LambdaForm$MH+0x000002dfc2d49000'
Event: 3279.522 Thread 0x000002dfc0da63f0 Unloading class 0x000002dfc2d49c00 'java/lang/invoke/LambdaForm$MH+0x000002dfc2d49c00'
Event: 5462.663 Thread 0x000002dfc0da63f0 Unloading class 0x000002dfc2dcc800 'java/lang/invoke/LambdaForm$MH+0x000002dfc2dcc800'
Event: 6289.750 Thread 0x000002dfc0da63f0 Unloading class 0x000002dfc2dd3400 'java/lang/invoke/LambdaForm$MH+0x000002dfc2dd3400'
Event: 7308.679 Thread 0x000002dfc0da63f0 Unloading class 0x000002dfc2dd3400 'java/lang/invoke/LambdaForm$MH+0x000002dfc2dd3400'
Event: 8455.955 Thread 0x000002dfc0da63f0 Unloading class 0x000002dfc2dd5000 'java/lang/invoke/LambdaForm$MH+0x000002dfc2dd5000'

Classes redefined (0 events):
No events

Internal exceptions (20 events):
Event: 5873.244 Thread 0x000002e0082a2570 Exception <a 'java/net/ConnectException'{0x000000072d700f48}: Connection refused: getsockopt> (0x000000072d700f48) 
thrown [s\src\hotspot\share\prims\jni.cpp, line 539]
Event: 5873.246 Thread 0x000002e00829fe10 Exception <a 'java/net/ConnectException'{0x000000072d300d30}: Connection refused: getsockopt> (0x000000072d300d30) 
thrown [s\src\hotspot\share\prims\jni.cpp, line 539]
Event: 5873.268 Thread 0x000002e0082a11c0 Exception <a 'java/net/ConnectException'{0x000000072ab00d30}: Connection refused: getsockopt> (0x000000072ab00d30) 
thrown [s\src\hotspot\share\prims\jni.cpp, line 539]
Event: 5873.406 Thread 0x000002e0082a0b30 Exception <a 'java/net/ConnectException'{0x000000071cc00d30}: Connection refused: getsockopt> (0x000000071cc00d30) 
thrown [s\src\hotspot\share\prims\jni.cpp, line 539]
Event: 6288.146 Thread 0x000002e00829f780 Exception <a 'java/net/ConnectException'{0x00000007487ea2e0}: Connection refused: getsockopt> (0x00000007487ea2e0) 
thrown [s\src\hotspot\share\prims\jni.cpp, line 539]
Event: 6288.155 Thread 0x000002e0082a3290 Exception <a 'java/net/ConnectException'{0x00000007478ea2f8}: Connection refused: getsockopt> (0x00000007478ea2f8) 
thrown [s\src\hotspot\share\prims\jni.cpp, line 539]
Event: 6288.247 Thread 0x000002e0082a04a0 Exception <a 'java/net/ConnectException'{0x0000000772ddab38}: Connection refused: getsockopt> (0x0000000772ddab38) 
thrown [s\src\hotspot\share\prims\jni.cpp, line 539]
Event: 6288.252 Thread 0x000002e0082a5360 Exception <a 'java/net/ConnectException'{0x00000007728dad38}: Connection refused: getsockopt> (0x00000007728dad38) 
thrown [s\src\hotspot\share\prims\jni.cpp, line 539]
Event: 6735.492 Thread 0x000002e0082a6080 Exception <a 'java/net/ConnectException'{0x000000075fe00f48}: Connection refused: getsockopt> (0x000000075fe00f48) 
thrown [s\src\hotspot\share\prims\jni.cpp, line 539]
Event: 6735.510 Thread 0x000002e0082a2c00 Exception <a 'java/net/ConnectException'{0x000000075dde89e0}: Connection refused: getsockopt> (0x000000075dde89e0) 
thrown [s\src\hotspot\share\prims\jni.cpp, line 539]
Event: 6735.548 Thread 0x000002e00e0021a0 Exception <a 'java/net/ConnectException'{0x0000000759fe8bd0}: Connection refused: getsockopt> (0x0000000759fe8bd0) 
thrown [s\src\hotspot\share\prims\jni.cpp, line 539]
Event: 6735.627 Thread 0x000002e00e003550 Exception <a 'java/net/ConnectException'{0x0000000751da8e50}: Connection refused: getsockopt> (0x0000000751da8e50) 
thrown [s\src\hotspot\share\prims\jni.cpp, line 539]
Event: 7307.045 Thread 0x000002e0082a2570 Exception <a 'java/net/ConnectException'{0x0000000737e00f60}: Connection refused: getsockopt> (0x0000000737e00f60) 
thrown [s\src\hotspot\share\prims\jni.cpp, line 539]
Event: 7307.082 Thread 0x000002e00829fe10 Exception <a 'java/net/ConnectException'{0x000000073419b6c0}: Connection refused: getsockopt> (0x000000073419b6c0) 
thrown [s\src\hotspot\share\prims\jni.cpp, line 539]
Event: 7307.085 Thread 0x000002e0082a11c0 Exception <a 'java/net/ConnectException'{0x0000000733d18cc0}: Connection refused: getsockopt> (0x0000000733d18cc0) 
thrown [s\src\hotspot\share\prims\jni.cpp, line 539]
Event: 7307.172 Thread 0x000002e0082a0b30 Exception <a 'java/net/ConnectException'{0x000000072c7aaa78}: Connection refused: getsockopt> (0x000000072c7aaa78) 
thrown [s\src\hotspot\share\prims\jni.cpp, line 539]
Event: 8454.997 Thread 0x000002e00829f780 Exception <a 'java/net/ConnectException'{0x0000000741700fc0}: Connection refused: getsockopt> (0x0000000741700fc0) 
thrown [s\src\hotspot\share\prims\jni.cpp, line 539]
Event: 8455.015 Thread 0x000002e0082a3290 Exception <a 'java/net/ConnectException'{0x000000073fc00d30}: Connection refused: getsockopt> (0x000000073fc00d30) 
thrown [s\src\hotspot\share\prims\jni.cpp, line 539]
Event: 8455.023 Thread 0x000002e0082a04a0 Exception <a 'java/net/ConnectException'{0x000000073f400d30}: Connection refused: getsockopt> (0x000000073f400d30) 
thrown [s\src\hotspot\share\prims\jni.cpp, line 539]
Event: 8455.087 Thread 0x000002e0082a5360 Exception <a 'java/net/ConnectException'{0x0000000739c00d30}: Connection refused: getsockopt> (0x0000000739c00d30) 
thrown [s\src\hotspot\share\prims\jni.cpp, line 539]

ZGC Phase Switch (0 events):
No events

VM Operations (20 events):
Event: 8456.086 Executing safepoint VM operation: G1PauseRemark done
Event: 8456.265 Executing safepoint VM operation: G1CollectForAllocation (G1 Evacuation Pause)
Event: 8456.346 Executing safepoint VM operation: G1CollectForAllocation (G1 Evacuation Pause) done
Event: 8456.470 Executing safepoint VM operation: G1PauseCleanup
Event: 8456.473 Executing safepoint VM operation: G1PauseCleanup done
Event: 8456.662 Executing safepoint VM operation: G1CollectForAllocation (G1 Evacuation Pause)
Event: 8456.723 Executing safepoint VM operation: G1CollectForAllocation (G1 Evacuation Pause) done
Event: 8456.877 Executing safepoint VM operation: G1CollectForAllocation (G1 Evacuation Pause)
Event: 8456.922 Executing safepoint VM operation: G1CollectForAllocation (G1 Evacuation Pause) done
Event: 8457.129 Executing safepoint VM operation: G1CollectForAllocation (G1 Evacuation Pause)
Event: 8457.163 Executing safepoint VM operation: G1CollectForAllocation (G1 Evacuation Pause) done
Event: 8457.560 Executing safepoint VM operation: G1PauseRemark
Event: 8457.569 Executing safepoint VM operation: G1PauseRemark done
Event: 8457.766 Executing safepoint VM operation: G1PauseCleanup
Event: 8457.766 Executing safepoint VM operation: G1PauseCleanup done
Event: 8457.851 Executing safepoint VM operation: G1CollectForAllocation (G1 Evacuation Pause)
Event: 8457.879 Executing safepoint VM operation: G1CollectForAllocation (G1 Evacuation Pause) done
Event: 8463.883 Executing safepoint VM operation: Cleanup
Event: 8463.883 Executing safepoint VM operation: Cleanup done
Event: 8465.076 Executing safepoint VM operation: G1CollectForAllocation (G1 Evacuation Pause)

Memory protections (0 events):
No events

Nmethod flushes (20 events):
Event: 8456.084 Thread 0x000002dfc0da63f0 flushing  nmethod 0x000002dfb659fc90
Event: 8456.084 Thread 0x000002dfc0da63f0 flushing  nmethod 0x000002dfb65edf90
Event: 8456.084 Thread 0x000002dfc0da63f0 flushing  nmethod 0x000002dfb65f8610
Event: 8456.084 Thread 0x000002dfc0da63f0 flushing  nmethod 0x000002dfb66a2290
Event: 8456.084 Thread 0x000002dfc0da63f0 flushing  nmethod 0x000002dfb66ba810
Event: 8456.084 Thread 0x000002dfc0da63f0 flushing  nmethod 0x000002dfb6771710
Event: 8456.084 Thread 0x000002dfc0da63f0 flushing  nmethod 0x000002dfb6778010
Event: 8456.084 Thread 0x000002dfc0da63f0 flushing  nmethod 0x000002dfb6806910
Event: 8456.084 Thread 0x000002dfc0da63f0 flushing  nmethod 0x000002dfb6861e10
Event: 8456.084 Thread 0x000002dfc0da63f0 flushing  nmethod 0x000002dfb69d2d90
Event: 8456.084 Thread 0x000002dfc0da63f0 flushing  nmethod 0x000002dfb6bcf810
Event: 8456.084 Thread 0x000002dfc0da63f0 flushing  nmethod 0x000002dfb6efc810
Event: 8456.084 Thread 0x000002dfc0da63f0 flushing  nmethod 0x000002dfb6f3c890
Event: 8456.084 Thread 0x000002dfc0da63f0 flushing  nmethod 0x000002dfb6f4cb90
Event: 8456.084 Thread 0x000002dfc0da63f0 flushing  nmethod 0x000002dfb6f50110
Event: 8456.084 Thread 0x000002dfc0da63f0 flushing  nmethod 0x000002dfb6f51b10
Event: 8456.084 Thread 0x000002dfc0da63f0 flushing  nmethod 0x000002dfb6f51e90
Event: 8456.084 Thread 0x000002dfc0da63f0 flushing  nmethod 0x000002dfb6ff4910
Event: 8456.084 Thread 0x000002dfc0da63f0 flushing  nmethod 0x000002dfb6ff5110
Event: 8456.084 Thread 0x000002dfc0da63f0 flushing  nmethod 0x000002dfb7008090

Events (20 events):
Event: 8441.136 Thread 0x000002e009b8bc20 Thread added: 0x000002e00602cc30
Event: 8441.136 Thread 0x000002e009b8bc20 Thread added: 0x000002e00602d2c0
Event: 8441.136 Thread 0x000002e009b8bc20 Thread added: 0x000002e00602dfe0
Event: 8441.137 Thread 0x000002e00602d2c0 Thread added: 0x000002e00e838dd0
Event: 8441.819 Thread 0x000002e00e8b26c0 Thread exited: 0x000002e00e8b26c0
Event: 8453.758 Thread 0x000002dfc0dde8d0 Thread added: 0x000002e0082de230
Event: 8454.884 Thread 0x000002e0093ce960 Thread added: 0x000002e00602bf10
Event: 8454.914 Thread 0x000002e009b8d660 Thread added: 0x000002e00e83a810
Event: 8454.914 Thread 0x000002e009b8d660 Thread added: 0x000002e00e839460
Event: 8454.914 Thread 0x000002e009b8d660 Thread added: 0x000002e00e839af0
Event: 8454.915 Thread 0x000002e00e839460 Thread added: 0x000002e00e86c7b0
Event: 8454.927 Thread 0x000002e009b8a870 Thread added: 0x000002e00e838740
Event: 8454.928 Thread 0x000002e009b8a870 Thread added: 0x000002e00e8380b0
Event: 8454.928 Thread 0x000002e009b8a870 Thread added: 0x000002e00e83a180
Event: 8455.091 Thread 0x000002dfc0dde8d0 Thread added: 0x000002e007241400
Event: 8455.932 Thread 0x000002e007241400 Thread exited: 0x000002e007241400
Event: 8462.887 Thread 0x000002e0082de230 Thread exited: 0x000002e0082de230
Event: 8464.921 Thread 0x000002e0093cc890 Thread added: 0x000002e00e83aea0
Event: 8464.921 Thread 0x000002e0093cc890 Thread added: 0x000002e00e83b530
Event: 8464.922 Thread 0x000002e0093cc890 Thread added: 0x000002e00ea1b4e0


Dynamic libraries:
0x00007ff7fe850000 - 0x00007ff7fe85e000 	C:\Users\DELL\.antigravity\extensions\redhat.java-1.54.0-win32-x64\jre\21.0.10-win32-x86_64\bin\java.exe
0x00007ff9f09c0000 - 0x00007ff9f0c27000 	C:\WINDOWS\SYSTEM32\ntdll.dll
0x00007ff9ef6d0000 - 0x00007ff9ef799000 	C:\WINDOWS\System32\KERNEL32.DLL
0x00007ff9ed5a0000 - 0x00007ff9ed997000 	C:\WINDOWS\System32\KERNELBASE.dll
0x00007ff9eda60000 - 0x00007ff9edbab000 	C:\WINDOWS\System32\ucrtbase.dll
0x00007ff999090000 - 0x00007ff9990a8000 	C:\Users\DELL\.antigravity\extensions\redhat.java-1.54.0-win32-x64\jre\21.0.10-win32-x86_64\bin\jli.dll
0x00007ff99d910000 - 0x00007ff99d92e000 	C:\Users\DELL\.antigravity\extensions\redhat.java-1.54.0-win32-x64\jre\21.0.10-win32-x86_64\bin\VCRUNTIME140.dll
0x00007ff9ef450000 - 0x00007ff9ef616000 	C:\WINDOWS\System32\USER32.dll
0x00007ff9ed570000 - 0x00007ff9ed597000 	C:\WINDOWS\System32\win32u.dll
0x00007ff9d5dc0000 - 0x00007ff9d6052000 	C:\WINDOWS\WinSxS\amd64_microsoft.windows.common-controls_6595b64144ccf1df_6.0.26100.8457_none_3e0b2faee331e92d\COMCTL32.dll
0x00007ff9f0950000 - 0x00007ff9f097b000 	C:\WINDOWS\System32\GDI32.dll
0x00007ff9f08a0000 - 0x00007ff9f0949000 	C:\WINDOWS\System32\msvcrt.dll
0x00007ff9edcf0000 - 0x00007ff9ede1c000 	C:\WINDOWS\System32\gdi32full.dll
0x00007ff9ede20000 - 0x00007ff9edec3000 	C:\WINDOWS\System32\msvcp_win.dll
0x00007ff9ef620000 - 0x00007ff9ef652000 	C:\WINDOWS\System32\IMM32.DLL
0x00007ff9c9a60000 - 0x00007ff9c9a6c000 	C:\Users\DELL\.antigravity\extensions\redhat.java-1.54.0-win32-x64\jre\21.0.10-win32-x86_64\bin\vcruntime140_1.dll
0x00007ff993f60000 - 0x00007ff993fed000 	C:\Users\DELL\.antigravity\extensions\redhat.java-1.54.0-win32-x64\jre\21.0.10-win32-x86_64\bin\msvcp140.dll
0x00007ff96ad00000 - 0x00007ff96baa1000 	C:\Users\DELL\.antigravity\extensions\redhat.java-1.54.0-win32-x64\jre\21.0.10-win32-x86_64\bin\server\jvm.dll
0x00007ff9ef270000 - 0x00007ff9ef326000 	C:\WINDOWS\System32\ADVAPI32.dll
0x00007ff9efb80000 - 0x00007ff9efc27000 	C:\WINDOWS\System32\sechost.dll
0x00007ff9ef330000 - 0x00007ff9ef448000 	C:\WINDOWS\System32\RPCRT4.dll
0x00007ff9eee40000 - 0x00007ff9eeec0000 	C:\WINDOWS\System32\WS2_32.dll
0x00007ff9ed250000 - 0x00007ff9ed2ae000 	C:\WINDOWS\SYSTEM32\POWRPROF.dll
0x00007ff9e8460000 - 0x00007ff9e8496000 	C:\WINDOWS\SYSTEM32\WINMM.dll
0x00007ff9d7080000 - 0x00007ff9d708b000 	C:\WINDOWS\SYSTEM32\VERSION.dll
0x00007ff9ed230000 - 0x00007ff9ed244000 	C:\WINDOWS\SYSTEM32\UMPDC.dll
0x00007ff9ec0e0000 - 0x00007ff9ec0fb000 	C:\WINDOWS\SYSTEM32\kernel.appcore.dll
0x00007ff9a59f0000 - 0x00007ff9a59fa000 	C:\Users\DELL\.antigravity\extensions\redhat.java-1.54.0-win32-x64\jre\21.0.10-win32-x86_64\bin\jimage.dll
0x00007ff9eb050000 - 0x00007ff9eb292000 	C:\WINDOWS\SYSTEM32\DBGHELP.DLL
0x00007ff9efc30000 - 0x00007ff9effb3000 	C:\WINDOWS\System32\combase.dll
0x00007ff9eeed0000 - 0x00007ff9eefa9000 	C:\WINDOWS\System32\OLEAUT32.dll
0x00007ff9cf010000 - 0x00007ff9cf04b000 	C:\WINDOWS\SYSTEM32\dbgcore.DLL
0x00007ff9edc40000 - 0x00007ff9edce8000 	C:\WINDOWS\System32\bcryptPrimitives.dll
0x00007ff9922f0000 - 0x00007ff992310000 	C:\Users\DELL\.antigravity\extensions\redhat.java-1.54.0-win32-x64\jre\21.0.10-win32-x86_64\bin\java.dll
0x00007ff9f0020000 - 0x00007ff9f078e000 	C:\WINDOWS\System32\SHELL32.dll
0x00007ff9eded0000 - 0x00007ff9ee73c000 	C:\WINDOWS\System32\windows.storage.dll
0x00007ff9f07a0000 - 0x00007ff9f0896000 	C:\WINDOWS\System32\SHCORE.dll
0x00007ff9ef660000 - 0x00007ff9ef6c6000 	C:\WINDOWS\System32\shlwapi.dll
0x00007ff9ed310000 - 0x00007ff9ed339000 	C:\WINDOWS\SYSTEM32\profapi.dll
0x00007ff992420000 - 0x00007ff992438000 	C:\Users\DELL\.antigravity\extensions\redhat.java-1.54.0-win32-x64\jre\21.0.10-win32-x86_64\bin\zip.dll
0x00007ff9a22e0000 - 0x00007ff9a22f0000 	C:\Users\DELL\.antigravity\extensions\redhat.java-1.54.0-win32-x64\jre\21.0.10-win32-x86_64\bin\net.dll
0x00007ff9e4a90000 - 0x00007ff9e4bb9000 	C:\WINDOWS\SYSTEM32\WINHTTP.dll
0x00007ff9ec6f0000 - 0x00007ff9ec75c000 	C:\WINDOWS\system32\mswsock.dll
0x00007ff9714a0000 - 0x00007ff9714b6000 	C:\Users\DELL\.antigravity\extensions\redhat.java-1.54.0-win32-x64\jre\21.0.10-win32-x86_64\bin\nio.dll
0x00007ff99dca0000 - 0x00007ff99dcae000 	C:\Users\DELL\.antigravity\extensions\redhat.java-1.54.0-win32-x64\jre\21.0.10-win32-x86_64\bin\sunmscapi.dll
0x00007ff9ed3f0000 - 0x00007ff9ed568000 	C:\WINDOWS\System32\CRYPT32.dll
0x00007ff9ecbf0000 - 0x00007ff9ecc20000 	C:\WINDOWS\SYSTEM32\ncrypt.dll
0x00007ff9ecba0000 - 0x00007ff9ecbdf000 	C:\WINDOWS\SYSTEM32\NTASN1.dll
0x00007ff9ec9d0000 - 0x00007ff9ec9eb000 	C:\WINDOWS\SYSTEM32\CRYPTSP.dll
0x00007ff9ec100000 - 0x00007ff9ec139000 	C:\WINDOWS\system32\rsaenh.dll
0x00007ff9ec7a0000 - 0x00007ff9ec7d3000 	C:\WINDOWS\SYSTEM32\USERENV.dll
0x00007ff9ed2e0000 - 0x00007ff9ed30a000 	C:\WINDOWS\SYSTEM32\bcrypt.dll
0x00007ff9ec9f0000 - 0x00007ff9ec9fc000 	C:\WINDOWS\SYSTEM32\CRYPTBASE.dll
0x00007ff9ebbe0000 - 0x00007ff9ebc12000 	C:\WINDOWS\SYSTEM32\IPHLPAPI.DLL
0x00007ff9f0000000 - 0x00007ff9f000a000 	C:\WINDOWS\System32\NSI.dll
0x00007ff9add10000 - 0x00007ff9add1a000 	C:\Users\DELL\.antigravity\extensions\redhat.java-1.54.0-win32-x64\jre\21.0.10-win32-x86_64\bin\management.dll
0x00007ff9a5ae0000 - 0x00007ff9a5aec000 	C:\Users\DELL\.antigravity\extensions\redhat.java-1.54.0-win32-x64\jre\21.0.10-win32-x86_64\bin\management_ext.dll
0x00007ff9eefb0000 - 0x00007ff9eefb8000 	C:\WINDOWS\System32\PSAPI.DLL
0x00007ff99dfc0000 - 0x00007ff99dfd0000 	C:\Users\DELL\.antigravity\extensions\redhat.java-1.54.0-win32-x64\jre\21.0.10-win32-x86_64\bin\verify.dll
0x00007ff9ebc80000 - 0x00007ff9ebdb2000 	C:\WINDOWS\SYSTEM32\DNSAPI.dll
0x00007ff9e2930000 - 0x00007ff9e293b000 	C:\Windows\System32\rasadhlp.dll
0x00007ff9e51a0000 - 0x00007ff9e5226000 	C:\WINDOWS\System32\fwpuclnt.dll
0x00007ff99b6f0000 - 0x00007ff99b6f9000 	C:\Users\DELL\.antigravity\extensions\redhat.java-1.54.0-win32-x64\jre\21.0.10-win32-x86_64\bin\extnet.dll
0x00007ff9b9410000 - 0x00007ff9b9418000 	C:\WINDOWS\system32\wshunix.dll

JVMTI agents: none

dbghelp: loaded successfully - version: 4.0.5 - missing functions: none
symbol engine: initialized successfully - sym options: 0x614 - pdb path: .;C:\Users\DELL\.antigravity\extensions\redhat.java-1.54.0-win32-x64\jre\21.0.10-win32-x86_64\bin;C:\WINDOWS\SYSTEM32;C:\WINDOWS\WinSxS\amd64_microsoft.windows.common-controls_6595b64144ccf1df_6.0.26100.8457_none_3e0b2faee331e92d;C:\Users\DELL\.antigravity\extensions\redhat.java-1.54.0-win32-x64\jre\21.0.10-win32-x86_64\bin\server

VM Arguments:
jvm_args: -XX:TieredStopAtLevel=1 -Dfile.encoding=UTF-8 -Duser.country=US -Duser.language=en -Duser.variant 
java_command: com.vn.jet.mosco.spinserver.Server
java_class_path (initial): D:\MEox\UITer\DOAN\Mosco_Megre\Mosco\server\build\classes\java\main;D:\MEox\UITer\DOAN\Mosco_Megre\Mosco\server\build\resources\main;C:\Users\DELL\.gradle\caches\modules-2\files-2.1\io.jsonwebtoken\jjwt-impl\0.12.5\b4ceb5407a360e0eb7ba6fa6c6452abadf6c120a\jjwt-impl-0.12.5.jar;C:\Users\DELL\.gradle\caches\modules-2\files-2.1\io.jsonwebtoken\jjwt-jackson\0.12.5\1b3e39349c8508272760a7b4cdf6053083ed3f6\jjwt-jackson-0.12.5.jar;C:\Users\DELL\.gradle\caches\modules-2\files-2.1\io.jsonwebtoken\jjwt-api\0.12.5\ea8243e36f16c2834ad69a048ed8a24aa9dd3e79\jjwt-api-0.12.5.jar;C:\Users\DELL\.gradle\caches\modules-2\files-2.1\me.paulschwarz\spring-dotenv\4.0.0\e0180f80e685a9506d1942e6836a16dee050ebaf\spring-dotenv-4.0.0.jar;C:\Users\DELL\.gradle\caches\modules-2\files-2.1\org.springframework.security\spring-security-crypto\6.4.2\a4d5bf27ca449200fc39e07de6ae016eb1ad21da\spring-security-crypto-6.4.2.jar;C:\Users\DELL\.gradle\caches\modules-2\files-2.1\com.google.code.gson\gson\2.10.1\b3add478d4382b78ea20b1671390a858002feb6c\gson-2.10.1.jar;C:\Users\DELL\.gradle\caches\modules-2\files-2.1\com.squareup.okhttp3\okhttp\4.12.0\2f4525d4a200e97e1b87449c2cd9bd2e25b7e8cd\okhttp-4.12.0.jar;C:\Users\DELL\.gradle\caches\modules-2\files-2.1\com.h2database\h2\2.3.232\4fcc05d966ccdb2812ae8b9a718f69226c0cf4e2\h2-2.3.232.jar;C:\Users\DELL\.gradle\caches\modules-2\files-2.1\com.mysql\mysql-connector-j\8.3.0\1cc7fa5d61f4bbc113531a4ba6d85d41cf3d57e1\mysql-connector-j-8.3.0.jar;C:\Users\DELL\.gradle\caches\modules-2\files-2.1\org.springframework\spring-webmvc\6.2.2\9b1aeb179ba9667bc78a4a5cec4ec8087db404d7\spring-webmvc-6.2.2.jar;C:\Users\DELL\.gradle\caches\modules-2\files-2.1\org.springframework\spring-websocket\6.2.2\321560588a5efcdfd7e46aa0d146106fe3fd5665\spring-websocket-6.2.2.jar;C:\Users\DELL\.gradle\caches\modules-2\files-2.1\org.springframework\spring-web\6.2.2\bd2ef98bf98b6ecf8dd29106ae27b7515524c21\spring-web-6.2.2.jar;C:\Users\DELL\.gradle\caches\modules-2\files-2.1\org.springframework\spring-messaging\6.2.2\3b26ce466821f6f080bc643c7e4dae8a30af85c9\spring-messaging-6.2.2.jar;C:\Users\DELL\.gradle\caches\modules-2\files-2.1\org.hibernate.orm\hibernate-core\6.6.5.Final\c81deca40ebdb823d9f8a9e5dc5798a6a205626a\hibernate-core-6.6.5.Final.jar;C:\Users\DELL\.gradle\caches\modules-2\files-2.1\org.springframework.data\spring-data-jpa\3.4.2\4213f2d185b49447057823f5ef9de41e931f4f2e\spring-data-jpa-3.4.2.jar;C:\Users\DELL\.gradle\caches\modules-2\files-2.1\org.springframework\spring-aspects\6.2.2\e9e0379bc353e43ab1cb326f413bb293d8a52e78\spring-aspects-6.2.2.jar;C:\Users\DELL\.gradle\caches\modules-2\files-2.1\org.springframework.data\spring-data-redis\3.4.2\f870c5c35ea80c1cc6dbfe3b4f665226cdfa2c3b\spring-data-redis-3.4.2.jar;C:\Users\DELL\.gradle\caches\modules-2\files-2.1\org.springframework\spring-context-support\6.2.2\d0ad90b2a0e80dcfeffe44184b5d0ac0b262ee46\spring-context-support-6.2.2.jar;C:\Users\DELL\.gradle\caches\modules-2\files-2.1\org.eclipse.angus\jakarta.mail\2.0.3\3dea6aeee9603f573687b0d4da5dc1316d921bb7\jakarta.mail-2.0.3.jar;C:\Users\DELL\.gradle\caches\modules-2\files-2.1\io.github.cdimascio\dotenv-java\3.0.0\f535c5df8b98575eabb2820e548f5ba8a987fe69\dotenv-java-3.0.0.jar;C:\Users\DELL\.gradle\caches\modules-2\files-2.1\com.squareup.okio\okio-jvm\3.6.0\5600569133b7bdefe1daf9ec7f4abeb6d13e1786\okio-jvm-3.6.0.jar;C:\Users\DELL\.gradle\caches\modules-2\files-2.1\org.jetbrains.kotlin\kotlin-stdlib-jdk7\1.9.25\1c166692314a2639e5edfed0d23ed7eee4a5c7a5\kotlin-stdlib-jdk7-1.9.25.jar;C:\Users\DELL\.gradle\caches\modules-2\files-2.1\org.jetbrains.kotlin\kotlin-stdlib\1.9.25\f700a2f2b8f0d6d0fde48f56d894dc722fb029d7\kotlin-stdlib-1.9.25.jar;C:\Users\DELL\.gradle\caches\modules-2\files-2.1\org.jetbrains.kotlin\kotlin-stdlib-jdk8\1.9.25\20d44e880a284f7b5cd99dd69450b403073f49b2\kotlin-stdlib-jdk8-1.9.25.jar;C:\Users\DELL\.gradle\caches\modules-2\files-2.1\io.lettuce\lettuce-core\6.4.2.RELEASE\8969c20697c74b71288d4d5e69b0fec4047d3d6d\lettuce-core-6.4.2.RELEASE.jar;C:\Users\DELL\.gradle\caches\modules-2\files-2.1\com.fasterxml.jackson.datatype\jackson-datatype-jsr310\2.18.2\7b6ff96adf421f4c6edbd694e797dd8fe434510a\jackson-datatype-jsr310-2.18.2.jar;C:\Users\DELL\.gradle\caches\modules-2\files-2.1\com.fasterxml.jackson.module\jackson-module-parameter-names\2.18.2\72960cb3277347a748911d100c3302d60e8a616a\jackson-module-parameter-names-2.18.2.jar;C:\Users\DELL\.gradle\caches\modules-2\files-2.1\com.fasterxml.jackson.core\jackson-annotations\2.18.2\985d77751ebc7fce5db115a986bc9aa82f973f4a\jackson-annotations-2.18.2.jar;C:\Users\DELL\.gradle\caches\modules-2\files-2.1\com.fasterxml.jackson.core\jackson-core\2.18.2\fb64ccac5c27dca8819418eb4e443a9f496d9ee7\jackson-core-2.18.2.jar;C:\Users\DELL\.gradle\caches\modules-2\files-2.1\com.fasterxml.jackson.datatype\jackson-datatype-jdk8\2.18.2\9ed6d538ebcc66864e114a7040953dce6ab6ea53\jackson-datatype-jdk8-2.18.2.jar;C:\Users\DELL\.gradle\caches\modules-2\files-2.1\com.fasterxml.jackson.core\jackson-databind\2.18.2\deef8697b92141fb6caf7aa86966cff4eec9b04f\jackson-databind-2.18.2.jar;C:\Users\DELL\.gradle\caches\modules-2\files-2.1\org.springframework.boot\spring-boot-autoconfigure\3.4.2\c50511dba751ffe7df320d27c6875feb2745654e\spring-boot-autoconfigure-3.4.2.jar;C:\Users\DELL\.gradle\caches\modules-2\files-2.1\org.springframework.boot\spring-boot\3.4.2\b2514201ba6b838bd638a51619515501c5baefea\spring-boot-3.4.2.jar;C:\Users\DELL\.gradle\caches\modules-2\files-2.1\jakarta.annotation\jakarta.annotation-api\2.1.1\48b9bda22b091b1f48b13af03fe36db3be6e1ae3\jakarta.annotation-api-2.1.1.jar;C:\Users\DELL\.gradle\caches\modules-2\files-2.1\org.springframework.data\spring-data-keyvalue\3.4.2\488264fc8e32cd5ec9a0176fa93ad104855222f4\spring-data-keyvalue-3.4.2.jar;C:\Users\DELL\.gradle\caches\modules-2\files-2.1\org.springframework\spring-context\6.2.2\aa01a7faa3694983339ca7e45619860ef34052d6\spring-context-6.2.2.jar;C:\Users\DELL\.gradle\caches\modules-2\files-2.1\org.springframework\spring-aop\6.2.2\2a1a445d4cd8e5fe2311df04fc25c0bc54bd2ce4\spring-aop-6.2.2.jar;C:\Users\DELL\.gradle\caches\modules-2\files-2.1\org.springframework\spring-orm\6.2.2\98d0c8e2f8f65b776b24ffa979e9802a0c7085d7\spring-orm-6.2.2.jar;C:\Users\DELL\.gradle\caches\modules-2\files-2.1\org.springframework\spring-jdbc\6.2.2\840572e748c1dfe7122e19a10888918e5ecfb631\spring-jdbc-6.2.2.jar;C:\Users\DELL\.gradle\caches\modules-2\files-2.1\org.springframework.data\spring-data-commons\3.4.2\387ff91a749cce404f7a6e4a15a3b75ff497bdbc\spring-data-commons-3.4.2.jar;C:\Users\DELL\.gradle\caches\modules-2\files-2.1\org.springframework\spring-tx\6.2.2\91a2e378d0e457b9c500f2b30aaf8a7a422ba522\spring-tx-6.2.2.jar;C:\Users\DELL\.gradle\caches\modules-2\files-2.1\org.springframework\spring-oxm\6.2.2\6ba1aa172f0ab30624ed5068b4ad0942b1b32c93\spring-oxm-6.2.2.jar;C:\Users\DELL\.gradle\caches\modules-2\files-2.1\org.springframework\spring-beans\6.2.2\ec8ee520ff7b147de8ac04d330848d468253f84d\spring-beans-6.2.2.jar;C:\Users\DELL\.gradle\caches\modules-2\files-2.1\org.springframework\spring-expression\6.2.2\20164dd3a70d0048185cf02bb1b097b22e73d820\spring-expression-6.2.2.jar;C:\Users\DELL\.gradle\caches\modules-2\files-2.1\org.springframework\spring-core\6.2.2\94269e888dc979e75a1a1b9600d7153d72e6a7f1\spring-core-6.2.2.jar;C:\Users\DELL\.gradle\caches\modules-2\files-2.1\org.yaml\snakeyaml\2.3\936b36210e27320f920536f695cf1af210c44586\snakeyaml-2.3.jar;C:\Users\DELL\.gradle\caches\modules-2\files-2.1\org.apache.tomcat.embed\tomcat-embed-websocket\10.1.34\eef6d430f34b6e393b8d9e40f10db9043732b4e5\tomcat-embed-websocket-10.1.34.jar;C:\Users\DELL\.gradle\caches\modules-2\files-2.1\org.apache.tomcat.embed\tomcat-embed-core\10.1.34\f610f84be607fbc82e393cc220f0ad45f92afc91\tomcat-embed-core-10.1.34.jar;C:\Users\DELL\.gradle\caches\modules-2\files-2.1\org.apache.tomcat.embed\tomcat-embed-el\10.1.34\d2b2daca3bc999c62e58ae36b45ba0582530fb25\tomcat-embed-el-10.1.34.jar;C:\Users\DELL\.gradle\caches\modules-2\files-2.1\io.micrometer\micrometer-observation\1.14.3\cd66186a1fe8465dc732d9514bade1104044b56d\micrometer-observation-1.14.3.jar;C:\Users\DELL\.gradle\caches\modules-2\files-2.1\com.zaxxer\HikariCP\5.1.0\8c96e36c14461fc436bb02b264b96ef3ca5dca8c\HikariCP-5.1.0.jar;C:\Users\DELL\.gradle\caches\modules-2\files-2.1\jakarta.persistence\jakarta.persistence-api\3.1.0\66901fa1c373c6aff65c13791cc11da72060a8d6\jakarta.persistence-api-3.1.0.jar;C:\Users\DELL\.gradle\caches\modules-2\files-2.1\jakarta.transaction\jakarta.transaction-api\2.0.1\51a520e3fae406abb84e2e1148e6746ce3f80a1a\jakarta.transaction-api-2.0.1.jar;C:\Users\DELL\.gradle\caches\modules-2\files-2.1\org.jboss.logging\jboss-logging\3.6.1.Final\886afbb445b4016a37c8960a7aef6ebd769ce7e5\jboss-logging-3.6.1.Final.jar;C:\Users\DELL\.gradle\caches\modules-2\files-2.1\org.hibernate.common\hibernate-commons-annotations\7.0.3.Final\e183c4be8bb41d12e9f19b374e00c34a0a85f439\hibernate-commons-annotations-7.0.3.Final.jar;C:\Users\DELL\.gradle\caches\modules-2\files-2.1\io.smallrye\jandex\3.2.0\f17ad860f62a08487b9edabde608f8ac55c62fa7\jandex-3.2.0.jar;C:\Users\DELL\.gradle\caches\modules-2\files-2.1\com.fasterxml\classmate\1.7.0\e98374da1f2143ac8e6e0a95036994bb19137a3\classmate-1.7.0.jar;C:\Users\DELL\.gradle\caches\modules-2\files-2.1\net.bytebuddy\byte-buddy\1.15.11\f61886478e0f9ee4c21d09574736f0ff45e0a46c\byte-buddy-1.15.11.jar;C:\Users\DELL\.gradle\caches\modules-2\files-2.1\org.glassfish.jaxb\jaxb-runtime\4.0.5\ca84c2a7169b5293e232b9d00d1e4e36d4c3914a\jaxb-runtime-4.0.5.jar;C:\Users\DELL\.gradle\caches\modules-2\files-2.1\org.glassfish.jaxb\jaxb-core\4.0.5\7b4b11ea5542eea4ad55e1080b23be436795b3\jaxb-core-4.0.5.jar;C:\Users\DELL\.gradle\caches\modules-2\files-2.1\jakarta.xml.bind\jakarta.xml.bind-api\4.0.2\6cd5a999b834b63238005b7144136379dc36cad2\jakarta.xml.bind-api-4.0.2.jar;C:\Users\DELL\.gradle\caches\modules-2\files-2.1\jakarta.inject\jakarta.inject-api\2.0.1\4c28afe1991a941d7702fe1362c365f0a8641d1e\jakarta.inject-api-2.0.1.jar;C:\Users\DELL\.gradle\caches\modules-2\files-2.1\org.antlr\antlr4-runtime\4.13.0\5a02e48521624faaf5ff4d99afc88b01686af655\antlr4-runtime-4.13.0.jar;C:\Users\DELL\.gradle\caches\modules-2\files-2.1\ch.qos.logback\logback-classic\1.5.16\113979db51dfad6dc895b34460d7b7ff64ffe7d2\logback-classic-1.5.16.jar;C:\Users\DELL\.gradle\caches\modules-2\files-2.1\org.apache.logging.log4j\log4j-to-slf4j\2.24.3\da1143e2a2531ee1c2d90baa98eb50a28a39d5a7\log4j-to-slf4j-2.24.3.jar;C:\Users\DELL\.gradle\caches\modules-2\files-2.1\org.slf4j\jul-to-slf4j\2.0.16\6d57da3e961daac65bcca0dd3def6cd11e48a24a\jul-to-slf4j-2.0.16.jar;C:\Users\DELL\.gradle\caches\modules-2\files-2.1\org.slf4j\slf4j-api\2.0.16\172931663a09a1fa515567af5fbef00897d3c04\slf4j-api-2.0.16.jar;C:\Users\DELL\.gradle\caches\modules-2\files-2.1\org.aspectj\aspectjweaver\1.9.22.1\bca243d0af0db4758fbae45c5f4995cb5dabb612\aspectjweaver-1.9.22.1.jar;C:\Users\DELL\.gradle\caches\modules-2\files-2.1\org.eclipse.angus\angus-activation\2.0.2\41f1e0ddd157c856926ed149ab837d110955a9fc\angus-activation-2.0.2.jar;C:\Users\DELL\.gradle\caches\modules-2\files-2.1\jakarta.activation\jakarta.activation-api\2.1.3\fa165bd70cda600368eee31555222776a46b881f\jakarta.activation-api-2.1.3.jar;C:\Users\DELL\.gradle\caches\modules-2\files-2.1\io.netty\netty-handler\4.1.117.Final\db14cd99515f8c98a3f2a347718e59f14d85c503\netty-handler-4.1.117.Final.jar;C:\Users\DELL\.gradle\caches\modules-2\files-2.1\io.netty\netty-transport-native-unix-common\4.1.117.Final\684f2316ff2b2171babbc17c95ac3bd97f5f091e\netty-transport-native-unix-common-4.1.117.Final.jar;C:\Users\DELL\.gradle\caches\modules-2\files-2.1\io.netty\netty-codec\4.1.117.Final\2831d3431ed93d9c0b64b1c0cce2ced4737539aa\netty-codec-4.1.117.Final.jar;C:\Users\DELL\.gradle\caches\modules-2\files-2.1\io.netty\netty-transport\4.1.117.Final\f81d72962bd134d8d8e11b514321134fa5fd0ce6\netty-transport-4.1.117.Final.jar;C:\Users\DELL\.gradle\caches\modules-2\files-2.1\io.netty\netty-resolver\4.1.117.Final\581b37489a03162f473264b65f53d504269a74b0\netty-resolver-4.1.117.Final.jar;C:\Users\DELL\.gradle\caches\modules-2\files-2.1\io.netty\netty-buffer\4.1.117.Final\22b4cc28194cb23671274499229e0ef35028fbd\netty-buffer-4.1.117.Final.jar;C:\Users\DELL\.gradle\caches\modules-2\files-2.1\io.netty\netty-common\4.1.117.Final\9e074a4382f56b37f3b9ee1fc21d53e7af58ec9d\netty-common-4.1.117.Final.jar;C:\Users\DELL\.gradle\caches\modules-2\files-2.1\io.projectreactor\reactor-core\3.7.2\18e669540bcadf4fae1761779a57a991beb013ec\reactor-core-3.7.2.jar;C:\Users\DELL\.gradle\caches\modules-2\files-2.1\org.springframework\spring-jcl\6.2.2\1fbbb0b2e85c6eac7c366c5eed5b124785f05ac8\spring-jcl-6.2.2.jar;C:\Users\DELL\.gradle\caches\modules-2\files-2.1\io.micrometer\micrometer-commons\1.14.3\bf17f05dd6343d36ecc31076197a962cfdf46131\micrometer-commons-1.14.3.jar;C:\Users\DELL\.gradle\caches\modules-2\files-2.1\org.jetbrains\annotations\13.0\919f0dfe192fb4e063e7dacadee7f8bb9a2672a9\annotations-13.0.jar;C:\Users\DELL\.gradle\caches\modules-2\files-2.1\org.reactivestreams\reactive-streams\1.0.4\3864a1320d97d7b045f729a326e1e077661f31b7\reactive-streams-1.0.4.jar;C:\Users\DELL\.gradle\caches\modules-2\files-2.1\ch.qos.logback\logback-core\1.5.16\4f17700f046900aea2fadf115e2d67fec921f7fd\logback-core-1.5.16.jar;C:\Users\DELL\.gradle\caches\modules-2\files-2.1\org.apache.logging.log4j\log4j-api\2.24.3\b02c125db8b6d295adf72ae6e71af5d83bce2370\log4j-api-2.24.3.jar;C:\Users\DELL\.gradle\caches\modules-2\files-2.1\org.glassfish.jaxb\txw2\4.0.5\f36a4ef12120a9bb06d766d6a0e54b144fd7ed98\txw2-4.0.5.jar;C:\Users\DELL\.gradle\caches\modules-2\files-2.1\com.sun.istack\istack-commons-runtime\4.1.2\18ec117c85f3ba0ac65409136afa8e42bc74e739\istack-commons-runtime-4.1.2.jar
Launcher Type: SUN_STANDARD

[Global flags]
     intx CICompilerCount                          = 4                                         {product} {ergonomic}
     uint ConcGCThreads                            = 3                                         {product} {ergonomic}
     uint G1ConcRefinementThreads                  = 10                                        {product} {ergonomic}
   size_t G1HeapRegionSize                         = 2097152                                   {product} {ergonomic}
    uintx GCDrainStackTargetSize                   = 64                                        {product} {ergonomic}
   size_t InitialHeapSize                          = 264241152                                 {product} {ergonomic}
   size_t MarkStackSize                            = 4194304                                   {product} {ergonomic}
   size_t MaxHeapSize                              = 4213178368                                {product} {ergonomic}
   size_t MaxNewSize                               = 2527068160                                {product} {ergonomic}
   size_t MinHeapDeltaBytes                        = 2097152                                   {product} {ergonomic}
   size_t MinHeapSize                              = 8388608                                   {product} {ergonomic}
    uintx NonNMethodCodeHeapSize                   = 4096                                   {pd product} {ergonomic}
    uintx NonProfiledCodeHeapSize                  = 0                                      {pd product} {ergonomic}
     bool ProfileInterpreter                       = false                                  {pd product} {command line}
    uintx ProfiledCodeHeapSize                     = 0                                      {pd product} {ergonomic}
   size_t SoftMaxHeapSize                          = 4213178368                             {manageable} {ergonomic}
     intx TieredStopAtLevel                        = 1                                         {product} {command line}
     bool UseCompressedOops                        = true                           {product lp64_product} {ergonomic}
     bool UseG1GC                                  = true                                      {product} {ergonomic}
     bool UseLargePagesIndividualAllocation        = false                                  {pd product} {ergonomic}

Logging:
Log output configuration:
 #0: stdout all=warning uptime,level,tags foldmultilines=false
 #1: stderr all=off uptime,level,tags foldmultilines=false

Release file:
JAVA_VERSION="21.0.10" 
MODULES="java.base java.compiler java.datatransfer java.xml java.prefs java.desktop java.instrument java.logging java.management java.security.sasl java.naming java.rmi java.management.rmi java.net.http java.scripting java.security.jgss java.transaction.xa java.sql java.sql.rowset java.xml.crypto java.se java.smartcardio jdk.accessibility jdk.internal.jvmstat jdk.attach jdk.charsets jdk.internal.opt jdk.zipfs jdk.compiler jdk.crypto.ec jdk.crypto.cryptoki jdk.crypto.mscapi jdk.dynalink jdk.internal.ed jdk.editpad jdk.hotspot.agent jdk.httpserver jdk.internal.le jdk.internal.vm.ci jdk.internal.vm.compiler jdk.internal.vm.compiler.management jdk.jartool jdk.javadoc jdk.jcmd jdk.management jdk.management.agent jdk.jconsole jdk.jdeps jdk.jdwp.agent jdk.jdi jdk.jfr jdk.jshell jdk.jsobject jdk.jstatd jdk.localedata jdk.management.jfr jdk.naming.dns jdk.naming.rmi jdk.net jdk.nio.mapmode jdk.random jdk.sctp jdk.security.auth jdk.security.jgss jdk.unsupported jdk.unsupported.desktop jdk.xml.dom" 

Environment Variables:
JAVA_HOME=C:\Program Files\Microsoft\jdk-21.0.11.10-hotspot\
PATH=C:\Program Files\Microsoft\jdk-21.0.11.10-hotspot\bin;C:\Program Files (x86)\Common Files\Oracle\Java\java8path;C:\Program Files (x86)\Common Files\Oracle\Java\javapath;C:\Program Files\Microsoft MPI\Bin\;C:\WINDOWS\system32;C:\WINDOWS;C:\WINDOWS\System32\Wbem;C:\WINDOWS\System32\WindowsPowerShell\v1.0\;C:\WINDOWS\System32\OpenSSH\;C:\Program Files\dotnet\;C:\msys64\ucrt64\bin;C:\Program Files (x86)\Windows Kits\10\Windows Performance Toolkit\;C:\Program Files (x86)\Microsoft SQL Server\160\Tools\Binn\;C:\Program Files\Microsoft SQL Server\160\Tools\Binn\;C:\Program Files\Microsoft SQL Server\Client SDK\ODBC\170\Tools\Binn\;C:\Program Files\Microsoft SQL Server\160\DTS\Binn\;C:\Program Files (x86)\Microsoft SQL Server\160\DTS\Binn\;C:\Program Files\Microsoft SQL Server\170\DTS\Binn\;C:\Program Files\Git\cmd;C:\WINDOWS\system32\config\systemprofile\AppData\Local\Muse Hub\lib;C:\Program Files\PuTTY\;C:\Program Files\nodejs\;C:\Program Files\Void\bin;C:\Program Files\Docker\Docker\resources\bin;C:\Program Files\MySQL\MySQL Shell 8.0\bin\;C:\Users\DELL\AppData\Local\Programs\Python\Python310\Scripts\;C:\Users\DELL\AppData\Local\Programs\Python\Python310\;C:\Users\DELL\AppData\Local\Microsoft\WindowsApps;C:\Users\DELL\.dotnet\tools;C:\Users\DELL\AppData\Local\Programs\Microsoft VS Code\bin;C:\Users\DELL\AppData\Local\Pandoc\;C:\Users\DELL\AppData\Roaming\npm;C:\Program Files\MySQL\MySQL Server 8.0\bin;C:\Users\DELL\AppData\Local\Programs\cursor\resources\app\bin;C:\Users\DELL\AppData\Local\Programs\Antigravity\bin;C:\Users\DELL\AppData\Local\Microsoft\WindowsApps;C:\Program Files\Microsoft\jdk-21.0.11.10-hotspot\\bin;
USERNAME=DELL
OS=Windows_NT
PROCESSOR_IDENTIFIER=Intel64 Family 6 Model 154 Stepping 4, GenuineIntel
TMP=C:\Users\DELL\AppData\Local\Temp
TEMP=C:\Users\DELL\AppData\Local\Temp




Periodic native trim disabled

---------------  S Y S T E M  ---------------

OS:
 Windows 11 , 64 bit Build 26100 (10.0.26100.8328)
OS uptime: 0 days 3:38 hours

CPU: total 12 (initial active 12) (12 cores per cpu, 1 threads per core) family 6 model 154 stepping 4 microcode 0x43b, cx8, cmov, fxsr, mmx, 3dnowpref, sse, sse2, sse3, ssse3, sse4.1, sse4.2, popcnt, lzcnt, tsc, tscinvbit, avx, avx2, aes, erms, clmul, bmi1, bmi2, adx, sha, fma, vzeroupper, clflush, clflushopt, clwb, serialize, rdtscp, rdpid, fsrm, f16c, pku, cet_ibt, cet_ss
Processor Information for the first 12 processors :
  Max Mhz: 1300, Current Mhz: 1300, Mhz Limit: 1300

Memory: 4k page, system-wide physical 16068M (2143M free)
TotalPageFile size 31428M (AvailPageFile size 557M)
current process WorkingSet (physical memory assigned to process): 1488M, peak: 2193M
current process commit charge ("private bytes"): 1706M, peak: 2566M

vm_info: OpenJDK 64-Bit Server VM (21.0.10+7-LTS) for windows-amd64 JRE (21.0.10+7-LTS), built on 2026-01-20T00:00:00Z by "admin" with MS VC++ 17.12 (VS2022)

END.
