#
# There is insufficient memory for the Java Runtime Environment to continue.
# Native memory allocation (mmap) failed to map 606076928 bytes. Error detail: G1 virtual space
# Possible reasons:
#   The system is out of physical RAM or swap space
#   This process is running with CompressedOops enabled, and the Java Heap may be blocking the growth of the native heap
# Possible solutions:
#   Reduce memory load on the system
#   Increase physical memory or swap space
#   Check if swap backing store is full
#   Decrease Java heap size (-Xmx/-Xms)
#   Decrease number of Java threads
#   Decrease Java thread stack sizes (-Xss)
#   Set larger code cache with -XX:ReservedCodeCacheSize=
#   JVM is running with Zero Based Compressed Oops mode in which the Java heap is
#     placed in the first 32GB address space. The Java Heap base address is the
#     maximum limit for the native heap growth. Please use -XX:HeapBaseMinAddress
#     to set the Java Heap base and to place the Java Heap above 32GB virtual address.
# This output file may be truncated or incomplete.
#
#  Out of Memory Error (os_windows.cpp:3714), pid=28176, tid=35896
#
# JRE version: OpenJDK Runtime Environment Temurin-21.0.10+7 (21.0.10+7) (build 21.0.10+7-LTS)
# Java VM: OpenJDK 64-Bit Server VM Temurin-21.0.10+7 (21.0.10+7-LTS, mixed mode, emulated-client, sharing, tiered, compressed oops, compressed class ptrs, g1 gc, windows-amd64)
# No core dump will be written. Minidumps are not enabled by default on client versions of Windows
#

---------------  S U M M A R Y ------------

Command Line: -XX:TieredStopAtLevel=1 -Dfile.encoding=UTF-8 -Duser.country=US -Duser.language=en -Duser.variant com.vn.jet.mosco.spinserver.Server

Host: 12th Gen Intel(R) Core(TM) i5-1235U, 12 cores, 15G,  Windows 11 , 64 bit Build 26100 (10.0.26100.8328)
Time: Sat May 16 20:43:42 2026 SE Asia Standard Time elapsed time: 72.997018 seconds (0d 0h 1m 12s)

---------------  T H R E A D  ---------------

Current thread (0x000001f83d7f7da0):  VMThread "VM Thread"          [id=35896, stack(0x0000003f76700000,0x0000003f76800000) (1024K)]

Stack: [0x0000003f76700000,0x0000003f76800000]
Native frames: (J=compiled Java code, j=interpreted, Vv=VM code, C=native code)
V  [jvm.dll+0x6d7a39]
V  [jvm.dll+0x8b4b26]
V  [jvm.dll+0x8b70de]
V  [jvm.dll+0x8b77c3]
V  [jvm.dll+0x284346]
V  [jvm.dll+0x6d4355]
V  [jvm.dll+0x6c808a]
V  [jvm.dll+0x35edb8]
V  [jvm.dll+0x3669f6]
V  [jvm.dll+0x3b7afe]
V  [jvm.dll+0x3b7da8]
V  [jvm.dll+0x332fbc]
V  [jvm.dll+0x333047]
V  [jvm.dll+0x376e1c]
V  [jvm.dll+0x3755be]
V  [jvm.dll+0x332701]
V  [jvm.dll+0x374c2a]
V  [jvm.dll+0x8bd4b0]
V  [jvm.dll+0x8be824]
V  [jvm.dll+0x8bed50]
V  [jvm.dll+0x8beff3]
V  [jvm.dll+0x85f59d]
V  [jvm.dll+0x6d626d]
C  [ucrtbase.dll+0x37b0]
C  [KERNEL32.DLL+0x2e957]
C  [ntdll.dll+0x427c]

VM_Operation (0x0000003f78bf9b30): G1CollectForAllocation, mode: safepoint, requested by thread 0x000001f805de2140


---------------  P R O C E S S  ---------------

Threads class SMR info:
_java_thread_list=0x000001f83db9b060, length=45, elements={
0x000001f83d8134c0, 0x000001f83d814c90, 0x000001f83d81bbb0, 0x000001f83d81ca90,
0x000001f83d820070, 0x000001f83d82b790, 0x000001f83d8334e0, 0x000001f83d9ea550,
0x000001f83d9ee5e0, 0x000001f87f3e53b0, 0x000001f8050ec9f0, 0x000001f805ee2c90,
0x000001f805ee3300, 0x000001f8044e4820, 0x000001f8065eabd0, 0x000001f806a96e70,
0x000001f806a44580, 0x000001f806a84080, 0x000001f806a846f0, 0x000001f805de3b80,
0x000001f805de2140, 0x000001f805de0700, 0x000001f805de0d90, 0x000001f805de4210,
0x000001f805de48a0, 0x000001f805de27d0, 0x000001f805de55c0, 0x000001f805de7000,
0x000001f805de5c50, 0x000001f805de7690, 0x000001f8064a9c40, 0x000001f8064aaff0,
0x000001f8064ab680, 0x000001f8064a8200, 0x000001f8064abd10, 0x000001f8064ad0c0,
0x000001f8064a8890, 0x000001f80b031ca0, 0x000001f80b031610, 0x000001f80b0329c0,
0x000001f80b034400, 0x000001f80b032330, 0x000001f80b033d70, 0x000001f80b030f80,
0x000001f80b033050
}

Java Threads: ( => current thread )
  0x000001f83d8134c0 JavaThread "Reference Handler"          daemon [_thread_blocked, id=27600, stack(0x0000003f76800000,0x0000003f76900000) (1024K)]
  0x000001f83d814c90 JavaThread "Finalizer"                  daemon [_thread_blocked, id=25188, stack(0x0000003f76900000,0x0000003f76a00000) (1024K)]
  0x000001f83d81bbb0 JavaThread "Signal Dispatcher"          daemon [_thread_blocked, id=24268, stack(0x0000003f76a00000,0x0000003f76b00000) (1024K)]
  0x000001f83d81ca90 JavaThread "Attach Listener"            daemon [_thread_blocked, id=9968, stack(0x0000003f76b00000,0x0000003f76c00000) (1024K)]
  0x000001f83d820070 JavaThread "Service Thread"             daemon [_thread_blocked, id=46016, stack(0x0000003f76c00000,0x0000003f76d00000) (1024K)]
  0x000001f83d82b790 JavaThread "Monitor Deflation Thread"   daemon [_thread_blocked, id=16168, stack(0x0000003f76d00000,0x0000003f76e00000) (1024K)]
  0x000001f83d8334e0 JavaThread "C1 CompilerThread0"         daemon [_thread_blocked, id=35784, stack(0x0000003f76e00000,0x0000003f76f00000) (1024K)]
  0x000001f83d9ea550 JavaThread "Notification Thread"        daemon [_thread_blocked, id=30324, stack(0x0000003f77200000,0x0000003f77300000) (1024K)]
  0x000001f83d9ee5e0 JavaThread "Common-Cleaner"             daemon [_thread_blocked, id=25884, stack(0x0000003f77300000,0x0000003f77400000) (1024K)]
  0x000001f87f3e53b0 JavaThread "mysql-cj-abandoned-connection-cleanup" daemon [_thread_blocked, id=10540, stack(0x0000003f77f00000,0x0000003f78000000) (1024K)]
  0x000001f8050ec9f0 JavaThread "MoscoHikariPool housekeeper" daemon [_thread_blocked, id=14264, stack(0x0000003f78100000,0x0000003f78200000) (1024K)]
  0x000001f805ee2c90 JavaThread "Catalina-utility-1"                [_thread_blocked, id=45204, stack(0x0000003f78300000,0x0000003f78400000) (1024K)]
  0x000001f805ee3300 JavaThread "Catalina-utility-2"                [_thread_blocked, id=2960, stack(0x0000003f78400000,0x0000003f78500000) (1024K)]
  0x000001f8044e4820 JavaThread "container-0"                       [_thread_blocked, id=34196, stack(0x0000003f78500000,0x0000003f78600000) (1024K)]
  0x000001f8065eabd0 JavaThread "lettuce-timer-3-1"          daemon [_thread_blocked, id=35776, stack(0x0000003f77100000,0x0000003f77200000) (1024K)]
  0x000001f806a96e70 JavaThread "MessageBroker-1"                   [_thread_blocked, id=44440, stack(0x0000003f78600000,0x0000003f78700000) (1024K)]
  0x000001f806a44580 JavaThread "http-nio-8080-exec-1"       daemon [_thread_blocked, id=42460, stack(0x0000003f78700000,0x0000003f78800000) (1024K)]
  0x000001f806a84080 JavaThread "http-nio-8080-exec-2"       daemon [_thread_blocked, id=20976, stack(0x0000003f78800000,0x0000003f78900000) (1024K)]
  0x000001f806a846f0 JavaThread "http-nio-8080-exec-3"       daemon [_thread_blocked, id=6636, stack(0x0000003f78900000,0x0000003f78a00000) (1024K)]
  0x000001f805de3b80 JavaThread "http-nio-8080-exec-4"       daemon [_thread_blocked, id=1780, stack(0x0000003f78a00000,0x0000003f78b00000) (1024K)]
  0x000001f805de2140 JavaThread "http-nio-8080-exec-5"       daemon [_thread_blocked, id=24952, stack(0x0000003f78b00000,0x0000003f78c00000) (1024K)]
  0x000001f805de0700 JavaThread "http-nio-8080-exec-6"       daemon [_thread_blocked, id=35480, stack(0x0000003f78c00000,0x0000003f78d00000) (1024K)]
  0x000001f805de0d90 JavaThread "http-nio-8080-exec-7"       daemon [_thread_blocked, id=44616, stack(0x0000003f78d00000,0x0000003f78e00000) (1024K)]
  0x000001f805de4210 JavaThread "http-nio-8080-exec-8"       daemon [_thread_blocked, id=41120, stack(0x0000003f78e00000,0x0000003f78f00000) (1024K)]
  0x000001f805de48a0 JavaThread "http-nio-8080-exec-9"       daemon [_thread_blocked, id=35076, stack(0x0000003f78f00000,0x0000003f79000000) (1024K)]
  0x000001f805de27d0 JavaThread "http-nio-8080-exec-10"      daemon [_thread_blocked, id=2592, stack(0x0000003f79000000,0x0000003f79100000) (1024K)]
  0x000001f805de55c0 JavaThread "http-nio-8080-Poller"       daemon [_thread_in_native, id=37128, stack(0x0000003f79100000,0x0000003f79200000) (1024K)]
  0x000001f805de7000 JavaThread "http-nio-8080-Acceptor"     daemon [_thread_in_native, id=32032, stack(0x0000003f79200000,0x0000003f79300000) (1024K)]
  0x000001f805de5c50 JavaThread "MessageBroker-2"                   [_thread_blocked, id=29728, stack(0x0000003f79300000,0x0000003f79400000) (1024K)]
  0x000001f805de7690 JavaThread "MessageBroker-3"                   [_thread_blocked, id=43700, stack(0x0000003f79400000,0x0000003f79500000) (1024K)]
  0x000001f8064a9c40 JavaThread "OkHttp objekt.top"          daemon [_thread_in_native, id=45128, stack(0x0000003f79500000,0x0000003f79600000) (1024K)]
  0x000001f8064aaff0 JavaThread "OkHttp TaskRunner"          daemon [_thread_blocked, id=40128, stack(0x0000003f79600000,0x0000003f79700000) (1024K)]
  0x000001f8064ab680 JavaThread "OkHttp TaskRunner"          daemon [_thread_blocked, id=33456, stack(0x0000003f79700000,0x0000003f79800000) (1024K)]
  0x000001f8064a8200 JavaThread "Okio Watchdog"              daemon [_thread_blocked, id=44752, stack(0x0000003f79800000,0x0000003f79900000) (1024K)]
  0x000001f8064abd10 JavaThread "OkHttp TaskRunner"          daemon [_thread_blocked, id=29444, stack(0x0000003f79900000,0x0000003f79a00000) (1024K)]
  0x000001f8064ad0c0 JavaThread "MessageBroker-4"                   [_thread_blocked, id=37248, stack(0x0000003f76f00000,0x0000003f77000000) (1024K)]
  0x000001f8064a8890 JavaThread "DestroyJavaVM"                     [_thread_blocked, id=32932, stack(0x0000003f76000000,0x0000003f76100000) (1024K)]
  0x000001f80b031ca0 JavaThread "WebSocket background processing" daemon [_thread_blocked, id=8116, stack(0x0000003f75d00000,0x0000003f75e00000) (1024K)]
  0x000001f80b031610 JavaThread "clientInboundChannel-1"            [_thread_blocked, id=26448, stack(0x0000003f75e00000,0x0000003f75f00000) (1024K)]
  0x000001f80b0329c0 JavaThread "clientInboundChannel-2"            [_thread_blocked, id=17720, stack(0x0000003f75f00000,0x0000003f76000000) (1024K)]
  0x000001f80b034400 JavaThread "clientInboundChannel-3"            [_thread_blocked, id=12332, stack(0x0000003f79a00000,0x0000003f79b00000) (1024K)]
  0x000001f80b032330 JavaThread "clientOutboundChannel-1"           [_thread_blocked, id=40912, stack(0x0000003f79b00000,0x0000003f79c00000) (1024K)]
  0x000001f80b033d70 JavaThread "clientInboundChannel-4"            [_thread_blocked, id=42488, stack(0x0000003f79c00000,0x0000003f79d00000) (1024K)]
  0x000001f80b030f80 JavaThread "clientInboundChannel-5"            [_thread_blocked, id=40852, stack(0x0000003f79d00000,0x0000003f79e00000) (1024K)]
  0x000001f80b033050 JavaThread "clientInboundChannel-6"            [_thread_blocked, id=36016, stack(0x0000003f79e00000,0x0000003f79f00000) (1024K)]
Total: 45

Other Threads:
=>0x000001f83d7f7da0 VMThread "VM Thread"                           [id=35896, stack(0x0000003f76700000,0x0000003f76800000) (1024K)]
  0x000001f83d7e50d0 WatcherThread "VM Periodic Task Thread"        [id=25276, stack(0x0000003f76600000,0x0000003f76700000) (1024K)]
  0x000001f82f858de0 WorkerThread "GC Thread#0"                     [id=41852, stack(0x0000003f76100000,0x0000003f76200000) (1024K)]
  0x000001f87f659190 WorkerThread "GC Thread#1"                     [id=41272, stack(0x0000003f77400000,0x0000003f77500000) (1024K)]
  0x000001f87f6669c0 WorkerThread "GC Thread#2"                     [id=22680, stack(0x0000003f77500000,0x0000003f77600000) (1024K)]
  0x000001f87f5818c0 WorkerThread "GC Thread#3"                     [id=31676, stack(0x0000003f77600000,0x0000003f77700000) (1024K)]
  0x000001f87f581c70 WorkerThread "GC Thread#4"                     [id=38836, stack(0x0000003f77700000,0x0000003f77800000) (1024K)]
  0x000001f87f582020 WorkerThread "GC Thread#5"                     [id=10348, stack(0x0000003f77800000,0x0000003f77900000) (1024K)]
  0x000001f8040de5d0 WorkerThread "GC Thread#6"                     [id=36444, stack(0x0000003f77a00000,0x0000003f77b00000) (1024K)]
  0x000001f804117d60 WorkerThread "GC Thread#7"                     [id=5596, stack(0x0000003f77b00000,0x0000003f77c00000) (1024K)]
  0x000001f8043fda70 WorkerThread "GC Thread#8"                     [id=31736, stack(0x0000003f77900000,0x0000003f77a00000) (1024K)]
  0x000001f8043fde20 WorkerThread "GC Thread#9"                     [id=26908, stack(0x0000003f77c00000,0x0000003f77d00000) (1024K)]
  0x000001f82f86a760 ConcurrentGCThread "G1 Main Marker"            [id=24564, stack(0x0000003f76200000,0x0000003f76300000) (1024K)]
  0x000001f82f86b270 WorkerThread "G1 Conc#0"                       [id=7252, stack(0x0000003f76300000,0x0000003f76400000) (1024K)]
  0x000001f8043fe1d0 WorkerThread "G1 Conc#1"                       [id=26092, stack(0x0000003f77d00000,0x0000003f77e00000) (1024K)]
  0x000001f8043fe580 WorkerThread "G1 Conc#2"                       [id=21132, stack(0x0000003f77e00000,0x0000003f77f00000) (1024K)]
  0x000001f83d6b42d0 ConcurrentGCThread "G1 Refine#0"               [id=5732, stack(0x0000003f76400000,0x0000003f76500000) (1024K)]
  0x000001f83d6b5d00 ConcurrentGCThread "G1 Service"                [id=29032, stack(0x0000003f76500000,0x0000003f76600000) (1024K)]
Total: 18

Threads with active compile tasks:
Total: 0

VM state: at safepoint (normal execution)

VM Mutex/Monitor currently owned by a thread:  ([mutex/lock_event])
[0x00007ff96b9be560] Threads_lock - owner thread: 0x000001f83d7f7da0
[0x00007ff96b9be660] Heap_lock - owner thread: 0x000001f805de2140

Heap address: 0x0000000704e00000, size: 4018 MB, Compressed Oops mode: Zero based, Oop shift amount: 3

CDS archive(s) mapped at: [0x000001f83e000000-0x000001f83eba0000-0x000001f83eba0000), size 12189696, SharedBaseAddress: 0x000001f83e000000, ArchiveRelocationMode: 1.
Compressed class space mapped at: 0x000001f83f000000-0x000001f87f000000, reserved size: 1073741824
Narrow klass base: 0x000001f83e000000, Narrow klass shift: 0, Narrow klass range: 0x100000000

GC Precious Log:
 CardTable entry size: 512
 Card Set container configuration: InlinePtr #cards 4 size 8 Array Of Cards #cards 16 size 48 Howl #buckets 8 coarsen threshold 3686 Howl Bitmap #cards 512 size 80 coarsen threshold 460 Card regions per heap region 1 cards per card region 4096
 CPUs: 12 total, 12 available
 Memory: 16068M
 Large Page Support: Disabled
 NUMA Support: Disabled
 Compressed Oops: Enabled (Zero based)
 Heap Region Size: 2M
 Heap Min Capacity: 8M
 Heap Initial Capacity: 252M
 Heap Max Capacity: 4018M
 Pre-touch: Disabled
 Parallel Workers: 10
 Concurrent Workers: 3
 Concurrent Refinement Workers: 10
 Periodic GC: Disabled

Heap:
 garbage-first heap   total 563200K, used 462848K [0x0000000704e00000, 0x0000000800000000)
  region size 2048K, 4 young (8192K), 4 survivors (8192K)
 Metaspace       used 92702K, committed 93632K, reserved 1179648K
  class space    used 13310K, committed 13760K, reserved 1048576K

Heap Regions: E=young(eden), S=young(survivor), O=old, HS=humongous(starts), HC=humongous(continues), CS=collection set, F=free, TAMS=top-at-mark-start, PB=parsable bottom
|   0|0x0000000704e00000, 0x0000000705000000, 0x0000000705000000|100%| O|  |TAMS 0x0000000705000000| PB 0x0000000704e00000| Untracked 
|   1|0x0000000705000000, 0x0000000705200000, 0x0000000705200000|100%| O|  |TAMS 0x0000000705200000| PB 0x0000000705000000| Untracked 
|   2|0x0000000705200000, 0x0000000705400000, 0x0000000705400000|100%| O|  |TAMS 0x0000000705400000| PB 0x0000000705200000| Untracked 
|   3|0x0000000705400000, 0x0000000705600000, 0x0000000705600000|100%| O|  |TAMS 0x0000000705600000| PB 0x0000000705400000| Untracked 
|   4|0x0000000705600000, 0x0000000705800000, 0x0000000705800000|100%| O|  |TAMS 0x0000000705800000| PB 0x0000000705600000| Untracked 
|   5|0x0000000705800000, 0x0000000705a00000, 0x0000000705a00000|100%| O|  |TAMS 0x0000000705a00000| PB 0x0000000705800000| Untracked 
|   6|0x0000000705a00000, 0x0000000705c00000, 0x0000000705c00000|100%| O|  |TAMS 0x0000000705c00000| PB 0x0000000705a00000| Untracked 
|   7|0x0000000705c00000, 0x0000000705e00000, 0x0000000705e00000|100%| O|  |TAMS 0x0000000705e00000| PB 0x0000000705c00000| Untracked 
|   8|0x0000000705e00000, 0x0000000706000000, 0x0000000706000000|100%| O|  |TAMS 0x0000000706000000| PB 0x0000000705e00000| Untracked 
|   9|0x0000000706000000, 0x0000000706200000, 0x0000000706200000|100%| O|  |TAMS 0x0000000706000000| PB 0x0000000706000000| Untracked 
|  10|0x0000000706200000, 0x0000000706400000, 0x0000000706400000|100%| O|  |TAMS 0x0000000706400000| PB 0x0000000706200000| Untracked 
|  11|0x0000000706400000, 0x0000000706600000, 0x0000000706600000|100%| O|  |TAMS 0x0000000706600000| PB 0x0000000706400000| Untracked 
|  12|0x0000000706600000, 0x0000000706800000, 0x0000000706800000|100%| O|  |TAMS 0x0000000706800000| PB 0x0000000706600000| Untracked 
|  13|0x0000000706800000, 0x0000000706a00000, 0x0000000706a00000|100%| O|  |TAMS 0x0000000706a00000| PB 0x0000000706800000| Untracked 
|  14|0x0000000706a00000, 0x0000000706c00000, 0x0000000706c00000|100%| O|  |TAMS 0x0000000706c00000| PB 0x0000000706a00000| Untracked 
|  15|0x0000000706c00000, 0x0000000706e00000, 0x0000000706e00000|100%| O|  |TAMS 0x0000000706e00000| PB 0x0000000706c00000| Untracked 
|  16|0x0000000706e00000, 0x0000000707000000, 0x0000000707000000|100%| O|  |TAMS 0x0000000707000000| PB 0x0000000706e00000| Untracked 
|  17|0x0000000707000000, 0x0000000707200000, 0x0000000707200000|100%| O|  |TAMS 0x0000000707200000| PB 0x0000000707000000| Untracked 
|  18|0x0000000707200000, 0x0000000707400000, 0x0000000707400000|100%| O|  |TAMS 0x0000000707400000| PB 0x0000000707200000| Untracked 
|  19|0x0000000707400000, 0x0000000707600000, 0x0000000707600000|100%| O|  |TAMS 0x0000000707600000| PB 0x0000000707400000| Untracked 
|  20|0x0000000707600000, 0x0000000707800000, 0x0000000707800000|100%| O|  |TAMS 0x0000000707800000| PB 0x0000000707600000| Untracked 
|  21|0x0000000707800000, 0x0000000707a00000, 0x0000000707a00000|100%| O|  |TAMS 0x0000000707a00000| PB 0x0000000707800000| Untracked 
|  22|0x0000000707a00000, 0x0000000707c00000, 0x0000000707c00000|100%| O|  |TAMS 0x0000000707c00000| PB 0x0000000707a00000| Untracked 
|  23|0x0000000707c00000, 0x0000000707e00000, 0x0000000707e00000|100%| O|  |TAMS 0x0000000707c00000| PB 0x0000000707c00000| Untracked 
|  24|0x0000000707e00000, 0x0000000708000000, 0x0000000708000000|100%| O|  |TAMS 0x0000000708000000| PB 0x0000000707e00000| Untracked 
|  25|0x0000000708000000, 0x0000000708200000, 0x0000000708200000|100%| O|  |TAMS 0x0000000708200000| PB 0x0000000708000000| Untracked 
|  26|0x0000000708200000, 0x0000000708400000, 0x0000000708400000|100%| O|  |TAMS 0x0000000708400000| PB 0x0000000708200000| Untracked 
|  27|0x0000000708400000, 0x0000000708600000, 0x0000000708600000|100%| O|  |TAMS 0x0000000708600000| PB 0x0000000708400000| Untracked 
|  28|0x0000000708600000, 0x0000000708800000, 0x0000000708800000|100%| O|  |TAMS 0x0000000708800000| PB 0x0000000708600000| Untracked 
|  29|0x0000000708800000, 0x0000000708a00000, 0x0000000708a00000|100%| O|  |TAMS 0x0000000708a00000| PB 0x0000000708800000| Untracked 
|  30|0x0000000708a00000, 0x0000000708c00000, 0x0000000708c00000|100%| O|  |TAMS 0x0000000708c00000| PB 0x0000000708a00000| Untracked 
|  31|0x0000000708c00000, 0x0000000708e00000, 0x0000000708e00000|100%| O|  |TAMS 0x0000000708e00000| PB 0x0000000708c00000| Untracked 
|  32|0x0000000708e00000, 0x0000000709000000, 0x0000000709000000|100%| O|  |TAMS 0x0000000709000000| PB 0x0000000708e00000| Untracked 
|  33|0x0000000709000000, 0x0000000709200000, 0x0000000709200000|100%| O|  |TAMS 0x0000000709200000| PB 0x0000000709000000| Untracked 
|  34|0x0000000709200000, 0x0000000709400000, 0x0000000709400000|100%| O|  |TAMS 0x0000000709400000| PB 0x0000000709200000| Untracked 
|  35|0x0000000709400000, 0x0000000709600000, 0x0000000709600000|100%| O|  |TAMS 0x0000000709600000| PB 0x0000000709400000| Untracked 
|  36|0x0000000709600000, 0x0000000709800000, 0x0000000709800000|100%| O|  |TAMS 0x0000000709800000| PB 0x0000000709600000| Untracked 
|  37|0x0000000709800000, 0x0000000709a00000, 0x0000000709a00000|100%| O|  |TAMS 0x0000000709a00000| PB 0x0000000709800000| Untracked 
|  38|0x0000000709a00000, 0x0000000709c00000, 0x0000000709c00000|100%| O|  |TAMS 0x0000000709c00000| PB 0x0000000709a00000| Untracked 
|  39|0x0000000709c00000, 0x0000000709e00000, 0x0000000709e00000|100%| O|  |TAMS 0x0000000709e00000| PB 0x0000000709c00000| Untracked 
|  40|0x0000000709e00000, 0x000000070a000000, 0x000000070a000000|100%| O|  |TAMS 0x000000070a000000| PB 0x0000000709e00000| Untracked 
|  41|0x000000070a000000, 0x000000070a200000, 0x000000070a200000|100%| O|  |TAMS 0x000000070a200000| PB 0x000000070a000000| Untracked 
|  42|0x000000070a200000, 0x000000070a400000, 0x000000070a400000|100%| O|  |TAMS 0x000000070a400000| PB 0x000000070a200000| Untracked 
|  43|0x000000070a400000, 0x000000070a600000, 0x000000070a600000|100%| O|  |TAMS 0x000000070a600000| PB 0x000000070a400000| Untracked 
|  44|0x000000070a600000, 0x000000070a800000, 0x000000070a800000|100%| O|  |TAMS 0x000000070a800000| PB 0x000000070a600000| Untracked 
|  45|0x000000070a800000, 0x000000070aa00000, 0x000000070aa00000|100%| O|  |TAMS 0x000000070aa00000| PB 0x000000070a800000| Untracked 
|  46|0x000000070aa00000, 0x000000070ac00000, 0x000000070ac00000|100%| O|  |TAMS 0x000000070ac00000| PB 0x000000070aa00000| Untracked 
|  47|0x000000070ac00000, 0x000000070ae00000, 0x000000070ae00000|100%| O|  |TAMS 0x000000070ae00000| PB 0x000000070ac00000| Untracked 
|  48|0x000000070ae00000, 0x000000070b000000, 0x000000070b000000|100%| O|  |TAMS 0x000000070b000000| PB 0x000000070ae00000| Untracked 
|  49|0x000000070b000000, 0x000000070b200000, 0x000000070b200000|100%| O|  |TAMS 0x000000070b200000| PB 0x000000070b000000| Untracked 
|  50|0x000000070b200000, 0x000000070b400000, 0x000000070b400000|100%| O|  |TAMS 0x000000070b200000| PB 0x000000070b200000| Untracked 
|  51|0x000000070b400000, 0x000000070b600000, 0x000000070b600000|100%| O|  |TAMS 0x000000070b600000| PB 0x000000070b400000| Untracked 
|  52|0x000000070b600000, 0x000000070b800000, 0x000000070b800000|100%| O|  |TAMS 0x000000070b800000| PB 0x000000070b600000| Untracked 
|  53|0x000000070b800000, 0x000000070ba00000, 0x000000070ba00000|100%| O|  |TAMS 0x000000070ba00000| PB 0x000000070b800000| Untracked 
|  54|0x000000070ba00000, 0x000000070bc00000, 0x000000070bc00000|100%| O|  |TAMS 0x000000070bc00000| PB 0x000000070ba00000| Untracked 
|  55|0x000000070bc00000, 0x000000070be00000, 0x000000070be00000|100%| O|  |TAMS 0x000000070be00000| PB 0x000000070bc00000| Untracked 
|  56|0x000000070be00000, 0x000000070c000000, 0x000000070c000000|100%| O|  |TAMS 0x000000070c000000| PB 0x000000070be00000| Untracked 
|  57|0x000000070c000000, 0x000000070c200000, 0x000000070c200000|100%| O|  |TAMS 0x000000070c200000| PB 0x000000070c000000| Untracked 
|  58|0x000000070c200000, 0x000000070c400000, 0x000000070c400000|100%| O|  |TAMS 0x000000070c400000| PB 0x000000070c200000| Untracked 
|  59|0x000000070c400000, 0x000000070c600000, 0x000000070c600000|100%| O|  |TAMS 0x000000070c600000| PB 0x000000070c400000| Untracked 
|  60|0x000000070c600000, 0x000000070c800000, 0x000000070c800000|100%| O|  |TAMS 0x000000070c800000| PB 0x000000070c600000| Untracked 
|  61|0x000000070c800000, 0x000000070ca00000, 0x000000070ca00000|100%| O|  |TAMS 0x000000070ca00000| PB 0x000000070c800000| Untracked 
|  62|0x000000070ca00000, 0x000000070cc00000, 0x000000070cc00000|100%| O|  |TAMS 0x000000070cc00000| PB 0x000000070ca00000| Untracked 
|  63|0x000000070cc00000, 0x000000070ce00000, 0x000000070ce00000|100%| O|  |TAMS 0x000000070ce00000| PB 0x000000070cc00000| Untracked 
|  64|0x000000070ce00000, 0x000000070d000000, 0x000000070d000000|100%| O|  |TAMS 0x000000070d000000| PB 0x000000070ce00000| Untracked 
|  65|0x000000070d000000, 0x000000070d200000, 0x000000070d200000|100%| O|  |TAMS 0x000000070d200000| PB 0x000000070d000000| Untracked 
|  66|0x000000070d200000, 0x000000070d400000, 0x000000070d400000|100%| O|  |TAMS 0x000000070d400000| PB 0x000000070d200000| Untracked 
|  67|0x000000070d400000, 0x000000070d600000, 0x000000070d600000|100%| O|  |TAMS 0x000000070d600000| PB 0x000000070d400000| Untracked 
|  68|0x000000070d600000, 0x000000070d800000, 0x000000070d800000|100%| O|  |TAMS 0x000000070d800000| PB 0x000000070d600000| Untracked 
|  69|0x000000070d800000, 0x000000070da00000, 0x000000070da00000|100%| O|  |TAMS 0x000000070da00000| PB 0x000000070d800000| Untracked 
|  70|0x000000070da00000, 0x000000070dc00000, 0x000000070dc00000|100%| O|  |TAMS 0x000000070dc00000| PB 0x000000070da00000| Untracked 
|  71|0x000000070dc00000, 0x000000070de00000, 0x000000070de00000|100%| O|  |TAMS 0x000000070de00000| PB 0x000000070dc00000| Untracked 
|  72|0x000000070de00000, 0x000000070e000000, 0x000000070e000000|100%| O|  |TAMS 0x000000070e000000| PB 0x000000070de00000| Untracked 
|  73|0x000000070e000000, 0x000000070e200000, 0x000000070e200000|100%| O|  |TAMS 0x000000070e000000| PB 0x000000070e000000| Untracked 
|  74|0x000000070e200000, 0x000000070e400000, 0x000000070e400000|100%| O|  |TAMS 0x000000070e400000| PB 0x000000070e200000| Untracked 
|  75|0x000000070e400000, 0x000000070e600000, 0x000000070e600000|100%| O|  |TAMS 0x000000070e600000| PB 0x000000070e400000| Untracked 
|  76|0x000000070e600000, 0x000000070e800000, 0x000000070e800000|100%| O|  |TAMS 0x000000070e800000| PB 0x000000070e600000| Untracked 
|  77|0x000000070e800000, 0x000000070ea00000, 0x000000070ea00000|100%| O|  |TAMS 0x000000070ea00000| PB 0x000000070e800000| Untracked 
|  78|0x000000070ea00000, 0x000000070ec00000, 0x000000070ec00000|100%| O|  |TAMS 0x000000070ec00000| PB 0x000000070ea00000| Untracked 
|  79|0x000000070ec00000, 0x000000070ee00000, 0x000000070ee00000|100%| O|  |TAMS 0x000000070ec00000| PB 0x000000070ec00000| Untracked 
|  80|0x000000070ee00000, 0x000000070f000000, 0x000000070f000000|100%| O|  |TAMS 0x000000070ee00000| PB 0x000000070ee00000| Untracked 
|  81|0x000000070f000000, 0x000000070f200000, 0x000000070f200000|100%| O|  |TAMS 0x000000070f200000| PB 0x000000070f000000| Untracked 
|  82|0x000000070f200000, 0x000000070f400000, 0x000000070f400000|100%| O|  |TAMS 0x000000070f200000| PB 0x000000070f200000| Untracked 
|  83|0x000000070f400000, 0x000000070f600000, 0x000000070f600000|100%| O|  |TAMS 0x000000070f600000| PB 0x000000070f400000| Untracked 
|  84|0x000000070f600000, 0x000000070f800000, 0x000000070f800000|100%| O|  |TAMS 0x000000070f800000| PB 0x000000070f600000| Untracked 
|  85|0x000000070f800000, 0x000000070fa00000, 0x000000070fa00000|100%| O|  |TAMS 0x000000070fa00000| PB 0x000000070f800000| Untracked 
|  86|0x000000070fa00000, 0x000000070fc00000, 0x000000070fc00000|100%| O|  |TAMS 0x000000070fa00000| PB 0x000000070fa00000| Untracked 
|  87|0x000000070fc00000, 0x000000070fe00000, 0x000000070fe00000|100%| O|  |TAMS 0x000000070fc00000| PB 0x000000070fc00000| Untracked 
|  88|0x000000070fe00000, 0x0000000710000000, 0x0000000710000000|100%| O|  |TAMS 0x0000000710000000| PB 0x000000070fe00000| Untracked 
|  89|0x0000000710000000, 0x0000000710200000, 0x0000000710200000|100%| O|  |TAMS 0x0000000710200000| PB 0x0000000710000000| Untracked 
|  90|0x0000000710200000, 0x0000000710400000, 0x0000000710400000|100%| O|  |TAMS 0x0000000710400000| PB 0x0000000710200000| Untracked 
|  91|0x0000000710400000, 0x0000000710600000, 0x0000000710600000|100%| O|  |TAMS 0x0000000710600000| PB 0x0000000710400000| Untracked 
|  92|0x0000000710600000, 0x0000000710800000, 0x0000000710800000|100%| O|  |TAMS 0x0000000710800000| PB 0x0000000710600000| Untracked 
|  93|0x0000000710800000, 0x0000000710a00000, 0x0000000710a00000|100%| O|  |TAMS 0x0000000710800000| PB 0x0000000710800000| Untracked 
|  94|0x0000000710a00000, 0x0000000710c00000, 0x0000000710c00000|100%| O|  |TAMS 0x0000000710c00000| PB 0x0000000710a00000| Untracked 
|  95|0x0000000710c00000, 0x0000000710e00000, 0x0000000710e00000|100%| O|  |TAMS 0x0000000710c00000| PB 0x0000000710c00000| Untracked 
|  96|0x0000000710e00000, 0x0000000711000000, 0x0000000711000000|100%| O|  |TAMS 0x0000000711000000| PB 0x0000000710e00000| Untracked 
|  97|0x0000000711000000, 0x0000000711200000, 0x0000000711200000|100%| O|  |TAMS 0x0000000711200000| PB 0x0000000711000000| Untracked 
|  98|0x0000000711200000, 0x0000000711400000, 0x0000000711400000|100%| O|  |TAMS 0x0000000711400000| PB 0x0000000711200000| Untracked 
|  99|0x0000000711400000, 0x0000000711600000, 0x0000000711600000|100%| O|  |TAMS 0x0000000711600000| PB 0x0000000711400000| Untracked 
| 100|0x0000000711600000, 0x0000000711800000, 0x0000000711800000|100%| O|  |TAMS 0x0000000711800000| PB 0x0000000711600000| Untracked 
| 101|0x0000000711800000, 0x0000000711a00000, 0x0000000711a00000|100%| O|  |TAMS 0x0000000711800000| PB 0x0000000711800000| Untracked 
| 102|0x0000000711a00000, 0x0000000711c00000, 0x0000000711c00000|100%| O|  |TAMS 0x0000000711a00000| PB 0x0000000711a00000| Untracked 
| 103|0x0000000711c00000, 0x0000000711e00000, 0x0000000711e00000|100%| O|  |TAMS 0x0000000711c00000| PB 0x0000000711c00000| Untracked 
| 104|0x0000000711e00000, 0x0000000712000000, 0x0000000712000000|100%| O|  |TAMS 0x0000000712000000| PB 0x0000000711e00000| Untracked 
| 105|0x0000000712000000, 0x0000000712200000, 0x0000000712200000|100%| O|  |TAMS 0x0000000712200000| PB 0x0000000712000000| Untracked 
| 106|0x0000000712200000, 0x0000000712400000, 0x0000000712400000|100%| O|  |TAMS 0x0000000712400000| PB 0x0000000712200000| Untracked 
| 107|0x0000000712400000, 0x0000000712600000, 0x0000000712600000|100%| O|  |TAMS 0x0000000712600000| PB 0x0000000712400000| Untracked 
| 108|0x0000000712600000, 0x0000000712800000, 0x0000000712800000|100%| O|  |TAMS 0x0000000712800000| PB 0x0000000712600000| Untracked 
| 109|0x0000000712800000, 0x0000000712a00000, 0x0000000712a00000|100%| O|  |TAMS 0x0000000712a00000| PB 0x0000000712800000| Untracked 
| 110|0x0000000712a00000, 0x0000000712c00000, 0x0000000712c00000|100%| O|  |TAMS 0x0000000712c00000| PB 0x0000000712a00000| Untracked 
| 111|0x0000000712c00000, 0x0000000712e00000, 0x0000000712e00000|100%| O|  |TAMS 0x0000000712c00000| PB 0x0000000712c00000| Untracked 
| 112|0x0000000712e00000, 0x0000000713000000, 0x0000000713000000|100%| O|  |TAMS 0x0000000713000000| PB 0x0000000712e00000| Untracked 
| 113|0x0000000713000000, 0x0000000713200000, 0x0000000713200000|100%| O|  |TAMS 0x0000000713000000| PB 0x0000000713000000| Untracked 
| 114|0x0000000713200000, 0x0000000713400000, 0x0000000713400000|100%| O|  |TAMS 0x0000000713200000| PB 0x0000000713200000| Untracked 
| 115|0x0000000713400000, 0x0000000713600000, 0x0000000713600000|100%| O|  |TAMS 0x0000000713600000| PB 0x0000000713400000| Untracked 
| 116|0x0000000713600000, 0x0000000713800000, 0x0000000713800000|100%| O|  |TAMS 0x0000000713800000| PB 0x0000000713600000| Untracked 
| 117|0x0000000713800000, 0x0000000713a00000, 0x0000000713a00000|100%| O|  |TAMS 0x0000000713a00000| PB 0x0000000713800000| Untracked 
| 118|0x0000000713a00000, 0x0000000713c00000, 0x0000000713c00000|100%| O|  |TAMS 0x0000000713c00000| PB 0x0000000713a00000| Untracked 
| 119|0x0000000713c00000, 0x0000000713e00000, 0x0000000713e00000|100%| O|  |TAMS 0x0000000713e00000| PB 0x0000000713c00000| Untracked 
| 120|0x0000000713e00000, 0x0000000714000000, 0x0000000714000000|100%| O|  |TAMS 0x0000000714000000| PB 0x0000000713e00000| Untracked 
| 121|0x0000000714000000, 0x0000000714200000, 0x0000000714200000|100%| O|  |TAMS 0x0000000714200000| PB 0x0000000714000000| Untracked 
| 122|0x0000000714200000, 0x0000000714400000, 0x0000000714400000|100%| O|  |TAMS 0x0000000714400000| PB 0x0000000714200000| Untracked 
| 123|0x0000000714400000, 0x0000000714600000, 0x0000000714600000|100%| O|  |TAMS 0x0000000714600000| PB 0x0000000714400000| Untracked 
| 124|0x0000000714600000, 0x0000000714800000, 0x0000000714800000|100%| O|  |TAMS 0x0000000714800000| PB 0x0000000714600000| Untracked 
| 125|0x0000000714800000, 0x0000000714a00000, 0x0000000714a00000|100%| O|  |TAMS 0x0000000714a00000| PB 0x0000000714800000| Untracked 
| 126|0x0000000714a00000, 0x0000000714c00000, 0x0000000714c00000|100%| O|  |TAMS 0x0000000714a00000| PB 0x0000000714a00000| Untracked 
| 127|0x0000000714c00000, 0x0000000714e00000, 0x0000000714e00000|100%| O|  |TAMS 0x0000000714e00000| PB 0x0000000714c00000| Untracked 
| 128|0x0000000714e00000, 0x0000000715000000, 0x0000000715000000|100%| O|  |TAMS 0x0000000715000000| PB 0x0000000714e00000| Untracked 
| 129|0x0000000715000000, 0x0000000715200000, 0x0000000715200000|100%| O|  |TAMS 0x0000000715200000| PB 0x0000000715000000| Untracked 
| 130|0x0000000715200000, 0x0000000715400000, 0x0000000715400000|100%| O|  |TAMS 0x0000000715400000| PB 0x0000000715200000| Untracked 
| 131|0x0000000715400000, 0x0000000715600000, 0x0000000715600000|100%| O|  |TAMS 0x0000000715600000| PB 0x0000000715400000| Untracked 
| 132|0x0000000715600000, 0x0000000715800000, 0x0000000715800000|100%| O|  |TAMS 0x0000000715800000| PB 0x0000000715600000| Untracked 
| 133|0x0000000715800000, 0x0000000715a00000, 0x0000000715a00000|100%| O|  |TAMS 0x0000000715a00000| PB 0x0000000715800000| Untracked 
| 134|0x0000000715a00000, 0x0000000715c00000, 0x0000000715c00000|100%| O|  |TAMS 0x0000000715c00000| PB 0x0000000715a00000| Untracked 
| 135|0x0000000715c00000, 0x0000000715e00000, 0x0000000715e00000|100%| O|  |TAMS 0x0000000715e00000| PB 0x0000000715c00000| Untracked 
| 136|0x0000000715e00000, 0x0000000716000000, 0x0000000716000000|100%| O|  |TAMS 0x0000000716000000| PB 0x0000000715e00000| Untracked 
| 137|0x0000000716000000, 0x0000000716200000, 0x0000000716200000|100%| O|  |TAMS 0x0000000716200000| PB 0x0000000716000000| Untracked 
| 138|0x0000000716200000, 0x0000000716400000, 0x0000000716400000|100%| O|  |TAMS 0x0000000716400000| PB 0x0000000716200000| Untracked 
| 139|0x0000000716400000, 0x0000000716600000, 0x0000000716600000|100%| O|  |TAMS 0x0000000716600000| PB 0x0000000716400000| Untracked 
| 140|0x0000000716600000, 0x0000000716800000, 0x0000000716800000|100%| O|  |TAMS 0x0000000716800000| PB 0x0000000716600000| Untracked 
| 141|0x0000000716800000, 0x0000000716a00000, 0x0000000716a00000|100%| O|  |TAMS 0x0000000716a00000| PB 0x0000000716800000| Untracked 
| 142|0x0000000716a00000, 0x0000000716c00000, 0x0000000716c00000|100%| O|  |TAMS 0x0000000716c00000| PB 0x0000000716a00000| Untracked 
| 143|0x0000000716c00000, 0x0000000716e00000, 0x0000000716e00000|100%| O|  |TAMS 0x0000000716e00000| PB 0x0000000716c00000| Untracked 
| 144|0x0000000716e00000, 0x0000000717000000, 0x0000000717000000|100%| O|  |TAMS 0x0000000717000000| PB 0x0000000716e00000| Untracked 
| 145|0x0000000717000000, 0x0000000717200000, 0x0000000717200000|100%| O|  |TAMS 0x0000000717200000| PB 0x0000000717000000| Untracked 
| 146|0x0000000717200000, 0x0000000717400000, 0x0000000717400000|100%| O|  |TAMS 0x0000000717400000| PB 0x0000000717200000| Untracked 
| 147|0x0000000717400000, 0x0000000717600000, 0x0000000717600000|100%| O|  |TAMS 0x0000000717600000| PB 0x0000000717400000| Untracked 
| 148|0x0000000717600000, 0x0000000717800000, 0x0000000717800000|100%| O|  |TAMS 0x0000000717800000| PB 0x0000000717600000| Untracked 
| 149|0x0000000717800000, 0x0000000717a00000, 0x0000000717a00000|100%| O|  |TAMS 0x0000000717a00000| PB 0x0000000717800000| Untracked 
| 150|0x0000000717a00000, 0x0000000717c00000, 0x0000000717c00000|100%| O|  |TAMS 0x0000000717a00000| PB 0x0000000717a00000| Untracked 
| 151|0x0000000717c00000, 0x0000000717e00000, 0x0000000717e00000|100%| O|  |TAMS 0x0000000717e00000| PB 0x0000000717c00000| Untracked 
| 152|0x0000000717e00000, 0x0000000718000000, 0x0000000718000000|100%| O|  |TAMS 0x0000000718000000| PB 0x0000000717e00000| Untracked 
| 153|0x0000000718000000, 0x0000000718200000, 0x0000000718200000|100%| O|  |TAMS 0x0000000718200000| PB 0x0000000718000000| Untracked 
| 154|0x0000000718200000, 0x0000000718400000, 0x0000000718400000|100%| O|  |TAMS 0x0000000718400000| PB 0x0000000718200000| Untracked 
| 155|0x0000000718400000, 0x0000000718600000, 0x0000000718600000|100%| O|  |TAMS 0x0000000718600000| PB 0x0000000718400000| Untracked 
| 156|0x0000000718600000, 0x0000000718800000, 0x0000000718800000|100%| O|  |TAMS 0x0000000718800000| PB 0x0000000718600000| Untracked 
| 157|0x0000000718800000, 0x0000000718a00000, 0x0000000718a00000|100%| O|  |TAMS 0x0000000718a00000| PB 0x0000000718800000| Untracked 
| 158|0x0000000718a00000, 0x0000000718c00000, 0x0000000718c00000|100%| O|  |TAMS 0x0000000718c00000| PB 0x0000000718a00000| Untracked 
| 159|0x0000000718c00000, 0x0000000718e00000, 0x0000000718e00000|100%| O|  |TAMS 0x0000000718e00000| PB 0x0000000718c00000| Untracked 
| 160|0x0000000718e00000, 0x0000000719000000, 0x0000000719000000|100%| O|  |TAMS 0x0000000719000000| PB 0x0000000718e00000| Untracked 
| 161|0x0000000719000000, 0x0000000719200000, 0x0000000719200000|100%| O|  |TAMS 0x0000000719200000| PB 0x0000000719000000| Untracked 
| 162|0x0000000719200000, 0x0000000719400000, 0x0000000719400000|100%| O|  |TAMS 0x0000000719400000| PB 0x0000000719200000| Untracked 
| 163|0x0000000719400000, 0x0000000719600000, 0x0000000719600000|100%| O|  |TAMS 0x0000000719600000| PB 0x0000000719400000| Untracked 
| 164|0x0000000719600000, 0x0000000719800000, 0x0000000719800000|100%| O|  |TAMS 0x0000000719800000| PB 0x0000000719600000| Untracked 
| 165|0x0000000719800000, 0x0000000719a00000, 0x0000000719a00000|100%| O|  |TAMS 0x0000000719a00000| PB 0x0000000719800000| Untracked 
| 166|0x0000000719a00000, 0x0000000719c00000, 0x0000000719c00000|100%| O|  |TAMS 0x0000000719c00000| PB 0x0000000719a00000| Untracked 
| 167|0x0000000719c00000, 0x0000000719e00000, 0x0000000719e00000|100%| O|  |TAMS 0x0000000719e00000| PB 0x0000000719c00000| Untracked 
| 168|0x0000000719e00000, 0x000000071a000000, 0x000000071a000000|100%| O|  |TAMS 0x000000071a000000| PB 0x0000000719e00000| Untracked 
| 169|0x000000071a000000, 0x000000071a200000, 0x000000071a200000|100%| O|  |TAMS 0x000000071a200000| PB 0x000000071a000000| Untracked 
| 170|0x000000071a200000, 0x000000071a400000, 0x000000071a400000|100%| O|  |TAMS 0x000000071a400000| PB 0x000000071a200000| Untracked 
| 171|0x000000071a400000, 0x000000071a600000, 0x000000071a600000|100%| O|  |TAMS 0x000000071a600000| PB 0x000000071a400000| Untracked 
| 172|0x000000071a600000, 0x000000071a800000, 0x000000071a800000|100%| O|  |TAMS 0x000000071a800000| PB 0x000000071a600000| Untracked 
| 173|0x000000071a800000, 0x000000071aa00000, 0x000000071aa00000|100%| O|  |TAMS 0x000000071aa00000| PB 0x000000071a800000| Untracked 
| 174|0x000000071aa00000, 0x000000071ac00000, 0x000000071ac00000|100%| O|  |TAMS 0x000000071ac00000| PB 0x000000071aa00000| Untracked 
| 175|0x000000071ac00000, 0x000000071ae00000, 0x000000071ae00000|100%| O|  |TAMS 0x000000071ae00000| PB 0x000000071ac00000| Untracked 
| 176|0x000000071ae00000, 0x000000071b000000, 0x000000071b000000|100%| O|  |TAMS 0x000000071b000000| PB 0x000000071ae00000| Untracked 
| 177|0x000000071b000000, 0x000000071b200000, 0x000000071b200000|100%| O|  |TAMS 0x000000071b200000| PB 0x000000071b000000| Untracked 
| 178|0x000000071b200000, 0x000000071b400000, 0x000000071b400000|100%| O|  |TAMS 0x000000071b400000| PB 0x000000071b200000| Untracked 
| 179|0x000000071b400000, 0x000000071b600000, 0x000000071b600000|100%| O|  |TAMS 0x000000071b600000| PB 0x000000071b400000| Untracked 
| 180|0x000000071b600000, 0x000000071b800000, 0x000000071b800000|100%| O|  |TAMS 0x000000071b800000| PB 0x000000071b600000| Untracked 
| 181|0x000000071b800000, 0x000000071ba00000, 0x000000071ba00000|100%| O|  |TAMS 0x000000071ba00000| PB 0x000000071b800000| Untracked 
| 182|0x000000071ba00000, 0x000000071bc00000, 0x000000071bc00000|100%| O|  |TAMS 0x000000071bc00000| PB 0x000000071ba00000| Untracked 
| 183|0x000000071bc00000, 0x000000071be00000, 0x000000071be00000|100%| O|  |TAMS 0x000000071be00000| PB 0x000000071bc00000| Untracked 
| 184|0x000000071be00000, 0x000000071c000000, 0x000000071c000000|100%| O|  |TAMS 0x000000071c000000| PB 0x000000071be00000| Untracked 
| 185|0x000000071c000000, 0x000000071c200000, 0x000000071c200000|100%| O|  |TAMS 0x000000071c200000| PB 0x000000071c000000| Untracked 
| 186|0x000000071c200000, 0x000000071c400000, 0x000000071c400000|100%| O|  |TAMS 0x000000071c400000| PB 0x000000071c200000| Untracked 
| 187|0x000000071c400000, 0x000000071c600000, 0x000000071c600000|100%| O|  |TAMS 0x000000071c600000| PB 0x000000071c400000| Untracked 
| 188|0x000000071c600000, 0x000000071c800000, 0x000000071c800000|100%| O|  |TAMS 0x000000071c800000| PB 0x000000071c600000| Untracked 
| 189|0x000000071c800000, 0x000000071ca00000, 0x000000071ca00000|100%| O|  |TAMS 0x000000071ca00000| PB 0x000000071c800000| Untracked 
| 190|0x000000071ca00000, 0x000000071cc00000, 0x000000071cc00000|100%| O|  |TAMS 0x000000071cc00000| PB 0x000000071ca00000| Untracked 
| 191|0x000000071cc00000, 0x000000071ce00000, 0x000000071ce00000|100%| O|  |TAMS 0x000000071ce00000| PB 0x000000071cc00000| Untracked 
| 192|0x000000071ce00000, 0x000000071d000000, 0x000000071d000000|100%| O|  |TAMS 0x000000071d000000| PB 0x000000071ce00000| Untracked 
| 193|0x000000071d000000, 0x000000071d200000, 0x000000071d200000|100%| O|  |TAMS 0x000000071d200000| PB 0x000000071d000000| Untracked 
| 194|0x000000071d200000, 0x000000071d400000, 0x000000071d400000|100%| O|  |TAMS 0x000000071d200000| PB 0x000000071d200000| Untracked 
| 195|0x000000071d400000, 0x000000071d600000, 0x000000071d600000|100%| O|  |TAMS 0x000000071d400000| PB 0x000000071d400000| Untracked 
| 196|0x000000071d600000, 0x000000071d800000, 0x000000071d800000|100%| O|  |TAMS 0x000000071d600000| PB 0x000000071d600000| Untracked 
| 197|0x000000071d800000, 0x000000071da00000, 0x000000071da00000|100%| O|  |TAMS 0x000000071d800000| PB 0x000000071d800000| Untracked 
| 198|0x000000071da00000, 0x000000071dc00000, 0x000000071dc00000|100%| O|  |TAMS 0x000000071da00000| PB 0x000000071da00000| Untracked 
| 199|0x000000071dc00000, 0x000000071de00000, 0x000000071de00000|100%| O|  |TAMS 0x000000071dc00000| PB 0x000000071dc00000| Untracked 
| 200|0x000000071de00000, 0x000000071e000000, 0x000000071e000000|100%| O|  |TAMS 0x000000071de00000| PB 0x000000071de00000| Untracked 
| 201|0x000000071e000000, 0x000000071e200000, 0x000000071e200000|100%| O|  |TAMS 0x000000071e000000| PB 0x000000071e000000| Untracked 
| 202|0x000000071e200000, 0x000000071e400000, 0x000000071e400000|100%| O|  |TAMS 0x000000071e200000| PB 0x000000071e200000| Untracked 
| 203|0x000000071e400000, 0x000000071e600000, 0x000000071e600000|100%| O|  |TAMS 0x000000071e400000| PB 0x000000071e400000| Untracked 
| 204|0x000000071e600000, 0x000000071e800000, 0x000000071e800000|100%| O|  |TAMS 0x000000071e600000| PB 0x000000071e600000| Untracked 
| 205|0x000000071e800000, 0x000000071ea00000, 0x000000071ea00000|100%| O|  |TAMS 0x000000071e800000| PB 0x000000071e800000| Untracked 
| 206|0x000000071ea00000, 0x000000071ec00000, 0x000000071ec00000|100%| O|  |TAMS 0x000000071ea00000| PB 0x000000071ea00000| Untracked 
| 207|0x000000071ec00000, 0x000000071ee00000, 0x000000071ee00000|100%| O|  |TAMS 0x000000071ec00000| PB 0x000000071ec00000| Untracked 
| 208|0x000000071ee00000, 0x000000071f000000, 0x000000071f000000|100%| O|  |TAMS 0x000000071ee00000| PB 0x000000071ee00000| Untracked 
| 209|0x000000071f000000, 0x000000071f200000, 0x000000071f200000|100%| O|  |TAMS 0x000000071f000000| PB 0x000000071f000000| Untracked 
| 210|0x000000071f200000, 0x000000071f400000, 0x000000071f400000|100%| O|  |TAMS 0x000000071f200000| PB 0x000000071f200000| Untracked 
| 211|0x000000071f400000, 0x000000071f600000, 0x000000071f600000|100%| O|  |TAMS 0x000000071f400000| PB 0x000000071f400000| Untracked 
| 212|0x000000071f600000, 0x000000071f800000, 0x000000071f800000|100%| O|  |TAMS 0x000000071f600000| PB 0x000000071f600000| Untracked 
| 213|0x000000071f800000, 0x000000071fa00000, 0x000000071fa00000|100%| O|  |TAMS 0x000000071f800000| PB 0x000000071f800000| Untracked 
| 214|0x000000071fa00000, 0x000000071fc00000, 0x000000071fc00000|100%| O|  |TAMS 0x000000071fa00000| PB 0x000000071fa00000| Untracked 
| 215|0x000000071fc00000, 0x000000071fe00000, 0x000000071fe00000|100%| O|  |TAMS 0x000000071fc00000| PB 0x000000071fc00000| Untracked 
| 216|0x000000071fe00000, 0x0000000720000000, 0x0000000720000000|100%| O|  |TAMS 0x000000071fe00000| PB 0x000000071fe00000| Untracked 
| 217|0x0000000720000000, 0x0000000720200000, 0x0000000720200000|100%| O|  |TAMS 0x0000000720000000| PB 0x0000000720000000| Untracked 
| 218|0x0000000720200000, 0x0000000720400000, 0x0000000720400000|100%| O|  |TAMS 0x0000000720200000| PB 0x0000000720200000| Untracked 
| 219|0x0000000720400000, 0x0000000720600000, 0x0000000720600000|100%| O|  |TAMS 0x0000000720400000| PB 0x0000000720400000| Untracked 
| 220|0x0000000720600000, 0x0000000720800000, 0x0000000720800000|100%| O|  |TAMS 0x0000000720600000| PB 0x0000000720600000| Untracked 
| 221|0x0000000720800000, 0x0000000720a00000, 0x0000000720a00000|100%| O|  |TAMS 0x0000000720800000| PB 0x0000000720800000| Untracked 
| 222|0x0000000720a00000, 0x0000000720a00000, 0x0000000720c00000|  0%| F|  |TAMS 0x0000000720a00000| PB 0x0000000720a00000| Untracked 
| 223|0x0000000720c00000, 0x0000000720c00000, 0x0000000720e00000|  0%| F|  |TAMS 0x0000000720c00000| PB 0x0000000720c00000| Untracked 
| 224|0x0000000720e00000, 0x0000000720e00000, 0x0000000721000000|  0%| F|  |TAMS 0x0000000720e00000| PB 0x0000000720e00000| Untracked 
| 225|0x0000000721000000, 0x0000000721000000, 0x0000000721200000|  0%| F|  |TAMS 0x0000000721000000| PB 0x0000000721000000| Untracked 
| 226|0x0000000721200000, 0x0000000721200000, 0x0000000721400000|  0%| F|  |TAMS 0x0000000721200000| PB 0x0000000721200000| Untracked 
| 227|0x0000000721400000, 0x0000000721400000, 0x0000000721600000|  0%| F|  |TAMS 0x0000000721400000| PB 0x0000000721400000| Untracked 
| 228|0x0000000721600000, 0x0000000721600000, 0x0000000721800000|  0%| F|  |TAMS 0x0000000721600000| PB 0x0000000721600000| Untracked 
| 229|0x0000000721800000, 0x0000000721800000, 0x0000000721a00000|  0%| F|  |TAMS 0x0000000721800000| PB 0x0000000721800000| Untracked 
| 230|0x0000000721a00000, 0x0000000721a00000, 0x0000000721c00000|  0%| F|  |TAMS 0x0000000721a00000| PB 0x0000000721a00000| Untracked 
| 231|0x0000000721c00000, 0x0000000721c00000, 0x0000000721e00000|  0%| F|  |TAMS 0x0000000721c00000| PB 0x0000000721c00000| Untracked 
| 232|0x0000000721e00000, 0x0000000721e00000, 0x0000000722000000|  0%| F|  |TAMS 0x0000000721e00000| PB 0x0000000721e00000| Untracked 
| 233|0x0000000722000000, 0x0000000722000000, 0x0000000722200000|  0%| F|  |TAMS 0x0000000722000000| PB 0x0000000722000000| Untracked 
| 234|0x0000000722200000, 0x0000000722200000, 0x0000000722400000|  0%| F|  |TAMS 0x0000000722200000| PB 0x0000000722200000| Untracked 
| 235|0x0000000722400000, 0x0000000722400000, 0x0000000722600000|  0%| F|  |TAMS 0x0000000722400000| PB 0x0000000722400000| Untracked 
| 236|0x0000000722600000, 0x0000000722600000, 0x0000000722800000|  0%| F|  |TAMS 0x0000000722600000| PB 0x0000000722600000| Untracked 
| 237|0x0000000722800000, 0x0000000722800000, 0x0000000722a00000|  0%| F|  |TAMS 0x0000000722800000| PB 0x0000000722800000| Untracked 
| 238|0x0000000722a00000, 0x0000000722a00000, 0x0000000722c00000|  0%| F|  |TAMS 0x0000000722a00000| PB 0x0000000722a00000| Untracked 
| 239|0x0000000722c00000, 0x0000000722c00000, 0x0000000722e00000|  0%| F|  |TAMS 0x0000000722c00000| PB 0x0000000722c00000| Untracked 
| 240|0x0000000722e00000, 0x0000000722e00000, 0x0000000723000000|  0%| F|  |TAMS 0x0000000722e00000| PB 0x0000000722e00000| Untracked 
| 241|0x0000000723000000, 0x0000000723000000, 0x0000000723200000|  0%| F|  |TAMS 0x0000000723000000| PB 0x0000000723000000| Untracked 
| 242|0x0000000723200000, 0x0000000723200000, 0x0000000723400000|  0%| F|  |TAMS 0x0000000723200000| PB 0x0000000723200000| Untracked 
| 243|0x0000000723400000, 0x0000000723400000, 0x0000000723600000|  0%| F|  |TAMS 0x0000000723400000| PB 0x0000000723400000| Untracked 
| 244|0x0000000723600000, 0x0000000723600000, 0x0000000723800000|  0%| F|  |TAMS 0x0000000723600000| PB 0x0000000723600000| Untracked 
| 245|0x0000000723800000, 0x0000000723a00000, 0x0000000723a00000|100%| S|CS|TAMS 0x0000000723800000| PB 0x0000000723800000| Complete 
| 246|0x0000000723a00000, 0x0000000723c00000, 0x0000000723c00000|100%| S|CS|TAMS 0x0000000723a00000| PB 0x0000000723a00000| Complete 
| 247|0x0000000723c00000, 0x0000000723e00000, 0x0000000723e00000|100%| S|CS|TAMS 0x0000000723c00000| PB 0x0000000723c00000| Complete 
| 248|0x0000000723e00000, 0x0000000724000000, 0x0000000724000000|100%| S|CS|TAMS 0x0000000723e00000| PB 0x0000000723e00000| Complete 
| 249|0x0000000724000000, 0x0000000724000000, 0x0000000724200000|  0%| F|  |TAMS 0x0000000724000000| PB 0x0000000724000000| Untracked 
| 250|0x0000000724200000, 0x0000000724200000, 0x0000000724400000|  0%| F|  |TAMS 0x0000000724200000| PB 0x0000000724200000| Untracked 
| 251|0x0000000724400000, 0x0000000724400000, 0x0000000724600000|  0%| F|  |TAMS 0x0000000724400000| PB 0x0000000724400000| Untracked 
| 252|0x0000000724600000, 0x0000000724600000, 0x0000000724800000|  0%| F|  |TAMS 0x0000000724600000| PB 0x0000000724600000| Untracked 
| 253|0x0000000724800000, 0x0000000724800000, 0x0000000724a00000|  0%| F|  |TAMS 0x0000000724800000| PB 0x0000000724800000| Untracked 
| 254|0x0000000724a00000, 0x0000000724a00000, 0x0000000724c00000|  0%| F|  |TAMS 0x0000000724a00000| PB 0x0000000724a00000| Untracked 
|1989|0x00000007fd800000, 0x00000007fd800000, 0x00000007fda00000|  0%| F|  |TAMS 0x00000007fd800000| PB 0x00000007fd800000| Untracked 
|1990|0x00000007fda00000, 0x00000007fda00000, 0x00000007fdc00000|  0%| F|  |TAMS 0x00000007fda00000| PB 0x00000007fda00000| Untracked 
|1991|0x00000007fdc00000, 0x00000007fdc00000, 0x00000007fde00000|  0%| F|  |TAMS 0x00000007fdc00000| PB 0x00000007fdc00000| Untracked 
|1992|0x00000007fde00000, 0x00000007fde00000, 0x00000007fe000000|  0%| F|  |TAMS 0x00000007fde00000| PB 0x00000007fde00000| Untracked 
|1993|0x00000007fe000000, 0x00000007fe000000, 0x00000007fe200000|  0%| F|  |TAMS 0x00000007fe000000| PB 0x00000007fe000000| Untracked 
|1994|0x00000007fe200000, 0x00000007fe200000, 0x00000007fe400000|  0%| F|  |TAMS 0x00000007fe200000| PB 0x00000007fe200000| Untracked 
|1995|0x00000007fe400000, 0x00000007fe400000, 0x00000007fe600000|  0%| F|  |TAMS 0x00000007fe400000| PB 0x00000007fe400000| Untracked 
|1996|0x00000007fe600000, 0x00000007fe600000, 0x00000007fe800000|  0%| F|  |TAMS 0x00000007fe600000| PB 0x00000007fe600000| Untracked 
|1997|0x00000007fe800000, 0x00000007fe800000, 0x00000007fea00000|  0%| F|  |TAMS 0x00000007fe800000| PB 0x00000007fe800000| Untracked 
|1998|0x00000007fea00000, 0x00000007fea00000, 0x00000007fec00000|  0%| F|  |TAMS 0x00000007fea00000| PB 0x00000007fea00000| Untracked 
|1999|0x00000007fec00000, 0x00000007fec00000, 0x00000007fee00000|  0%| F|  |TAMS 0x00000007fec00000| PB 0x00000007fec00000| Untracked 
|2000|0x00000007fee00000, 0x00000007fee00000, 0x00000007ff000000|  0%| F|  |TAMS 0x00000007fee00000| PB 0x00000007fee00000| Untracked 
|2001|0x00000007ff000000, 0x00000007ff000000, 0x00000007ff200000|  0%| F|  |TAMS 0x00000007ff000000| PB 0x00000007ff000000| Untracked 
|2002|0x00000007ff200000, 0x00000007ff200000, 0x00000007ff400000|  0%| F|  |TAMS 0x00000007ff200000| PB 0x00000007ff200000| Untracked 
|2003|0x00000007ff400000, 0x00000007ff400000, 0x00000007ff600000|  0%| F|  |TAMS 0x00000007ff400000| PB 0x00000007ff400000| Untracked 
|2004|0x00000007ff600000, 0x00000007ff600000, 0x00000007ff800000|  0%| F|  |TAMS 0x00000007ff600000| PB 0x00000007ff600000| Untracked 
|2005|0x00000007ff800000, 0x00000007ff800000, 0x00000007ffa00000|  0%| F|  |TAMS 0x00000007ff800000| PB 0x00000007ff800000| Untracked 
|2006|0x00000007ffa00000, 0x00000007ffa00000, 0x00000007ffc00000|  0%| F|  |TAMS 0x00000007ffa00000| PB 0x00000007ffa00000| Untracked 
|2007|0x00000007ffc00000, 0x00000007ffc00000, 0x00000007ffe00000|  0%| F|  |TAMS 0x00000007ffc00000| PB 0x00000007ffc00000| Untracked 
|2008|0x00000007ffe00000, 0x00000007ffe00000, 0x0000000800000000|  0%| F|  |TAMS 0x00000007ffe00000| PB 0x00000007ffe00000| Untracked 

Card table byte_map: [0x000001f8364f0000,0x000001f836cd0000] _byte_map_base: 0x000001f832cc9000

Marking Bits: (CMBitMap*) 0x000001f82f8594f0
 Bits: [0x000001f836cd0000, 0x000001f83ab98000)

Polling page: 0x000001f82d5d0000

Metaspace:

Usage:
  Non-class:     77.53 MB used.
      Class:     13.00 MB used.
       Both:     90.53 MB used.

Virtual space:
  Non-class space:      128.00 MB reserved,      78.00 MB ( 61%) committed,  2 nodes.
      Class space:        1.00 GB reserved,      13.44 MB (  1%) committed,  1 nodes.
             Both:        1.12 GB reserved,      91.44 MB (  8%) committed. 

Chunk freelists:
   Non-Class:  1.06 MB
       Class:  2.55 MB
        Both:  3.61 MB

MaxMetaspaceSize: unlimited
CompressedClassSpaceSize: 1.00 GB
Initial GC threshold: 21.00 MB
Current GC threshold: 148.88 MB
CDS: on
 - commit_granule_bytes: 65536.
 - commit_granule_words: 8192.
 - virtual_space_node_default_size: 8388608.
 - enlarge_chunks_in_place: 1.
 - use_allocation_guard: 0.


Internal statistics:

num_allocs_failed_limit: 6.
num_arena_births: 1460.
num_arena_deaths: 0.
num_vsnodes_births: 3.
num_vsnodes_deaths: 0.
num_space_committed: 1463.
num_space_uncommitted: 0.
num_chunks_returned_to_freelist: 6.
num_chunks_taken_from_freelist: 4849.
num_chunk_merges: 6.
num_chunk_splits: 3538.
num_chunks_enlarged: 2760.
num_inconsistent_stats: 0.

CodeCache: size=49152Kb used=14956Kb max_used=18727Kb free=34195Kb
 bounds [0x000001f8329e0000, 0x000001f833c30000, 0x000001f8359e0000]
 total_blobs=8993, nmethods=8164, adapters=751, full_count=0
Compilation: enabled, stopped_count=0, restarted_count=0

Compilation events (20 events):
Event: 72.805 Thread 0x000001f83d8334e0 11131       1       org.springframework.context.event.AbstractApplicationEventMulticaster::supportsEvent (56 bytes)
Event: 72.805 Thread 0x000001f83d8334e0 nmethod 11131 0x000001f833251e10 code [0x000001f833252000, 0x000001f833252438]
Event: 72.829 Thread 0x000001f83d8334e0 11132       1       java.util.HashMap::comparableClassFor (115 bytes)
Event: 72.829 Thread 0x000001f83d8334e0 nmethod 11132 0x000001f8330c2290 code [0x000001f8330c24c0, 0x000001f8330c2a00]
Event: 72.830 Thread 0x000001f83d8334e0 11133       1       java.util.HashMap$TreeNode::tieBreakOrder (49 bytes)
Event: 72.831 Thread 0x000001f83d8334e0 nmethod 11133 0x000001f8333c3c90 code [0x000001f8333c3e60, 0x000001f8333c4050]
Event: 72.838 Thread 0x000001f83d8334e0 11134       1       java.util.HashMap$TreeNode::balanceInsertion (245 bytes)
Event: 72.838 Thread 0x000001f83d8334e0 nmethod 11134 0x000001f833174110 code [0x000001f833174300, 0x000001f833174670]
Event: 72.838 Thread 0x000001f83d8334e0 11135       1       java.util.HashMap$Node::<init> (26 bytes)
Event: 72.838 Thread 0x000001f83d8334e0 nmethod 11135 0x000001f8335d2990 code [0x000001f8335d2b40, 0x000001f8335d2d30]
Event: 72.838 Thread 0x000001f83d8334e0 11136       1       java.util.HashMap$TreeNode::<init> (10 bytes)
Event: 72.839 Thread 0x000001f83d8334e0 nmethod 11136 0x000001f8335d2510 code [0x000001f8335d26c0, 0x000001f8335d28c0]
Event: 72.839 Thread 0x000001f83d8334e0 11137       1       java.util.HashMap::replacementTreeNode (21 bytes)
Event: 72.839 Thread 0x000001f83d8334e0 nmethod 11137 0x000001f83390df90 code [0x000001f83390e140, 0x000001f83390e3c0]
Event: 72.839 Thread 0x000001f83d8334e0 11138       1       java.util.LinkedHashMap$Entry::<init> (10 bytes)
Event: 72.840 Thread 0x000001f83d8334e0 nmethod 11138 0x000001f833996710 code [0x000001f8339968c0, 0x000001f833996ab0]
Event: 72.848 Thread 0x000001f83d8334e0 11139       1       java.util.HashMap$TreeNode::find (172 bytes)
Event: 72.848 Thread 0x000001f83d8334e0 nmethod 11139 0x000001f83320ae90 code [0x000001f83320b080, 0x000001f83320b460]
Event: 72.948 Thread 0x000001f83d8334e0 11140       1       java.lang.String::repeat (151 bytes)
Event: 72.949 Thread 0x000001f83d8334e0 nmethod 11140 0x000001f8333abd90 code [0x000001f8333abfe0, 0x000001f8333ac860]

GC Heap History (20 events):
Event: 44.789 GC heap after
{Heap after GC invocations=53 (full 0):
 garbage-first heap   total 376832K, used 225412K [0x0000000704e00000, 0x0000000800000000)
  region size 2048K, 5 young (10240K), 5 survivors (10240K)
 Metaspace       used 87920K, committed 88896K, reserved 1179648K
  class space    used 12644K, committed 13120K, reserved 1048576K
}
Event: 71.619 GC heap before
{Heap before GC invocations=53 (full 0):
 garbage-first heap   total 376832K, used 325764K [0x0000000704e00000, 0x0000000800000000)
  region size 2048K, 54 young (110592K), 5 survivors (10240K)
 Metaspace       used 90495K, committed 91456K, reserved 1179648K
  class space    used 13026K, committed 13440K, reserved 1048576K
}
Event: 71.642 GC heap after
{Heap after GC invocations=54 (full 0):
 garbage-first heap   total 399360K, used 280576K [0x0000000704e00000, 0x0000000800000000)
  region size 2048K, 7 young (14336K), 7 survivors (14336K)
 Metaspace       used 90495K, committed 91456K, reserved 1179648K
  class space    used 13026K, committed 13440K, reserved 1048576K
}
Event: 71.705 GC heap before
{Heap before GC invocations=54 (full 0):
 garbage-first heap   total 399360K, used 344064K [0x0000000704e00000, 0x0000000800000000)
  region size 2048K, 38 young (77824K), 7 survivors (14336K)
 Metaspace       used 90495K, committed 91456K, reserved 1179648K
  class space    used 13026K, committed 13440K, reserved 1048576K
}
Event: 71.722 GC heap after
{Heap after GC invocations=55 (full 0):
 garbage-first heap   total 401408K, used 322560K [0x0000000704e00000, 0x0000000800000000)
  region size 2048K, 5 young (10240K), 5 survivors (10240K)
 Metaspace       used 90495K, committed 91456K, reserved 1179648K
  class space    used 13026K, committed 13440K, reserved 1048576K
}
Event: 71.835 GC heap before
{Heap before GC invocations=55 (full 0):
 garbage-first heap   total 468992K, used 314368K [0x0000000704e00000, 0x0000000800000000)
  region size 2048K, 22 young (45056K), 5 survivors (10240K)
 Metaspace       used 90496K, committed 91456K, reserved 1179648K
  class space    used 13026K, committed 13440K, reserved 1048576K
}
Event: 71.844 GC heap after
{Heap after GC invocations=56 (full 0):
 garbage-first heap   total 468992K, used 304830K [0x0000000704e00000, 0x0000000800000000)
  region size 2048K, 3 young (6144K), 3 survivors (6144K)
 Metaspace       used 90496K, committed 91456K, reserved 1179648K
  class space    used 13026K, committed 13440K, reserved 1048576K
}
Event: 72.111 GC heap before
{Heap before GC invocations=57 (full 0):
 garbage-first heap   total 468992K, used 378558K [0x0000000704e00000, 0x0000000800000000)
  region size 2048K, 39 young (79872K), 3 survivors (6144K)
 Metaspace       used 90612K, committed 91584K, reserved 1179648K
  class space    used 13047K, committed 13504K, reserved 1048576K
}
Event: 72.124 GC heap after
{Heap after GC invocations=58 (full 0):
 garbage-first heap   total 468992K, used 345678K [0x0000000704e00000, 0x0000000800000000)
  region size 2048K, 5 young (10240K), 5 survivors (10240K)
 Metaspace       used 90612K, committed 91584K, reserved 1179648K
  class space    used 13047K, committed 13504K, reserved 1048576K
}
Event: 72.185 GC heap before
{Heap before GC invocations=58 (full 0):
 garbage-first heap   total 468992K, used 396878K [0x0000000704e00000, 0x0000000800000000)
  region size 2048K, 30 young (61440K), 5 survivors (10240K)
 Metaspace       used 90612K, committed 91584K, reserved 1179648K
  class space    used 13047K, committed 13504K, reserved 1048576K
}
Event: 72.197 GC heap after
{Heap after GC invocations=59 (full 0):
 garbage-first heap   total 468992K, used 354193K [0x0000000704e00000, 0x0000000800000000)
  region size 2048K, 4 young (8192K), 4 survivors (8192K)
 Metaspace       used 90612K, committed 91584K, reserved 1179648K
  class space    used 13047K, committed 13504K, reserved 1048576K
}
Event: 72.252 GC heap before
{Heap before GC invocations=59 (full 0):
 garbage-first heap   total 468992K, used 399249K [0x0000000704e00000, 0x0000000800000000)
  region size 2048K, 26 young (53248K), 4 survivors (8192K)
 Metaspace       used 90612K, committed 91584K, reserved 1179648K
  class space    used 13047K, committed 13504K, reserved 1048576K
}
Event: 72.262 GC heap after
{Heap after GC invocations=60 (full 0):
 garbage-first heap   total 563200K, used 385024K [0x0000000704e00000, 0x0000000800000000)
  region size 2048K, 4 young (8192K), 4 survivors (8192K)
 Metaspace       used 90612K, committed 91584K, reserved 1179648K
  class space    used 13047K, committed 13504K, reserved 1048576K
}
Event: 72.773 GC heap before
{Heap before GC invocations=61 (full 0):
 garbage-first heap   total 563200K, used 372736K [0x0000000704e00000, 0x0000000800000000)
  region size 2048K, 40 young (81920K), 4 survivors (8192K)
 Metaspace       used 91805K, committed 92736K, reserved 1179648K
  class space    used 13206K, committed 13632K, reserved 1048576K
}
Event: 72.787 GC heap after
{Heap after GC invocations=62 (full 0):
 garbage-first heap   total 563200K, used 337663K [0x0000000704e00000, 0x0000000800000000)
  region size 2048K, 5 young (10240K), 5 survivors (10240K)
 Metaspace       used 91805K, committed 92736K, reserved 1179648K
  class space    used 13206K, committed 13632K, reserved 1048576K
}
Event: 72.854 GC heap before
{Heap before GC invocations=62 (full 0):
 garbage-first heap   total 563200K, used 438015K [0x0000000704e00000, 0x0000000800000000)
  region size 2048K, 54 young (110592K), 5 survivors (10240K)
 Metaspace       used 92466K, committed 93440K, reserved 1179648K
  class space    used 13305K, committed 13760K, reserved 1048576K
}
Event: 72.877 GC heap after
{Heap after GC invocations=63 (full 0):
 garbage-first heap   total 563200K, used 372736K [0x0000000704e00000, 0x0000000800000000)
  region size 2048K, 7 young (14336K), 7 survivors (14336K)
 Metaspace       used 92466K, committed 93440K, reserved 1179648K
  class space    used 13305K, committed 13760K, reserved 1048576K
}
Event: 72.928 GC heap before
{Heap before GC invocations=63 (full 0):
 garbage-first heap   total 563200K, used 452608K [0x0000000704e00000, 0x0000000800000000)
  region size 2048K, 46 young (94208K), 7 survivors (14336K)
 Metaspace       used 92466K, committed 93440K, reserved 1179648K
  class space    used 13305K, committed 13760K, reserved 1048576K
}
Event: 72.944 GC heap after
{Heap after GC invocations=64 (full 0):
 garbage-first heap   total 563200K, used 428032K [0x0000000704e00000, 0x0000000800000000)
  region size 2048K, 6 young (12288K), 6 survivors (12288K)
 Metaspace       used 92466K, committed 93440K, reserved 1179648K
  class space    used 13305K, committed 13760K, reserved 1048576K
}
Event: 72.983 GC heap before
{Heap before GC invocations=64 (full 0):
 garbage-first heap   total 563200K, used 479232K [0x0000000704e00000, 0x0000000800000000)
  region size 2048K, 32 young (65536K), 6 survivors (12288K)
 Metaspace       used 92702K, committed 93632K, reserved 1179648K
  class space    used 13310K, committed 13760K, reserved 1048576K
}

Dll operation events (11 events):
Event: 0.015 Loaded shared library C:\Users\DELL\.antigravity\extensions\redhat.java-1.54.0-win32-x64\jre\21.0.10-win32-x86_64\bin\java.dll
Event: 0.217 Loaded shared library C:\Users\DELL\.antigravity\extensions\redhat.java-1.54.0-win32-x64\jre\21.0.10-win32-x86_64\bin\zip.dll
Event: 0.232 Loaded shared library C:\Users\DELL\.antigravity\extensions\redhat.java-1.54.0-win32-x64\jre\21.0.10-win32-x86_64\bin\net.dll
Event: 0.235 Loaded shared library C:\Users\DELL\.antigravity\extensions\redhat.java-1.54.0-win32-x64\jre\21.0.10-win32-x86_64\bin\nio.dll
Event: 0.243 Loaded shared library C:\Users\DELL\.antigravity\extensions\redhat.java-1.54.0-win32-x64\jre\21.0.10-win32-x86_64\bin\zip.dll
Event: 0.483 Loaded shared library C:\Users\DELL\.antigravity\extensions\redhat.java-1.54.0-win32-x64\jre\21.0.10-win32-x86_64\bin\jimage.dll
Event: 2.635 Loaded shared library C:\Users\DELL\.antigravity\extensions\redhat.java-1.54.0-win32-x64\jre\21.0.10-win32-x86_64\bin\sunmscapi.dll
Event: 11.395 Loaded shared library C:\Users\DELL\.antigravity\extensions\redhat.java-1.54.0-win32-x64\jre\21.0.10-win32-x86_64\bin\management.dll
Event: 11.400 Loaded shared library C:\Users\DELL\.antigravity\extensions\redhat.java-1.54.0-win32-x64\jre\21.0.10-win32-x86_64\bin\management_ext.dll
Event: 12.863 Loaded shared library C:\Users\DELL\.antigravity\extensions\redhat.java-1.54.0-win32-x64\jre\21.0.10-win32-x86_64\bin\verify.dll
Event: 13.522 Loaded shared library C:\Users\DELL\.antigravity\extensions\redhat.java-1.54.0-win32-x64\jre\21.0.10-win32-x86_64\bin\extnet.dll

Deoptimization events (6 events):
Event: 10.166 Thread 0x000001f82d426590 DEOPT PACKING pc=0x000001f833184f8c sp=0x0000003f760fc410
Event: 10.166 Thread 0x000001f82d426590 DEOPT UNPACKING pc=0x000001f832a34bc2 sp=0x0000003f760fb8c8 mode 0
Event: 26.498 Thread 0x000001f806a96e70 DEOPT PACKING pc=0x000001f833a608cc sp=0x0000003f786fb790
Event: 26.498 Thread 0x000001f806a96e70 DEOPT UNPACKING pc=0x000001f832a34bc2 sp=0x0000003f786fac10 mode 0
Event: 27.585 Thread 0x000001f806a96e70 DEOPT PACKING pc=0x000001f833a51094 sp=0x0000003f786fa7f0
Event: 27.585 Thread 0x000001f806a96e70 DEOPT UNPACKING pc=0x000001f832a34bc2 sp=0x0000003f786f9ce0 mode 0

Classes loaded (20 events):
Event: 72.711 Loading class java/util/Base64$Encoder
Event: 72.711 Loading class java/util/Base64$Encoder done
Event: 72.747 Loading class java/util/concurrent/atomic/AtomicLongFieldUpdater
Event: 72.747 Loading class java/util/concurrent/atomic/AtomicLongFieldUpdater done
Event: 72.748 Loading class java/util/concurrent/atomic/AtomicLongFieldUpdater$CASUpdater
Event: 72.748 Loading class java/util/concurrent/atomic/AtomicLongFieldUpdater$CASUpdater done
Event: 72.748 Loading class java/util/concurrent/atomic/AtomicLongFieldUpdater$CASUpdater$1
Event: 72.748 Loading class java/util/concurrent/atomic/AtomicLongFieldUpdater$CASUpdater$1 done
Event: 72.762 Loading class java/util/concurrent/LinkedBlockingQueue$Itr
Event: 72.762 Loading class java/util/concurrent/LinkedBlockingQueue$Itr done
Event: 72.797 Loading class sun/nio/ch/IOVecWrapper
Event: 72.797 Loading class sun/nio/ch/IOVecWrapper done
Event: 72.798 Loading class sun/nio/ch/AllocatedNativeObject
Event: 72.798 Loading class sun/nio/ch/NativeObject
Event: 72.798 Loading class sun/nio/ch/NativeObject done
Event: 72.798 Loading class sun/nio/ch/AllocatedNativeObject done
Event: 72.798 Loading class sun/nio/ch/IOVecWrapper$Deallocator
Event: 72.799 Loading class sun/nio/ch/IOVecWrapper$Deallocator done
Event: 72.812 Loading class java/util/function/LongSupplier
Event: 72.812 Loading class java/util/function/LongSupplier done

Classes unloaded (0 events):
No events

Classes redefined (0 events):
No events

Internal exceptions (20 events):
Event: 24.846 Thread 0x000001f82d426590 Exception <a 'java/lang/NoSuchMethodError'{0x0000000712898780}: 'java.lang.Object java.lang.invoke.DirectMethodHandle$Holder.invokeVirtual(java.lang.Object, java.lang.Object, java.lang.Object, java.lang.Object, java.lang.Object, java.lang.Object, java.lang.Object)'> (0x0000000712898780) 
thrown [s\src\hotspot\share\interpreter\linkResolver.cpp, line 773]
Event: 24.848 Thread 0x000001f82d426590 Exception <a 'java/lang/NoSuchMethodError'{0x00000007128b5908}: 'java.lang.Object java.lang.invoke.DirectMethodHandle$Holder.invokeVirtual(java.lang.Object, java.lang.Object, java.lang.Object, java.lang.Object, java.lang.Object, java.lang.Object, java.lang.Object, java.lang.Object)'> (0x00000007128b5908) 
thrown [s\src\hotspot\share\interpreter\linkResolver.cpp, line 773]
Event: 24.898 Thread 0x000001f82d426590 Exception <a 'java/lang/NoSuchMethodError'{0x000000071243fb08}: 'java.lang.Object java.lang.invoke.DirectMethodHandle$Holder.newInvokeSpecial(java.lang.Object, java.lang.Object, java.lang.Object, java.lang.Object, java.lang.Object, java.lang.Object, java.lang.Object, java.lang.Object)'> (0x000000071243fb08) 
thrown [s\src\hotspot\share\interpreter\linkResolver.cpp, line 773]
Event: 25.248 Thread 0x000001f82d426590 Exception <a 'java/lang/IncompatibleClassChangeError'{0x00000007118c7d88}: Found class java.lang.Object, but interface was expected> (0x00000007118c7d88) 
thrown [s\src\hotspot\share\interpreter\linkResolver.cpp, line 840]
Event: 25.367 Thread 0x000001f82d426590 Exception <a 'java/lang/NoSuchMethodError'{0x0000000711477da8}: 'int java.lang.invoke.DirectMethodHandle$Holder.invokeStaticInit(java.lang.Object, java.lang.Object, java.lang.Object, java.lang.Object)'> (0x0000000711477da8) 
thrown [s\src\hotspot\share\interpreter\linkResolver.cpp, line 773]
Event: 25.566 Thread 0x000001f82d426590 Exception <a 'java/lang/NoSuchMethodError'{0x0000000710db8cc8}: 'java.lang.Object java.lang.invoke.Invokers$Holder.invoke_MT(java.lang.Object, java.lang.Object, java.lang.Object, java.lang.Object, java.lang.Object, java.lang.Object, java.lang.Object, java.lang.Object, java.lang.Object, java.lang.Object, java.lang.Object)'> (0x0000000710db8cc8) 
thrown [s\src\hotspot\share\interpreter\linkResolver.cpp, line 773]
Event: 25.706 Thread 0x000001f82d426590 Exception <a 'java/lang/NoSuchMethodError'{0x00000007ffc9e158}: 'void java.lang.invoke.DirectMethodHandle$Holder.invokeSpecial(java.lang.Object, java.lang.Object, int, java.lang.Object, java.lang.Object, java.lang.Object, java.lang.Object)'> (0x00000007ffc9e158) 
thrown [s\src\hotspot\share\interpreter\linkResolver.cpp, line 773]
Event: 25.707 Thread 0x000001f82d426590 Exception <a 'java/lang/NoSuchMethodError'{0x00000007ffca5338}: 'java.lang.Object java.lang.invoke.DirectMethodHandle$Holder.newInvokeSpecial(java.lang.Object, java.lang.Object, int, java.lang.Object, java.lang.Object)'> (0x00000007ffca5338) 
thrown [s\src\hotspot\share\interpreter\linkResolver.cpp, line 773]
Event: 25.917 Thread 0x000001f82d426590 Exception <a 'java/lang/NoSuchMethodError'{0x000000071436f9a8}: 'int java.lang.invoke.Invokers$Holder.invokeExact_MT(java.lang.Object, java.lang.Object, java.lang.Object)'> (0x000000071436f9a8) 
thrown [s\src\hotspot\share\interpreter\linkResolver.cpp, line 773]
Event: 25.917 Thread 0x000001f82d426590 Exception <a 'java/lang/NoSuchMethodError'{0x00000007143732f8}: 'long java.lang.invoke.Invokers$Holder.invokeExact_MT(java.lang.Object, java.lang.Object, java.lang.Object)'> (0x00000007143732f8) 
thrown [s\src\hotspot\share\interpreter\linkResolver.cpp, line 773]
Event: 25.953 Thread 0x000001f806a96e70 Exception <a 'java/lang/NoSuchMethodError'{0x0000000713f72bf8}: 'java.lang.Object java.lang.invoke.DirectMethodHandle$Holder.invokeInterface(java.lang.Object, java.lang.Object, java.lang.Object, java.lang.Object, java.lang.Object)'> (0x0000000713f72bf8) 
thrown [s\src\hotspot\share\interpreter\linkResolver.cpp, line 773]
Event: 25.988 Thread 0x000001f82d426590 Exception <a 'java/lang/IncompatibleClassChangeError'{0x00000007139534d8}: Found class java.lang.Object, but interface was expected> (0x00000007139534d8) 
thrown [s\src\hotspot\share\interpreter\linkResolver.cpp, line 840]
Event: 26.473 Thread 0x000001f82d426590 Exception <a 'java/lang/NoSuchMethodError'{0x00000007ffee1ea8}: 'int java.lang.invoke.DirectMethodHandle$Holder.invokeStatic(java.lang.Object, java.lang.Object, int, int)'> (0x00000007ffee1ea8) 
thrown [s\src\hotspot\share\interpreter\linkResolver.cpp, line 773]
Event: 26.892 Thread 0x000001f82d426590 Exception <a 'java/lang/NoSuchMethodError'{0x0000000712a81aa8}: 'void java.lang.invoke.DirectMethodHandle$Holder.invokeSpecial(java.lang.Object, java.lang.Object, java.lang.Object, int, java.lang.Object, java.lang.Object, java.lang.Object)'> (0x0000000712a81aa8) 
thrown [s\src\hotspot\share\interpreter\linkResolver.cpp, line 773]
Event: 71.327 Thread 0x000001f806a84080 Exception <a 'java/lang/NoSuchMethodError'{0x0000000719846e28}: 'java.lang.Object java.lang.invoke.DirectMethodHandle$Holder.invokeSpecial(java.lang.Object, java.lang.Object, java.lang.Object, java.lang.Object, java.lang.Object, long)'> (0x0000000719846e28) 
thrown [s\src\hotspot\share\interpreter\linkResolver.cpp, line 773]
Event: 71.327 Thread 0x000001f806a84080 Exception <a 'java/lang/NoSuchMethodError'{0x000000071984a608}: 'java.lang.Object java.lang.invoke.Invokers$Holder.linkToTargetMethod(java.lang.Object, java.lang.Object, java.lang.Object, long, java.lang.Object)'> (0x000000071984a608) 
thrown [s\src\hotspot\share\interpreter\linkResolver.cpp, line 773]
Event: 72.698 Thread 0x000001f806a846f0 Exception <a 'java/lang/NoSuchMethodError'{0x00000007fedbbb58}: 'java.lang.Object java.lang.invoke.DirectMethodHandle$Holder.invokeStatic(java.lang.Object, int, int)'> (0x00000007fedbbb58) 
thrown [s\src\hotspot\share\interpreter\linkResolver.cpp, line 773]
Event: 72.736 Thread 0x000001f805de0700 Exception <a 'java/lang/NoSuchMethodError'{0x00000007fe8e9770}: 'java.lang.Object java.lang.invoke.DirectMethodHandle$Holder.newInvokeSpecial(java.lang.Object, java.lang.Object, long, long)'> (0x00000007fe8e9770) 
thrown [s\src\hotspot\share\interpreter\linkResolver.cpp, line 773]
Event: 72.736 Thread 0x000001f805de0700 Exception <a 'java/lang/NoSuchMethodError'{0x00000007fe8ed908}: 'java.lang.Object java.lang.invoke.DirectMethodHandle$Holder.invokeSpecial(java.lang.Object, java.lang.Object, java.lang.Object, long, long)'> (0x00000007fe8ed908) 
thrown [s\src\hotspot\share\interpreter\linkResolver.cpp, line 773]
Event: 72.737 Thread 0x000001f805de0d90 Exception <a 'java/lang/NoSuchMethodError'{0x00000007fe679160}: 'java.lang.Object java.lang.invoke.DirectMethodHandle$Holder.newInvokeSpecial(java.lang.Object, java.lang.Object, long, long)'> (0x00000007fe679160) 
thrown [s\src\hotspot\share\interpreter\linkResolver.cpp, line 773]

ZGC Phase Switch (0 events):
No events

VM Operations (20 events):
Event: 72.125 Executing safepoint VM operation: G1CollectForAllocation (G1 Evacuation Pause) done
Event: 72.185 Executing safepoint VM operation: G1CollectForAllocation (G1 Evacuation Pause)
Event: 72.197 Executing safepoint VM operation: G1CollectForAllocation (G1 Evacuation Pause) done
Event: 72.252 Executing safepoint VM operation: G1CollectForAllocation (G1 Evacuation Pause)
Event: 72.262 Executing safepoint VM operation: G1CollectForAllocation (G1 Evacuation Pause) done
Event: 72.368 Executing safepoint VM operation: G1PauseRemark
Event: 72.371 Executing safepoint VM operation: G1PauseRemark done
Event: 72.422 Executing safepoint VM operation: G1PauseCleanup
Event: 72.424 Executing safepoint VM operation: G1PauseCleanup done
Event: 72.485 Executing non-safepoint VM operation: HandshakeAllThreads (Deoptimize)
Event: 72.485 Executing non-safepoint VM operation: HandshakeAllThreads (Deoptimize) done
Event: 72.772 Executing safepoint VM operation: G1CollectForAllocation (G1 Evacuation Pause)
Event: 72.773 Executing safepoint VM operation: G1CollectForAllocation (G1 Evacuation Pause) done
Event: 72.773 Executing safepoint VM operation: G1CollectForAllocation (G1 Evacuation Pause)
Event: 72.787 Executing safepoint VM operation: G1CollectForAllocation (G1 Evacuation Pause) done
Event: 72.854 Executing safepoint VM operation: G1CollectForAllocation (G1 Evacuation Pause)
Event: 72.877 Executing safepoint VM operation: G1CollectForAllocation (G1 Evacuation Pause) done
Event: 72.928 Executing safepoint VM operation: G1CollectForAllocation (G1 Evacuation Pause)
Event: 72.944 Executing safepoint VM operation: G1CollectForAllocation (G1 Evacuation Pause) done
Event: 72.983 Executing safepoint VM operation: G1CollectForAllocation (G1 Evacuation Pause)

Memory protections (0 events):
No events

Nmethod flushes (20 events):
Event: 71.808 Thread 0x000001f83d7f7da0 flushing  nmethod 0x000001f832aeb910
Event: 71.808 Thread 0x000001f83d7f7da0 flushing  nmethod 0x000001f83383f690
Event: 71.808 Thread 0x000001f83d7f7da0 flushing  nmethod 0x000001f832cfba90
Event: 71.808 Thread 0x000001f83d7f7da0 flushing  nmethod 0x000001f83339a810
Event: 71.808 Thread 0x000001f83d7f7da0 flushing  nmethod 0x000001f832ca7510
Event: 71.808 Thread 0x000001f83d7f7da0 flushing  nmethod 0x000001f832cee010
Event: 71.808 Thread 0x000001f83d7f7da0 flushing  nmethod 0x000001f832e09810
Event: 71.808 Thread 0x000001f83d7f7da0 flushing  nmethod 0x000001f83369eb10
Event: 71.808 Thread 0x000001f83d7f7da0 flushing  nmethod 0x000001f8336a1210
Event: 71.808 Thread 0x000001f83d7f7da0 flushing  nmethod 0x000001f8336a1590
Event: 71.808 Thread 0x000001f83d7f7da0 flushing  nmethod 0x000001f833349890
Event: 71.808 Thread 0x000001f83d7f7da0 flushing  nmethod 0x000001f8333ee890
Event: 71.808 Thread 0x000001f83d7f7da0 flushing  nmethod 0x000001f8333eeb90
Event: 71.808 Thread 0x000001f83d7f7da0 flushing  nmethod 0x000001f8333ef190
Event: 71.808 Thread 0x000001f83d7f7da0 flushing  nmethod 0x000001f833449490
Event: 72.371 Thread 0x000001f83d7f7da0 flushing  nmethod 0x000001f833762e10
Event: 72.371 Thread 0x000001f83d7f7da0 flushing  nmethod 0x000001f833af4610
Event: 72.371 Thread 0x000001f83d7f7da0 flushing  nmethod 0x000001f833afdc90
Event: 72.371 Thread 0x000001f83d7f7da0 flushing  nmethod 0x000001f832dccf90
Event: 72.371 Thread 0x000001f83d7f7da0 flushing  nmethod 0x000001f83381f290

Events (20 events):
Event: 32.275 Thread 0x000001f83d956eb0 Thread exited: 0x000001f83d956eb0
Event: 32.892 Thread 0x000001f83d957580 Thread exited: 0x000001f83d957580
Event: 37.034 Thread 0x000001f83d957c50 Thread exited: 0x000001f83d957c50
Event: 39.819 Thread 0x000001f83d8334e0 Thread added: 0x000001f80b07ccc0
Event: 39.820 Thread 0x000001f83d8334e0 Thread added: 0x000001f80b07c5f0
Event: 41.881 Thread 0x000001f80b07c5f0 Thread exited: 0x000001f80b07c5f0
Event: 41.881 Thread 0x000001f80b07ccc0 Thread exited: 0x000001f80b07ccc0
Event: 42.016 Thread 0x000001f806a96e70 Thread added: 0x000001f8064ad0c0
Event: 43.881 Thread 0x000001f8050ec9f0 Thread added: 0x000001f8064ae470
Event: 45.177 Thread 0x000001f82d426590 Thread exited: 0x000001f82d426590
Event: 45.177 Thread 0x000001f8064a8890 Thread added: 0x000001f8064a8890
Event: 48.922 Thread 0x000001f8064ae470 Thread exited: 0x000001f8064ae470
Event: 72.758 Thread 0x000001f806a846f0 Thread added: 0x000001f80b031ca0
Event: 72.772 Thread 0x000001f806a846f0 Thread added: 0x000001f80b031610
Event: 72.772 Thread 0x000001f806a846f0 Thread added: 0x000001f80b0329c0
Event: 72.772 Thread 0x000001f806a846f0 Thread added: 0x000001f80b034400
Event: 72.788 Thread 0x000001f80b0329c0 Thread added: 0x000001f80b032330
Event: 72.804 Thread 0x000001f805de48a0 Thread added: 0x000001f80b033d70
Event: 72.804 Thread 0x000001f805de48a0 Thread added: 0x000001f80b030f80
Event: 72.804 Thread 0x000001f805de48a0 Thread added: 0x000001f80b033050


Dynamic libraries:
0x00007ff7fe850000 - 0x00007ff7fe85e000 	C:\Users\DELL\.antigravity\extensions\redhat.java-1.54.0-win32-x64\jre\21.0.10-win32-x86_64\bin\java.exe
0x00007ff9f09c0000 - 0x00007ff9f0c27000 	C:\WINDOWS\SYSTEM32\ntdll.dll
0x00007ff9ef6d0000 - 0x00007ff9ef799000 	C:\WINDOWS\System32\KERNEL32.DLL
0x00007ff9ed5a0000 - 0x00007ff9ed997000 	C:\WINDOWS\System32\KERNELBASE.dll
0x00007ff9eda60000 - 0x00007ff9edbab000 	C:\WINDOWS\System32\ucrtbase.dll
0x00007ff999090000 - 0x00007ff9990a8000 	C:\Users\DELL\.antigravity\extensions\redhat.java-1.54.0-win32-x64\jre\21.0.10-win32-x86_64\bin\jli.dll
0x00007ff99d910000 - 0x00007ff99d92e000 	C:\Users\DELL\.antigravity\extensions\redhat.java-1.54.0-win32-x64\jre\21.0.10-win32-x86_64\bin\VCRUNTIME140.dll
0x00007ff9ef450000 - 0x00007ff9ef616000 	C:\WINDOWS\System32\USER32.dll
0x00007ff9d5dc0000 - 0x00007ff9d6052000 	C:\WINDOWS\WinSxS\amd64_microsoft.windows.common-controls_6595b64144ccf1df_6.0.26100.8457_none_3e0b2faee331e92d\COMCTL32.dll
0x00007ff9ed570000 - 0x00007ff9ed597000 	C:\WINDOWS\System32\win32u.dll
0x00007ff9f08a0000 - 0x00007ff9f0949000 	C:\WINDOWS\System32\msvcrt.dll
0x00007ff9f0950000 - 0x00007ff9f097b000 	C:\WINDOWS\System32\GDI32.dll
0x00007ff9edcf0000 - 0x00007ff9ede1c000 	C:\WINDOWS\System32\gdi32full.dll
0x00007ff9ede20000 - 0x00007ff9edec3000 	C:\WINDOWS\System32\msvcp_win.dll
0x00007ff9ef620000 - 0x00007ff9ef652000 	C:\WINDOWS\System32\IMM32.DLL
0x00007ff9c9a60000 - 0x00007ff9c9a6c000 	C:\Users\DELL\.antigravity\extensions\redhat.java-1.54.0-win32-x64\jre\21.0.10-win32-x86_64\bin\vcruntime140_1.dll
0x00007ff993f60000 - 0x00007ff993fed000 	C:\Users\DELL\.antigravity\extensions\redhat.java-1.54.0-win32-x64\jre\21.0.10-win32-x86_64\bin\msvcp140.dll
0x00007ff96ad00000 - 0x00007ff96baa1000 	C:\Users\DELL\.antigravity\extensions\redhat.java-1.54.0-win32-x64\jre\21.0.10-win32-x86_64\bin\server\jvm.dll
0x00007ff9ef270000 - 0x00007ff9ef326000 	C:\WINDOWS\System32\ADVAPI32.dll
0x00007ff9efb80000 - 0x00007ff9efc27000 	C:\WINDOWS\System32\sechost.dll
0x00007ff9ef330000 - 0x00007ff9ef448000 	C:\WINDOWS\System32\RPCRT4.dll
0x00007ff9eee40000 - 0x00007ff9eeec0000 	C:\WINDOWS\System32\WS2_32.dll
0x00007ff9ed250000 - 0x00007ff9ed2ae000 	C:\WINDOWS\SYSTEM32\POWRPROF.dll
0x00007ff9d7080000 - 0x00007ff9d708b000 	C:\WINDOWS\SYSTEM32\VERSION.dll
0x00007ff9e8460000 - 0x00007ff9e8496000 	C:\WINDOWS\SYSTEM32\WINMM.dll
0x00007ff9ed230000 - 0x00007ff9ed244000 	C:\WINDOWS\SYSTEM32\UMPDC.dll
0x00007ff9ec0e0000 - 0x00007ff9ec0fb000 	C:\WINDOWS\SYSTEM32\kernel.appcore.dll
0x00007ff9a59f0000 - 0x00007ff9a59fa000 	C:\Users\DELL\.antigravity\extensions\redhat.java-1.54.0-win32-x64\jre\21.0.10-win32-x86_64\bin\jimage.dll
0x00007ff9eb050000 - 0x00007ff9eb292000 	C:\WINDOWS\SYSTEM32\DBGHELP.DLL
0x00007ff9efc30000 - 0x00007ff9effb3000 	C:\WINDOWS\System32\combase.dll
0x00007ff9eeed0000 - 0x00007ff9eefa9000 	C:\WINDOWS\System32\OLEAUT32.dll
0x00007ff9cf010000 - 0x00007ff9cf04b000 	C:\WINDOWS\SYSTEM32\dbgcore.DLL
0x00007ff9edc40000 - 0x00007ff9edce8000 	C:\WINDOWS\System32\bcryptPrimitives.dll
0x00007ff9922f0000 - 0x00007ff992310000 	C:\Users\DELL\.antigravity\extensions\redhat.java-1.54.0-win32-x64\jre\21.0.10-win32-x86_64\bin\java.dll
0x00007ff9f0020000 - 0x00007ff9f078e000 	C:\WINDOWS\System32\SHELL32.dll
0x00007ff9eded0000 - 0x00007ff9ee73c000 	C:\WINDOWS\System32\windows.storage.dll
0x00007ff9f07a0000 - 0x00007ff9f0896000 	C:\WINDOWS\System32\SHCORE.dll
0x00007ff9ef660000 - 0x00007ff9ef6c6000 	C:\WINDOWS\System32\shlwapi.dll
0x00007ff9ed310000 - 0x00007ff9ed339000 	C:\WINDOWS\SYSTEM32\profapi.dll
0x00007ff992420000 - 0x00007ff992438000 	C:\Users\DELL\.antigravity\extensions\redhat.java-1.54.0-win32-x64\jre\21.0.10-win32-x86_64\bin\zip.dll
0x00007ff9a22e0000 - 0x00007ff9a22f0000 	C:\Users\DELL\.antigravity\extensions\redhat.java-1.54.0-win32-x64\jre\21.0.10-win32-x86_64\bin\net.dll
0x00007ff9e4a90000 - 0x00007ff9e4bb9000 	C:\WINDOWS\SYSTEM32\WINHTTP.dll
0x00007ff9ec6f0000 - 0x00007ff9ec75c000 	C:\WINDOWS\system32\mswsock.dll
0x00007ff9714a0000 - 0x00007ff9714b6000 	C:\Users\DELL\.antigravity\extensions\redhat.java-1.54.0-win32-x64\jre\21.0.10-win32-x86_64\bin\nio.dll
0x00007ff99dca0000 - 0x00007ff99dcae000 	C:\Users\DELL\.antigravity\extensions\redhat.java-1.54.0-win32-x64\jre\21.0.10-win32-x86_64\bin\sunmscapi.dll
0x00007ff9ed3f0000 - 0x00007ff9ed568000 	C:\WINDOWS\System32\CRYPT32.dll
0x00007ff9ecbf0000 - 0x00007ff9ecc20000 	C:\WINDOWS\SYSTEM32\ncrypt.dll
0x00007ff9ecba0000 - 0x00007ff9ecbdf000 	C:\WINDOWS\SYSTEM32\NTASN1.dll
0x00007ff9ec9d0000 - 0x00007ff9ec9eb000 	C:\WINDOWS\SYSTEM32\CRYPTSP.dll
0x00007ff9ec100000 - 0x00007ff9ec139000 	C:\WINDOWS\system32\rsaenh.dll
0x00007ff9ec7a0000 - 0x00007ff9ec7d3000 	C:\WINDOWS\SYSTEM32\USERENV.dll
0x00007ff9ed2e0000 - 0x00007ff9ed30a000 	C:\WINDOWS\SYSTEM32\bcrypt.dll
0x00007ff9ec9f0000 - 0x00007ff9ec9fc000 	C:\WINDOWS\SYSTEM32\CRYPTBASE.dll
0x00007ff9ebbe0000 - 0x00007ff9ebc12000 	C:\WINDOWS\SYSTEM32\IPHLPAPI.DLL
0x00007ff9f0000000 - 0x00007ff9f000a000 	C:\WINDOWS\System32\NSI.dll
0x00007ff9add10000 - 0x00007ff9add1a000 	C:\Users\DELL\.antigravity\extensions\redhat.java-1.54.0-win32-x64\jre\21.0.10-win32-x86_64\bin\management.dll
0x00007ff9a5ae0000 - 0x00007ff9a5aec000 	C:\Users\DELL\.antigravity\extensions\redhat.java-1.54.0-win32-x64\jre\21.0.10-win32-x86_64\bin\management_ext.dll
0x00007ff9eefb0000 - 0x00007ff9eefb8000 	C:\WINDOWS\System32\PSAPI.DLL
0x00007ff99dfc0000 - 0x00007ff99dfd0000 	C:\Users\DELL\.antigravity\extensions\redhat.java-1.54.0-win32-x64\jre\21.0.10-win32-x86_64\bin\verify.dll
0x00007ff9ebc80000 - 0x00007ff9ebdb2000 	C:\WINDOWS\SYSTEM32\DNSAPI.dll
0x00007ff9e2930000 - 0x00007ff9e293b000 	C:\Windows\System32\rasadhlp.dll
0x00007ff9e51a0000 - 0x00007ff9e5226000 	C:\WINDOWS\System32\fwpuclnt.dll
0x00007ff99b6f0000 - 0x00007ff99b6f9000 	C:\Users\DELL\.antigravity\extensions\redhat.java-1.54.0-win32-x64\jre\21.0.10-win32-x86_64\bin\extnet.dll
0x00007ff9b9410000 - 0x00007ff9b9418000 	C:\WINDOWS\system32\wshunix.dll

JVMTI agents: none

dbghelp: loaded successfully - version: 4.0.5 - missing functions: none
symbol engine: initialized successfully - sym options: 0x614 - pdb path: .;C:\Users\DELL\.antigravity\extensions\redhat.java-1.54.0-win32-x64\jre\21.0.10-win32-x86_64\bin;C:\WINDOWS\SYSTEM32;C:\WINDOWS\WinSxS\amd64_microsoft.windows.common-controls_6595b64144ccf1df_6.0.26100.8457_none_3e0b2faee331e92d;C:\Users\DELL\.antigravity\extensions\redhat.java-1.54.0-win32-x64\jre\21.0.10-win32-x86_64\bin\server

VM Arguments:
jvm_args: -XX:TieredStopAtLevel=1 -Dfile.encoding=UTF-8 -Duser.country=US -Duser.language=en -Duser.variant 
java_command: com.vn.jet.mosco.spinserver.Server
java_class_path (initial): D:\MEox\UITer\DOAN\Mosco_Megre\Mosco\server\build\classes\java\main;D:\MEox\UITer\DOAN\Mosco_Megre\Mosco\server\build\resources\main;C:\Users\DELL\.gradle\caches\modules-2\files-2.1\io.jsonwebtoken\jjwt-impl\0.12.5\b4ceb5407a360e0eb7ba6fa6c6452abadf6c120a\jjwt-impl-0.12.5.jar;C:\Users\DELL\.gradle\caches\modules-2\files-2.1\io.jsonwebtoken\jjwt-jackson\0.12.5\1b3e39349c8508272760a7b4cdf6053083ed3f6\jjwt-jackson-0.12.5.jar;C:\Users\DELL\.gradle\caches\modules-2\files-2.1\io.jsonwebtoken\jjwt-api\0.12.5\ea8243e36f16c2834ad69a048ed8a24aa9dd3e79\jjwt-api-0.12.5.jar;C:\Users\DELL\.gradle\caches\modules-2\files-2.1\me.paulschwarz\spring-dotenv\4.0.0\e0180f80e685a9506d1942e6836a16dee050ebaf\spring-dotenv-4.0.0.jar;C:\Users\DELL\.gradle\caches\modules-2\files-2.1\org.springframework.security\spring-security-crypto\6.4.2\a4d5bf27ca449200fc39e07de6ae016eb1ad21da\spring-security-crypto-6.4.2.jar;C:\Users\DELL\.gradle\caches\modules-2\files-2.1\com.google.code.gson\gson\2.10.1\b3add478d4382b78ea20b1671390a858002feb6c\gson-2.10.1.jar;C:\Users\DELL\.gradle\caches\modules-2\files-2.1\com.squareup.okhttp3\okhttp\4.12.0\2f4525d4a200e97e1b87449c2cd9bd2e25b7e8cd\okhttp-4.12.0.jar;C:\Users\DELL\.gradle\caches\modules-2\files-2.1\com.h2database\h2\2.3.232\4fcc05d966ccdb2812ae8b9a718f69226c0cf4e2\h2-2.3.232.jar;C:\Users\DELL\.gradle\caches\modules-2\files-2.1\com.mysql\mysql-connector-j\8.3.0\1cc7fa5d61f4bbc113531a4ba6d85d41cf3d57e1\mysql-connector-j-8.3.0.jar;C:\Users\DELL\.gradle\caches\modules-2\files-2.1\org.springframework\spring-webmvc\6.2.2\9b1aeb179ba9667bc78a4a5cec4ec8087db404d7\spring-webmvc-6.2.2.jar;C:\Users\DELL\.gradle\caches\modules-2\files-2.1\org.springframework\spring-websocket\6.2.2\321560588a5efcdfd7e46aa0d146106fe3fd5665\spring-websocket-6.2.2.jar;C:\Users\DELL\.gradle\caches\modules-2\files-2.1\org.springframework\spring-web\6.2.2\bd2ef98bf98b6ecf8dd29106ae27b7515524c21\spring-web-6.2.2.jar;C:\Users\DELL\.gradle\caches\modules-2\files-2.1\org.springframework\spring-messaging\6.2.2\3b26ce466821f6f080bc643c7e4dae8a30af85c9\spring-messaging-6.2.2.jar;C:\Users\DELL\.gradle\caches\modules-2\files-2.1\org.hibernate.orm\hibernate-core\6.6.5.Final\c81deca40ebdb823d9f8a9e5dc5798a6a205626a\hibernate-core-6.6.5.Final.jar;C:\Users\DELL\.gradle\caches\modules-2\files-2.1\org.springframework.data\spring-data-jpa\3.4.2\4213f2d185b49447057823f5ef9de41e931f4f2e\spring-data-jpa-3.4.2.jar;C:\Users\DELL\.gradle\caches\modules-2\files-2.1\org.springframework\spring-aspects\6.2.2\e9e0379bc353e43ab1cb326f413bb293d8a52e78\spring-aspects-6.2.2.jar;C:\Users\DELL\.gradle\caches\modules-2\files-2.1\org.springframework.data\spring-data-redis\3.4.2\f870c5c35ea80c1cc6dbfe3b4f665226cdfa2c3b\spring-data-redis-3.4.2.jar;C:\Users\DELL\.gradle\caches\modules-2\files-2.1\org.springframework\spring-context-support\6.2.2\d0ad90b2a0e80dcfeffe44184b5d0ac0b262ee46\spring-context-support-6.2.2.jar;C:\Users\DELL\.gradle\caches\modules-2\files-2.1\org.eclipse.angus\jakarta.mail\2.0.3\3dea6aeee9603f573687b0d4da5dc1316d921bb7\jakarta.mail-2.0.3.jar;C:\Users\DELL\.gradle\caches\modules-2\files-2.1\io.github.cdimascio\dotenv-java\3.0.0\f535c5df8b98575eabb2820e548f5ba8a987fe69\dotenv-java-3.0.0.jar;C:\Users\DELL\.gradle\caches\modules-2\files-2.1\com.squareup.okio\okio-jvm\3.6.0\5600569133b7bdefe1daf9ec7f4abeb6d13e1786\okio-jvm-3.6.0.jar;C:\Users\DELL\.gradle\caches\modules-2\files-2.1\org.jetbrains.kotlin\kotlin-stdlib-jdk7\1.9.25\1c166692314a2639e5edfed0d23ed7eee4a5c7a5\kotlin-stdlib-jdk7-1.9.25.jar;C:\Users\DELL\.gradle\caches\modules-2\files-2.1\org.jetbrains.kotlin\kotlin-stdlib\1.9.25\f700a2f2b8f0d6d0fde48f56d894dc722fb029d7\kotlin-stdlib-1.9.25.jar;C:\Users\DELL\.gradle\caches\modules-2\files-2.1\org.jetbrains.kotlin\kotlin-stdlib-jdk8\1.9.25\20d44e880a284f7b5cd99dd69450b403073f49b2\kotlin-stdlib-jdk8-1.9.25.jar;C:\Users\DELL\.gradle\caches\modules-2\files-2.1\io.lettuce\lettuce-core\6.4.2.RELEASE\8969c20697c74b71288d4d5e69b0fec4047d3d6d\lettuce-core-6.4.2.RELEASE.jar;C:\Users\DELL\.gradle\caches\modules-2\files-2.1\com.fasterxml.jackson.datatype\jackson-datatype-jsr310\2.18.2\7b6ff96adf421f4c6edbd694e797dd8fe434510a\jackson-datatype-jsr310-2.18.2.jar;C:\Users\DELL\.gradle\caches\modules-2\files-2.1\com.fasterxml.jackson.module\jackson-module-parameter-names\2.18.2\72960cb3277347a748911d100c3302d60e8a616a\jackson-module-parameter-names-2.18.2.jar;C:\Users\DELL\.gradle\caches\modules-2\files-2.1\com.fasterxml.jackson.core\jackson-annotations\2.18.2\985d77751ebc7fce5db115a986bc9aa82f973f4a\jackson-annotations-2.18.2.jar;C:\Users\DELL\.gradle\caches\modules-2\files-2.1\com.fasterxml.jackson.core\jackson-core\2.18.2\fb64ccac5c27dca8819418eb4e443a9f496d9ee7\jackson-core-2.18.2.jar;C:\Users\DELL\.gradle\caches\modules-2\files-2.1\com.fasterxml.jackson.datatype\jackson-datatype-jdk8\2.18.2\9ed6d538ebcc66864e114a7040953dce6ab6ea53\jackson-datatype-jdk8-2.18.2.jar;C:\Users\DELL\.gradle\caches\modules-2\files-2.1\com.fasterxml.jackson.core\jackson-databind\2.18.2\deef8697b92141fb6caf7aa86966cff4eec9b04f\jackson-databind-2.18.2.jar;C:\Users\DELL\.gradle\caches\modules-2\files-2.1\org.springframework.boot\spring-boot-autoconfigure\3.4.2\c50511dba751ffe7df320d27c6875feb2745654e\spring-boot-autoconfigure-3.4.2.jar;C:\Users\DELL\.gradle\caches\modules-2\files-2.1\org.springframework.boot\spring-boot\3.4.2\b2514201ba6b838bd638a51619515501c5baefea\spring-boot-3.4.2.jar;C:\Users\DELL\.gradle\caches\modules-2\files-2.1\jakarta.annotation\jakarta.annotation-api\2.1.1\48b9bda22b091b1f48b13af03fe36db3be6e1ae3\jakarta.annotation-api-2.1.1.jar;C:\Users\DELL\.gradle\caches\modules-2\files-2.1\org.springframework.data\spring-data-keyvalue\3.4.2\488264fc8e32cd5ec9a0176fa93ad104855222f4\spring-data-keyvalue-3.4.2.jar;C:\Users\DELL\.gradle\caches\modules-2\files-2.1\org.springframework\spring-context\6.2.2\aa01a7faa3694983339ca7e45619860ef34052d6\spring-context-6.2.2.jar;C:\Users\DELL\.gradle\caches\modules-2\files-2.1\org.springframework\spring-aop\6.2.2\2a1a445d4cd8e5fe2311df04fc25c0bc54bd2ce4\spring-aop-6.2.2.jar;C:\Users\DELL\.gradle\caches\modules-2\files-2.1\org.springframework\spring-orm\6.2.2\98d0c8e2f8f65b776b24ffa979e9802a0c7085d7\spring-orm-6.2.2.jar;C:\Users\DELL\.gradle\caches\modules-2\files-2.1\org.springframework\spring-jdbc\6.2.2\840572e748c1dfe7122e19a10888918e5ecfb631\spring-jdbc-6.2.2.jar;C:\Users\DELL\.gradle\caches\modules-2\files-2.1\org.springframework.data\spring-data-commons\3.4.2\387ff91a749cce404f7a6e4a15a3b75ff497bdbc\spring-data-commons-3.4.2.jar;C:\Users\DELL\.gradle\caches\modules-2\files-2.1\org.springframework\spring-tx\6.2.2\91a2e378d0e457b9c500f2b30aaf8a7a422ba522\spring-tx-6.2.2.jar;C:\Users\DELL\.gradle\caches\modules-2\files-2.1\org.springframework\spring-oxm\6.2.2\6ba1aa172f0ab30624ed5068b4ad0942b1b32c93\spring-oxm-6.2.2.jar;C:\Users\DELL\.gradle\caches\modules-2\files-2.1\org.springframework\spring-beans\6.2.2\ec8ee520ff7b147de8ac04d330848d468253f84d\spring-beans-6.2.2.jar;C:\Users\DELL\.gradle\caches\modules-2\files-2.1\org.springframework\spring-expression\6.2.2\20164dd3a70d0048185cf02bb1b097b22e73d820\spring-expression-6.2.2.jar;C:\Users\DELL\.gradle\caches\modules-2\files-2.1\org.springframework\spring-core\6.2.2\94269e888dc979e75a1a1b9600d7153d72e6a7f1\spring-core-6.2.2.jar;C:\Users\DELL\.gradle\caches\modules-2\files-2.1\org.yaml\snakeyaml\2.3\936b36210e27320f920536f695cf1af210c44586\snakeyaml-2.3.jar;C:\Users\DELL\.gradle\caches\modules-2\files-2.1\org.apache.tomcat.embed\tomcat-embed-websocket\10.1.34\eef6d430f34b6e393b8d9e40f10db9043732b4e5\tomcat-embed-websocket-10.1.34.jar;C:\Users\DELL\.gradle\caches\modules-2\files-2.1\org.apache.tomcat.embed\tomcat-embed-core\10.1.34\f610f84be607fbc82e393cc220f0ad45f92afc91\tomcat-embed-core-10.1.34.jar;C:\Users\DELL\.gradle\caches\modules-2\files-2.1\org.apache.tomcat.embed\tomcat-embed-el\10.1.34\d2b2daca3bc999c62e58ae36b45ba0582530fb25\tomcat-embed-el-10.1.34.jar;C:\Users\DELL\.gradle\caches\modules-2\files-2.1\io.micrometer\micrometer-observation\1.14.3\cd66186a1fe8465dc732d9514bade1104044b56d\micrometer-observation-1.14.3.jar;C:\Users\DELL\.gradle\caches\modules-2\files-2.1\com.zaxxer\HikariCP\5.1.0\8c96e36c14461fc436bb02b264b96ef3ca5dca8c\HikariCP-5.1.0.jar;C:\Users\DELL\.gradle\caches\modules-2\files-2.1\jakarta.persistence\jakarta.persistence-api\3.1.0\66901fa1c373c6aff65c13791cc11da72060a8d6\jakarta.persistence-api-3.1.0.jar;C:\Users\DELL\.gradle\caches\modules-2\files-2.1\jakarta.transaction\jakarta.transaction-api\2.0.1\51a520e3fae406abb84e2e1148e6746ce3f80a1a\jakarta.transaction-api-2.0.1.jar;C:\Users\DELL\.gradle\caches\modules-2\files-2.1\org.jboss.logging\jboss-logging\3.6.1.Final\886afbb445b4016a37c8960a7aef6ebd769ce7e5\jboss-logging-3.6.1.Final.jar;C:\Users\DELL\.gradle\caches\modules-2\files-2.1\org.hibernate.common\hibernate-commons-annotations\7.0.3.Final\e183c4be8bb41d12e9f19b374e00c34a0a85f439\hibernate-commons-annotations-7.0.3.Final.jar;C:\Users\DELL\.gradle\caches\modules-2\files-2.1\io.smallrye\jandex\3.2.0\f17ad860f62a08487b9edabde608f8ac55c62fa7\jandex-3.2.0.jar;C:\Users\DELL\.gradle\caches\modules-2\files-2.1\com.fasterxml\classmate\1.7.0\e98374da1f2143ac8e6e0a95036994bb19137a3\classmate-1.7.0.jar;C:\Users\DELL\.gradle\caches\modules-2\files-2.1\net.bytebuddy\byte-buddy\1.15.11\f61886478e0f9ee4c21d09574736f0ff45e0a46c\byte-buddy-1.15.11.jar;C:\Users\DELL\.gradle\caches\modules-2\files-2.1\org.glassfish.jaxb\jaxb-runtime\4.0.5\ca84c2a7169b5293e232b9d00d1e4e36d4c3914a\jaxb-runtime-4.0.5.jar;C:\Users\DELL\.gradle\caches\modules-2\files-2.1\org.glassfish.jaxb\jaxb-core\4.0.5\7b4b11ea5542eea4ad55e1080b23be436795b3\jaxb-core-4.0.5.jar;C:\Users\DELL\.gradle\caches\modules-2\files-2.1\jakarta.xml.bind\jakarta.xml.bind-api\4.0.2\6cd5a999b834b63238005b7144136379dc36cad2\jakarta.xml.bind-api-4.0.2.jar;C:\Users\DELL\.gradle\caches\modules-2\files-2.1\jakarta.inject\jakarta.inject-api\2.0.1\4c28afe1991a941d7702fe1362c365f0a8641d1e\jakarta.inject-api-2.0.1.jar;C:\Users\DELL\.gradle\caches\modules-2\files-2.1\org.antlr\antlr4-runtime\4.13.0\5a02e48521624faaf5ff4d99afc88b01686af655\antlr4-runtime-4.13.0.jar;C:\Users\DELL\.gradle\caches\modules-2\files-2.1\ch.qos.logback\logback-classic\1.5.16\113979db51dfad6dc895b34460d7b7ff64ffe7d2\logback-classic-1.5.16.jar;C:\Users\DELL\.gradle\caches\modules-2\files-2.1\org.apache.logging.log4j\log4j-to-slf4j\2.24.3\da1143e2a2531ee1c2d90baa98eb50a28a39d5a7\log4j-to-slf4j-2.24.3.jar;C:\Users\DELL\.gradle\caches\modules-2\files-2.1\org.slf4j\jul-to-slf4j\2.0.16\6d57da3e961daac65bcca0dd3def6cd11e48a24a\jul-to-slf4j-2.0.16.jar;C:\Users\DELL\.gradle\caches\modules-2\files-2.1\org.slf4j\slf4j-api\2.0.16\172931663a09a1fa515567af5fbef00897d3c04\slf4j-api-2.0.16.jar;C:\Users\DELL\.gradle\caches\modules-2\files-2.1\org.aspectj\aspectjweaver\1.9.22.1\bca243d0af0db4758fbae45c5f4995cb5dabb612\aspectjweaver-1.9.22.1.jar;C:\Users\DELL\.gradle\caches\modules-2\files-2.1\org.eclipse.angus\angus-activation\2.0.2\41f1e0ddd157c856926ed149ab837d110955a9fc\angus-activation-2.0.2.jar;C:\Users\DELL\.gradle\caches\modules-2\files-2.1\jakarta.activation\jakarta.activation-api\2.1.3\fa165bd70cda600368eee31555222776a46b881f\jakarta.activation-api-2.1.3.jar;C:\Users\DELL\.gradle\caches\modules-2\files-2.1\io.netty\netty-handler\4.1.117.Final\db14cd99515f8c98a3f2a347718e59f14d85c503\netty-handler-4.1.117.Final.jar;C:\Users\DELL\.gradle\caches\modules-2\files-2.1\io.netty\netty-transport-native-unix-common\4.1.117.Final\684f2316ff2b2171babbc17c95ac3bd97f5f091e\netty-transport-native-unix-common-4.1.117.Final.jar;C:\Users\DELL\.gradle\caches\modules-2\files-2.1\io.netty\netty-codec\4.1.117.Final\2831d3431ed93d9c0b64b1c0cce2ced4737539aa\netty-codec-4.1.117.Final.jar;C:\Users\DELL\.gradle\caches\modules-2\files-2.1\io.netty\netty-transport\4.1.117.Final\f81d72962bd134d8d8e11b514321134fa5fd0ce6\netty-transport-4.1.117.Final.jar;C:\Users\DELL\.gradle\caches\modules-2\files-2.1\io.netty\netty-resolver\4.1.117.Final\581b37489a03162f473264b65f53d504269a74b0\netty-resolver-4.1.117.Final.jar;C:\Users\DELL\.gradle\caches\modules-2\files-2.1\io.netty\netty-buffer\4.1.117.Final\22b4cc28194cb23671274499229e0ef35028fbd\netty-buffer-4.1.117.Final.jar;C:\Users\DELL\.gradle\caches\modules-2\files-2.1\io.netty\netty-common\4.1.117.Final\9e074a4382f56b37f3b9ee1fc21d53e7af58ec9d\netty-common-4.1.117.Final.jar;C:\Users\DELL\.gradle\caches\modules-2\files-2.1\io.projectreactor\reactor-core\3.7.2\18e669540bcadf4fae1761779a57a991beb013ec\reactor-core-3.7.2.jar;C:\Users\DELL\.gradle\caches\modules-2\files-2.1\org.springframework\spring-jcl\6.2.2\1fbbb0b2e85c6eac7c366c5eed5b124785f05ac8\spring-jcl-6.2.2.jar;C:\Users\DELL\.gradle\caches\modules-2\files-2.1\io.micrometer\micrometer-commons\1.14.3\bf17f05dd6343d36ecc31076197a962cfdf46131\micrometer-commons-1.14.3.jar;C:\Users\DELL\.gradle\caches\modules-2\files-2.1\org.jetbrains\annotations\13.0\919f0dfe192fb4e063e7dacadee7f8bb9a2672a9\annotations-13.0.jar;C:\Users\DELL\.gradle\caches\modules-2\files-2.1\org.reactivestreams\reactive-streams\1.0.4\3864a1320d97d7b045f729a326e1e077661f31b7\reactive-streams-1.0.4.jar;C:\Users\DELL\.gradle\caches\modules-2\files-2.1\ch.qos.logback\logback-core\1.5.16\4f17700f046900aea2fadf115e2d67fec921f7fd\logback-core-1.5.16.jar;C:\Users\DELL\.gradle\caches\modules-2\files-2.1\org.apache.logging.log4j\log4j-api\2.24.3\b02c125db8b6d295adf72ae6e71af5d83bce2370\log4j-api-2.24.3.jar;C:\Users\DELL\.gradle\caches\modules-2\files-2.1\org.glassfish.jaxb\txw2\4.0.5\f36a4ef12120a9bb06d766d6a0e54b144fd7ed98\txw2-4.0.5.jar;C:\Users\DELL\.gradle\caches\modules-2\files-2.1\com.sun.istack\istack-commons-runtime\4.1.2\18ec117c85f3ba0ac65409136afa8e42bc74e739\istack-commons-runtime-4.1.2.jar
Launcher Type: SUN_STANDARD

[Global flags]
     intx CICompilerCount                          = 4                                         {product} {ergonomic}
     uint ConcGCThreads                            = 3                                         {product} {ergonomic}
     uint G1ConcRefinementThreads                  = 10                                        {product} {ergonomic}
   size_t G1HeapRegionSize                         = 2097152                                   {product} {ergonomic}
    uintx GCDrainStackTargetSize                   = 64                                        {product} {ergonomic}
   size_t InitialHeapSize                          = 264241152                                 {product} {ergonomic}
   size_t MarkStackSize                            = 4194304                                   {product} {ergonomic}
   size_t MaxHeapSize                              = 4213178368                                {product} {ergonomic}
   size_t MaxNewSize                               = 2527068160                                {product} {ergonomic}
   size_t MinHeapDeltaBytes                        = 2097152                                   {product} {ergonomic}
   size_t MinHeapSize                              = 8388608                                   {product} {ergonomic}
    uintx NonNMethodCodeHeapSize                   = 4096                                   {pd product} {ergonomic}
    uintx NonProfiledCodeHeapSize                  = 0                                      {pd product} {ergonomic}
     bool ProfileInterpreter                       = false                                  {pd product} {command line}
    uintx ProfiledCodeHeapSize                     = 0                                      {pd product} {ergonomic}
   size_t SoftMaxHeapSize                          = 4213178368                             {manageable} {ergonomic}
     intx TieredStopAtLevel                        = 1                                         {product} {command line}
     bool UseCompressedOops                        = true                           {product lp64_product} {ergonomic}
     bool UseG1GC                                  = true                                      {product} {ergonomic}
     bool UseLargePagesIndividualAllocation        = false                                  {pd product} {ergonomic}

Logging:
Log output configuration:
 #0: stdout all=warning uptime,level,tags foldmultilines=false
 #1: stderr all=off uptime,level,tags foldmultilines=false

Release file:
JAVA_VERSION="21.0.10" 
MODULES="java.base java.compiler java.datatransfer java.xml java.prefs java.desktop java.instrument java.logging java.management java.security.sasl java.naming java.rmi java.management.rmi java.net.http java.scripting java.security.jgss java.transaction.xa java.sql java.sql.rowset java.xml.crypto java.se java.smartcardio jdk.accessibility jdk.internal.jvmstat jdk.attach jdk.charsets jdk.internal.opt jdk.zipfs jdk.compiler jdk.crypto.ec jdk.crypto.cryptoki jdk.crypto.mscapi jdk.dynalink jdk.internal.ed jdk.editpad jdk.hotspot.agent jdk.httpserver jdk.internal.le jdk.internal.vm.ci jdk.internal.vm.compiler jdk.internal.vm.compiler.management jdk.jartool jdk.javadoc jdk.jcmd jdk.management jdk.management.agent jdk.jconsole jdk.jdeps jdk.jdwp.agent jdk.jdi jdk.jfr jdk.jshell jdk.jsobject jdk.jstatd jdk.localedata jdk.management.jfr jdk.naming.dns jdk.naming.rmi jdk.net jdk.nio.mapmode jdk.random jdk.sctp jdk.security.auth jdk.security.jgss jdk.unsupported jdk.unsupported.desktop jdk.xml.dom" 

Environment Variables:
JAVA_HOME=C:\Program Files\Microsoft\jdk-21.0.11.10-hotspot\
PATH=C:\Program Files\Microsoft\jdk-21.0.11.10-hotspot\bin;C:\Program Files (x86)\Common Files\Oracle\Java\java8path;C:\Program Files (x86)\Common Files\Oracle\Java\javapath;C:\Program Files\Microsoft MPI\Bin\;C:\WINDOWS\system32;C:\WINDOWS;C:\WINDOWS\System32\Wbem;C:\WINDOWS\System32\WindowsPowerShell\v1.0\;C:\WINDOWS\System32\OpenSSH\;C:\Program Files\dotnet\;C:\msys64\ucrt64\bin;C:\Program Files (x86)\Windows Kits\10\Windows Performance Toolkit\;C:\Program Files (x86)\Microsoft SQL Server\160\Tools\Binn\;C:\Program Files\Microsoft SQL Server\160\Tools\Binn\;C:\Program Files\Microsoft SQL Server\Client SDK\ODBC\170\Tools\Binn\;C:\Program Files\Microsoft SQL Server\160\DTS\Binn\;C:\Program Files (x86)\Microsoft SQL Server\160\DTS\Binn\;C:\Program Files\Microsoft SQL Server\170\DTS\Binn\;C:\Program Files\Git\cmd;C:\WINDOWS\system32\config\systemprofile\AppData\Local\Muse Hub\lib;C:\Program Files\PuTTY\;C:\Program Files\nodejs\;C:\Program Files\Void\bin;C:\Program Files\Docker\Docker\resources\bin;C:\Program Files\MySQL\MySQL Shell 8.0\bin\;C:\Users\DELL\AppData\Local\Programs\Python\Python310\Scripts\;C:\Users\DELL\AppData\Local\Programs\Python\Python310\;C:\Users\DELL\AppData\Local\Microsoft\WindowsApps;C:\Users\DELL\.dotnet\tools;C:\Users\DELL\AppData\Local\Programs\Microsoft VS Code\bin;C:\Users\DELL\AppData\Local\Pandoc\;C:\Users\DELL\AppData\Roaming\npm;C:\Program Files\MySQL\MySQL Server 8.0\bin;C:\Users\DELL\AppData\Local\Programs\cursor\resources\app\bin;C:\Users\DELL\AppData\Local\Programs\Antigravity\bin;C:\Users\DELL\AppData\Local\Microsoft\WindowsApps;C:\Program Files\Microsoft\jdk-21.0.11.10-hotspot\\bin;
USERNAME=DELL
OS=Windows_NT
PROCESSOR_IDENTIFIER=Intel64 Family 6 Model 154 Stepping 4, GenuineIntel
TMP=C:\Users\DELL\AppData\Local\Temp
TEMP=C:\Users\DELL\AppData\Local\Temp




Periodic native trim disabled

---------------  S Y S T E M  ---------------

OS:
 Windows 11 , 64 bit Build 26100 (10.0.26100.8328)
OS uptime: 0 days 7:12 hours

CPU: total 12 (initial active 12) (6 cores per cpu, 2 threads per core) family 6 model 154 stepping 4 microcode 0x43b, cx8, cmov, fxsr, ht, mmx, 3dnowpref, sse, sse2, sse3, ssse3, sse4.1, sse4.2, popcnt, lzcnt, tsc, tscinvbit, avx, avx2, aes, erms, clmul, bmi1, bmi2, adx, sha, fma, vzeroupper, clflush, clflushopt, clwb, serialize, rdtscp, rdpid, fsrm, f16c, pku, cet_ibt, cet_ss
Processor Information for the first 12 processors :
  Max Mhz: 1300, Current Mhz: 1300, Mhz Limit: 1300

Memory: 4k page, system-wide physical 16068M (785M free)
TotalPageFile size 31375M (AvailPageFile size 287M)
current process WorkingSet (physical memory assigned to process): 771M, peak: 771M
current process commit charge ("private bytes"): 810M, peak: 1388M

vm_info: OpenJDK 64-Bit Server VM (21.0.10+7-LTS) for windows-amd64 JRE (21.0.10+7-LTS), built on 2026-01-20T00:00:00Z by "admin" with MS VC++ 17.12 (VS2022)

END.
